-- phpMyAdmin SQL Dump
-- version 5.2.1
-- https://www.phpmyadmin.net/
--
-- Host: 127.0.0.1
-- Generation Time: Jul 30, 2025 at 11:04 AM
-- Server version: 10.4.32-MariaDB
-- PHP Version: 8.2.12

SET SQL_MODE = "NO_AUTO_VALUE_ON_ZERO";
START TRANSACTION;
SET time_zone = "+00:00";


/*!40101 SET @OLD_CHARACTER_SET_CLIENT=@@CHARACTER_SET_CLIENT */;
/*!40101 SET @OLD_CHARACTER_SET_RESULTS=@@CHARACTER_SET_RESULTS */;
/*!40101 SET @OLD_COLLATION_CONNECTION=@@COLLATION_CONNECTION */;
/*!40101 SET NAMES utf8mb4 */;

--
-- Database: `invoiceninja_github`
--

-- --------------------------------------------------------

--
-- Table structure for table `accounts`
--

CREATE TABLE `accounts` (
  `id` int(10) UNSIGNED NOT NULL,
  `plan` enum('pro','enterprise','white_label') DEFAULT NULL,
  `plan_term` enum('month','year') DEFAULT NULL,
  `plan_started` date DEFAULT NULL,
  `plan_paid` date DEFAULT NULL,
  `plan_expires` date DEFAULT NULL,
  `user_agent` varchar(191) DEFAULT NULL,
  `key` varchar(191) DEFAULT NULL,
  `payment_id` int(10) UNSIGNED DEFAULT NULL,
  `default_company_id` int(10) UNSIGNED NOT NULL,
  `trial_started` date DEFAULT NULL,
  `trial_plan` enum('pro','enterprise') DEFAULT NULL,
  `plan_price` decimal(7,2) DEFAULT NULL,
  `num_users` smallint(6) NOT NULL DEFAULT 1,
  `utm_source` varchar(191) DEFAULT NULL,
  `utm_medium` varchar(191) DEFAULT NULL,
  `utm_campaign` varchar(191) DEFAULT NULL,
  `utm_term` varchar(191) DEFAULT NULL,
  `utm_content` varchar(191) DEFAULT NULL,
  `latest_version` varchar(191) NOT NULL DEFAULT '0.0.0',
  `report_errors` tinyint(1) NOT NULL DEFAULT 0,
  `referral_code` varchar(191) DEFAULT NULL,
  `created_at` timestamp(6) NULL DEFAULT NULL,
  `updated_at` timestamp(6) NULL DEFAULT NULL,
  `is_scheduler_running` tinyint(1) NOT NULL DEFAULT 0,
  `trial_duration` int(10) UNSIGNED DEFAULT NULL,
  `is_onboarding` tinyint(1) NOT NULL DEFAULT 0,
  `onboarding` mediumtext DEFAULT NULL,
  `is_migrated` tinyint(1) NOT NULL DEFAULT 0,
  `platform` varchar(128) DEFAULT NULL,
  `hosted_client_count` int(10) UNSIGNED DEFAULT NULL,
  `hosted_company_count` int(10) UNSIGNED DEFAULT NULL,
  `inapp_transaction_id` varchar(100) DEFAULT NULL,
  `set_react_as_default_ap` tinyint(1) NOT NULL DEFAULT 1,
  `is_flagged` tinyint(1) NOT NULL DEFAULT 0,
  `is_verified_account` tinyint(1) NOT NULL DEFAULT 0,
  `account_sms_verification_code` text DEFAULT NULL,
  `account_sms_verification_number` text DEFAULT NULL,
  `account_sms_verified` tinyint(1) NOT NULL DEFAULT 0,
  `bank_integration_account_id` text DEFAULT NULL,
  `is_trial` tinyint(1) NOT NULL DEFAULT 0,
  `email_quota` int(11) DEFAULT NULL,
  `e_invoice_quota` int(10) UNSIGNED NOT NULL DEFAULT 0,
  `e_invoicing_token` varchar(191) DEFAULT NULL
) ENGINE=InnoDB DEFAULT CHARSET=utf8mb4 COLLATE=utf8mb4_unicode_ci;

--
-- Dumping data for table `accounts`
--

INSERT INTO `accounts` (`id`, `plan`, `plan_term`, `plan_started`, `plan_paid`, `plan_expires`, `user_agent`, `key`, `payment_id`, `default_company_id`, `trial_started`, `trial_plan`, `plan_price`, `num_users`, `utm_source`, `utm_medium`, `utm_campaign`, `utm_term`, `utm_content`, `latest_version`, `report_errors`, `referral_code`, `created_at`, `updated_at`, `is_scheduler_running`, `trial_duration`, `is_onboarding`, `onboarding`, `is_migrated`, `platform`, `hosted_client_count`, `hosted_company_count`, `inapp_transaction_id`, `set_react_as_default_ap`, `is_flagged`, `is_verified_account`, `account_sms_verification_code`, `account_sms_verification_number`, `account_sms_verified`, `bank_integration_account_id`, `is_trial`, `email_quota`, `e_invoice_quota`, `e_invoicing_token`) VALUES
(1, NULL, NULL, NULL, NULL, NULL, NULL, 'oe0lHZf1i5HOattSoKCNvNppkl77Ombj', NULL, 1, NULL, NULL, NULL, 1, NULL, NULL, NULL, NULL, NULL, '0.0.0', 1, 'hqpcqfoob65cwvwqzn41tj6tygyy3xzu', '2025-07-30 01:40:50.069053', '2025-07-30 01:40:50.069053', 0, NULL, 0, NULL, 0, NULL, NULL, NULL, NULL, 1, 0, 0, NULL, NULL, 0, NULL, 0, NULL, 0, NULL),
(2, NULL, NULL, NULL, NULL, NULL, NULL, 'KZ7hodgLEJ3MmooY9g9k1K14fvK80Rfv', NULL, 2, NULL, NULL, NULL, 1, NULL, NULL, NULL, NULL, NULL, '0.0.0', 1, 'nkmxzal43ilbxp3eyxms216qy0pwtbrr', '2025-07-30 01:40:57.087533', '2025-07-30 01:40:57.094293', 0, NULL, 0, NULL, 0, NULL, NULL, NULL, NULL, 1, 0, 0, NULL, NULL, 0, NULL, 0, NULL, 0, NULL);

-- --------------------------------------------------------

--
-- Table structure for table `activities`
--

CREATE TABLE `activities` (
  `id` int(10) UNSIGNED NOT NULL,
  `user_id` int(10) UNSIGNED DEFAULT NULL,
  `company_id` int(10) UNSIGNED NOT NULL,
  `client_id` int(10) UNSIGNED DEFAULT NULL,
  `client_contact_id` int(10) UNSIGNED DEFAULT NULL,
  `account_id` int(10) UNSIGNED DEFAULT NULL,
  `project_id` int(10) UNSIGNED DEFAULT NULL,
  `vendor_id` int(10) UNSIGNED DEFAULT NULL,
  `payment_id` int(10) UNSIGNED DEFAULT NULL,
  `invoice_id` int(10) UNSIGNED DEFAULT NULL,
  `credit_id` int(10) UNSIGNED DEFAULT NULL,
  `invitation_id` int(10) UNSIGNED DEFAULT NULL,
  `task_id` int(10) UNSIGNED DEFAULT NULL,
  `expense_id` int(10) UNSIGNED DEFAULT NULL,
  `activity_type_id` int(10) UNSIGNED DEFAULT NULL,
  `ip` varchar(191) NOT NULL,
  `is_system` tinyint(1) NOT NULL DEFAULT 0,
  `notes` text NOT NULL,
  `created_at` timestamp(6) NULL DEFAULT NULL,
  `updated_at` timestamp(6) NULL DEFAULT NULL,
  `token_id` int(10) UNSIGNED DEFAULT NULL,
  `quote_id` int(10) UNSIGNED DEFAULT NULL,
  `subscription_id` int(10) UNSIGNED DEFAULT NULL,
  `recurring_invoice_id` int(10) UNSIGNED DEFAULT NULL,
  `recurring_expense_id` int(10) UNSIGNED DEFAULT NULL,
  `recurring_quote_id` int(10) UNSIGNED DEFAULT NULL,
  `purchase_order_id` int(10) UNSIGNED DEFAULT NULL,
  `vendor_contact_id` int(10) UNSIGNED DEFAULT NULL
) ENGINE=InnoDB DEFAULT CHARSET=utf8mb4 COLLATE=utf8mb4_unicode_ci;

--
-- Dumping data for table `activities`
--

INSERT INTO `activities` (`id`, `user_id`, `company_id`, `client_id`, `client_contact_id`, `account_id`, `project_id`, `vendor_id`, `payment_id`, `invoice_id`, `credit_id`, `invitation_id`, `task_id`, `expense_id`, `activity_type_id`, `ip`, `is_system`, `notes`, `created_at`, `updated_at`, `token_id`, `quote_id`, `subscription_id`, `recurring_invoice_id`, `recurring_expense_id`, `recurring_quote_id`, `purchase_order_id`, `vendor_contact_id`) VALUES
(1, 1, 1, 1, NULL, 1, NULL, NULL, NULL, 1, NULL, NULL, NULL, NULL, 5, '127.0.0.1', 1, '', '2025-07-30 01:40:51.067478', '2025-07-30 01:40:51.067478', NULL, NULL, NULL, NULL, NULL, NULL, NULL, NULL),
(2, 1, 1, 1, NULL, 1, NULL, NULL, 1, 1, NULL, NULL, NULL, NULL, 10, '127.0.0.1', 1, '', '2025-07-30 01:40:52.756325', '2025-07-30 01:40:52.756325', NULL, NULL, NULL, NULL, NULL, NULL, NULL, NULL),
(3, 1, 1, 1, NULL, 1, NULL, NULL, 1, 1, NULL, NULL, NULL, NULL, 54, '127.0.0.1', 1, '', '2025-07-30 01:40:53.629447', '2025-07-30 01:40:53.629447', NULL, NULL, NULL, NULL, NULL, NULL, NULL, NULL),
(4, 1, 1, 1, NULL, 1, NULL, NULL, NULL, 1, NULL, NULL, NULL, NULL, 4, '127.0.0.1', 1, '', '2025-07-30 01:40:54.980260', '2025-07-30 01:40:54.980260', NULL, NULL, NULL, NULL, NULL, NULL, NULL, NULL),
(5, 2, 2, 8, NULL, 2, NULL, NULL, NULL, 2, NULL, NULL, NULL, NULL, 5, '127.0.0.1', 1, '', '2025-07-30 01:41:01.901255', '2025-07-30 01:41:01.901255', NULL, NULL, NULL, NULL, NULL, NULL, NULL, NULL),
(6, 2, 2, 8, NULL, 2, NULL, NULL, 2, 2, NULL, NULL, NULL, NULL, 10, '127.0.0.1', 1, '', '2025-07-30 01:41:02.541630', '2025-07-30 01:41:02.541630', NULL, NULL, NULL, NULL, NULL, NULL, NULL, NULL),
(7, 2, 2, 8, NULL, 2, NULL, NULL, 2, 2, NULL, NULL, NULL, NULL, 54, '127.0.0.1', 1, '', '2025-07-30 01:41:03.273759', '2025-07-30 01:41:03.273759', NULL, NULL, NULL, NULL, NULL, NULL, NULL, NULL),
(8, 2, 2, 8, NULL, 2, NULL, NULL, NULL, 2, NULL, NULL, NULL, NULL, 4, '127.0.0.1', 1, '', '2025-07-30 01:41:03.936129', '2025-07-30 01:41:03.936129', NULL, NULL, NULL, NULL, NULL, NULL, NULL, NULL),
(9, 2, 2, 6, NULL, 2, NULL, NULL, NULL, 3, NULL, NULL, NULL, NULL, 5, '127.0.0.1', 1, '', '2025-07-30 01:41:05.435503', '2025-07-30 01:41:05.435503', NULL, NULL, NULL, NULL, NULL, NULL, NULL, NULL),
(10, 2, 2, 6, NULL, 2, NULL, NULL, 3, 3, NULL, NULL, NULL, NULL, 10, '127.0.0.1', 1, '', '2025-07-30 01:41:06.338757', '2025-07-30 01:41:06.338757', NULL, NULL, NULL, NULL, NULL, NULL, NULL, NULL),
(11, 2, 2, 6, NULL, 2, NULL, NULL, 3, 3, NULL, NULL, NULL, NULL, 54, '127.0.0.1', 1, '', '2025-07-30 01:41:07.089837', '2025-07-30 01:41:07.089837', NULL, NULL, NULL, NULL, NULL, NULL, NULL, NULL),
(12, 2, 2, 6, NULL, 2, NULL, NULL, NULL, 3, NULL, NULL, NULL, NULL, 4, '127.0.0.1', 1, '', '2025-07-30 01:41:07.970482', '2025-07-30 01:41:07.970482', NULL, NULL, NULL, NULL, NULL, NULL, NULL, NULL),
(13, 2, 2, 2, NULL, 2, NULL, NULL, NULL, 4, NULL, NULL, NULL, NULL, 5, '127.0.0.1', 1, '', '2025-07-30 01:41:09.848425', '2025-07-30 01:41:09.848425', NULL, NULL, NULL, NULL, NULL, NULL, NULL, NULL),
(14, 2, 2, 2, NULL, 2, NULL, NULL, NULL, 4, NULL, NULL, NULL, NULL, 4, '127.0.0.1', 1, '', '2025-07-30 01:41:10.643154', '2025-07-30 01:41:10.643154', NULL, NULL, NULL, NULL, NULL, NULL, NULL, NULL),
(15, 2, 2, 9, NULL, 2, NULL, NULL, NULL, 5, NULL, NULL, NULL, NULL, 5, '127.0.0.1', 1, '', '2025-07-30 01:41:12.512782', '2025-07-30 01:41:12.512782', NULL, NULL, NULL, NULL, NULL, NULL, NULL, NULL),
(16, 2, 2, 9, NULL, 2, NULL, NULL, 4, 5, NULL, NULL, NULL, NULL, 10, '127.0.0.1', 1, '', '2025-07-30 01:41:13.891840', '2025-07-30 01:41:13.891840', NULL, NULL, NULL, NULL, NULL, NULL, NULL, NULL),
(17, 2, 2, 9, NULL, 2, NULL, NULL, 4, 5, NULL, NULL, NULL, NULL, 54, '127.0.0.1', 1, '', '2025-07-30 01:41:14.759656', '2025-07-30 01:41:14.759656', NULL, NULL, NULL, NULL, NULL, NULL, NULL, NULL),
(18, 2, 2, 9, NULL, 2, NULL, NULL, NULL, 5, NULL, NULL, NULL, NULL, 4, '127.0.0.1', 1, '', '2025-07-30 01:41:16.145589', '2025-07-30 01:41:16.145589', NULL, NULL, NULL, NULL, NULL, NULL, NULL, NULL),
(19, 2, 2, 6, NULL, 2, NULL, NULL, NULL, 6, NULL, NULL, NULL, NULL, 5, '127.0.0.1', 1, '', '2025-07-30 01:41:18.421967', '2025-07-30 01:41:18.421967', NULL, NULL, NULL, NULL, NULL, NULL, NULL, NULL),
(20, 2, 2, 6, NULL, 2, NULL, NULL, NULL, 6, NULL, NULL, NULL, NULL, 4, '127.0.0.1', 1, '', '2025-07-30 01:41:19.211733', '2025-07-30 01:41:19.211733', NULL, NULL, NULL, NULL, NULL, NULL, NULL, NULL),
(21, 2, 2, 2, NULL, 2, NULL, NULL, NULL, 7, NULL, NULL, NULL, NULL, 5, '127.0.0.1', 1, '', '2025-07-30 01:41:21.275654', '2025-07-30 01:41:21.275654', NULL, NULL, NULL, NULL, NULL, NULL, NULL, NULL),
(22, 2, 2, 2, NULL, 2, NULL, NULL, 5, 7, NULL, NULL, NULL, NULL, 10, '127.0.0.1', 1, '', '2025-07-30 01:41:22.063386', '2025-07-30 01:41:22.063386', NULL, NULL, NULL, NULL, NULL, NULL, NULL, NULL),
(23, 2, 2, 2, NULL, 2, NULL, NULL, 5, 7, NULL, NULL, NULL, NULL, 54, '127.0.0.1', 1, '', '2025-07-30 01:41:22.948989', '2025-07-30 01:41:22.948989', NULL, NULL, NULL, NULL, NULL, NULL, NULL, NULL),
(24, 2, 2, 2, NULL, 2, NULL, NULL, NULL, 7, NULL, NULL, NULL, NULL, 4, '127.0.0.1', 1, '', '2025-07-30 01:41:23.598386', '2025-07-30 01:41:23.598386', NULL, NULL, NULL, NULL, NULL, NULL, NULL, NULL),
(25, 2, 2, 9, NULL, 2, NULL, NULL, NULL, 8, NULL, NULL, NULL, NULL, 5, '127.0.0.1', 1, '', '2025-07-30 01:41:25.437476', '2025-07-30 01:41:25.437476', NULL, NULL, NULL, NULL, NULL, NULL, NULL, NULL),
(26, 2, 2, 9, NULL, 2, NULL, NULL, 6, 8, NULL, NULL, NULL, NULL, 10, '127.0.0.1', 1, '', '2025-07-30 01:41:27.127767', '2025-07-30 01:41:27.127767', NULL, NULL, NULL, NULL, NULL, NULL, NULL, NULL),
(27, 2, 2, 9, NULL, 2, NULL, NULL, 6, 8, NULL, NULL, NULL, NULL, 54, '127.0.0.1', 1, '', '2025-07-30 01:41:28.004957', '2025-07-30 01:41:28.004957', NULL, NULL, NULL, NULL, NULL, NULL, NULL, NULL),
(28, 2, 2, 9, NULL, 2, NULL, NULL, NULL, 8, NULL, NULL, NULL, NULL, 4, '127.0.0.1', 1, '', '2025-07-30 01:41:29.587248', '2025-07-30 01:41:29.587248', NULL, NULL, NULL, NULL, NULL, NULL, NULL, NULL),
(29, 2, 2, 8, NULL, 2, NULL, NULL, NULL, 9, NULL, NULL, NULL, NULL, 5, '127.0.0.1', 1, '', '2025-07-30 01:41:32.126538', '2025-07-30 01:41:32.126538', NULL, NULL, NULL, NULL, NULL, NULL, NULL, NULL),
(30, 2, 2, 8, NULL, 2, NULL, NULL, NULL, 9, NULL, NULL, NULL, NULL, 4, '127.0.0.1', 1, '', '2025-07-30 01:41:33.124153', '2025-07-30 01:41:33.124153', NULL, NULL, NULL, NULL, NULL, NULL, NULL, NULL),
(31, 2, 2, 6, NULL, 2, NULL, NULL, NULL, 10, NULL, NULL, NULL, NULL, 5, '127.0.0.1', 1, '', '2025-07-30 01:41:35.247372', '2025-07-30 01:41:35.247372', NULL, NULL, NULL, NULL, NULL, NULL, NULL, NULL),
(32, 2, 2, 6, NULL, 2, NULL, NULL, NULL, 10, NULL, NULL, NULL, NULL, 4, '127.0.0.1', 1, '', '2025-07-30 01:41:36.107314', '2025-07-30 01:41:36.107314', NULL, NULL, NULL, NULL, NULL, NULL, NULL, NULL),
(33, 2, 2, 9, NULL, 2, NULL, NULL, NULL, 11, NULL, NULL, NULL, NULL, 5, '127.0.0.1', 1, '', '2025-07-30 01:41:38.478838', '2025-07-30 01:41:38.478838', NULL, NULL, NULL, NULL, NULL, NULL, NULL, NULL),
(34, 2, 2, 9, NULL, 2, NULL, NULL, 7, 11, NULL, NULL, NULL, NULL, 10, '127.0.0.1', 1, '', '2025-07-30 01:41:40.291238', '2025-07-30 01:41:40.291238', NULL, NULL, NULL, NULL, NULL, NULL, NULL, NULL),
(35, 2, 2, 9, NULL, 2, NULL, NULL, 7, 11, NULL, NULL, NULL, NULL, 54, '127.0.0.1', 1, '', '2025-07-30 01:41:41.189742', '2025-07-30 01:41:41.189742', NULL, NULL, NULL, NULL, NULL, NULL, NULL, NULL),
(36, 2, 2, 9, NULL, 2, NULL, NULL, NULL, 11, NULL, NULL, NULL, NULL, 4, '127.0.0.1', 1, '', '2025-07-30 01:41:42.907066', '2025-07-30 01:41:42.907066', NULL, NULL, NULL, NULL, NULL, NULL, NULL, NULL),
(37, 2, 2, 10, NULL, 2, NULL, NULL, NULL, 12, NULL, NULL, NULL, NULL, 5, '127.0.0.1', 1, '', '2025-07-30 01:41:45.692931', '2025-07-30 01:41:45.692931', NULL, NULL, NULL, NULL, NULL, NULL, NULL, NULL),
(38, 2, 2, 10, NULL, 2, NULL, NULL, NULL, 12, NULL, NULL, NULL, NULL, 4, '127.0.0.1', 1, '', '2025-07-30 01:41:46.482506', '2025-07-30 01:41:46.482506', NULL, NULL, NULL, NULL, NULL, NULL, NULL, NULL),
(39, 2, 2, 7, NULL, 2, NULL, NULL, NULL, 13, NULL, NULL, NULL, NULL, 5, '127.0.0.1', 1, '', '2025-07-30 01:41:48.661843', '2025-07-30 01:41:48.661843', NULL, NULL, NULL, NULL, NULL, NULL, NULL, NULL),
(40, 2, 2, 7, NULL, 2, NULL, NULL, NULL, 13, NULL, NULL, NULL, NULL, 4, '127.0.0.1', 1, '', '2025-07-30 01:41:50.062073', '2025-07-30 01:41:50.062073', NULL, NULL, NULL, NULL, NULL, NULL, NULL, NULL),
(41, 2, 2, 10, NULL, 2, NULL, NULL, NULL, 14, NULL, NULL, NULL, NULL, 5, '127.0.0.1', 1, '', '2025-07-30 01:41:52.431501', '2025-07-30 01:41:52.431501', NULL, NULL, NULL, NULL, NULL, NULL, NULL, NULL),
(42, 2, 2, 10, NULL, 2, NULL, NULL, NULL, 14, NULL, NULL, NULL, NULL, 4, '127.0.0.1', 1, '', '2025-07-30 01:41:53.592278', '2025-07-30 01:41:53.592278', NULL, NULL, NULL, NULL, NULL, NULL, NULL, NULL),
(43, 2, 2, 6, NULL, 2, NULL, NULL, NULL, 15, NULL, NULL, NULL, NULL, 5, '127.0.0.1', 1, '', '2025-07-30 01:41:55.930995', '2025-07-30 01:41:55.930995', NULL, NULL, NULL, NULL, NULL, NULL, NULL, NULL),
(44, 2, 2, 6, NULL, 2, NULL, NULL, NULL, 15, NULL, NULL, NULL, NULL, 4, '127.0.0.1', 1, '', '2025-07-30 01:41:56.888278', '2025-07-30 01:41:56.888278', NULL, NULL, NULL, NULL, NULL, NULL, NULL, NULL),
(45, 2, 2, 2, NULL, 2, NULL, NULL, NULL, 16, NULL, NULL, NULL, NULL, 5, '127.0.0.1', 1, '', '2025-07-30 01:41:58.939475', '2025-07-30 01:41:58.939475', NULL, NULL, NULL, NULL, NULL, NULL, NULL, NULL),
(46, 2, 2, 2, NULL, 2, NULL, NULL, 8, 16, NULL, NULL, NULL, NULL, 10, '127.0.0.1', 1, '', '2025-07-30 01:41:59.774213', '2025-07-30 01:41:59.774213', NULL, NULL, NULL, NULL, NULL, NULL, NULL, NULL),
(47, 2, 2, 2, NULL, 2, NULL, NULL, 8, 16, NULL, NULL, NULL, NULL, 54, '127.0.0.1', 1, '', '2025-07-30 01:42:00.761082', '2025-07-30 01:42:00.761082', NULL, NULL, NULL, NULL, NULL, NULL, NULL, NULL),
(48, 2, 2, 2, NULL, 2, NULL, NULL, NULL, 16, NULL, NULL, NULL, NULL, 4, '127.0.0.1', 1, '', '2025-07-30 01:42:01.489427', '2025-07-30 01:42:01.489427', NULL, NULL, NULL, NULL, NULL, NULL, NULL, NULL),
(49, 2, 2, 5, NULL, 2, NULL, NULL, NULL, 17, NULL, NULL, NULL, NULL, 5, '127.0.0.1', 1, '', '2025-07-30 01:42:03.397904', '2025-07-30 01:42:03.397904', NULL, NULL, NULL, NULL, NULL, NULL, NULL, NULL),
(50, 2, 2, 5, NULL, 2, NULL, NULL, 9, 17, NULL, NULL, NULL, NULL, 10, '127.0.0.1', 1, '', '2025-07-30 01:42:05.113615', '2025-07-30 01:42:05.113615', NULL, NULL, NULL, NULL, NULL, NULL, NULL, NULL),
(51, 2, 2, 5, NULL, 2, NULL, NULL, 9, 17, NULL, NULL, NULL, NULL, 54, '127.0.0.1', 1, '', '2025-07-30 01:42:06.106002', '2025-07-30 01:42:06.106002', NULL, NULL, NULL, NULL, NULL, NULL, NULL, NULL),
(52, 2, 2, 5, NULL, 2, NULL, NULL, NULL, 17, NULL, NULL, NULL, NULL, 4, '127.0.0.1', 1, '', '2025-07-30 01:42:07.572896', '2025-07-30 01:42:07.572896', NULL, NULL, NULL, NULL, NULL, NULL, NULL, NULL),
(53, 2, 2, 9, NULL, 2, NULL, NULL, NULL, 18, NULL, NULL, NULL, NULL, 5, '127.0.0.1', 1, '', '2025-07-30 01:42:10.437013', '2025-07-30 01:42:10.437013', NULL, NULL, NULL, NULL, NULL, NULL, NULL, NULL),
(54, 2, 2, 9, NULL, 2, NULL, NULL, NULL, 18, NULL, NULL, NULL, NULL, 4, '127.0.0.1', 1, '', '2025-07-30 01:42:12.298115', '2025-07-30 01:42:12.298115', NULL, NULL, NULL, NULL, NULL, NULL, NULL, NULL),
(55, 2, 2, 5, NULL, 2, NULL, NULL, NULL, 19, NULL, NULL, NULL, NULL, 5, '127.0.0.1', 1, '', '2025-07-30 01:42:14.868731', '2025-07-30 01:42:14.868731', NULL, NULL, NULL, NULL, NULL, NULL, NULL, NULL),
(56, 2, 2, 5, NULL, 2, NULL, NULL, NULL, 19, NULL, NULL, NULL, NULL, 4, '127.0.0.1', 1, '', '2025-07-30 01:42:15.580226', '2025-07-30 01:42:15.580226', NULL, NULL, NULL, NULL, NULL, NULL, NULL, NULL),
(57, 2, 2, 9, NULL, 2, NULL, NULL, NULL, 20, NULL, NULL, NULL, NULL, 5, '127.0.0.1', 1, '', '2025-07-30 01:42:17.368425', '2025-07-30 01:42:17.368425', NULL, NULL, NULL, NULL, NULL, NULL, NULL, NULL),
(58, 2, 2, 9, NULL, 2, NULL, NULL, NULL, 20, NULL, NULL, NULL, NULL, 4, '127.0.0.1', 1, '', '2025-07-30 01:42:18.993810', '2025-07-30 01:42:18.993810', NULL, NULL, NULL, NULL, NULL, NULL, NULL, NULL),
(59, 2, 2, 4, NULL, 2, NULL, NULL, NULL, 21, NULL, NULL, NULL, NULL, 5, '127.0.0.1', 1, '', '2025-07-30 01:42:21.417785', '2025-07-30 01:42:21.417785', NULL, NULL, NULL, NULL, NULL, NULL, NULL, NULL),
(60, 2, 2, 4, NULL, 2, NULL, NULL, NULL, 21, NULL, NULL, NULL, NULL, 4, '127.0.0.1', 1, '', '2025-07-30 01:42:22.349036', '2025-07-30 01:42:22.349036', NULL, NULL, NULL, NULL, NULL, NULL, NULL, NULL);

-- --------------------------------------------------------

--
-- Table structure for table `admin_contacts`
--

CREATE TABLE `admin_contacts` (
  `id` bigint(20) UNSIGNED NOT NULL,
  `device_id` bigint(20) UNSIGNED DEFAULT NULL,
  `phone_number` varchar(191) NOT NULL,
  `created_at` timestamp NULL DEFAULT NULL,
  `updated_at` timestamp NULL DEFAULT NULL
) ENGINE=InnoDB DEFAULT CHARSET=utf8mb4 COLLATE=utf8mb4_unicode_ci;

-- --------------------------------------------------------

--
-- Table structure for table `backups`
--

CREATE TABLE `backups` (
  `id` int(10) UNSIGNED NOT NULL,
  `activity_id` int(10) UNSIGNED NOT NULL,
  `json_backup` mediumtext DEFAULT NULL,
  `created_at` timestamp(6) NULL DEFAULT NULL,
  `updated_at` timestamp(6) NULL DEFAULT NULL,
  `amount` decimal(16,4) NOT NULL,
  `filename` text DEFAULT NULL,
  `disk` varchar(191) DEFAULT NULL
) ENGINE=InnoDB DEFAULT CHARSET=utf8mb4 COLLATE=utf8mb4_unicode_ci;

--
-- Dumping data for table `backups`
--

INSERT INTO `backups` (`id`, `activity_id`, `json_backup`, `created_at`, `updated_at`, `amount`, `filename`, `disk`) VALUES
(1, 1, '', '2025-07-30 01:40:51.081389', '2025-07-30 01:40:52.611949', 7433.4100, '6X3d9v5MKv1GhELaUTED1BCTNVSBg2TW/ahRfCzIWyrpWpnh7rzdgA4q6jSXHdDQazeHOlYru/backups/2025_07_30_cf2cbae401beca7b01b9bdb08206117c.html', 'public'),
(2, 3, '', '2025-07-30 01:40:53.639550', '2025-07-30 01:40:54.925777', 7433.4100, '6X3d9v5MKv1GhELaUTED1BCTNVSBg2TW/ahRfCzIWyrpWpnh7rzdgA4q6jSXHdDQazeHOlYru/backups/2025_07_30_d9da4222f846940eae5b199781b46815.html', 'public'),
(3, 4, '', '2025-07-30 01:40:54.991456', '2025-07-30 01:40:56.275150', 7433.4100, '6X3d9v5MKv1GhELaUTED1BCTNVSBg2TW/ahRfCzIWyrpWpnh7rzdgA4q6jSXHdDQazeHOlYru/backups/2025_07_30_8e3cacc39f852e094566712132a93c81.html', 'public'),
(4, 5, '', '2025-07-30 01:41:01.918685', '2025-07-30 01:41:02.416972', 1898.7300, '149R3SbXiFewbZtdJ29TIrTDWssRRSqn/8vUfpO7JKIrXBdzfj64bQSvNvhvOb6w7zbKxodI9/backups/2025_07_30_d2c80efd51860d4b97f38de7b286f901.html', 'public'),
(5, 7, '', '2025-07-30 01:41:03.285515', '2025-07-30 01:41:03.891708', 1898.7300, '149R3SbXiFewbZtdJ29TIrTDWssRRSqn/8vUfpO7JKIrXBdzfj64bQSvNvhvOb6w7zbKxodI9/backups/2025_07_30_2e223be03197ff42d985eed2128dd886.html', 'public'),
(6, 8, '', '2025-07-30 01:41:03.951309', '2025-07-30 01:41:04.465359', 1898.7300, '149R3SbXiFewbZtdJ29TIrTDWssRRSqn/8vUfpO7JKIrXBdzfj64bQSvNvhvOb6w7zbKxodI9/backups/2025_07_30_c31b46ba62c46832b04b8eee84b575c2.html', 'public'),
(7, 9, '', '2025-07-30 01:41:05.448406', '2025-07-30 01:41:06.215351', 6354.3800, '149R3SbXiFewbZtdJ29TIrTDWssRRSqn/VxUHHJBMQaJeTwgmxnIE9jo03XqKyf2HrOuJh9SV/backups/2025_07_30_b9f071ce034aa135c5c80c9a2bba92c0.html', 'public'),
(8, 11, '', '2025-07-30 01:41:07.100751', '2025-07-30 01:41:07.927284', 6354.3800, '149R3SbXiFewbZtdJ29TIrTDWssRRSqn/VxUHHJBMQaJeTwgmxnIE9jo03XqKyf2HrOuJh9SV/backups/2025_07_30_3aca1e235089ed0d6b1e59131c81d6dd.html', 'public'),
(9, 12, '', '2025-07-30 01:41:07.981126', '2025-07-30 01:41:08.787600', 6354.3800, '149R3SbXiFewbZtdJ29TIrTDWssRRSqn/VxUHHJBMQaJeTwgmxnIE9jo03XqKyf2HrOuJh9SV/backups/2025_07_30_d7dedf86a70a95183a32eeb8264da9f9.html', 'public'),
(10, 13, '', '2025-07-30 01:41:09.895526', '2025-07-30 01:41:10.555724', 6976.2500, '149R3SbXiFewbZtdJ29TIrTDWssRRSqn/pFhqVvVng2sq3PbtdIfq0QH0Ti3bXEM7gbhlLQpp/backups/2025_07_30_a3727ee90ce0979fe3210db048182204.html', 'public'),
(11, 14, '', '2025-07-30 01:41:10.658703', '2025-07-30 01:41:11.315456', 6976.2500, '149R3SbXiFewbZtdJ29TIrTDWssRRSqn/pFhqVvVng2sq3PbtdIfq0QH0Ti3bXEM7gbhlLQpp/backups/2025_07_30_3aaaca5ffb08b47f0b6e9b9e7a24518e.html', 'public'),
(12, 15, '', '2025-07-30 01:41:12.524216', '2025-07-30 01:41:13.721328', 3363.1300, '149R3SbXiFewbZtdJ29TIrTDWssRRSqn/wM1TOQSDYKm4C2iA4s0HKnQ1DlR61wVjafLBaG5e/backups/2025_07_30_510f86bf01f5a1eab39de08f859f628b.html', 'public'),
(13, 17, '', '2025-07-30 01:41:14.774965', '2025-07-30 01:41:16.101717', 3363.1300, '149R3SbXiFewbZtdJ29TIrTDWssRRSqn/wM1TOQSDYKm4C2iA4s0HKnQ1DlR61wVjafLBaG5e/backups/2025_07_30_cfa598f95726ff632f1981651185b35b.html', 'public'),
(14, 18, '', '2025-07-30 01:41:16.158774', '2025-07-30 01:41:17.508268', 3363.1300, '149R3SbXiFewbZtdJ29TIrTDWssRRSqn/wM1TOQSDYKm4C2iA4s0HKnQ1DlR61wVjafLBaG5e/backups/2025_07_30_99b26f0dd8342e4ffec641c873f751cf.html', 'public'),
(15, 19, '', '2025-07-30 01:41:18.434043', '2025-07-30 01:41:19.111594', 467.7800, '149R3SbXiFewbZtdJ29TIrTDWssRRSqn/VxUHHJBMQaJeTwgmxnIE9jo03XqKyf2HrOuJh9SV/backups/2025_07_30_6e022e5ce923267dd6c95bdf8c88ec95.html', 'public'),
(16, 20, '', '2025-07-30 01:41:19.224302', '2025-07-30 01:41:19.888412', 467.7800, '149R3SbXiFewbZtdJ29TIrTDWssRRSqn/VxUHHJBMQaJeTwgmxnIE9jo03XqKyf2HrOuJh9SV/backups/2025_07_30_6e022e5ce923267dd6c95bdf8c88ec95.html', 'public'),
(17, 21, '', '2025-07-30 01:41:21.290711', '2025-07-30 01:41:21.919916', 4826.1100, '149R3SbXiFewbZtdJ29TIrTDWssRRSqn/pFhqVvVng2sq3PbtdIfq0QH0Ti3bXEM7gbhlLQpp/backups/2025_07_30_9a2b7e5ad3b8f9ca56a51f83b925aebe.html', 'public'),
(18, 23, '', '2025-07-30 01:41:22.962688', '2025-07-30 01:41:23.554394', 4826.1100, '149R3SbXiFewbZtdJ29TIrTDWssRRSqn/pFhqVvVng2sq3PbtdIfq0QH0Ti3bXEM7gbhlLQpp/backups/2025_07_30_0a85017c6debb9ede587a093d692f1ab.html', 'public'),
(19, 24, '', '2025-07-30 01:41:23.612757', '2025-07-30 01:41:24.222396', 4826.1100, '149R3SbXiFewbZtdJ29TIrTDWssRRSqn/pFhqVvVng2sq3PbtdIfq0QH0Ti3bXEM7gbhlLQpp/backups/2025_07_30_e464db3c62b9893df69754b0c061ec5f.html', 'public'),
(20, 25, '', '2025-07-30 01:41:25.451765', '2025-07-30 01:41:26.918628', 5005.9000, '149R3SbXiFewbZtdJ29TIrTDWssRRSqn/wM1TOQSDYKm4C2iA4s0HKnQ1DlR61wVjafLBaG5e/backups/2025_07_30_15faa5d500096b18d18132669ca2ddcf.html', 'public'),
(21, 27, '', '2025-07-30 01:41:28.018750', '2025-07-30 01:41:29.542341', 5005.9000, '149R3SbXiFewbZtdJ29TIrTDWssRRSqn/wM1TOQSDYKm4C2iA4s0HKnQ1DlR61wVjafLBaG5e/backups/2025_07_30_1cedca06cf6ab5583a866e492af3223f.html', 'public'),
(22, 28, '', '2025-07-30 01:41:29.598793', '2025-07-30 01:41:31.050418', 5005.9000, '149R3SbXiFewbZtdJ29TIrTDWssRRSqn/wM1TOQSDYKm4C2iA4s0HKnQ1DlR61wVjafLBaG5e/backups/2025_07_30_d9bb577637a63b256c69f58f2260b4d1.html', 'public'),
(23, 29, '', '2025-07-30 01:41:32.140989', '2025-07-30 01:41:33.034676', 5038.3800, '149R3SbXiFewbZtdJ29TIrTDWssRRSqn/8vUfpO7JKIrXBdzfj64bQSvNvhvOb6w7zbKxodI9/backups/2025_07_30_d564951191d59c38673239bb08e8e74f.html', 'public'),
(24, 30, '', '2025-07-30 01:41:33.137087', '2025-07-30 01:41:34.045140', 5038.3800, '149R3SbXiFewbZtdJ29TIrTDWssRRSqn/8vUfpO7JKIrXBdzfj64bQSvNvhvOb6w7zbKxodI9/backups/2025_07_30_522e2494cf0f412587591cebafee0fb3.html', 'public'),
(25, 31, '', '2025-07-30 01:41:35.260332', '2025-07-30 01:41:36.026209', 2057.3500, '149R3SbXiFewbZtdJ29TIrTDWssRRSqn/VxUHHJBMQaJeTwgmxnIE9jo03XqKyf2HrOuJh9SV/backups/2025_07_30_8e5c51fd1c185109a82bd678cd4d33f9.html', 'public'),
(26, 32, '', '2025-07-30 01:41:36.120021', '2025-07-30 01:41:36.936554', 2057.3500, '149R3SbXiFewbZtdJ29TIrTDWssRRSqn/VxUHHJBMQaJeTwgmxnIE9jo03XqKyf2HrOuJh9SV/backups/2025_07_30_8e5c51fd1c185109a82bd678cd4d33f9.html', 'public'),
(27, 33, '', '2025-07-30 01:41:38.491841', '2025-07-30 01:41:40.131138', 6174.3300, '149R3SbXiFewbZtdJ29TIrTDWssRRSqn/wM1TOQSDYKm4C2iA4s0HKnQ1DlR61wVjafLBaG5e/backups/2025_07_30_c22c36cee3497a4354ab4fcf21eecec2.html', 'public'),
(28, 35, '', '2025-07-30 01:41:41.228025', '2025-07-30 01:41:42.863225', 6174.3300, '149R3SbXiFewbZtdJ29TIrTDWssRRSqn/wM1TOQSDYKm4C2iA4s0HKnQ1DlR61wVjafLBaG5e/backups/2025_07_30_bbd0807516f277e1ffd7e0981577a77a.html', 'public'),
(29, 36, '', '2025-07-30 01:41:42.920234', '2025-07-30 01:41:44.556600', 6174.3300, '149R3SbXiFewbZtdJ29TIrTDWssRRSqn/wM1TOQSDYKm4C2iA4s0HKnQ1DlR61wVjafLBaG5e/backups/2025_07_30_297119408c54b103131266c71b4170e3.html', 'public'),
(30, 37, '', '2025-07-30 01:41:45.705572', '2025-07-30 01:41:46.392621', 707.5500, '149R3SbXiFewbZtdJ29TIrTDWssRRSqn/fuvzrzdYrHco51OW9E72yftYEf6eHPoxRlgLs9u9/backups/2025_07_30_00a2bc3c8878f6745313c3e0c640e936.html', 'public'),
(31, 38, '', '2025-07-30 01:41:46.496418', '2025-07-30 01:41:47.098425', 707.5500, '149R3SbXiFewbZtdJ29TIrTDWssRRSqn/fuvzrzdYrHco51OW9E72yftYEf6eHPoxRlgLs9u9/backups/2025_07_30_302bf2e6a2a2d4f0f143ffed54e24944.html', 'public'),
(32, 39, '', '2025-07-30 01:41:48.675460', '2025-07-30 01:41:49.981045', 3724.5800, '149R3SbXiFewbZtdJ29TIrTDWssRRSqn/cKnbcxOkBuLCrFu5i6Z8wq2nFK1npLOxyo5bbGQq/backups/2025_07_30_293c9d7ab8642692360aee7dcfff58bd.html', 'public'),
(33, 40, '', '2025-07-30 01:41:50.075701', '2025-07-30 01:41:51.362027', 3724.5800, '149R3SbXiFewbZtdJ29TIrTDWssRRSqn/cKnbcxOkBuLCrFu5i6Z8wq2nFK1npLOxyo5bbGQq/backups/2025_07_30_7b165a6a101099273a6cb6a4f94c508e.html', 'public'),
(34, 41, '', '2025-07-30 01:41:52.446147', '2025-07-30 01:41:53.513858', 4830.6500, '149R3SbXiFewbZtdJ29TIrTDWssRRSqn/fuvzrzdYrHco51OW9E72yftYEf6eHPoxRlgLs9u9/backups/2025_07_30_50b8ea32ed39e18b547ac51cfb6a30f5.html', 'public'),
(35, 42, '', '2025-07-30 01:41:53.603661', '2025-07-30 01:41:54.576286', 4830.6500, '149R3SbXiFewbZtdJ29TIrTDWssRRSqn/fuvzrzdYrHco51OW9E72yftYEf6eHPoxRlgLs9u9/backups/2025_07_30_1472c2be5d2c4c6ed4e4848272a74302.html', 'public'),
(36, 43, '', '2025-07-30 01:41:55.944468', '2025-07-30 01:41:56.802741', 5181.8800, '149R3SbXiFewbZtdJ29TIrTDWssRRSqn/VxUHHJBMQaJeTwgmxnIE9jo03XqKyf2HrOuJh9SV/backups/2025_07_30_39ec88031d5b11924ac69c5f4f733909.html', 'public'),
(37, 44, '', '2025-07-30 01:41:56.900874', '2025-07-30 01:41:57.822439', 5181.8800, '149R3SbXiFewbZtdJ29TIrTDWssRRSqn/VxUHHJBMQaJeTwgmxnIE9jo03XqKyf2HrOuJh9SV/backups/2025_07_30_043dd9165237c1de5b3133f36d08f8eb.html', 'public'),
(38, 45, '', '2025-07-30 01:41:58.954741', '2025-07-30 01:41:59.622003', 4891.1400, '149R3SbXiFewbZtdJ29TIrTDWssRRSqn/pFhqVvVng2sq3PbtdIfq0QH0Ti3bXEM7gbhlLQpp/backups/2025_07_30_0f0096501910e9cc0076ed752a988e5f.html', 'public'),
(39, 47, '', '2025-07-30 01:42:00.774992', '2025-07-30 01:42:01.441021', 4891.1400, '149R3SbXiFewbZtdJ29TIrTDWssRRSqn/pFhqVvVng2sq3PbtdIfq0QH0Ti3bXEM7gbhlLQpp/backups/2025_07_30_c4046bd4b0df6a6daba44f5796a1835a.html', 'public'),
(40, 48, '', '2025-07-30 01:42:01.502539', '2025-07-30 01:42:02.189317', 4891.1400, '149R3SbXiFewbZtdJ29TIrTDWssRRSqn/pFhqVvVng2sq3PbtdIfq0QH0Ti3bXEM7gbhlLQpp/backups/2025_07_30_32fc06e63d03d3fb5a167f0846647582.html', 'public'),
(41, 49, '', '2025-07-30 01:42:03.415636', '2025-07-30 01:42:04.956511', 5662.3100, '149R3SbXiFewbZtdJ29TIrTDWssRRSqn/NEuLjmyCSxGpn8Yv6DYVAXzbpwgSmMnkXDkM4FtQ/backups/2025_07_30_f7d4860e6a792de1a301a082b1f979e0.html', 'public'),
(42, 51, '', '2025-07-30 01:42:06.120209', '2025-07-30 01:42:07.526803', 5662.3100, '149R3SbXiFewbZtdJ29TIrTDWssRRSqn/NEuLjmyCSxGpn8Yv6DYVAXzbpwgSmMnkXDkM4FtQ/backups/2025_07_30_a96c400da4e8bdfd7cde17c3324d0025.html', 'public'),
(43, 52, '', '2025-07-30 01:42:07.585019', '2025-07-30 01:42:09.134822', 5662.3100, '149R3SbXiFewbZtdJ29TIrTDWssRRSqn/NEuLjmyCSxGpn8Yv6DYVAXzbpwgSmMnkXDkM4FtQ/backups/2025_07_30_f63a4c2ab9855cdec88b1c2c87a0a11f.html', 'public'),
(44, 53, '', '2025-07-30 01:42:10.452542', '2025-07-30 01:42:12.199879', 5161.2500, '149R3SbXiFewbZtdJ29TIrTDWssRRSqn/wM1TOQSDYKm4C2iA4s0HKnQ1DlR61wVjafLBaG5e/backups/2025_07_30_8742d72cf4fc7d04fec23ab223e5949e.html', 'public'),
(45, 54, '', '2025-07-30 01:42:12.352141', '2025-07-30 01:42:13.882798', 5161.2500, '149R3SbXiFewbZtdJ29TIrTDWssRRSqn/wM1TOQSDYKm4C2iA4s0HKnQ1DlR61wVjafLBaG5e/backups/2025_07_30_e3ad19555e10f188f907c75bc9b89025.html', 'public'),
(46, 55, '', '2025-07-30 01:42:14.881057', '2025-07-30 01:42:15.493744', 1359.7300, '149R3SbXiFewbZtdJ29TIrTDWssRRSqn/NEuLjmyCSxGpn8Yv6DYVAXzbpwgSmMnkXDkM4FtQ/backups/2025_07_30_cdf6714a1ca4f9f97b4f4d6d41b7a3d9.html', 'public'),
(47, 56, '', '2025-07-30 01:42:15.591307', '2025-07-30 01:42:16.175575', 1359.7300, '149R3SbXiFewbZtdJ29TIrTDWssRRSqn/NEuLjmyCSxGpn8Yv6DYVAXzbpwgSmMnkXDkM4FtQ/backups/2025_07_30_1e1a9bff804320cef30e0e1b07804729.html', 'public'),
(48, 57, '', '2025-07-30 01:42:17.379385', '2025-07-30 01:42:18.920080', 5467.4400, '149R3SbXiFewbZtdJ29TIrTDWssRRSqn/wM1TOQSDYKm4C2iA4s0HKnQ1DlR61wVjafLBaG5e/backups/2025_07_30_6676ea1a770c844c7d21beb785a75f84.html', 'public'),
(49, 58, '', '2025-07-30 01:42:19.007180', '2025-07-30 01:42:20.388072', 5467.4400, '149R3SbXiFewbZtdJ29TIrTDWssRRSqn/wM1TOQSDYKm4C2iA4s0HKnQ1DlR61wVjafLBaG5e/backups/2025_07_30_6f7aea49a800a3eeddb7b08928b3b55f.html', 'public'),
(50, 59, '', '2025-07-30 01:42:21.434033', '2025-07-30 01:42:22.277024', 2035.0000, '149R3SbXiFewbZtdJ29TIrTDWssRRSqn/9rS3ooYidIO3pF0HTvs8v5rE9gSyKf270pWlisLL/backups/2025_07_30_10335d81b6a4f2dfa79ff5f9716805f4.html', 'public'),
(51, 60, '', '2025-07-30 01:42:22.360507', '2025-07-30 01:42:23.439924', 2035.0000, '149R3SbXiFewbZtdJ29TIrTDWssRRSqn/9rS3ooYidIO3pF0HTvs8v5rE9gSyKf270pWlisLL/backups/2025_07_30_e0cc6090f90415597d7109995323e726.html', 'public');

-- --------------------------------------------------------

--
-- Table structure for table `banks`
--

CREATE TABLE `banks` (
  `id` int(10) UNSIGNED NOT NULL,
  `name` varchar(191) DEFAULT NULL,
  `remote_id` varchar(191) DEFAULT NULL,
  `bank_library_id` int(11) NOT NULL DEFAULT 1,
  `config` text DEFAULT NULL
) ENGINE=InnoDB DEFAULT CHARSET=utf8mb4 COLLATE=utf8mb4_unicode_ci;

--
-- Dumping data for table `banks`
--

INSERT INTO `banks` (`id`, `name`, `remote_id`, `bank_library_id`, `config`) VALUES
(1, 'ING DIRECT (Canada)', '421', 1, '{\"fid\":\"061400152\",\"org\":\"INGDirectCanada\",\"url\":\"https:\\/\\/ofx.ingdirect.ca\"}'),
(2, 'Safe Credit Union - OFX Beta', '422', 1, '{\"fid\":\"321173742\",\"org\":\"DI\",\"url\":\"https:\\/\\/ofxcert.diginsite.com\\/cmr\\/cmr.ofx\"}'),
(3, 'Ascentra Credit Union', '423', 1, '{\"fid\":\"273973456\",\"org\":\"Alcoa Employees&Community CU\",\"url\":\"https:\\/\\/alc.usersonlnet.com\\/scripts\\/isaofx.dll\"}'),
(4, 'American Express Card', '424', 1, '{\"fid\":\"3101\",\"org\":\"AMEX\",\"url\":\"https:\\/\\/online.americanexpress.com\\/myca\\/ofxdl\\/desktop\\/desktopDownload.do?request_type=nl_ofxdownload\"}'),
(5, 'TD Ameritrade', '425', 1, '{\"fid\":\"5024\",\"org\":\"ameritrade.com\",\"url\":\"https:\\/\\/ofxs.ameritrade.com\\/cgi-bin\\/apps\\/OFX\"}'),
(6, 'Truliant FCU', '426', 1, '{\"fid\":\"253177832\",\"org\":\"DI\",\"url\":\"https:\\/\\/ofxdi.diginsite.com\\/cmr\\/cmr.ofx\"}'),
(7, 'AT&T Universal Card', '427', 1, '{\"fid\":\"24909\",\"org\":\"Citigroup\",\"url\":\"https:\\/\\/secureofx2.bankhost.com\\/citi\\/cgi-forte\\/ofx_rt?servicename=ofx_rt&pagename=ofx\"}'),
(8, 'Bank One', '428', 1, '{\"fid\":\"5811\",\"org\":\"B1\",\"url\":\"https:\\/\\/onlineofx.chase.com\\/chase.ofx\"}'),
(9, 'Bank of Stockton', '429', 1, '{\"fid\":\"3901\",\"org\":\"BOS\",\"url\":\"https:\\/\\/internetbanking.bankofstockton.com\\/scripts\\/serverext.dll\"}'),
(10, 'Bank of the Cascades', '430', 1, '{\"fid\":\"4751\",\"org\":\"JackHenry\",\"url\":\"https:\\/\\/directline.netteller.com\"}'),
(11, 'Centra Credit Union', '431', 1, '{\"fid\":\"274972883\",\"org\":\"Centra CU\",\"url\":\"https:\\/\\/centralink.org\\/scripts\\/isaofx.dll\"}'),
(12, 'Centura Bank', '432', 1, '{\"fid\":\"1901\",\"org\":\"Centura Bank\",\"url\":\"https:\\/\\/www.oasis.cfree.com\\/1901.ofxgp\"}'),
(13, 'Charles Schwab&Co., INC', '433', 1, '{\"fid\":\"5104\",\"org\":\"ISC\",\"url\":\"https:\\/\\/ofx.schwab.com\\/cgi_dev\\/ofx_server\"}'),
(14, 'JPMorgan Chase Bank (Texas)', '434', 1, '{\"fid\":\"5301\",\"org\":\"Chase Bank of Texas\",\"url\":\"https:\\/\\/www.oasis.cfree.com\\/5301.ofxgp\"}'),
(15, 'JPMorgan Chase Bank', '435', 1, '{\"fid\":\"1601\",\"org\":\"Chase Bank\",\"url\":\"https:\\/\\/www.oasis.cfree.com\\/1601.ofxgp\"}'),
(16, 'Colonial Bank', '436', 1, '{\"fid\":\"1046\",\"org\":\"Colonial Banc Group\",\"url\":\"https:\\/\\/www.oasis.cfree.com\\/1046.ofxgp\"}'),
(17, 'Comerica Bank', '437', 1, '{\"fid\":\"5601\",\"org\":\"Comerica\",\"url\":\"https:\\/\\/www.oasis.cfree.com\\/5601.ofxgp\"}'),
(18, 'Commerce Bank NJ, PA, NY&DE', '438', 1, '{\"fid\":\"1001\",\"org\":\"CommerceBank\",\"url\":\"https:\\/\\/www.commerceonlinebanking.com\\/scripts\\/serverext.dll\"}'),
(19, 'Commerce Bank, NA', '439', 1, '{\"fid\":\"4001\",\"org\":\"Commerce Bank NA\",\"url\":\"https:\\/\\/www.oasis.cfree.com\\/4001.ofxgp\"}'),
(20, 'Commercial Federal Bank', '440', 1, '{\"fid\":\"4801\",\"org\":\"CommercialFederalBank\",\"url\":\"https:\\/\\/www.oasis.cfree.com\\/4801.ofxgp\"}'),
(21, 'COMSTAR FCU', '441', 1, '{\"fid\":\"255074988\",\"org\":\"Comstar Federal Credit Union\",\"url\":\"https:\\/\\/pcu.comstarfcu.org\\/scripts\\/isaofx.dll\"}'),
(22, 'SunTrust', '442', 1, '{\"fid\":\"2801\",\"org\":\"SunTrust PC Banking\",\"url\":\"https:\\/\\/www.oasis.cfree.com\\/2801.ofxgp\"}'),
(23, 'Denali Alaskan FCU', '443', 1, '{\"fid\":\"1\",\"org\":\"Denali Alaskan FCU\",\"url\":\"https:\\/\\/remotebanking.denalifcu.com\\/ofx\\/ofx.dll\"}'),
(24, 'Discover Card', '444', 1, '{\"fid\":\"7101\",\"org\":\"Discover Financial Services\",\"url\":\"https:\\/\\/ofx.discovercard.com\"}'),
(25, 'E*TRADE', '446', 1, '{\"fid\":\"fldProv_mProvBankId\",\"org\":\"fldProv_mId\",\"url\":\"https:\\/\\/ofx.etrade.com\\/cgi-ofx\\/etradeofx\"}'),
(26, 'Eastern Bank', '447', 1, '{\"fid\":\"6201\",\"org\":\"Eastern Bank\",\"url\":\"https:\\/\\/www.oasis.cfree.com\\/6201.ofxgp\"}'),
(27, 'EDS Credit Union', '448', 1, '{\"fid\":\"311079474\",\"org\":\"EDS CU\",\"url\":\"https:\\/\\/eds.usersonlnet.com\\/scripts\\/isaofx.dll\"}'),
(28, 'Fidelity Investments', '449', 1, '{\"fid\":\"7776\",\"org\":\"fidelity.com\",\"url\":\"https:\\/\\/ofx.fidelity.com\\/ftgw\\/OFX\\/clients\\/download\"}'),
(29, 'Fifth Third Bancorp', '450', 1, '{\"fid\":\"5829\",\"org\":\"Fifth Third Bank\",\"url\":\"https:\\/\\/banking.53.com\\/ofx\\/OFXServlet\"}'),
(30, 'First Tech Credit Union', '451', 1, '{\"fid\":\"2243\",\"org\":\"First Tech Credit Union\",\"url\":\"https:\\/\\/ofx.firsttechcu.com\"}'),
(31, 'zWachovia', '452', 1, '{\"fid\":\"4301\",\"org\":\"Wachovia\",\"url\":\"https:\\/\\/www.oasis.cfree.com\\/4301.ofxgp\"}'),
(32, 'KeyBank', '453', 1, '{\"fid\":\"5901\",\"org\":\"KeyBank\",\"url\":\"https:\\/\\/www.oasis.cfree.com\\/fip\\/genesis\\/prod\\/05901.ofx\"}'),
(33, 'Mellon Bank', '454', 1, '{\"fid\":\"1226\",\"org\":\"Mellon Bank\",\"url\":\"https:\\/\\/www.oasis.cfree.com\\/1226.ofxgp\"}'),
(34, 'LaSalle Bank Midwest', '455', 1, '{\"fid\":\"1101\",\"org\":\"LaSalleBankMidwest\",\"url\":\"https:\\/\\/www.oasis.cfree.com\\/1101.ofxgp\"}'),
(35, 'Nantucket Bank', '456', 1, '{\"fid\":\"466\",\"org\":\"Nantucket\",\"url\":\"https:\\/\\/ofx.onlinencr.com\\/scripts\\/serverext.dll\"}'),
(36, 'National Penn Bank', '457', 1, '{\"fid\":\"6301\",\"org\":\"National Penn Bank\",\"url\":\"https:\\/\\/www.oasis.cfree.com\\/6301.ofxgp\"}'),
(37, 'Nevada State Bank - New', '458', 1, '{\"fid\":\"1121\",\"org\":\"295-3\",\"url\":\"https:\\/\\/quicken.metavante.com\\/ofx\\/OFXServlet\"}'),
(38, 'UBS Financial Services Inc.', '459', 1, '{\"fid\":\"7772\",\"org\":\"Intuit\",\"url\":\"https:\\/\\/ofx1.ubs.com\\/eftxweb\\/access.ofx\"}'),
(39, 'Patelco CU', '460', 1, '{\"fid\":\"2000\",\"org\":\"Patelco Credit Union\",\"url\":\"https:\\/\\/ofx.patelco.org\"}'),
(40, 'Mercantile Brokerage Services', '461', 1, '{\"fid\":\"011\",\"org\":\"Mercantile Brokerage\",\"url\":\"https:\\/\\/ofx.netxclient.com\\/cgi\\/OFXNetx\"}'),
(41, 'Regions Bank', '462', 1, '{\"fid\":\"243\",\"org\":\"regions.com\",\"url\":\"https:\\/\\/ofx.morgankeegan.com\\/begasp\\/directtocore.asp\"}'),
(42, 'Spectrum Connect/Reich&Tang', '463', 1, '{\"fid\":\"6510\",\"org\":\"SpectrumConnect\",\"url\":\"https:\\/\\/www.oasis.cfree.com\\/6510.ofxgp\"}'),
(43, 'Smith Barney - Transactions', '464', 1, '{\"fid\":\"3201\",\"org\":\"SmithBarney\",\"url\":\"https:\\/\\/www.oasis.cfree.com\\/3201.ofxgp\"}'),
(44, 'Southwest Airlines FCU', '465', 1, '{\"fid\":\"311090673\",\"org\":\"Southwest Airlines EFCU\",\"url\":\"https:\\/\\/www.swacuflashbp.org\\/scripts\\/isaofx.dll\"}'),
(45, 'Technology Credit Union - CA', '467', 1, '{\"fid\":\"11257\",\"org\":\"Tech CU\",\"url\":\"https:\\/\\/webbranchofx.techcu.com\\/TekPortalOFX\\/servlet\\/TP_OFX_Controller\"}'),
(46, 'UMB Bank', '468', 1, '{\"fid\":\"0\",\"org\":\"UMB\",\"url\":\"https:\\/\\/pcbanking.umb.com\\/hs_ofx\\/hsofx.dll\"}'),
(47, 'Union Bank of California', '469', 1, '{\"fid\":\"2901\",\"org\":\"Union Bank of California\",\"url\":\"https:\\/\\/www.oasis.cfree.com\\/2901.ofxgp\"}'),
(48, 'United Teletech Financial', '470', 1, '{\"fid\":\"221276011\",\"org\":\"DI\",\"url\":\"https:\\/\\/ofxcore.digitalinsight.com:443\\/servlet\\/OFXCoreServlet\"}'),
(49, 'US Bank', '471', 1, '{\"fid\":\"1401\",\"org\":\"US Bank\",\"url\":\"https:\\/\\/www.oasis.cfree.com\\/1401.ofxgp\"}'),
(50, 'Bank of America (All except CA, WA,&ID)', '472', 1, '{\"fid\":\"6812\",\"org\":\"HAN\",\"url\":\"https:\\/\\/ofx.bankofamerica.com\\/cgi-forte\\/fortecgi?servicename=ofx_2-3&pagename=ofx\"}'),
(51, 'Wells Fargo', '473', 1, '{\"fid\":\"3000\",\"org\":\"WF\",\"url\":\"https:\\/\\/ofxdc.wellsfargo.com\\/ofx\\/process.ofx\"}'),
(52, 'LaSalle Bank NA', '474', 1, '{\"fid\":\"6501\",\"org\":\"LaSalle Bank NA\",\"url\":\"https:\\/\\/www.oasis.cfree.com\\/6501.ofxgp\"}'),
(53, 'BB&T', '475', 1, '{\"fid\":\"BB&T\",\"org\":\"BB&T\",\"url\":\"https:\\/\\/eftx.bbt.com\\/eftxweb\\/access.ofx\"}'),
(54, 'Los Alamos National Bank', '476', 1, '{\"fid\":\"107001012\",\"org\":\"LANB\",\"url\":\"https:\\/\\/ofx.lanb.com\\/ofx\\/ofxrelay.dll\"}'),
(55, 'Citadel FCU', '477', 1, '{\"fid\":\"citadel\",\"org\":\"CitadelFCU\",\"url\":\"https:\\/\\/pcu.citadelfcu.org\\/scripts\\/isaofx.dll\"}'),
(56, 'Clearview Federal Credit Union', '478', 1, '{\"fid\":\"243083237\",\"org\":\"Clearview Federal Credit Union\",\"url\":\"https:\\/\\/www.pcu.clearviewfcu.org\\/scripts\\/isaofx.dll\"}'),
(57, 'Vanguard Group, The', '479', 1, '{\"fid\":\"1358\",\"org\":\"The Vanguard Group\",\"url\":\"https:\\/\\/vesnc.vanguard.com\\/us\\/OfxDirectConnectServlet\"}'),
(58, 'First Citizens Bank - NC, VA, WV', '480', 1, '{\"fid\":\"5013\",\"org\":\"First Citizens Bank NC, VA, WV\",\"url\":\"https:\\/\\/www.oasis.cfree.com\\/5013.ofxgp\"}'),
(59, 'Northern Trust - Banking', '481', 1, '{\"fid\":\"5804\",\"org\":\"ORG\",\"url\":\"https:\\/\\/www3883.ntrs.com\\/nta\\/ofxservlet\"}'),
(60, 'The Mechanics Bank', '482', 1, '{\"fid\":\"121102036\",\"org\":\"TMB\",\"url\":\"https:\\/\\/ofx.mechbank.com\\/OFXServer\\/ofxsrvr.dll\"}'),
(61, 'USAA Federal Savings Bank', '483', 1, '{\"fid\":\"24591\",\"org\":\"USAA\",\"url\":\"https:\\/\\/service2.usaa.com\\/ofx\\/OFXServlet\"}'),
(62, 'Florida Telco CU', '484', 1, '{\"fid\":\"FTCU\",\"org\":\"FloridaTelcoCU\",\"url\":\"https:\\/\\/ppc.floridatelco.org\\/scripts\\/isaofx.dll\"}'),
(63, 'DuPont Community Credit Union', '485', 1, '{\"fid\":\"251483311\",\"org\":\"DuPont Community Credit Union\",\"url\":\"https:\\/\\/pcu.mydccu.com\\/scripts\\/isaofx.dll\"}'),
(64, 'Central Florida Educators FCU', '486', 1, '{\"fid\":\"590678236\",\"org\":\"CentralFloridaEduc\",\"url\":\"https:\\/\\/www.mattweb.cfefcu.com\\/scripts\\/isaofx.dll\"}'),
(65, 'California Bank&Trust', '487', 1, '{\"fid\":\"5006\",\"org\":\"401\",\"url\":\"https:\\/\\/pfm.metavante.com\\/ofx\\/OFXServlet\"}'),
(66, 'First Commonwealth FCU', '488', 1, '{\"fid\":\"231379199\",\"org\":\"FirstCommonwealthFCU\",\"url\":\"https:\\/\\/pcu.firstcomcu.org\\/scripts\\/isaofx.dll\"}'),
(67, 'Ameriprise Financial Services, Inc.', '489', 1, '{\"fid\":\"3102\",\"org\":\"AMPF\",\"url\":\"https:\\/\\/www25.ameriprise.com\\/AMPFWeb\\/ofxdl\\/us\\/download?request_type=nl_desktopdownload\"}'),
(68, 'AltaOne Federal Credit Union', '490', 1, '{\"fid\":\"322274462\",\"org\":\"AltaOneFCU\",\"url\":\"https:\\/\\/pcu.altaone.org\\/scripts\\/isaofx.dll\"}'),
(69, 'A. G. Edwards and Sons, Inc.', '491', 1, '{\"fid\":\"43-0895447\",\"org\":\"A.G. Edwards\",\"url\":\"https:\\/\\/ofx.agedwards.com\"}'),
(70, 'Educational Employees CU Fresno', '492', 1, '{\"fid\":\"321172594\",\"org\":\"Educational Employees C U\",\"url\":\"https:\\/\\/www.eecuonline.org\\/scripts\\/isaofx.dll\"}'),
(71, 'Hawthorne Credit Union', '493', 1, '{\"fid\":\"271979193\",\"org\":\"Hawthorne Credit Union\",\"url\":\"https:\\/\\/hwt.usersonlnet.com\\/scripts\\/isaofx.dll\"}'),
(72, 'Firstar', '494', 1, '{\"fid\":\"1255\",\"org\":\"Firstar\",\"url\":\"https:\\/\\/www.oasis.cfree.com\\/1255.ofxgp\"}'),
(73, 'myStreetscape', '495', 1, '{\"fid\":\"7784\",\"org\":\"Fidelity\",\"url\":\"https:\\/\\/ofx.ibgstreetscape.com:443\"}'),
(74, 'Collegedale Credit Union', '496', 1, '{\"fid\":\"35GFA\",\"org\":\"CollegedaleCU\",\"url\":\"https:\\/\\/www.netit.financial-net.com\\/ofx\"}'),
(75, 'GCS Federal Credit Union', '498', 1, '{\"fid\":\"281076853\",\"org\":\"Granite City Steel cu\",\"url\":\"https:\\/\\/pcu.mygcscu.com\\/scripts\\/isaofx.dll\"}'),
(76, 'Vantage Credit Union', '499', 1, '{\"fid\":\"281081479\",\"org\":\"EECU-St. Louis\",\"url\":\"https:\\/\\/secure2.eecu.com\\/scripts\\/isaofx.dll\"}'),
(77, 'Morgan Stanley ClientServ', '500', 1, '{\"fid\":\"1235\",\"org\":\"msdw.com\",\"url\":\"https:\\/\\/ofx.morganstanleyclientserv.com\\/ofx\\/ProfileMSMoney.ofx\"}'),
(78, 'Kennedy Space Center FCU', '501', 1, '{\"fid\":\"263179532\",\"org\":\"Kennedy Space Center FCU\",\"url\":\"https:\\/\\/www.pcu.kscfcu.org\\/scripts\\/isaofx.dll\"}'),
(79, 'Sierra Central Credit Union', '502', 1, '{\"fid\":\"321174770\",\"org\":\"Sierra Central Credit Union\",\"url\":\"https:\\/\\/www.sierracpu.com\\/scripts\\/isaofx.dll\"}'),
(80, 'Virginia Educators Credit Union', '503', 1, '{\"fid\":\"251481355\",\"org\":\"Virginia Educators CU\",\"url\":\"https:\\/\\/www.vecumoneylink.org\\/scripts\\/isaofx.dll\"}'),
(81, 'Red Crown Federal Credit Union', '504', 1, '{\"fid\":\"303986148\",\"org\":\"Red Crown FCU\",\"url\":\"https:\\/\\/cre.usersonlnet.com\\/scripts\\/isaofx.dll\"}'),
(82, 'B-M S Federal Credit Union', '505', 1, '{\"fid\":\"221277007\",\"org\":\"B-M S Federal Credit Union\",\"url\":\"https:\\/\\/bms.usersonlnet.com\\/scripts\\/isaofx.dll\"}'),
(83, 'Fort Stewart GeorgiaFCU', '506', 1, '{\"fid\":\"261271364\",\"org\":\"Fort Stewart FCU\",\"url\":\"https:\\/\\/fsg.usersonlnet.com\\/scripts\\/isaofx.dll\"}'),
(84, 'Northern Trust - Investments', '507', 1, '{\"fid\":\"6028\",\"org\":\"Northern Trust Investments\",\"url\":\"https:\\/\\/www3883.ntrs.com\\/nta\\/ofxservlet?accounttypegroup=INV\"}'),
(85, 'Picatinny Federal Credit Union', '508', 1, '{\"fid\":\"221275216\",\"org\":\"Picatinny Federal Credit Union\",\"url\":\"https:\\/\\/banking.picacreditunion.com\\/scripts\\/isaofx.dll\"}'),
(86, 'SAC FEDERAL CREDIT UNION', '509', 1, '{\"fid\":\"091901480\",\"org\":\"SAC Federal CU\",\"url\":\"https:\\/\\/pcu.sacfcu.com\\/scripts\\/isaofx.dll\"}'),
(87, 'Merrill Lynch&Co., Inc.', '510', 1, '{\"fid\":\"5550\",\"org\":\"Merrill Lynch & Co., Inc.\",\"url\":\"https:\\/\\/taxcert.mlol.ml.com\\/eftxweb\\/access.ofx\"}'),
(88, 'Southeastern CU', '511', 1, '{\"fid\":\"261271500\",\"org\":\"Southeastern FCU\",\"url\":\"https:\\/\\/moo.usersonlnet.com\\/scripts\\/isaofx.dll\"}'),
(89, 'Texas Dow Employees Credit Union', '512', 1, '{\"fid\":\"313185515\",\"org\":\"TexasDow\",\"url\":\"https:\\/\\/allthetime.tdecu.org\\/scripts\\/isaofx.dll\"}'),
(90, 'University Federal Credit Union', '513', 1, '{\"fid\":\"314977405\",\"org\":\"Univerisity FCU\",\"url\":\"https:\\/\\/OnDemand.ufcu.org\\/scripts\\/isaofx.dll\"}'),
(91, 'Yakima Valley Credit Union', '514', 1, '{\"fid\":\"325183796\",\"org\":\"Yakima Valley Credit Union\",\"url\":\"https:\\/\\/secure1.yvcu.org\\/scripts\\/isaofx.dll\"}'),
(92, 'First Community FCU', '515', 1, '{\"fid\":\"272483633\",\"org\":\"FirstCommunityFCU\",\"url\":\"https:\\/\\/pcu.1stcomm.org\\/scripts\\/isaofx.dll\"}'),
(93, 'Wells Fargo Advisor', '516', 1, '{\"fid\":\"1030\",\"org\":\"strong.com\",\"url\":\"https:\\/\\/ofx.wellsfargoadvantagefunds.com\\/eftxWeb\\/Access.ofx\"}'),
(94, 'Chicago Patrolmens FCU', '517', 1, '{\"fid\":\"271078146\",\"org\":\"Chicago Patrolmens CU\",\"url\":\"https:\\/\\/chp.usersonlnet.com\\/scripts\\/isaofx.dll\"}'),
(95, 'Signal Financial Federal Credit Union', '518', 1, '{\"fid\":\"255075495\",\"org\":\"Washington Telephone FCU\",\"url\":\"https:\\/\\/webpb.sfonline.org\\/scripts\\/isaofx.dll\"}'),
(96, 'Bank-Fund Staff FCU', '520', 1, '{\"fid\":\"2\",\"org\":\"Bank Fund Staff FCU\",\"url\":\"https:\\/\\/secure.bfsfcu.org\\/ofx\\/ofx.dll\"}'),
(97, 'APCO EMPLOYEES CREDIT UNION', '521', 1, '{\"fid\":\"262087609\",\"org\":\"APCO Employees Credit Union\",\"url\":\"https:\\/\\/apc.usersonlnet.com\\/scripts\\/isaofx.dll\"}'),
(98, 'Bank of Tampa, The', '522', 1, '{\"fid\":\"063108680\",\"org\":\"BOT\",\"url\":\"https:\\/\\/OFX.Bankoftampa.com\\/OFXServer\\/ofxsrvr.dll\"}'),
(99, 'Cedar Point Federal Credit Union', '523', 1, '{\"fid\":\"255077736\",\"org\":\"Cedar Point Federal Credit Union\",\"url\":\"https:\\/\\/pcu.cpfcu.com\\/scripts\\/isaofx.dll\"}'),
(100, 'Las Colinas FCU', '524', 1, '{\"fid\":\"311080573\",\"org\":\"Las Colinas Federal CU\",\"url\":\"https:\\/\\/las.usersonlnet.com\\/scripts\\/isaofx.dll\"}'),
(101, 'McCoy Federal Credit Union', '525', 1, '{\"fid\":\"263179956\",\"org\":\"McCoy Federal Credit Union\",\"url\":\"https:\\/\\/www.mccoydirect.org\\/scripts\\/isaofx.dll\"}'),
(102, 'Old National Bank', '526', 1, '{\"fid\":\"11638\",\"org\":\"ONB\",\"url\":\"https:\\/\\/www.ofx.oldnational.com\\/ofxpreprocess.asp\"}'),
(103, 'Citizens Bank - Consumer', '527', 1, '{\"fid\":\"CTZBK\",\"org\":\"CheckFree OFX\",\"url\":\"https:\\/\\/www.oasis.cfree.com\\/0CTZBK.ofxgp\"}'),
(104, 'Citizens Bank - Business', '528', 1, '{\"fid\":\"4639\",\"org\":\"CheckFree OFX\",\"url\":\"https:\\/\\/www.oasis.cfree.com\\/04639.ofxgp\"}'),
(105, 'Century Federal Credit Union', '529', 1, '{\"fid\":\"241075056\",\"org\":\"CenturyFederalCU\",\"url\":\"https:\\/\\/pcu.cenfedcu.org\\/scripts\\/isaofx.dll\"}'),
(106, 'ABNB Federal Credit Union', '530', 1, '{\"fid\":\"251481627\",\"org\":\"ABNB Federal Credit Union\",\"url\":\"https:\\/\\/cuathome.abnbfcu.org\\/scripts\\/isaofx.dll\"}'),
(107, 'Allegiance Credit Union', '531', 1, '{\"fid\":\"303085230\",\"org\":\"Federal Employees CU\",\"url\":\"https:\\/\\/fed.usersonlnet.com\\/scripts\\/isaofx.dll\"}'),
(108, 'Wright Patman Congressional FCU', '532', 1, '{\"fid\":\"254074345\",\"org\":\"Wright Patman Congressional FCU\",\"url\":\"https:\\/\\/www.congressionalonline.org\\/scripts\\/isaofx.dll\"}'),
(109, 'America First Credit Union', '533', 1, '{\"fid\":\"54324\",\"org\":\"America First Credit Union\",\"url\":\"https:\\/\\/ofx.americafirst.com\"}'),
(110, 'Motorola Employees Credit Union', '534', 1, '{\"fid\":\"271984311\",\"org\":\"Motorola Employees CU\",\"url\":\"https:\\/\\/mecuofx.mecunet.org\\/scripts\\/isaofx.dll\"}'),
(111, 'Finance Center FCU (IN)', '535', 1, '{\"fid\":\"274073876\",\"org\":\"Finance Center FCU\",\"url\":\"https:\\/\\/sec.fcfcu.com\\/scripts\\/isaofx.dll\"}'),
(112, 'Fort Knox Federal Credit Union', '536', 1, '{\"fid\":\"283978425\",\"org\":\"Fort Knox Federal Credit Union\",\"url\":\"https:\\/\\/fcs1.fkfcu.org\\/scripts\\/isaofx.dll\"}'),
(113, 'Wachovia Bank', '537', 1, '{\"fid\":\"4309\",\"org\":\"Wachovia\",\"url\":\"https:\\/\\/pfmpw.wachovia.com\\/cgi-forte\\/fortecgi?servicename=ofx&pagename=PFM\"}'),
(114, 'Think Federal Credit Union', '538', 1, '{\"fid\":\"291975465\",\"org\":\"IBMCU\",\"url\":\"https:\\/\\/ofx.ibmcu.com\"}'),
(115, 'PSECU', '539', 1, '{\"fid\":\"54354\",\"org\":\"Teknowledge\",\"url\":\"https:\\/\\/ofx.psecu.com\\/servlet\\/OFXServlet\"}'),
(116, 'Envision Credit Union', '540', 1, '{\"fid\":\"263182558\",\"org\":\"Envision Credit Union\",\"url\":\"https:\\/\\/pcu.envisioncu.com\\/scripts\\/isaofx.dll\"}'),
(117, 'Columbia Credit Union', '541', 1, '{\"fid\":\"323383349\",\"org\":\"Columbia Credit Union\",\"url\":\"https:\\/\\/ofx.columbiacu.org\\/scripts\\/isaofx.dll\"}'),
(118, '1st Advantage FCU', '542', 1, '{\"fid\":\"251480563\",\"org\":\"1st Advantage FCU\",\"url\":\"https:\\/\\/members.1stadvantage.org\\/scripts\\/isaofx.dll\"}'),
(119, 'Central Maine FCU', '543', 1, '{\"fid\":\"211287926\",\"org\":\"Central Maine FCU\",\"url\":\"https:\\/\\/cro.usersonlnet.com\\/scripts\\/isaofx.dll\"}'),
(120, 'Kirtland Federal Credit Union', '544', 1, '{\"fid\":\"307070050\",\"org\":\"Kirtland Federal Credit Union\",\"url\":\"https:\\/\\/pcu.kirtlandfcu.org\\/scripts\\/isaofx.dll\"}'),
(121, 'Chesterfield Federal Credit Union', '545', 1, '{\"fid\":\"251480327\",\"org\":\"Chesterfield Employees FCU\",\"url\":\"https:\\/\\/chf.usersonlnet.com\\/scripts\\/isaofx.dll\"}'),
(122, 'Campus USA Credit Union', '546', 1, '{\"fid\":\"263178478\",\"org\":\"Campus USA Credit Union\",\"url\":\"https:\\/\\/que.campuscu.com\\/scripts\\/isaofx.dll\"}'),
(123, 'Summit Credit Union (WI)', '547', 1, '{\"fid\":\"275979034\",\"org\":\"Summit Credit Union\",\"url\":\"https:\\/\\/branch.summitcreditunion.com\\/scripts\\/isaofx.dll\"}'),
(124, 'Financial Center CU', '548', 1, '{\"fid\":\"321177803\",\"org\":\"Fincancial Center Credit Union\",\"url\":\"https:\\/\\/fin.usersonlnet.com\\/scripts\\/isaofx.dll\"}'),
(125, 'Hawaiian Tel Federal Credit Union', '549', 1, '{\"fid\":\"321379070\",\"org\":\"Hawaiian Tel FCU\",\"url\":\"https:\\/\\/htl.usersonlnet.com\\/scripts\\/isaofx.dll\"}'),
(126, 'Addison Avenue Federal Credit Union', '550', 1, '{\"fid\":\"11288\",\"org\":\"hpcu\",\"url\":\"https:\\/\\/ofx.addisonavenue.com\"}'),
(127, 'Navy Army Federal Credit Union', '551', 1, '{\"fid\":\"111904503\",\"org\":\"Navy Army Federal Credit Union\",\"url\":\"https:\\/\\/mybranch.navyarmyfcu.com\\/scripts\\/isaofx.dll\"}'),
(128, 'Nevada Federal Credit Union', '552', 1, '{\"fid\":\"10888\",\"org\":\"PSI\",\"url\":\"https:\\/\\/ssl4.nevadafederal.org\\/ofxdirect\\/ofxrqst.aspx\"}'),
(129, '66 Federal Credit Union', '553', 1, '{\"fid\":\"289\",\"org\":\"SixySix\",\"url\":\"https:\\/\\/ofx.cuonlineaccounts.org\"}'),
(130, 'FirstBank of Colorado', '554', 1, '{\"fid\":\"FirstBank\",\"org\":\"FBDC\",\"url\":\"https:\\/\\/www.efirstbankpfm.com\\/ofx\\/OFXServlet\"}'),
(131, 'Continental Federal Credit Union', '555', 1, '{\"fid\":\"322077559\",\"org\":\"Continenetal FCU\",\"url\":\"https:\\/\\/cnt.usersonlnet.com\\/scripts\\/isaofx.dll\"}'),
(132, 'Fremont Bank', '556', 1, '{\"fid\":\"121107882\",\"org\":\"Fremont Bank\",\"url\":\"https:\\/\\/ofx.fremontbank.com\\/OFXServer\\/FBOFXSrvr.dll\"}'),
(133, 'Peninsula Community Federal Credit Union', '557', 1, '{\"fid\":\"325182344\",\"org\":\"Peninsula Credit Union\",\"url\":\"https:\\/\\/mas.usersonlnet.com\\/scripts\\/isaofx.dll\"}'),
(134, 'Fidelity NetBenefits', '558', 1, '{\"fid\":\"8288\",\"org\":\"nbofx.fidelity.com\",\"url\":\"https:\\/\\/nbofx.fidelity.com\\/netbenefits\\/ofx\\/download\"}'),
(135, 'Fall River Municipal CU', '559', 1, '{\"fid\":\"211382591\",\"org\":\"Fall River Municipal CU\",\"url\":\"https:\\/\\/fal.usersonlnet.com\\/scripts\\/isaofx.dll\"}'),
(136, 'University Credit Union', '560', 1, '{\"fid\":\"267077850\",\"org\":\"University Credit Union\",\"url\":\"https:\\/\\/umc.usersonlnet.com\\/scripts\\/isaofx.dll\"}'),
(137, 'Dominion Credit Union', '561', 1, '{\"fid\":\"251082644\",\"org\":\"Dominion Credit Union\",\"url\":\"https:\\/\\/dom.usersonlnet.com\\/scripts\\/isaofx.dll\"}'),
(138, 'HFS Federal Credit Union', '562', 1, '{\"fid\":\"321378660\",\"org\":\"HFS Federal Credit Union\",\"url\":\"https:\\/\\/hfs.usersonlnet.com\\/scripts\\/isaofx.dll\"}'),
(139, 'IronStone Bank', '563', 1, '{\"fid\":\"5012\",\"org\":\"Atlantic States Bank\",\"url\":\"https:\\/\\/www.oasis.cfree.com\\/5012.ofxgp\"}'),
(140, 'Utah Community Credit Union', '564', 1, '{\"fid\":\"324377820\",\"org\":\"Utah Community Credit Union\",\"url\":\"https:\\/\\/ofx.uccu.com\\/scripts\\/isaofx.dll\"}'),
(141, 'OptionsXpress, Inc', '565', 1, '{\"fid\":\"10876\",\"org\":\"10876\",\"url\":\"https:\\/\\/ofx.optionsxpress.com\\/cgi-bin\\/ox.exe\"}'),
(142, 'Prudential Retirement', '567', 1, '{\"fid\":\"1271\",\"org\":\"Prudential Retirement Services\",\"url\":\"https:\\/\\/ofx.prudential.com\\/eftxweb\\/EFTXWebRedirector\"}'),
(143, 'Wells Fargo Investments, LLC', '568', 1, '{\"fid\":\"10762\",\"org\":\"wellsfargo.com\",\"url\":\"https:\\/\\/invmnt.wellsfargo.com\\/inv\\/directConnect\"}'),
(144, 'Penson Financial Services', '570', 1, '{\"fid\":\"10780\",\"org\":\"Penson Financial Services Inc\",\"url\":\"https:\\/\\/ofx.penson.com\"}'),
(145, 'Tri Boro Federal Credit Union', '571', 1, '{\"fid\":\"243382747\",\"org\":\"Tri Boro Federal Credit Union\",\"url\":\"https:\\/\\/tri.usersonlnet.com\\/scripts\\/isaofx.dll\"}'),
(146, 'Hewitt Associates LLC', '572', 1, '{\"fid\":\"242\",\"org\":\"hewitt.com\",\"url\":\"https:\\/\\/seven.was.hewitt.com\\/eftxweb\\/access.ofx\"}'),
(147, 'Delta Community Credit Union', '573', 1, '{\"fid\":\"3328\",\"org\":\"decu.org\",\"url\":\"https:\\/\\/appweb.deltacommunitycu.com\\/ofxroot\\/directtocore.asp\"}'),
(148, 'Huntington National Bank', '574', 1, '{\"fid\":\"3701\",\"org\":\"Huntington\",\"url\":\"https:\\/\\/onlinebanking.huntington.com\\/scripts\\/serverext.dll\"}'),
(149, 'WSECU', '575', 1, '{\"fid\":\"325181028\",\"org\":\"WSECU\",\"url\":\"https:\\/\\/ssl3.wsecu.org\\/ofxserver\\/ofxsrvr.dll\"}'),
(150, 'Baton Rouge City Parish Emp FCU', '576', 1, '{\"fid\":\"265473333\",\"org\":\"Baton Rouge City Parish EFCU\",\"url\":\"https:\\/\\/bat.usersonlnet.com\\/scripts\\/isaofx.dll\"}'),
(151, 'Schools Financial Credit Union', '577', 1, '{\"fid\":\"90001\",\"org\":\"Teknowledge\",\"url\":\"https:\\/\\/ofx.schools.org\\/TekPortalOFX\\/servlet\\/TP_OFX_Controller\"}'),
(152, 'Charles Schwab Bank, N.A.', '578', 1, '{\"fid\":\"101\",\"org\":\"ISC\",\"url\":\"https:\\/\\/ofx.schwab.com\\/bankcgi_dev\\/ofx_server\"}'),
(153, 'NW Preferred Federal Credit Union', '579', 1, '{\"fid\":\"323076575\",\"org\":\"NW Preferred FCU\",\"url\":\"https:\\/\\/nwf.usersonlnet.com\\/scripts\\/isaofx.dll\"}'),
(154, 'Camino FCU', '580', 1, '{\"fid\":\"322279975\",\"org\":\"Camino FCU\",\"url\":\"https:\\/\\/homebanking.caminofcu.org\\/isaofx\\/isaofx.dll\"}'),
(155, 'Novartis Federal Credit Union', '581', 1, '{\"fid\":\"221278556\",\"org\":\"Novartis FCU\",\"url\":\"https:\\/\\/cib.usersonlnet.com\\/scripts\\/isaofx.dll\"}'),
(156, 'U.S. First FCU', '582', 1, '{\"fid\":\"321076289\",\"org\":\"US First FCU\",\"url\":\"https:\\/\\/uff.usersonlnet.com\\/scripts\\/isaofx.dll\"}'),
(157, 'FAA Technical Center FCU', '583', 1, '{\"fid\":\"231277440\",\"org\":\"FAA Technical Center FCU\",\"url\":\"https:\\/\\/ftc.usersonlnet.com\\/scripts\\/isaofx.dll\"}'),
(158, 'Municipal Employees Credit Union of Baltimore, Inc.', '584', 1, '{\"fid\":\"252076468\",\"org\":\"Municipal ECU of Baltimore,Inc.\",\"url\":\"https:\\/\\/mec.usersonlnet.com\\/scripts\\/isaofx.dll\"}'),
(159, 'Day Air Credit Union', '585', 1, '{\"fid\":\"242277808\",\"org\":\"Day Air Credit Union\",\"url\":\"https:\\/\\/pcu.dayair.org\\/scripts\\/isaofx.dll\"}'),
(160, 'Texas State Bank - McAllen', '586', 1, '{\"fid\":\"114909013\",\"org\":\"Texas State Bank\",\"url\":\"https:\\/\\/www.tsb-a.com\\/OFXServer\\/ofxsrvr.dll\"}'),
(161, 'OCTFCU', '587', 1, '{\"fid\":\"17600\",\"org\":\"OCTFCU\",\"url\":\"https:\\/\\/ofx.octfcu.org\"}'),
(162, 'Hawaii State FCU', '588', 1, '{\"fid\":\"321379041\",\"org\":\"Hawaii State FCU\",\"url\":\"https:\\/\\/hse.usersonlnet.com\\/scripts\\/isaofx.dll\"}'),
(163, 'Community First Credit Union', '592', 1, '{\"fid\":\"275982801\",\"org\":\"Community First Credit Union\",\"url\":\"https:\\/\\/pcu.communityfirstcu.org\\/scripts\\/isaofx.dll\"}'),
(164, 'MTC Federal Credit Union', '593', 1, '{\"fid\":\"053285173\",\"org\":\"MTC Federal Credit Union\",\"url\":\"https:\\/\\/mic.usersonlnet.com\\/scripts\\/isaofx.dll\"}'),
(165, 'Home Federal Savings Bank(MN/IA)', '594', 1, '{\"fid\":\"291270050\",\"org\":\"VOneTwentySevenG\",\"url\":\"https:\\/\\/ofx1.evault.ws\\/ofxserver\\/ofxsrvr.dll\"}'),
(166, 'Reliant Community Credit Union', '595', 1, '{\"fid\":\"222382438\",\"org\":\"W.C.T.A Federal Credit Union\",\"url\":\"https:\\/\\/wct.usersonlnet.com\\/scripts\\/isaofx.dll\"}'),
(167, 'Patriots Federal Credit Union', '596', 1, '{\"fid\":\"322281963\",\"org\":\"PAT FCU\",\"url\":\"https:\\/\\/pat.usersonlnet.com\\/scripts\\/isaofx.dll\"}'),
(168, 'SafeAmerica Credit Union', '597', 1, '{\"fid\":\"321171757\",\"org\":\"SafeAmerica Credit Union\",\"url\":\"https:\\/\\/saf.usersonlnet.com\\/scripts\\/isaofx.dll\"}'),
(169, 'Mayo Employees Federal Credit Union', '598', 1, '{\"fid\":\"291975478\",\"org\":\"Mayo Employees FCU\",\"url\":\"https:\\/\\/homebank.mayocreditunion.org\\/ofx\\/ofx.dll\"}'),
(170, 'FivePoint Credit Union', '599', 1, '{\"fid\":\"313187571\",\"org\":\"FivePoint Credit Union\",\"url\":\"https:\\/\\/tfcu-nfuse01.texacocommunity.org\\/internetconnector\\/isaofx.dll\"}'),
(171, 'Community Resource Bank', '600', 1, '{\"fid\":\"091917160\",\"org\":\"CNB\",\"url\":\"https:\\/\\/www.cnbinternet.com\\/OFXServer\\/ofxsrvr.dll\"}'),
(172, 'Security 1st FCU', '601', 1, '{\"fid\":\"314986292\",\"org\":\"Security 1st FCU\",\"url\":\"https:\\/\\/sec.usersonlnet.com\\/scripts\\/isaofx.dll\"}'),
(173, 'First Alliance Credit Union', '602', 1, '{\"fid\":\"291975481\",\"org\":\"First Alliance Credit Union\",\"url\":\"https:\\/\\/fia.usersonlnet.com\\/scripts\\/isaofx.dll\"}'),
(174, 'Billings Federal Credit Union', '603', 1, '{\"fid\":\"6217\",\"org\":\"Billings Federal Credit Union\",\"url\":\"https:\\/\\/bfcuonline.billingsfcu.org\\/ofx\\/ofx.dll\"}'),
(175, 'Windward Community FCU', '604', 1, '{\"fid\":\"321380315\",\"org\":\"Windward Community FCU\",\"url\":\"https:\\/\\/wwc.usersonlnet.com\\/scripts\\/isaofx.dll\"}'),
(176, 'Siouxland Federal Credit Union', '606', 1, '{\"fid\":\"304982235\",\"org\":\"SIOUXLAND FCU\",\"url\":\"https:\\/\\/sio.usersonlnet.com\\/scripts\\/isaofx.dll\"}'),
(177, 'The Queen\'s Federal Credit Union', '607', 1, '{\"fid\":\"321379504\",\"org\":\"The Queens Federal Credit Union\",\"url\":\"https:\\/\\/que.usersonlnet.com\\/scripts\\/isaofx.dll\"}'),
(178, 'Edward Jones', '608', 1, '{\"fid\":\"823\",\"org\":\"Edward Jones\",\"url\":\"https:\\/\\/ofx.edwardjones.com\"}'),
(179, 'Merck Sharp&Dohme FCU', '609', 1, '{\"fid\":\"231386645\",\"org\":\"MERCK, SHARPE&DOHME FCU\",\"url\":\"https:\\/\\/msd.usersonlnet.com\\/scripts\\/isaofx.dll\"}'),
(180, 'Credit Union 1 - IL', '610', 1, '{\"fid\":\"271188081\",\"org\":\"Credit Union 1\",\"url\":\"https:\\/\\/pcu.creditunion1.org\\/scripts\\/isaofx.dll\"}'),
(181, 'Bossier Federal Credit Union', '611', 1, '{\"fid\":\"311175129\",\"org\":\"Bossier Federal Credit Union\",\"url\":\"https:\\/\\/bos.usersonlnet.com\\/scripts\\/isaofx.dll\"}'),
(182, 'First Florida Credit Union', '612', 1, '{\"fid\":\"263079014\",\"org\":\"First Llorida Credit Union\",\"url\":\"https:\\/\\/pcu2.gecuf.org\\/scripts\\/isaofx.dll\"}'),
(183, 'NorthEast Alliance FCU', '613', 1, '{\"fid\":\"221982130\",\"org\":\"NorthEast Alliance FCU\",\"url\":\"https:\\/\\/nea.usersonlnet.com\\/scripts\\/isaofx.dll\"}'),
(184, 'ShareBuilder', '614', 1, '{\"fid\":\"5575\",\"org\":\"ShareBuilder\",\"url\":\"https:\\/\\/ofx.sharebuilder.com\"}'),
(185, 'Weitz Funds', '616', 1, '{\"fid\":\"weitz.com\",\"org\":\"weitz.com\",\"url\":\"https:\\/\\/www3.financialtrans.com\\/tf\\/OFXServer?tx=OFXController&cz=702110804131918&cl=52204081925\"}'),
(186, 'JPMorgan Retirement Plan Services', '617', 1, '{\"fid\":\"6313\",\"org\":\"JPMORGAN\",\"url\":\"https:\\/\\/ofx.retireonline.com\\/eftxweb\\/access.ofx\"}'),
(187, 'Credit Union ONE', '618', 1, '{\"fid\":\"14412\",\"org\":\"Credit Union ONE\",\"url\":\"https:\\/\\/cuhome.cuone.org\\/ofx\\/ofx.dll\"}'),
(188, 'Salt Lake City Credit Union', '619', 1, '{\"fid\":\"324079186\",\"org\":\"Salt Lake City Credit Union\",\"url\":\"https:\\/\\/slc.usersonlnet.com\\/scripts\\/isaofx.dll\"}'),
(189, 'First Southwest Company', '620', 1, '{\"fid\":\"7048\",\"org\":\"AFS\",\"url\":\"https:\\/\\/fswofx.automatedfinancial.com\"}'),
(190, 'Wells Fargo Trust-Investment Mgt', '622', 1, '{\"fid\":\"6955\",\"org\":\"Wells Fargo Trust\",\"url\":\"https:\\/\\/trust.wellsfargo.com\\/trust\\/directConnect\"}'),
(191, 'Scottrade, Inc.', '623', 1, '{\"fid\":\"777\",\"org\":\"Scottrade\",\"url\":\"https:\\/\\/ofxstl.scottsave.com\"}'),
(192, 'Silver State Schools CU', '624', 1, '{\"fid\":\"322484265\",\"org\":\"SSSCU\",\"url\":\"https:\\/\\/www.silverstatecu.com\\/OFXServer\\/ofxsrvr.dll\"}'),
(193, 'VISA Information Source', '626', 1, '{\"fid\":\"10942\",\"org\":\"VISA\",\"url\":\"https:\\/\\/vis.informationmanagement.visa.com\\/eftxweb\\/access.ofx\"}'),
(194, 'National City', '627', 1, '{\"fid\":\"5860\",\"org\":\"NATIONAL CITY\",\"url\":\"https:\\/\\/ofx.nationalcity.com\\/ofx\\/OFXConsumer.aspx\"}'),
(195, 'Capital One', '628', 1, '{\"fid\":\"1001\",\"org\":\"Hibernia\",\"url\":\"https:\\/\\/onlinebanking.capitalone.com\\/scripts\\/serverext.dll\"}'),
(196, 'Citi Credit Card', '629', 1, '{\"fid\":\"24909\",\"org\":\"Citigroup\",\"url\":\"https:\\/\\/www.accountonline.com\\/cards\\/svc\\/CitiOfxManager.do\"}'),
(197, 'Zions Bank', '630', 1, '{\"fid\":\"1115\",\"org\":\"244-3\",\"url\":\"https:\\/\\/quicken.metavante.com\\/ofx\\/OFXServlet\"}'),
(198, 'Capital One Bank', '631', 1, '{\"fid\":\"1001\",\"org\":\"Hibernia\",\"url\":\"https:\\/\\/onlinebanking.capitalone.com\\/scripts\\/serverext.dll\"}'),
(199, 'Redstone Federal Credit Union', '633', 1, '{\"fid\":\"2143\",\"org\":\"Harland Financial Solutions\",\"url\":\"https:\\/\\/remotebanking.redfcu.org\\/ofx\\/ofx.dll\"}'),
(200, 'PNC Bank', '634', 1, '{\"fid\":\"4501\",\"org\":\"ISC\",\"url\":\"https:\\/\\/www.oasis.cfree.com\\/fip\\/genesis\\/prod\\/04501.ofx\"}'),
(201, 'Bank of America (California)', '635', 1, '{\"fid\":\"6805\",\"org\":\"HAN\",\"url\":\"https:\\/\\/ofx.bankofamerica.com\\/cgi-forte\\/ofx?servicename=ofx_2-3&pagename=bofa\"}'),
(202, 'Chase (credit card) ', '636', 1, '{\"fid\":\"10898\",\"org\":\"B1\",\"url\":\"https:\\/\\/ofx.chase.com\"}'),
(203, 'Arizona Federal Credit Union', '637', 1, '{\"fid\":\"322172797\",\"org\":\"DI\",\"url\":\"https:\\/\\/ofxdi.diginsite.com\\/cmr\\/cmr.ofx\"}'),
(204, 'UW Credit Union', '638', 1, '{\"fid\":\"1001\",\"org\":\"UWCU\",\"url\":\"https:\\/\\/ofx.uwcu.org\\/serverext.dll\"}'),
(205, 'Bank of America', '639', 1, '{\"fid\":\"5959\",\"org\":\"HAN\",\"url\":\"https:\\/\\/eftx.bankofamerica.com\\/eftxweb\\/access.ofx\"}'),
(206, 'Commerce Bank', '640', 1, '{\"fid\":\"1001\",\"org\":\"CommerceBank\",\"url\":\"https:\\/\\/ofx.tdbank.com\\/scripts\\/serverext.dll\"}'),
(207, 'Securities America', '641', 1, '{\"fid\":\"7784\",\"org\":\"Fidelity\",\"url\":\"https:\\/\\/ofx.ibgstreetscape.com:443\"}'),
(208, 'First Internet Bank of Indiana', '642', 1, '{\"fid\":\"074014187\",\"org\":\"DI\",\"url\":\"https:\\/\\/ofxdi.diginsite.com\\/cmr\\/cmr.ofx\"}'),
(209, 'Alpine Banks of Colorado', '643', 1, '{\"fid\":\"1451\",\"org\":\"JackHenry\",\"url\":\"https:\\/\\/directline.netteller.com\"}'),
(210, 'BancFirst', '644', 1, '{\"fid\":\"103003632\",\"org\":\"DI\",\"url\":\"https:\\/\\/ofxdi.diginsite.com\\/cmr\\/cmr.ofx\"}'),
(211, 'Desert Schools Federal Credit Union', '645', 1, '{\"fid\":\"1001\",\"org\":\"DSFCU\",\"url\":\"https:\\/\\/epal.desertschools.org\\/scripts\\/serverext.dll\"}'),
(212, 'Kinecta Federal Credit Union', '646', 1, '{\"fid\":\"322278073\",\"org\":\"KINECTA\",\"url\":\"https:\\/\\/ofx.kinecta.org\\/OFXServer\\/ofxsrvr.dll\"}'),
(213, 'Boeing Employees Credit Union', '325081403', 1, '{\"fid\":\"3670\",\"org\":\"BECU\",\"url\":\"https:\\/\\/onlinebanking.becu.org\\/ofx\\/ofxprocessor.asp\"}'),
(214, 'Capital One Bank - 2', '648', 1, '{\"fid\":\"1001\",\"org\":\"Hibernia\",\"url\":\"https:\\/\\/onlinebanking.capitalone.com\\/ofx\\/process.ofx\"}'),
(215, 'Michigan State University Federal CU', '649', 1, '{\"fid\":\"272479663\",\"org\":\"MSUFCU\",\"url\":\"https:\\/\\/ofx.msufcu.org\\/ofxserver\\/ofxsrvr.dll\"}'),
(216, 'The Community Bank', '650', 1, '{\"fid\":\"211371476\",\"org\":\"DI\",\"url\":\"https:\\/\\/ofxdi.diginsite.com\\/cmr\\/cmr.ofx\"}'),
(217, 'Sacramento Credit Union', '651', 1, '{\"fid\":\"1\",\"org\":\"SACRAMENTO CREDIT UNION\",\"url\":\"https:\\/\\/homebank.sactocu.org\\/ofx\\/ofx.dll\"}'),
(218, 'TD Bank', '652', 1, '{\"fid\":\"1001\",\"org\":\"CommerceBank\",\"url\":\"https:\\/\\/onlinebanking.tdbank.com\\/scripts\\/serverext.dll\"}'),
(219, 'Suncoast Schools FCU', '653', 1, '{\"fid\":\"1001\",\"org\":\"SunCoast\",\"url\":\"https:\\/\\/ofx.suncoastfcu.org\"}'),
(220, 'Metro Bank', '654', 1, '{\"fid\":\"9970\",\"org\":\"MTRO\",\"url\":\"https:\\/\\/ofx.mymetrobank.com\\/ofx\\/ofx.ofx\"}'),
(221, 'First National Bank (Texas)', '655', 1, '{\"fid\":\"12840\",\"org\":\"JackHenry\",\"url\":\"https:\\/\\/directline.netteller.com\"}'),
(222, 'Bank of the West', '656', 1, '{\"fid\":\"5809\",\"org\":\"BancWest Corp\",\"url\":\"https:\\/\\/olbp.bankofthewest.com\\/ofx0002\\/ofx_isapi.dll\"}'),
(223, 'Mountain America Credit Union', '657', 1, '{\"fid\":\"324079555\",\"org\":\"MACU\",\"url\":\"https:\\/\\/ofx.macu.org\\/OFXServer\\/ofxsrvr.dll\"}'),
(224, 'ING DIRECT', '658', 1, '{\"fid\":\"031176110\",\"org\":\"ING DIRECT\",\"url\":\"https:\\/\\/ofx.ingdirect.com\\/OFX\\/ofx.html\"}'),
(225, 'Santa Barbara Bank & Trust', '659', 1, '{\"fid\":\"5524\",\"org\":\"pfm-l3g\",\"url\":\"https:\\/\\/pfm.metavante.com\\/ofx\\/OFXServlet\"}'),
(226, 'UMB', '660', 1, '{\"fid\":\"468\",\"org\":\"UMBOFX\",\"url\":\"https:\\/\\/ofx.umb.com\"}'),
(227, 'Bank Of America(All except CA,WA,&ID ', '661', 1, '{\"fid\":\"6812\",\"org\":\"HAN\",\"url\":\"Https:\\/\\/ofx.bankofamerica.com\\/cgi-forte\\/fortecgi?servicename=ofx_2-3&pagename=ofx \"}'),
(228, 'Centra Credit Union2', '662', 1, '{\"fid\":\"274972883\",\"org\":\"Centra CU\",\"url\":\"https:\\/\\/www.centralink.org\\/scripts\\/isaofx.dll\"}'),
(229, 'Mainline National Bank', '663', 1, '{\"fid\":\"9869\",\"org\":\"JackHenry\",\"url\":\"https:\\/\\/directline.netteller.com\"}'),
(230, 'Citizens Bank', '664', 1, '{\"fid\":\"4639\",\"org\":\"CheckFree OFX\",\"url\":\"https:\\/\\/www.oasis.cfree.com\\/04639.ofxgp\"}'),
(231, 'USAA Investment Mgmt Co', '665', 1, '{\"fid\":\"24592\",\"org\":\"USAA\",\"url\":\"https:\\/\\/service2.usaa.com\\/ofx\\/OFXServlet\"}'),
(232, '121 Financial Credit Union', '666', 1, '{\"fid\":\"000001155\",\"org\":\"121 Financial Credit Union\",\"url\":\"https:\\/\\/ppc.121fcu.org\\/scripts\\/isaofx.dll\"}'),
(233, 'Abbott Laboratories Employee CU', '667', 1, '{\"fid\":\"35MXN\",\"org\":\"Abbott Laboratories ECU - ALEC\",\"url\":\"https:\\/\\/www.netit.financial-net.com\\/ofx\\/\"}'),
(234, 'Achieva Credit Union', '668', 1, '{\"fid\":\"4491\",\"org\":\"Achieva Credit Union\",\"url\":\"https:\\/\\/rbserver.achievacu.com\\/ofx\\/ofx.dll\"}'),
(235, 'American National Bank', '669', 1, '{\"fid\":\"4201\",\"org\":\"ISC\",\"url\":\"https:\\/\\/www.oasis.cfree.com\\/fip\\/genesis\\/prod\\/04201.ofx\"}'),
(236, 'Andrews Federal Credit Union', '670', 1, '{\"fid\":\"AFCUSMD\",\"org\":\"FundsXpress\",\"url\":\"https:\\/\\/ofx.fundsxpress.com\\/piles\\/ofx.pile\\/\"}'),
(237, 'Citi Personal Wealth Management', '671', 1, '{\"fid\":\"060\",\"org\":\"Citigroup\",\"url\":\"https:\\/\\/uat-ofx.netxclient.inautix.com\\/cgi\\/OFXNetx\"}'),
(238, 'Bank One (Chicago)', '672', 1, '{\"fid\":\"1501\",\"org\":\"ISC\",\"url\":\"https:\\/\\/www.oasis.cfree.com\\/fip\\/genesis\\/prod\\/01501.ofx\"}'),
(239, 'Bank One (Michigan and Florida)', '673', 1, '{\"fid\":\"6001\",\"org\":\"ISC\",\"url\":\"https:\\/\\/www.oasis.cfree.com\\/fip\\/genesis\\/prod\\/06001.ofx\"}'),
(240, 'Bank of America (Formerly Fleet)', '674', 1, '{\"fid\":\"1803\",\"org\":\"ISC\",\"url\":\"https:\\/\\/www.oasis.cfree.com\\/fip\\/genesis\\/prod\\/01803.ofx\"}'),
(241, 'BankBoston PC Banking', '675', 1, '{\"fid\":\"1801\",\"org\":\"ISC\",\"url\":\"https:\\/\\/www.oasis.cfree.com\\/fip\\/genesis\\/prod\\/01801.ofx\"}'),
(242, 'Beverly Co-Operative Bank', '676', 1, '{\"fid\":\"531\",\"org\":\"orcc\",\"url\":\"https:\\/\\/www19.onlinebank.com\\/OROFX16Listener\"}'),
(243, 'Cambridge Portuguese Credit Union', '677', 1, '{\"fid\":\"983\",\"org\":\"orcc\",\"url\":\"https:\\/\\/www20.onlinebank.com\\/OROFX16Listener\"}'),
(244, 'Citibank', '678', 1, '{\"fid\":\"2101\",\"org\":\"ISC\",\"url\":\"https:\\/\\/www.oasis.cfree.com\\/fip\\/genesis\\/prod\\/02101.ofx\"}'),
(245, 'Community Bank, N.A.', '679', 1, '{\"fid\":\"11517\",\"org\":\"JackHenry\",\"url\":\"https:\\/\\/directline2.netteller.com\"}'),
(246, 'Consumers Credit Union', '680', 1, '{\"fid\":\"12541\",\"org\":\"Consumers Credit Union\",\"url\":\"https:\\/\\/ofx.lanxtra.com\\/ofx\\/servlet\\/Teller\"}'),
(247, 'CPM Federal Credit Union', '681', 1, '{\"fid\":\"253279536\",\"org\":\"USERS, Inc.\",\"url\":\"https:\\/\\/cpm.usersonlnet.com\\/scripts\\/isaofx.dll\"}'),
(248, 'DATCU', '682', 1, '{\"fid\":\"311980725\",\"org\":\"DATCU\",\"url\":\"https:\\/\\/online.datcu.coop\\/ofxserver\\/ofxsrvr.dll\"}'),
(249, 'Denver Community Federal Credit Union', '683', 1, '{\"fid\":\"10524\",\"org\":\"Denver Community FCU\",\"url\":\"https:\\/\\/pccu.dcfcu.coop\\/ofx\\/ofx.dll\"}'),
(250, 'Discover Platinum', '684', 1, '{\"fid\":\"7102\",\"org\":\"Discover Financial Services\",\"url\":\"https:\\/\\/ofx.discovercard.com\\/\"}'),
(251, 'EAB', '685', 1, '{\"fid\":\"6505\",\"org\":\"ISC\",\"url\":\"https:\\/\\/www.oasis.cfree.com\\/fip\\/genesis\\/prod\\/06505.ofx\"}'),
(252, 'FAA Credit Union', '686', 1, '{\"fid\":\"114\",\"org\":\"FAA Credit Union\",\"url\":\"https:\\/\\/flightline.faaecu.org\\/ofx\\/ofx.dll\"}'),
(253, 'Fairwinds Credit Union', '687', 1, '{\"fid\":\"4842\",\"org\":\"OSI 2\",\"url\":\"https:\\/\\/OFX.opensolutionsTOC.com\\/eftxweb\\/access.ofx\"}'),
(254, 'FedChoice FCU', '688', 1, '{\"fid\":\"254074785\",\"org\":\"FEDCHOICE\",\"url\":\"https:\\/\\/ofx.fedchoice.org\\/ofxserver\\/ofxsrvr.dll\"}'),
(255, 'First Clearing, LLC', '689', 1, '{\"fid\":\"10033\",\"org\":\"First Clearing, LLC\",\"url\":\"https:\\/\\/pfmpw.wachovia.com\\/cgi-forte\\/fortecgi?servicename=ofxbrk&pagename=PFM\"}'),
(256, 'First Citizens', '690', 1, '{\"fid\":\"1849\",\"org\":\"First Citizens\",\"url\":\"https:\\/\\/www.oasis.cfree.com\\/fip\\/genesis\\/prod\\/01849.ofx\"}'),
(257, 'First Hawaiian Bank', '691', 1, '{\"fid\":\"3501\",\"org\":\"BancWest Corp\",\"url\":\"https:\\/\\/olbp.fhb.com\\/ofx0001\\/ofx_isapi.dll\"}'),
(258, 'First National Bank of St. Louis', '692', 1, '{\"fid\":\"162\",\"org\":\"81004601\",\"url\":\"https:\\/\\/ofx.centralbancompany.com\\/ofxserver\\/ofxsrvr.dll\"}'),
(259, 'First Interstate Bank', '693', 1, '{\"fid\":\"092901683\",\"org\":\"FIB\",\"url\":\"https:\\/\\/ofx.firstinterstatebank.com\\/OFXServer\\/ofxsrvr.dll\"}'),
(260, 'Goldman Sachs', '694', 1, '{\"fid\":\"1234\",\"org\":\"gs.com\",\"url\":\"https:\\/\\/portfolio-ofx.gs.com:446\\/ofx\\/ofx.eftx\"}'),
(261, 'Hudson Valley FCU', '695', 1, '{\"fid\":\"10767\",\"org\":\"Hudson Valley FCU\",\"url\":\"https:\\/\\/internetbanking.hvfcu.org\\/ofx\\/ofx.dll\"}'),
(262, 'IBM Southeast Employees Federal Credit Union', '696', 1, '{\"fid\":\"1779\",\"org\":\"IBM Southeast EFCU\",\"url\":\"https:\\/\\/rb.ibmsecu.org\\/ofx\\/ofx.dll\"}'),
(263, 'Insight CU', '697', 1, '{\"fid\":\"10764\",\"org\":\"Insight Credit Union\",\"url\":\"https:\\/\\/secure.insightcreditunion.com\\/ofx\\/ofx.dll\"}'),
(264, 'Janney Montgomery Scott LLC', '698', 1, '{\"fid\":\"11326\",\"org\":\"AFS\",\"url\":\"https:\\/\\/jmsofx.automatedfinancial.com\"}'),
(265, 'JSC Federal Credit Union', '699', 1, '{\"fid\":\"10491\",\"org\":\"JSC Federal Credit Union\",\"url\":\"https:\\/\\/starpclegacy.jscfcu.org\\/ofx\\/ofx.dll\"}'),
(266, 'J.P. Morgan', '700', 1, '{\"fid\":\"4701\",\"org\":\"ISC\",\"url\":\"https:\\/\\/www.oasis.cfree.com\\/fip\\/genesis\\/prod\\/04701.ofx\"}'),
(267, 'J.P. Morgan Clearing Corp.', '701', 1, '{\"fid\":\"7315\",\"org\":\"GCS\",\"url\":\"https:\\/\\/ofxgcs.toolkit.clearco.com\"}'),
(268, 'M & T Bank', '702', 1, '{\"fid\":\"2601\",\"org\":\"ISC\",\"url\":\"https:\\/\\/www.oasis.cfree.com\\/fip\\/genesis\\/prod\\/02601.ofx\"}'),
(269, 'Marquette Banks', '703', 1, '{\"fid\":\"1301\",\"org\":\"ISC\",\"url\":\"https:\\/\\/www.oasis.cfree.com\\/fip\\/genesis\\/prod\\/01301.ofx\"}'),
(270, 'Mercer', '704', 1, '{\"fid\":\"8007527525\",\"org\":\"PutnamDefinedContributions\",\"url\":\"https:\\/\\/ofx.mercerhrs.com\\/eftxweb\\/access.ofx\"}'),
(271, 'Merrill Lynch Online Payment', '705', 1, '{\"fid\":\"7301\",\"org\":\"ISC\",\"url\":\"https:\\/\\/www.oasis.cfree.com\\/fip\\/genesis\\/prod\\/07301.ofx\"}'),
(272, 'Missoula Federal Credit Union', '706', 1, '{\"fid\":\"5097\",\"org\":\"Missoula Federal Credit Union\",\"url\":\"https:\\/\\/secure.missoulafcu.org\\/ofx\\/ofx.dll\"}'),
(273, 'Morgan Stanley (Smith Barney)', '707', 1, '{\"fid\":\"5207\",\"org\":\"Smithbarney.com\",\"url\":\"https:\\/\\/ofx.smithbarney.com\\/app-bin\\/ofx\\/servlets\\/access.ofx\"}'),
(274, 'Nevada State Bank - OLD', '708', 1, '{\"fid\":\"5401\",\"org\":\"ISC\",\"url\":\"https:\\/\\/www.oasis.cfree.com\\/fip\\/genesis\\/prod\\/05401.ofx\"}'),
(275, 'New England Federal Credit Union', '709', 1, '{\"fid\":\"2104\",\"org\":\"New England Federal Credit Union\",\"url\":\"https:\\/\\/pcaccess.nefcu.com\\/ofx\\/ofx.dll\"}'),
(276, 'Norwest', '710', 1, '{\"fid\":\"4601\",\"org\":\"ISC\",\"url\":\"https:\\/\\/www.oasis.cfree.com\\/fip\\/genesis\\/prod\\/04601.ofx\"}'),
(277, 'Oppenheimer & Co. Inc.', '711', 1, '{\"fid\":\"125\",\"org\":\"Oppenheimer\",\"url\":\"https:\\/\\/ofx.opco.com\\/eftxweb\\/access.ofx\"}'),
(278, 'Oregon College Savings Plan', '712', 1, '{\"fid\":\"51498\",\"org\":\"tiaaoregon\",\"url\":\"https:\\/\\/ofx3.financialtrans.com\\/tf\\/OFXServer?tx=OFXController&cz=702110804131918&cl=b1908000027141704061413\"}'),
(279, 'RBC Dain Rauscher', '713', 1, '{\"fid\":\"8035\",\"org\":\"RBC Dain Rauscher\",\"url\":\"https:\\/\\/ofx.rbcdain.com\\/\"}'),
(280, 'Robert W. Baird & Co.', '714', 1, '{\"fid\":\"1109\",\"org\":\"Robert W. Baird & Co.\",\"url\":\"https:\\/\\/ofx.rwbaird.com\"}'),
(281, 'Sears Card', '715', 1, '{\"fid\":\"26810\",\"org\":\"CITIGROUP\",\"url\":\"https:\\/\\/secureofx.bankhost.com\\/tuxofx\\/cgi-bin\\/cgi_chip\"}'),
(282, 'South Trust Bank', '716', 1, '{\"fid\":\"6101\",\"org\":\"ISC\",\"url\":\"https:\\/\\/www.oasis.cfree.com\\/fip\\/genesis\\/prod\\/06101.ofx\"}'),
(283, 'Standard Federal Bank', '717', 1, '{\"fid\":\"6507\",\"org\":\"ISC\",\"url\":\"https:\\/\\/www.oasis.cfree.com\\/fip\\/genesis\\/prod\\/06507.ofx\"}'),
(284, 'United California Bank', '718', 1, '{\"fid\":\"2701\",\"org\":\"ISC\",\"url\":\"https:\\/\\/www.oasis.cfree.com\\/fip\\/genesis\\/prod\\/02701.ofx\"}'),
(285, 'United Federal CU - PowerLink', '719', 1, '{\"fid\":\"1908\",\"org\":\"United Federal Credit Union\",\"url\":\"https:\\/\\/remotebanking.unitedfcu.com\\/ofx\\/ofx.dll\"}'),
(286, 'VALIC', '720', 1, '{\"fid\":\"77019\",\"org\":\"valic.com\",\"url\":\"https:\\/\\/ofx.valic.com\\/eftxweb\\/access.ofx\"}'),
(287, 'Van Kampen Funds, Inc.', '721', 1, '{\"fid\":\"3625\",\"org\":\"Van Kampen Funds, Inc.\",\"url\":\"https:\\/\\/ofx3.financialtrans.com\\/tf\\/OFXServer?tx=OFXController&cz=702110804131918&cl=9210013100012150413\"}'),
(288, 'Vanguard Group', '722', 1, '{\"fid\":\"1358\",\"org\":\"The Vanguard Group\",\"url\":\"https:\\/\\/vesnc.vanguard.com\\/us\\/OfxProfileServlet\"}'),
(289, 'Velocity Credit Union', '723', 1, '{\"fid\":\"9909\",\"org\":\"Velocity Credit Union\",\"url\":\"https:\\/\\/rbserver.velocitycu.com\\/ofx\\/ofx.dll\"}'),
(290, 'Waddell & Reed - Ivy Funds', '724', 1, '{\"fid\":\"49623\",\"org\":\"waddell\",\"url\":\"https:\\/\\/ofx3.financialtrans.com\\/tf\\/OFXServer?tx=OFXController&cz=702110804131918&cl=722000303041111\"}'),
(291, 'Umpqua Bank', '725', 1, '{\"fid\":\"1001\",\"org\":\"Umpqua\",\"url\":\"https:\\/\\/ofx.umpquabank.com\\/ofx\\/process.ofx\"}'),
(292, 'Discover Bank', '726', 1, '{\"fid\":\"12610\",\"org\":\"Discover Bank\",\"url\":\"https:\\/\\/ofx.discovercard.com\"}'),
(293, 'Elevations Credit Union', '727', 1, '{\"fid\":\"1001\",\"org\":\"uocfcu\",\"url\":\"https:\\/\\/ofx.elevationscu.com\\/scripts\\/serverext.dll\"}'),
(294, 'Kitsap Community Credit Union', '728', 1, '{\"fid\":\"325180223\",\"org\":\"Kitsap Community Federal Credit\",\"url\":\"https:\\/\\/ofxdi.diginsite.com\\/cmr\\/cmr.ofx\"}'),
(295, 'Charles Schwab Retirement', '729', 1, '{\"fid\":\"1234\",\"org\":\"SchwabRPS\",\"url\":\"https:\\/\\/ofx.schwab.com\\/cgi_dev\\/ofx_server\"}'),
(296, 'Charles Schwab Retirement Plan Services', '730', 1, '{\"fid\":\"1234\",\"org\":\"SchwabRPS\",\"url\":\"https:\\/\\/ofx.schwab.com\\/cgi_dev\\/ofx_server\"}'),
(297, 'First Tech Federal Credit Union', '731', 1, '{\"fid\":\"3169\",\"org\":\"First Tech Federal Credit Union\",\"url\":\"https:\\/\\/ofx.firsttechfed.com\"}'),
(298, 'Affinity Plus Federal Credit Union', '732', 1, '{\"fid\":\"75\",\"org\":\"Affinity Plus FCU\",\"url\":\"https:\\/\\/hb.affinityplus.org\\/ofx\\/ofx.dll\"}'),
(299, 'Bank of George', '733', 1, '{\"fid\":\"122402366\",\"org\":\"122402366\",\"url\":\"https:\\/\\/ofx.internet-ebanking.com\\/CCOFXServer\\/servlet\\/TP_OFX_Controller\"}'),
(300, 'Franklin Templeton Investments', '734', 1, '{\"fid\":\"9444\",\"org\":\"franklintempleton.com\",\"url\":\"https:\\/\\/ofx.franklintempleton.com\\/eftxweb\\/access.ofx\"}'),
(301, 'ING Institutional Plan Services ', '735', 1, '{\"fid\":\"1289\",\"org\":\"ing-usa.com\",\"url\":\"https:\\/\\/ofx.ingplans.com\\/ofx\\/Server\"}'),
(302, 'Sterne Agee', '736', 1, '{\"fid\":\"2170\",\"org\":\"AFS\",\"url\":\"https:\\/\\/salofx.automatedfinancial.com\"}'),
(303, 'Wells Fargo Advisors', '737', 1, '{\"fid\":\"12748\",\"org\":\"WF\",\"url\":\"https:\\/\\/ofxdc.wellsfargo.com\\/ofxbrokerage\\/process.ofx\"}'),
(304, 'Community 1st Credit Union', '738', 1, '{\"fid\":\"325082017\",\"org\":\"Community 1st Credit Union\",\"url\":\"https:\\/\\/ib.comm1stcu.org\\/scripts\\/isaofx.dll\"}'),
(305, 'J.P. Morgan Private Banking', '740', 1, '{\"fid\":\"0417\",\"org\":\"jpmorgan.com\",\"url\":\"https:\\/\\/ofx.jpmorgan.com\\/jpmredirector\"}'),
(306, 'Northwest Community CU', '741', 1, '{\"fid\":\"1948\",\"org\":\"Cavion\",\"url\":\"https:\\/\\/ofx.lanxtra.com\\/ofx\\/servlet\\/Teller\"}'),
(307, 'North Carolina State Employees Credit Union', '742', 1, '{\"fid\":\"1001\",\"org\":\"SECU\",\"url\":\"https:\\/\\/onlineaccess.ncsecu.org\\/secuofx\\/secu.ofx \"}'),
(308, 'International Bank of Commerce', '743', 1, '{\"fid\":\"1001\",\"org\":\"IBC\",\"url\":\"https:\\/\\/ibcbankonline2.ibc.com\\/scripts\\/serverext.dll\"}'),
(309, 'RaboBank America', '744', 1, '{\"fid\":\"11540\",\"org\":\"RBB\",\"url\":\"https:\\/\\/ofx.rabobankamerica.com\\/ofx\\/process.ofx\"}'),
(310, 'Hughes Federal Credit Union', '745', 1, '{\"fid\":\"1951\",\"org\":\"Cavion\",\"url\":\"https:\\/\\/ofx.lanxtra.com\\/ofx\\/servlet\\/Teller\"}'),
(311, 'Apple FCU', '746', 1, '{\"fid\":\"256078514\",\"org\":\"DI\",\"url\":\"https:\\/\\/ofxdi.diginsite.com\\/cmr\\/cmr.ofx\"}'),
(312, 'Chemical Bank', '747', 1, '{\"fid\":\"072410013\",\"org\":\"DI\",\"url\":\"https:\\/\\/ofxdi.diginsite.com\\/cmr\\/cmr.ofx\"}'),
(313, 'Local Government Federal Credit Union', '748', 1, '{\"fid\":\"1001\",\"org\":\"SECU\",\"url\":\"https:\\/\\/onlineaccess.ncsecu.org\\/lgfcuofx\\/lgfcu.ofx\"}'),
(314, 'Wells Fargo Bank', '749', 1, '{\"fid\":\"3000\",\"org\":\"WF\",\"url\":\"https:\\/\\/ofxdc.wellsfargo.com\\/ofx\\/process.ofx\"}'),
(315, 'Schwab Retirement Plan Services', '750', 1, '{\"fid\":\"11811\",\"org\":\"The 401k Company\",\"url\":\"https:\\/\\/ofx1.401kaccess.com\"}'),
(316, 'Southern Community Bank and Trust (SCB&T)', '751', 1, '{\"fid\":\"053112097\",\"org\":\"MOneFortyEight\",\"url\":\"https:\\/\\/ofx1.evault.ws\\/OFXServer\\/ofxsrvr.dll\"}');
INSERT INTO `banks` (`id`, `name`, `remote_id`, `bank_library_id`, `config`) VALUES
(317, 'Elevations Credit Union IB WC-DC', '752', 1, '{\"fid\":\"307074580\",\"org\":\"uofcfcu\",\"url\":\"https:\\/\\/ofxdi.diginsite.com\\/cmr\\/cmr.ofx \"}'),
(318, 'Credit Suisse Securities USA LLC', '753', 1, '{\"fid\":\"001\",\"org\":\"Credit Suisse Securities USA LLC\",\"url\":\"https:\\/\\/ofx.netxclient.com\\/cgi\\/OFXNetx\"}'),
(319, 'North Country FCU', '754', 1, '{\"fid\":\"211691004\",\"org\":\"DI\",\"url\":\"https:\\/\\/ofxdi.diginsite.com\\/cmr\\/cmr.ofx\"}'),
(320, 'South Carolina Bank and Trust', '755', 1, '{\"fid\":\"053200983\",\"org\":\"MZeroOneZeroSCBT\",\"url\":\"https:\\/\\/ofx1.evault.ws\\/ofxserver\\/ofxsrvr.dll\"}'),
(321, 'Wings Financial', '756', 1, '{\"fid\":\"296076152\",\"org\":\"DI\",\"url\":\"https:\\/\\/ofxdi.diginsite.com\\/cmr\\/cmr.ofx\"}'),
(322, 'Haverhill Bank', '757', 1, '{\"fid\":\"93\",\"org\":\"orcc\",\"url\":\"https:\\/\\/www20.onlinebank.com\\/OROFX16Listener\"}'),
(323, 'Mission Federal Credit Union', '758', 1, '{\"fid\":\"1001\",\"org\":\"mission\",\"url\":\"https:\\/\\/missionlink.missionfcu.org\\/scripts\\/serverext.dll\"}'),
(324, 'Southwest Missouri Bank', '759', 1, '{\"fid\":\"101203641\",\"org\":\"Jack Henry\",\"url\":\"https:\\/\\/directline.netteller.com\"}'),
(325, 'Cambridge Savings Bank', '760', 1, '{\"fid\":\"211371120\",\"org\":\"DI\",\"url\":\"https:\\/\\/ofxdi.diginsite.com\\/cmr\\/cmr.ofx\"}'),
(326, 'NetxClient UAT', '761', 1, '{\"fid\":\"1023\",\"org\":\"NetxClient\",\"url\":\"https:\\/\\/uat-ofx.netxclient.inautix.com\\/cgi\\/OFXNetx\"}'),
(327, 'bankfinancial', '762', 1, '{\"fid\":\"271972899\",\"org\":\"DI\",\"url\":\"https:\\/\\/ofxdi.diginsite.com\\/cmr\\/cmr.ofx\"}'),
(328, 'AXA Equitable', '763', 1, '{\"fid\":\"7199\",\"org\":\"AXA\",\"url\":\"https:\\/\\/ofx.netxclient.com\\/cgi\\/OFXNetx\"}'),
(329, 'Premier America Credit Union', '764', 1, '{\"fid\":\"322283990\",\"org\":\"DI\",\"url\":\"https:\\/\\/ofxdi.diginsite.com\\/cmr\\/cmr.ofx\"}'),
(330, 'Bank of America - 5959', '765', 1, '{\"fid\":\"5959\",\"org\":\"HAN\",\"url\":\"https:\\/\\/ofx.bankofamerica.com\\/cgi-forte\\/fortecgi?servicename=ofx_2-3&pagename=ofx\"}'),
(331, 'First Command Bank', '766', 1, '{\"fid\":\"188\",\"org\":\"First Command Bank\",\"url\":\"https:\\/\\/www19.onlinebank.com\\/OROFX16Listener\"}'),
(332, 'TIAA-CREF', '767', 1, '{\"fid\":\"041\",\"org\":\"tiaa-cref.org\",\"url\":\"https:\\/\\/ofx.netxclient.com\\/cgi\\/OFXNetx\"}'),
(333, 'Citizens National Bank', '768', 1, '{\"fid\":\"111903151\",\"org\":\"DI\",\"url\":\"https:\\/\\/ofxdi.diginsite.com\\/cmr\\/cmr.ofx\"}'),
(334, 'Tower Federal Credit Union', '769', 1, '{\"fid\":\"255077370\",\"org\":\"DI\",\"url\":\"https:\\/\\/ofxdi.diginsite.com\\/cmr\\/cmr.ofx\"}'),
(335, 'First Republic Bank', '770', 1, '{\"fid\":\"321081669\",\"org\":\"DI\",\"url\":\"https:\\/\\/ofxdi.diginsite.com\\/cmr\\/cmr.ofx\"}'),
(336, 'Texans Credit Union', '771', 1, '{\"fid\":\"-1\",\"org\":\"TexansCU\",\"url\":\"https:\\/\\/www.netit.financial-net.com\\/ofx\"}'),
(337, 'AltaOne', '772', 1, '{\"fid\":\"322274462\",\"org\":\"AltaOneFCU\",\"url\":\"https:\\/\\/msconline.altaone.net\\/scripts\\/isaofx.dll\"}'),
(338, 'CenterState Bank', '773', 1, '{\"fid\":\"1942\",\"org\":\"ORCC\",\"url\":\"https:\\/\\/www20.onlinebank.com\\/OROFX16Listener\"}'),
(339, '5 Star Bank', '774', 1, '{\"fid\":\"307087713\",\"org\":\"5 Star Bank\",\"url\":\"https:\\/\\/ofxdi.diginsite.com\\/cmr\\/cmr.ofx\"}'),
(340, 'Belmont Savings Bank', '775', 1, '{\"fid\":\"211371764\",\"org\":\"DI\",\"url\":\"https:\\/\\/ofxdi.diginsite.com\\/cmr\\/cmr.ofx\"}'),
(341, 'UNIVERSITY & STATE EMPLOYEES CU', '776', 1, '{\"fid\":\"322281691\",\"org\":\"DI\",\"url\":\"https:\\/\\/ofxdi.diginsite.com\\/cmr\\/cmr.ofx\"}'),
(342, 'Wells Fargo Bank 2013', '777', 1, '{\"fid\":\"3001\",\"org\":\"Wells Fargo\",\"url\":\"https:\\/\\/www.oasis.cfree.com\\/3001.ofxgp\"}'),
(343, 'The Golden1 Credit Union', '778', 1, '{\"fid\":\"1001\",\"org\":\"Golden1\",\"url\":\"https:\\/\\/homebanking.golden1.com\\/scripts\\/serverext.dll\"}'),
(344, 'Woodsboro Bank', '779', 1, '{\"fid\":\"7479\",\"org\":\"JackHenry\",\"url\":\"https:\\/\\/directline.netteller.com\\/\"}'),
(345, 'Sandia Laboratory Federal Credit Union', '780', 1, '{\"fid\":\"1001\",\"org\":\"SLFCU\",\"url\":\"https:\\/\\/ofx-prod.slfcu.org\\/ofx\\/process.ofx \"}'),
(346, 'Oregon Community Credit Union', '781', 1, '{\"fid\":\"2077\",\"org\":\"ORCC\",\"url\":\"https:\\/\\/www20.onlinebank.com\\/OROFX16Listener\"}'),
(347, 'Advantis Credit Union', '782', 1, '{\"fid\":\"323075097\",\"org\":\"DI\",\"url\":\"https:\\/\\/ofxdi.diginsite.com\\/cmr\\/cmr.ofx\"}'),
(348, 'Capital One 360', '783', 1, '{\"fid\":\"031176110\",\"org\":\"ING DIRECT\",\"url\":\"https:\\/\\/ofx.capitalone360.com\\/OFX\\/ofx.html\"}'),
(349, 'Flagstar Bank', '784', 1, '{\"fid\":\"272471852\",\"org\":\"DI\",\"url\":\"https:\\/\\/ofxdi.diginsite.com\\/cmr\\/cmr.ofx\"}'),
(350, 'Arizona State Credit Union', '785', 1, '{\"fid\":\"322172496\",\"org\":\"DI\",\"url\":\"https:\\/\\/ofxdi.diginsite.com\\/cmr\\/cmr.ofx\"}'),
(351, 'AmegyBank', '786', 1, '{\"fid\":\"1165\",\"org\":\"292-3\",\"url\":\"https:\\/\\/pfm.metavante.com\\/ofx\\/OFXServlet\"}'),
(352, 'Bank of Internet, USA', '787', 1, '{\"fid\":\"122287251\",\"org\":\"Bank of Internet\",\"url\":\"https:\\/\\/ofxdi.diginsite.com\\/cmr\\/cmr.ofx\"}'),
(353, 'Amplify Federal Credit Union', '788', 1, '{\"fid\":\"1\",\"org\":\"Harland Financial Solutions\",\"url\":\"https:\\/\\/ezonline.goamplify.com\\/ofx\\/ofx.dll\"}'),
(354, 'Capitol Federal Savings Bank', '789', 1, '{\"fid\":\"1001\",\"org\":\"CapFed\",\"url\":\"https:\\/\\/ofx-prod.capfed.com\\/ofx\\/process.ofx\"}'),
(355, 'Bank of America - access.ofx', '790', 1, '{\"fid\":\"5959\",\"org\":\"HAN\",\"url\":\"https:\\/\\/eftx.bankofamerica.com\\/eftxweb\\/access.ofx\"}'),
(356, 'SVB', '791', 1, '{\"fid\":\"944\",\"org\":\"SVB\",\"url\":\"https:\\/\\/ofx.svbconnect.com\\/eftxweb\\/access.ofx\"}'),
(357, 'Iinvestor360', '792', 1, '{\"fid\":\"7784\",\"org\":\"Fidelity\",\"url\":\"https:\\/\\/www.investor360.net\\/OFX\\/FinService.asmx\\/GetData\"}'),
(358, 'Sound CU', '793', 1, '{\"fid\":\"325183220\",\"org\":\"SOUNDCUDC\",\"url\":\"https:\\/\\/mb.soundcu.com\\/OFXServer\\/ofxsrvr.dll\"}'),
(359, 'Tangerine (Canada)', '794', 1, '{\"fid\":\"10951\",\"org\":\"TangerineBank\",\"url\":\"https:\\/\\/ofx.tangerine.ca\"}'),
(360, 'First Tennessee', '795', 1, '{\"fid\":\"2250\",\"org\":\"Online Financial Services \",\"url\":\"https:\\/\\/ofx.firsttennessee.com\\/ofx\\/ofx_isapi.dll \"}'),
(361, 'Alaska Air Visa (Bank of America)', '796', 1, '{\"fid\":\"1142\",\"org\":\"BofA\",\"url\":\"https:\\/\\/akairvisa.iglooware.com\\/visa.php\"}'),
(362, 'TIAA-CREF Retirement Services', '797', 1, '{\"fid\":\"1304\",\"org\":\"TIAA-CREF\",\"url\":\"https:\\/\\/ofx-service.tiaa-cref.org\\/public\\/ofx\"}'),
(363, 'Bofi federal bank', '798', 1, '{\"fid\":\"122287251\",\"org\":\"Bofi Federal Bank - Business\",\"url\":\"https:\\/\\/directline.netteller.com\"}'),
(364, 'Vanguard', '799', 1, '{\"fid\":\"15103\",\"org\":\"Vanguard\",\"url\":\"https:\\/\\/vesnc.vanguard.com\\/us\\/OfxDirectConnectServlet\"}'),
(365, 'Wright Patt CU', '800', 1, '{\"fid\":\"242279408\",\"org\":\"DI\",\"url\":\"https:\\/\\/ofxdi.diginsite.com\\/cmr\\/cmr.ofx\"}'),
(366, 'Technology Credit Union', '801', 1, '{\"fid\":\"15079\",\"org\":\"TECHCUDC\",\"url\":\"https:\\/\\/m.techcu.com\\/ofxserver\\/ofxsrvr.dll\"}'),
(367, 'Capital One Bank (after 12-15-13)', '802', 1, '{\"fid\":\"1001\",\"org\":\"Capital One\",\"url\":\"https:\\/\\/ofx.capitalone.com\\/ofx\\/103\\/process.ofx\"}'),
(368, 'Bancorpsouth', '803', 1, '{\"fid\":\"1001\",\"org\":\"BXS\",\"url\":\"https:\\/\\/ofx-prod.bancorpsouthonline.com\\/ofx\\/process.ofx\"}'),
(369, 'Monterey Credit Union', '804', 1, '{\"fid\":\"2059\",\"org\":\"orcc\",\"url\":\"https:\\/\\/www20.onlinebank.com\\/OROFX16Listener\"}'),
(370, 'D. A. Davidson', '805', 1, '{\"fid\":\"59401\",\"org\":\"dadco.com\",\"url\":\"https:\\/\\/pfm.davidsoncompanies.com\\/eftxweb\\/access.ofx\"}'),
(371, 'Morgan Stanley ClientServ - Quicken Win Format', '806', 1, '{\"fid\":\"1235\",\"org\":\"msdw.com\",\"url\":\"https:\\/\\/ofx.morganstanleyclientserv.com\\/ofx\\/QuickenWinProfile.ofx\"}'),
(372, 'Star One Credit Union', '807', 1, '{\"fid\":\"321177968\",\"org\":\"DI\",\"url\":\"https:\\/\\/ofxdi.diginsite.com\\/cmr\\/cmr.ofx\"}'),
(373, 'Scottrade Brokerage', '808', 1, '{\"fid\":\"777\",\"org\":\"Scottrade\",\"url\":\"https:\\/\\/ofx.scottrade.com\"}'),
(374, 'Mutual Bank', '809', 1, '{\"fid\":\"88\",\"org\":\"ORCC\",\"url\":\"https:\\/\\/www20.onlinebank.com\\/OROFX16Listener\"}'),
(375, 'Affinity Plus Federal Credit Union-New', '810', 1, '{\"fid\":\"15268\",\"org\":\"Affinity Plus Federal Credit Uni\",\"url\":\"https:\\/\\/mobile.affinityplus.org\\/OFX\\/OFXServer.aspx\"}'),
(376, 'Suncoast Credit Union', '811', 1, '{\"fid\":\"15469\",\"org\":\"SunCoast\",\"url\":\"https:\\/\\/ofx.suncoastcreditunion.com\"}'),
(377, 'Think Mutual Bank', '812', 1, '{\"fid\":\"10139\",\"org\":\"JackHenry\",\"url\":\"https:\\/\\/directline2.netteller.com\"}'),
(378, 'La Banque Postale', '813', 1, '{\"fid\":\"0\",\"org\":\"0\",\"url\":\"https:\\/\\/ofx.videoposte.com\\/\"}'),
(379, 'Pennsylvania State Employees Credit Union', '814', 1, '{\"fid\":\"231381116\",\"org\":\"PENNSTATEEMPLOYEES\",\"url\":\"https:\\/\\/directconnect.psecu.com\\/ofxserver\\/ofxsrvr.dll\"}'),
(380, 'St. Mary\'s Credit Union', '815', 1, '{\"fid\":\"211384214\",\"org\":\"MSevenThirtySeven\",\"url\":\"https:\\/\\/ofx1.evault.ws\\/OFXServer\\/ofxsrvr.dll\"}'),
(381, 'Institution For Savings', '816', 1, '{\"fid\":\"59466\",\"org\":\"JackHenry\",\"url\":\"https:\\/\\/directline2.netteller.com\"}'),
(382, 'PNC Online Banking', '817', 1, '{\"fid\":\"4501\",\"org\":\"ISC\",\"url\":\"https:\\/\\/www.oasis.cfree.com\\/4501.ofxgp\"}'),
(383, 'PNC Banking Online', '818', 1, '{\"fid\":\"4501\",\"org\":\"ISC\",\"url\":\"https:\\/\\/www.oasis.cfree.com\\/4501.ofx\"}'),
(384, 'Central Bank Utah', '820', 1, '{\"fid\":\"124300327\",\"org\":\"DI\",\"url\":\"https:\\/\\/ofxdi.diginsite.com\\/cmr\\/cmr.ofx\"}'),
(385, 'nuVision Financial FCU', '821', 1, '{\"fid\":\"322282399\",\"org\":\"DI\",\"url\":\"https:\\/\\/ofxdi.diginsite.com\\/cmr\\/cmr.ofx\"}'),
(386, 'Landings Credit Union', '822', 1, '{\"fid\":\"02114\",\"org\":\"JackHenry\",\"url\":\"https:\\/\\/directline.netteller.com\"}');

-- --------------------------------------------------------

--
-- Table structure for table `bank_companies`
--

CREATE TABLE `bank_companies` (
  `id` int(10) UNSIGNED NOT NULL,
  `company_id` int(10) UNSIGNED NOT NULL,
  `bank_id` int(10) UNSIGNED NOT NULL,
  `user_id` int(10) UNSIGNED NOT NULL,
  `username` varchar(191) DEFAULT NULL,
  `created_at` timestamp(6) NULL DEFAULT NULL,
  `updated_at` timestamp(6) NULL DEFAULT NULL,
  `deleted_at` timestamp(6) NULL DEFAULT NULL
) ENGINE=InnoDB DEFAULT CHARSET=utf8mb4 COLLATE=utf8mb4_unicode_ci;

-- --------------------------------------------------------

--
-- Table structure for table `bank_integrations`
--

CREATE TABLE `bank_integrations` (
  `id` bigint(20) UNSIGNED NOT NULL,
  `account_id` int(10) UNSIGNED NOT NULL,
  `company_id` int(10) UNSIGNED NOT NULL,
  `user_id` int(10) UNSIGNED NOT NULL,
  `provider_name` text NOT NULL,
  `provider_id` bigint(20) NOT NULL,
  `bank_account_id` bigint(20) NOT NULL,
  `bank_account_name` text DEFAULT NULL,
  `bank_account_number` text DEFAULT NULL,
  `bank_account_status` text DEFAULT NULL,
  `bank_account_type` text DEFAULT NULL,
  `balance` decimal(20,6) NOT NULL DEFAULT 0.000000,
  `currency` text DEFAULT NULL,
  `nickname` text NOT NULL DEFAULT '',
  `from_date` date DEFAULT NULL,
  `is_deleted` tinyint(1) NOT NULL DEFAULT 0,
  `created_at` timestamp(6) NULL DEFAULT NULL,
  `updated_at` timestamp(6) NULL DEFAULT NULL,
  `deleted_at` timestamp(6) NULL DEFAULT NULL,
  `disabled_upstream` tinyint(1) NOT NULL DEFAULT 0,
  `auto_sync` tinyint(1) NOT NULL DEFAULT 0,
  `integration_type` varchar(191) DEFAULT NULL,
  `nordigen_account_id` varchar(191) DEFAULT NULL,
  `nordigen_institution_id` varchar(191) DEFAULT NULL
) ENGINE=InnoDB DEFAULT CHARSET=utf8mb4 COLLATE=utf8mb4_unicode_ci;

-- --------------------------------------------------------

--
-- Table structure for table `bank_subcompanies`
--

CREATE TABLE `bank_subcompanies` (
  `id` int(10) UNSIGNED NOT NULL,
  `company_id` int(10) UNSIGNED NOT NULL,
  `user_id` int(10) UNSIGNED NOT NULL,
  `bank_company_id` int(10) UNSIGNED NOT NULL,
  `account_name` varchar(191) DEFAULT NULL,
  `website` varchar(191) DEFAULT NULL,
  `account_number` varchar(191) DEFAULT NULL,
  `created_at` timestamp(6) NULL DEFAULT NULL,
  `updated_at` timestamp(6) NULL DEFAULT NULL,
  `deleted_at` timestamp(6) NULL DEFAULT NULL
) ENGINE=InnoDB DEFAULT CHARSET=utf8mb4 COLLATE=utf8mb4_unicode_ci;

-- --------------------------------------------------------

--
-- Table structure for table `bank_transactions`
--

CREATE TABLE `bank_transactions` (
  `id` bigint(20) UNSIGNED NOT NULL,
  `company_id` int(10) UNSIGNED NOT NULL,
  `user_id` int(10) UNSIGNED NOT NULL,
  `bank_integration_id` bigint(20) UNSIGNED NOT NULL,
  `transaction_id` bigint(20) UNSIGNED NOT NULL,
  `amount` decimal(20,6) NOT NULL DEFAULT 0.000000,
  `currency_code` varchar(191) DEFAULT NULL,
  `currency_id` int(10) UNSIGNED DEFAULT NULL,
  `account_type` varchar(191) DEFAULT NULL,
  `category_id` int(10) UNSIGNED DEFAULT NULL,
  `ninja_category_id` int(10) UNSIGNED DEFAULT NULL,
  `category_type` varchar(191) NOT NULL,
  `base_type` varchar(191) NOT NULL,
  `date` date DEFAULT NULL,
  `bank_account_id` bigint(20) UNSIGNED NOT NULL,
  `description` text DEFAULT NULL,
  `invoice_ids` text NOT NULL DEFAULT '',
  `expense_id` text NOT NULL DEFAULT '',
  `vendor_id` int(10) UNSIGNED DEFAULT NULL,
  `status_id` int(10) UNSIGNED NOT NULL DEFAULT 1,
  `is_deleted` tinyint(1) NOT NULL DEFAULT 0,
  `created_at` timestamp(6) NULL DEFAULT NULL,
  `updated_at` timestamp(6) NULL DEFAULT NULL,
  `deleted_at` timestamp(6) NULL DEFAULT NULL,
  `bank_transaction_rule_id` bigint(20) DEFAULT NULL,
  `payment_id` int(10) UNSIGNED DEFAULT NULL,
  `participant` varchar(191) DEFAULT NULL,
  `participant_name` varchar(191) DEFAULT NULL,
  `nordigen_transaction_id` text DEFAULT NULL
) ENGINE=InnoDB DEFAULT CHARSET=utf8mb4 COLLATE=utf8mb4_unicode_ci;

-- --------------------------------------------------------

--
-- Table structure for table `bank_transaction_rules`
--

CREATE TABLE `bank_transaction_rules` (
  `id` bigint(20) UNSIGNED NOT NULL,
  `company_id` int(10) UNSIGNED NOT NULL,
  `user_id` int(10) UNSIGNED NOT NULL,
  `name` varchar(191) NOT NULL,
  `rules` mediumtext DEFAULT NULL,
  `auto_convert` tinyint(1) NOT NULL DEFAULT 0,
  `matches_on_all` tinyint(1) NOT NULL DEFAULT 0,
  `applies_to` varchar(191) NOT NULL DEFAULT 'CREDIT',
  `client_id` int(10) UNSIGNED DEFAULT NULL,
  `vendor_id` int(10) UNSIGNED DEFAULT NULL,
  `category_id` int(10) UNSIGNED DEFAULT NULL,
  `is_deleted` tinyint(1) NOT NULL DEFAULT 0,
  `created_at` timestamp(6) NULL DEFAULT NULL,
  `updated_at` timestamp(6) NULL DEFAULT NULL,
  `deleted_at` timestamp(6) NULL DEFAULT NULL,
  `on_credit_match` enum('create_payment','link_payment') NOT NULL DEFAULT 'create_payment'
) ENGINE=InnoDB DEFAULT CHARSET=utf8mb4 COLLATE=utf8mb4_unicode_ci;

-- --------------------------------------------------------

--
-- Table structure for table `chatbots`
--

CREATE TABLE `chatbots` (
  `id` bigint(20) UNSIGNED NOT NULL,
  `question` text NOT NULL,
  `answer` text NOT NULL,
  `device_id` bigint(20) UNSIGNED DEFAULT NULL,
  `created_at` timestamp NULL DEFAULT NULL,
  `updated_at` timestamp NULL DEFAULT NULL
) ENGINE=InnoDB DEFAULT CHARSET=utf8mb4 COLLATE=utf8mb4_unicode_ci;

-- --------------------------------------------------------

--
-- Table structure for table `clients`
--

CREATE TABLE `clients` (
  `id` int(10) UNSIGNED NOT NULL,
  `company_id` int(10) UNSIGNED NOT NULL,
  `user_id` int(10) UNSIGNED NOT NULL,
  `assigned_user_id` int(10) UNSIGNED DEFAULT NULL,
  `name` varchar(191) DEFAULT NULL,
  `website` varchar(191) DEFAULT NULL,
  `private_notes` text DEFAULT NULL,
  `public_notes` text DEFAULT NULL,
  `client_hash` text DEFAULT NULL,
  `logo` varchar(255) DEFAULT NULL,
  `phone` varchar(255) DEFAULT NULL,
  `balance` decimal(20,6) NOT NULL,
  `paid_to_date` decimal(20,6) NOT NULL,
  `credit_balance` decimal(20,6) NOT NULL,
  `last_login` timestamp NULL DEFAULT NULL,
  `industry_id` int(10) UNSIGNED DEFAULT NULL,
  `size_id` int(10) UNSIGNED DEFAULT NULL,
  `address1` varchar(191) DEFAULT NULL,
  `address2` varchar(191) DEFAULT NULL,
  `city` varchar(191) DEFAULT NULL,
  `state` varchar(191) DEFAULT NULL,
  `postal_code` varchar(191) DEFAULT NULL,
  `country_id` int(10) UNSIGNED DEFAULT NULL,
  `custom_value1` text NOT NULL,
  `custom_value2` text NOT NULL,
  `custom_value3` text NOT NULL,
  `custom_value4` text NOT NULL,
  `shipping_address1` varchar(191) DEFAULT NULL,
  `shipping_address2` varchar(191) DEFAULT NULL,
  `shipping_city` varchar(191) DEFAULT NULL,
  `shipping_state` varchar(191) DEFAULT NULL,
  `shipping_postal_code` varchar(191) DEFAULT NULL,
  `shipping_country_id` int(10) UNSIGNED DEFAULT NULL,
  `settings` mediumtext DEFAULT NULL,
  `is_deleted` tinyint(1) NOT NULL DEFAULT 0,
  `group_settings_id` int(10) UNSIGNED DEFAULT NULL,
  `vat_number` varchar(191) DEFAULT NULL,
  `number` varchar(191) DEFAULT NULL,
  `created_at` timestamp(6) NULL DEFAULT NULL,
  `updated_at` timestamp(6) NULL DEFAULT NULL,
  `deleted_at` timestamp(6) NULL DEFAULT NULL,
  `id_number` varchar(191) DEFAULT NULL,
  `payment_balance` decimal(20,6) NOT NULL DEFAULT 0.000000,
  `routing_id` varchar(191) DEFAULT NULL,
  `tax_data` mediumtext DEFAULT NULL,
  `is_tax_exempt` tinyint(1) NOT NULL DEFAULT 0,
  `has_valid_vat_number` tinyint(1) NOT NULL DEFAULT 0,
  `classification` varchar(191) DEFAULT NULL,
  `e_invoice` mediumtext DEFAULT NULL,
  `sync` text DEFAULT NULL
) ENGINE=InnoDB DEFAULT CHARSET=utf8mb4 COLLATE=utf8mb4_unicode_ci;

--
-- Dumping data for table `clients`
--

INSERT INTO `clients` (`id`, `company_id`, `user_id`, `assigned_user_id`, `name`, `website`, `private_notes`, `public_notes`, `client_hash`, `logo`, `phone`, `balance`, `paid_to_date`, `credit_balance`, `last_login`, `industry_id`, `size_id`, `address1`, `address2`, `city`, `state`, `postal_code`, `country_id`, `custom_value1`, `custom_value2`, `custom_value3`, `custom_value4`, `shipping_address1`, `shipping_address2`, `shipping_city`, `shipping_state`, `shipping_postal_code`, `shipping_country_id`, `settings`, `is_deleted`, `group_settings_id`, `vat_number`, `number`, `created_at`, `updated_at`, `deleted_at`, `id_number`, `payment_balance`, `routing_id`, `tax_data`, `is_tax_exempt`, `has_valid_vat_number`, `classification`, `e_invoice`, `sync`) VALUES
(1, 1, 1, NULL, 'Mraz LLC', 'http://berge.info/et-velit-sapiente-ut-ea-debitis-quia', 'Deleniti necessitatibus illo facere labore. Cumque iste qui natus. Maxime omnis nam et architecto non vitae adipisci.', NULL, 'ahRfCzIWyrpWpnh7rzdgA4q6jSXHdDQazeHOlYru', NULL, NULL, 0.000000, 7433.410000, 616.270000, NULL, NULL, NULL, '8847', '369 Luther Ridges Suite 404', 'Berthashire', 'Louisiana', '97737', 112, '2020-03-14 11:41:00', 'DarkMagenta', 'repellendus', 'wyman.marcel@hotmail.com', '900', '80803 Nikolaus Junctions Suite 661', 'Madietown', 'Louisiana', '93088-9106', 4, '{\"entity\":\"App\\\\Models\\\\Client\",\"industry_id\":\"\",\"size_id\":\"\",\"currency_id\":\"41\"}', 0, NULL, '905228416', '0001', '2025-07-30 01:40:50.309968', '2025-07-30 01:40:56.401972', NULL, 'ME31873083185159542328', 0.000000, '127650', NULL, 0, 0, NULL, NULL, NULL),
(2, 2, 2, NULL, 'Mante-Rowe', 'http://www.jones.biz/', 'Odit neque quas debitis occaecati. Aut praesentium itaque consequatur.', NULL, 'pFhqVvVng2sq3PbtdIfq0QH0Ti3bXEM7gbhlLQpp', NULL, NULL, 6976.250000, 9717.250000, 3724.390000, NULL, NULL, NULL, '47974', '5170 Bogisich Drive Suite 822', 'Bayerville', 'Montana', '24796', 328, '1998-03-08 23:22:48', 'DarkSlateGray', 'quia', 'vidal.bins@gibson.biz', '8103', '574 McDermott Fort', 'Alysaport', 'Indiana', '69032', 4, '{\"entity\":\"App\\\\Models\\\\Client\",\"industry_id\":\"\",\"size_id\":\"\",\"currency_id\":\"72\"}', 0, NULL, '392323386', '0001', '2025-07-30 01:40:57.302040', '2025-07-30 01:42:14.021403', NULL, 'PS33RJNTLKD74Y35H537QGKYBA150', 0.000000, '198435', NULL, 0, 0, NULL, NULL, NULL),
(3, 2, 2, NULL, 'Stehr, Koelpin and Paucek', 'http://www.oreilly.com/reiciendis-accusamus-sit-atque-quibusdam', 'Esse deserunt quisquam non est repellendus facere ducimus. Ut pariatur ducimus reiciendis deleniti modi quaerat ea. Recusandae beatae doloremque incidunt natus vel asperiores non.', NULL, 'ywQXoBjDCPBDdynWIy06LEjCFFh3x8ZlnZT94O8t', NULL, NULL, 0.000000, 0.000000, 9100.550000, NULL, NULL, NULL, '300', '507 Hoeger Route', 'Lake Burdetteville', 'Illinois', '60151', 239, '2016-01-10 09:27:14', 'BlueViolet', 'esse', 'ayla.labadie@yahoo.com', '55044', '398 Keebler Trafficway Suite 473', 'East Mylenemouth', 'Louisiana', '41168-3610', 4, '{\"entity\":\"App\\\\Models\\\\Client\",\"industry_id\":\"\",\"size_id\":\"\",\"currency_id\":\"19\"}', 0, NULL, '679224598', '0002', '2025-07-30 01:40:57.933110', '2025-07-30 01:41:54.763978', NULL, 'IS505912636391906512955951', 0.000000, '125321', NULL, 0, 0, NULL, NULL, NULL),
(4, 2, 2, NULL, 'Welch, Dicki and Abbott', 'http://altenwerth.org/quae-atque-vero-sit-sint-id.html', 'Est architecto praesentium repudiandae et delectus voluptatem ducimus quia. Est vel ipsum delectus voluptas qui. Magnam est est aut ullam necessitatibus sit consequuntur.', NULL, '9rS3ooYidIO3pF0HTvs8v5rE9gSyKf270pWlisLL', NULL, NULL, 2035.000000, 0.000000, 0.000000, NULL, NULL, NULL, '4877', '909 Douglas Forges Apt. 660', 'Lake Delmermouth', 'Alabama', '65419', 756, '1993-10-12 23:11:28', 'FireBrick', 'totam', 'osmith@donnelly.com', '739', '160 Andrew Forges Suite 288', 'Buckridgefort', 'Georgia', '09386-1505', 4, '{\"entity\":\"App\\\\Models\\\\Client\",\"industry_id\":\"\",\"size_id\":\"\",\"currency_id\":\"34\"}', 0, NULL, '780026548', '0003', '2025-07-30 01:40:58.437670', '2025-07-30 01:42:21.300510', NULL, 'GT73990JIY812CYMW7O009JD50K8', 0.000000, '170101', NULL, 0, 0, NULL, NULL, NULL),
(5, 2, 2, NULL, 'Ernser LLC', 'http://hill.com/sit-ad-dignissimos-recusandae-eius-vero', 'Et culpa commodi consequatur maiores. Aut est quaerat et voluptates modi. Fugit temporibus dolor dolor libero non. Quos earum beatae id et architecto rerum omnis.', NULL, 'NEuLjmyCSxGpn8Yv6DYVAXzbpwgSmMnkXDkM4FtQ', NULL, NULL, 1359.730000, 5662.310000, 3372.210000, NULL, NULL, NULL, '4181', '75633 Schultz Views Apt. 810', 'Bretshire', 'West Virginia', '93015-3029', 100, '1987-04-17 01:59:01', 'YellowGreen', 'est', 'ycorwin@hayes.org', '395', '15445 Dietrich Locks Suite 480', 'New Jalenbury', 'Vermont', '07875-6648', 4, '{\"entity\":\"App\\\\Models\\\\Client\",\"industry_id\":\"\",\"size_id\":\"\",\"currency_id\":\"67\"}', 0, NULL, '782318266', '0004', '2025-07-30 01:40:58.745856', '2025-07-30 01:42:14.791362', NULL, 'ME50622711520121514136', 0.000000, '178426', NULL, 0, 0, NULL, NULL, NULL),
(6, 2, 2, NULL, 'Luettgen-Gerlach', 'http://nader.com/', 'Consequatur natus esse tempora. Consequatur sapiente quos veritatis a veniam eum asperiores.', NULL, 'VxUHHJBMQaJeTwgmxnIE9jo03XqKyf2HrOuJh9SV', NULL, NULL, 7707.010000, 6354.380000, 21103.380000, NULL, NULL, NULL, '6962', '803 Karelle Mission Apt. 901', 'Dorisborough', 'Minnesota', '84154-7434', 540, '1976-01-27 15:48:13', 'Blue', 'amet', 'ccummings@schaden.com', '182', '799 Johnston Bridge Suite 812', 'East Lilly', 'Florida', '49670-6434', 4, '{\"entity\":\"App\\\\Models\\\\Client\",\"industry_id\":\"\",\"size_id\":\"\",\"currency_id\":\"75\"}', 0, NULL, '530688395', '0005', '2025-07-30 01:40:59.409319', '2025-07-30 01:42:20.540056', NULL, 'SM77E3932523223DY245R4PX38F', 0.000000, '119499', NULL, 0, 0, NULL, NULL, NULL),
(7, 2, 2, NULL, 'Konopelski-Hagenes', 'http://www.luettgen.com/impedit-corrupti-et-voluptas-alias-numquam-fugit-et-doloremque', 'Consectetur aut asperiores tempora quis sunt. Et et molestiae sint veritatis facere temporibus. Inventore aut dolore ratione dignissimos libero repellat suscipit.', NULL, 'cKnbcxOkBuLCrFu5i6Z8wq2nFK1npLOxyo5bbGQq', NULL, NULL, 3724.580000, 0.000000, 879.960000, NULL, NULL, NULL, '4995', '34028 Lisa Mill', 'North Efren', 'Nevada', '21125-0457', 772, '1982-01-09 18:04:39', 'Yellow', 'ipsa', 'tierra.leffler@yahoo.com', '30026', '239 Zula Meadows', 'Jerrodhaven', 'Nevada', '71200-0969', 4, '{\"entity\":\"App\\\\Models\\\\Client\",\"industry_id\":\"\",\"size_id\":\"\",\"currency_id\":\"36\"}', 0, NULL, '404102986', '0006', '2025-07-30 01:40:59.699752', '2025-07-30 01:41:48.549344', NULL, 'AT652686909056157968', 0.000000, '104286', NULL, 0, 0, NULL, NULL, NULL),
(8, 2, 2, NULL, 'Shanahan Group', 'http://www.mayert.biz/minus-necessitatibus-provident-qui-beatae.html', 'Voluptas eius eum error numquam consequatur. Quidem neque nulla et et ut earum dolor.', NULL, '8vUfpO7JKIrXBdzfj64bQSvNvhvOb6w7zbKxodI9', NULL, NULL, 5038.380000, 1898.730000, 2293.530000, NULL, NULL, NULL, '284', '6355 Rogers Ranch', 'Hesselstad', 'Alaska', '57032-6587', 292, '2003-05-22 13:11:33', 'Beige', 'asperiores', 'otto.oberbrunner@bosco.info', '5971', '646 Maribel Rapid Suite 153', 'Croninton', 'Connecticut', '28587-0185', 4, '{\"entity\":\"App\\\\Models\\\\Client\",\"industry_id\":\"\",\"size_id\":\"\",\"currency_id\":\"26\"}', 0, NULL, '764415816', '0007', '2025-07-30 01:40:59.996733', '2025-07-30 01:41:58.069816', NULL, 'CZ9847005099547216716844', 0.000000, '141618', NULL, 0, 0, NULL, NULL, NULL),
(9, 2, 2, NULL, 'Senger-Bartoletti', 'http://www.gutmann.net/quia-minima-reiciendis-quae-corrupti-qui', 'Est repellat quae blanditiis deserunt. Molestias aut hic animi qui. Cupiditate maxime aut voluptatem id a. Nemo dolores ut sit quo dolor cupiditate.', NULL, 'wM1TOQSDYKm4C2iA4s0HKnQ1DlR61wVjafLBaG5e', NULL, NULL, 10628.690000, 14543.360000, 0.000000, NULL, NULL, NULL, '847', '49097 Benedict Points', 'North Winona', 'Nevada', '83549', 28, '2004-01-13 23:11:44', 'MediumTurquoise', 'ipsa', 'abshire.adrianna@yahoo.com', '38801', '8650 Lula Valley Apt. 403', 'Lake Elian', 'Louisiana', '78395', 4, '{\"entity\":\"App\\\\Models\\\\Client\",\"industry_id\":\"\",\"size_id\":\"\",\"currency_id\":\"31\"}', 0, NULL, '949850930', '0008', '2025-07-30 01:41:00.402599', '2025-07-30 01:42:17.297132', NULL, 'PL30904011874978973813264407', 0.000000, '188805', NULL, 0, 0, NULL, NULL, NULL),
(10, 2, 2, NULL, 'Nienow, Donnelly and Lakin', 'http://www.feeney.org/sint-non-ducimus-sunt', 'Ut tempora eaque ipsa harum non hic reprehenderit nostrum. Corporis et commodi beatae repudiandae. Commodi ea dolorum qui ipsam quidem.', NULL, 'fuvzrzdYrHco51OW9E72yftYEf6eHPoxRlgLs9u9', NULL, NULL, 5538.200000, 0.000000, 2719.220000, NULL, NULL, NULL, '918', '84202 Hipolito Hill Suite 846', 'North Sienna', 'Florida', '30691', 729, '2018-03-28 11:04:27', 'DarkTurquoise', 'et', 'tcartwright@hotmail.com', '1269', '4474 Heathcote Station', 'North Caseyview', 'Oregon', '70812', 4, '{\"entity\":\"App\\\\Models\\\\Client\",\"industry_id\":\"\",\"size_id\":\"\",\"currency_id\":\"59\"}', 0, NULL, '297470826', '0009', '2025-07-30 01:41:00.905652', '2025-07-30 01:42:02.411390', NULL, 'KZ089086D9SA8WD50FM1', 0.000000, '147190', NULL, 0, 0, NULL, NULL, NULL),
(11, 2, 2, NULL, 'Schuster, Zulauf and Murazik', 'http://funk.org/quia-quia-atque-tenetur-in-fugit-reiciendis-et', 'Fugit quas nulla ut quia inventore corporis. Accusamus qui recusandae numquam placeat. Nemo assumenda amet est eum iure sed nemo.', NULL, 'WQlw9LdKdNZYLCBwKdC6URydNx14xWFhdLcB9Hra', NULL, NULL, 0.000000, 0.000000, 9495.230000, NULL, NULL, NULL, '350', '9586 Ruthe Skyway Apt. 685', 'Lorenzborough', 'Rhode Island', '99187', 442, '2018-08-09 07:23:25', 'DarkSlateBlue', 'fugiat', 'astrid10@heidenreich.info', '277', '715 Zelma Greens Suite 653', 'Shannaland', 'South Carolina', '94377-9801', 4, '{\"entity\":\"App\\\\Models\\\\Client\",\"industry_id\":\"\",\"size_id\":\"\",\"currency_id\":\"7\"}', 0, NULL, '259791014', '0010', '2025-07-30 01:41:01.419144', '2025-07-30 01:41:47.374407', NULL, 'MR5963312649064404579207408', 0.000000, '119041', NULL, 0, 0, NULL, NULL, NULL);

-- --------------------------------------------------------

--
-- Table structure for table `client_contacts`
--

CREATE TABLE `client_contacts` (
  `id` int(10) UNSIGNED NOT NULL,
  `company_id` int(10) UNSIGNED NOT NULL,
  `client_id` int(10) UNSIGNED NOT NULL,
  `user_id` int(10) UNSIGNED NOT NULL,
  `first_name` varchar(191) DEFAULT NULL,
  `last_name` varchar(191) DEFAULT NULL,
  `phone` varchar(191) DEFAULT NULL,
  `custom_value1` text NOT NULL,
  `custom_value2` text NOT NULL,
  `custom_value3` text NOT NULL,
  `custom_value4` text NOT NULL,
  `email` varchar(100) DEFAULT NULL,
  `email_verified_at` timestamp NULL DEFAULT NULL,
  `confirmation_code` varchar(191) DEFAULT NULL,
  `is_primary` tinyint(1) NOT NULL DEFAULT 0,
  `confirmed` tinyint(1) NOT NULL DEFAULT 0,
  `last_login` timestamp NULL DEFAULT NULL,
  `failed_logins` smallint(6) DEFAULT NULL,
  `oauth_user_id` varchar(100) DEFAULT NULL,
  `oauth_provider_id` int(10) UNSIGNED DEFAULT NULL,
  `google_2fa_secret` varchar(191) DEFAULT NULL,
  `accepted_terms_version` varchar(191) DEFAULT NULL,
  `avatar` varchar(255) DEFAULT NULL,
  `avatar_type` varchar(255) DEFAULT NULL,
  `avatar_size` varchar(255) DEFAULT NULL,
  `password` varchar(191) NOT NULL,
  `token` varchar(191) DEFAULT NULL,
  `is_locked` tinyint(1) NOT NULL DEFAULT 0,
  `send_email` tinyint(1) NOT NULL DEFAULT 1,
  `contact_key` varchar(191) DEFAULT NULL,
  `remember_token` varchar(100) DEFAULT NULL,
  `created_at` timestamp(6) NULL DEFAULT NULL,
  `updated_at` timestamp(6) NULL DEFAULT NULL,
  `deleted_at` timestamp(6) NULL DEFAULT NULL
) ENGINE=InnoDB DEFAULT CHARSET=utf8mb4 COLLATE=utf8mb4_unicode_ci;

--
-- Dumping data for table `client_contacts`
--

INSERT INTO `client_contacts` (`id`, `company_id`, `client_id`, `user_id`, `first_name`, `last_name`, `phone`, `custom_value1`, `custom_value2`, `custom_value3`, `custom_value4`, `email`, `email_verified_at`, `confirmation_code`, `is_primary`, `confirmed`, `last_login`, `failed_logins`, `oauth_user_id`, `oauth_provider_id`, `google_2fa_secret`, `accepted_terms_version`, `avatar`, `avatar_type`, `avatar_size`, `password`, `token`, `is_locked`, `send_email`, `contact_key`, `remember_token`, `created_at`, `updated_at`, `deleted_at`) VALUES
(1, 1, 1, 1, 'Llewellyn', 'Shields', '+17186395953', '', '', '', '', 'ikoelpin@example.com', '2025-07-30 01:40:50', NULL, 1, 0, NULL, NULL, NULL, NULL, NULL, NULL, NULL, NULL, NULL, '$2y$10$DEgUXdR06r3z4.SKIaTzzuUtRW/FbcQA6PJ7MS/jgLocVlBKcfU6K', NULL, 0, 1, 'Zpekhs1ZFeCgVgesBkMLaIQ7pqIlfrdTjcwrGElx', 'mU0OjBi6ic', '2025-07-30 01:40:50.545448', '2025-07-30 01:40:50.545448', NULL),
(2, 1, 1, 1, 'Freda', 'Yundt', '1-623-716-5457', '', '', '', '', 'kling.paolo@example.net', '2025-07-30 01:40:50', NULL, 0, 0, NULL, NULL, NULL, NULL, NULL, NULL, NULL, NULL, NULL, '$2y$10$KglRc.scXIvej.0CnCjDw.g8LFOmrnJFBk8XC9cIXG7qjx.REA7wu', NULL, 0, 1, 'qJW3bwd5YRGwUmRQrLF9u7rHsj1BD0TE92mAW1SQ', '6lhO6hVXrG', '2025-07-30 01:40:50.652732', '2025-07-30 01:40:50.652732', NULL),
(3, 2, 2, 2, 'Reginald', 'Fahey', '+1-724-856-4738', '', '', '', '', 'lsawayn@example.net', '2025-07-30 01:40:57', NULL, 1, 0, NULL, NULL, NULL, NULL, NULL, NULL, NULL, NULL, NULL, '$2y$10$RiYab9TxXumNJU5pq/npFOm3YVCKUMf5IeQGur5sAmI/TEp6kMUkW', NULL, 0, 1, 'BU0biHO51kNfHnG6g37XP30Dk9f8YkbxZdIzNQI5', 'g40inTPoR2', '2025-07-30 01:40:57.450682', '2025-07-30 01:40:57.450682', NULL),
(4, 2, 2, 2, 'Tyshawn', 'Bailey', '323.509.8384', '', '', '', '', 'mozelle31@example.net', '2025-07-30 01:40:57', NULL, 0, 0, NULL, NULL, NULL, NULL, NULL, NULL, NULL, NULL, NULL, '$2y$10$yPOmxvZwx5ICY/U2tlgIauyCfhv9UcB1SrzdHfYNC3Qh/oe/ysIt2', NULL, 0, 1, 'M1EBNm8LSEXTqgcJ34UbZYRfR0rDSjkhaKYBXN5Q', 'mbwh9hPbZU', '2025-07-30 01:40:57.804968', '2025-07-30 01:40:57.804968', NULL),
(5, 2, 2, 2, 'Lucinda', 'Bogan', '678.554.2519', '', '', '', '', 'johns.norene@example.net', '2025-07-30 01:40:57', NULL, 0, 0, NULL, NULL, NULL, NULL, NULL, NULL, NULL, NULL, NULL, '$2y$10$3FNz3GoMaQNqt/aJMOsNwuIFXwpPsJF9dMDKFic9cAzBBjws9u/QS', NULL, 0, 1, 'Hs0d5VfhGi8kgObOE4EErimS4UBkQLuVTWRzz9iI', 'lFWkWKfQFB', '2025-07-30 01:40:57.828496', '2025-07-30 01:40:57.828496', NULL),
(6, 2, 2, 2, 'Giovanni', 'Satterfield', '+1.352.310.1109', '', '', '', '', 'major77@example.org', '2025-07-30 01:40:57', NULL, 0, 0, NULL, NULL, NULL, NULL, NULL, NULL, NULL, NULL, NULL, '$2y$10$8vuVmDEJt1Vylyysxg4SSOFvcC1Xs0EQ5k34B5dHyVR8.9frwcGAi', NULL, 0, 1, 'iK5SeKU3derqR8vvnaj51S4dLe5KkyfG70Q5EQM4', 'd0zq2ggytK', '2025-07-30 01:40:57.849307', '2025-07-30 01:40:57.849307', NULL),
(7, 2, 2, 2, 'Lenore', 'Jacobs', '423-828-7892', '', '', '', '', 'kassulke.magnolia@example.com', '2025-07-30 01:40:57', NULL, 0, 0, NULL, NULL, NULL, NULL, NULL, NULL, NULL, NULL, NULL, '$2y$10$hNhorMI8Rfk48vfq9006SefUXpPKoNk4gzVApyTczq7GOGtf/XHYW', NULL, 0, 1, 'z7Av7GfuPMLp6AJJpfTlU7tvBaQPFyhDXGmjGloH', 'iSY2hiRfP2', '2025-07-30 01:40:57.878318', '2025-07-30 01:40:57.878318', NULL),
(8, 2, 3, 2, 'Lacy', 'Cassin', '1-216-923-6190', '', '', '', '', 'montana50@example.net', '2025-07-30 01:40:57', NULL, 1, 0, NULL, NULL, NULL, NULL, NULL, NULL, NULL, NULL, NULL, '$2y$10$KroA2VITk5mJ61p0hePmJ.NcT3LFB7IqnvYZR3/Il0x4cKDtE3oRm', NULL, 0, 1, '02eqNVSOvDRYVkFgt3L7tD2PStXfbE9Bl9qn5YNz', 'LgeRIkZQFY', '2025-07-30 01:40:58.075058', '2025-07-30 01:40:58.075058', NULL),
(9, 2, 3, 2, 'Minerva', 'Larkin', '(626) 838-4075', '', '', '', '', 'nicolas.jazmin@example.com', '2025-07-30 01:40:58', NULL, 0, 0, NULL, NULL, NULL, NULL, NULL, NULL, NULL, NULL, NULL, '$2y$10$G7qvbpD/FRyiRJxu/eYl8OLi.3awD92b8KcXBt62K0iIRmBhiFoLG', NULL, 0, 1, 'a1CXpgSpzj9Cvpsg11j6KWglHQWTyn3YtJc003nJ', 'hwZM77r4Lz', '2025-07-30 01:40:58.346180', '2025-07-30 01:40:58.346180', NULL),
(10, 2, 3, 2, 'Kaleigh', 'Gottlieb', '463-621-2000', '', '', '', '', 'dschmeler@example.net', '2025-07-30 01:40:58', NULL, 0, 0, NULL, NULL, NULL, NULL, NULL, NULL, NULL, NULL, NULL, '$2y$10$d/v5s25k5AOfom6EIeVpxuVQ2g55PFm8628CDq9MU6Xh5wpPn6fLe', NULL, 0, 1, 'L7hipEQdzBOwa9FKLw2Gcp9moh44fAAL2bETS9Ds', 'Cx6MDCntnG', '2025-07-30 01:40:58.367687', '2025-07-30 01:40:58.367687', NULL),
(11, 2, 3, 2, 'Jessyca', 'Kuvalis', '+1.430.262.0269', '', '', '', '', 'gislason.libby@example.com', '2025-07-30 01:40:58', NULL, 0, 0, NULL, NULL, NULL, NULL, NULL, NULL, NULL, NULL, NULL, '$2y$10$01qLxBnudpCxYA1ysgwh8.QLowqeAb7dIWcOx5lOsZGWcZfZgEB8O', NULL, 0, 1, 'q7NKFFUn9jT6iQg5Ex0YbyCcahqEBueleuqIWdBd', 'SxBaaxQtMv', '2025-07-30 01:40:58.388567', '2025-07-30 01:40:58.388567', NULL),
(12, 2, 4, 2, 'Alan', 'O\'Kon', '+1 (917) 888-8741', '', '', '', '', 'qoreilly@example.org', '2025-07-30 01:40:58', NULL, 1, 0, NULL, NULL, NULL, NULL, NULL, NULL, NULL, NULL, NULL, '$2y$10$yk4tgqgPccSdqibTqn65kO5Vave6zXY3NlOWeH.xbP5zEXEocvIE.', NULL, 0, 1, 'en59lwNk4DZK8XFWgSIiEddizZUlo5M9xVztdbFv', '7cAaq4YkXa', '2025-07-30 01:40:58.577341', '2025-07-30 01:40:58.577341', NULL),
(13, 2, 4, 2, 'Elda', 'Pollich', '330-833-0103', '', '', '', '', 'imiller@example.org', '2025-07-30 01:40:58', NULL, 0, 0, NULL, NULL, NULL, NULL, NULL, NULL, NULL, NULL, NULL, '$2y$10$nhHYm4t/Oy6slbT0wC5Sk.o1dlRvXTUUAHlhfs.yHKevHKZkbyoYC', NULL, 0, 1, 'PZVKYzeqPa22r60JMSsRwXKGiZhIy1po0JaBkW5r', 'SGBSwzt97x', '2025-07-30 01:40:58.687815', '2025-07-30 01:40:58.687815', NULL),
(14, 2, 5, 2, 'Paula', 'Murphy', '(941) 204-2096', '', '', '', '', 'homenick.vesta@example.org', '2025-07-30 01:40:58', NULL, 1, 0, NULL, NULL, NULL, NULL, NULL, NULL, NULL, NULL, NULL, '$2y$10$NCim6Pw5JVxfNmQ.Ym6Kl.4DL1lCmEKKQCbYrxKGOJlYZzirpIGJ.', NULL, 0, 1, '3279BkOP3hfPRZb1YAlae520uQ10IP19U9xTW5ON', 'ASCnSlJYoN', '2025-07-30 01:40:58.897046', '2025-07-30 01:40:58.897046', NULL),
(15, 2, 5, 2, 'Dora', 'Bailey', '1-586-229-0913', '', '', '', '', 'miracle43@example.net', '2025-07-30 01:40:58', NULL, 0, 0, NULL, NULL, NULL, NULL, NULL, NULL, NULL, NULL, NULL, '$2y$10$F1nUELaZGyrW6UI4MB1KLeFlzQwnqBoREizajoMudFLGy4YgX/1b6', NULL, 0, 1, 'xcffpiEKnMYS2nl6J6L1N4hpE3qv6GC9UHunJLK6', 'dZo2IHaSDE', '2025-07-30 01:40:59.256297', '2025-07-30 01:40:59.256297', NULL),
(16, 2, 5, 2, 'Thalia', 'Muller', '+1 (979) 639-9568', '', '', '', '', 'egreenholt@example.net', '2025-07-30 01:40:59', NULL, 0, 0, NULL, NULL, NULL, NULL, NULL, NULL, NULL, NULL, NULL, '$2y$10$WnefQQvkKg//BYn8Qx7c4urgAsefQTGslc1I55uOdiWnHv.HKTE5O', NULL, 0, 1, 'TBLicBLSOaaI6py2wbb1HUVGivjtdddzA82hyjcv', '55KAf7R1Fz', '2025-07-30 01:40:59.280113', '2025-07-30 01:40:59.280113', NULL),
(17, 2, 5, 2, 'Alivia', 'Senger', '(972) 739-4609', '', '', '', '', 'rudy91@example.com', '2025-07-30 01:40:59', NULL, 0, 0, NULL, NULL, NULL, NULL, NULL, NULL, NULL, NULL, NULL, '$2y$10$f/PUoc53yIVplD5a508PtOCXyFb93oJfZE.grPY8bPaeAMHY1rmda', NULL, 0, 1, 'SInyrCPeNdj8LjsjbxPhCHt0Gicx46qiJRngwef5', 'kQTG8kbuz5', '2025-07-30 01:40:59.330920', '2025-07-30 01:40:59.330920', NULL),
(18, 2, 5, 2, 'Andy', 'Davis', '+1 (574) 606-3250', '', '', '', '', 'nthompson@example.com', '2025-07-30 01:40:59', NULL, 0, 0, NULL, NULL, NULL, NULL, NULL, NULL, NULL, NULL, NULL, '$2y$10$pF7ERW03xdQ3qboz.0At9OaOFT187pp.464GHW9GBBKpqqVChxncm', NULL, 0, 1, 'OepCnyYYcaQlwt1F9zXOmQQJtvWRDenVGcQLUi7o', 'jkq5DsbtGk', '2025-07-30 01:40:59.354922', '2025-07-30 01:40:59.354922', NULL),
(19, 2, 6, 2, 'Haleigh', 'Kassulke', '854-729-1271', '', '', '', '', 'gaston.sawayn@example.com', '2025-07-30 01:40:59', NULL, 1, 0, NULL, NULL, NULL, NULL, NULL, NULL, NULL, NULL, NULL, '$2y$10$p88VJDHA6hvdIU9K7mIlzuS3vQ.1aDUfLuiECBmeLzunqP7XmmnZe', NULL, 0, 1, 'tQvjMlOLKOErb9apzGJL0t5XzQC7E6U1AgdtMolg', 'rQ2XUXetmv', '2025-07-30 01:40:59.546409', '2025-07-30 01:40:59.546409', NULL),
(20, 2, 6, 2, 'Justus', 'Glover', '+1 (272) 224-3583', '', '', '', '', 'mikel15@example.com', '2025-07-30 01:40:59', NULL, 0, 0, NULL, NULL, NULL, NULL, NULL, NULL, NULL, NULL, NULL, '$2y$10$emSjz23OvhijCuUPHlotrOqBJwIMomhwE2V0fiW.4Or.xS3NO8FZS', NULL, 0, 1, 'yGWtHoLXHrw4mzebexS9JCadzodXz8jfm9HYEQ63', 'wgDpt2WTRa', '2025-07-30 01:40:59.650097', '2025-07-30 01:40:59.650097', NULL),
(21, 2, 7, 2, 'Pinkie', 'Dibbert', '1-531-277-5904', '', '', '', '', 'xbeier@example.org', '2025-07-30 01:40:59', NULL, 1, 0, NULL, NULL, NULL, NULL, NULL, NULL, NULL, NULL, NULL, '$2y$10$6/w5e7XMp1/fkj5iWCO2pOrzCNzUR3pwc9mnZfciXuVAI3JiQlcVu', NULL, 0, 1, 'KNuBrSHKcsr43GXCztBrZDsK6SsFcpHIFV4Hfe2T', 'WJUWMgC0uW', '2025-07-30 01:40:59.841385', '2025-07-30 01:40:59.841385', NULL),
(22, 2, 7, 2, 'Delia', 'Pfeffer', '562.384.8819', '', '', '', '', 'anastacio.towne@example.org', '2025-07-30 01:40:59', NULL, 0, 0, NULL, NULL, NULL, NULL, NULL, NULL, NULL, NULL, NULL, '$2y$10$BvI6JF.ZJfUtUcOzoQ2BKe0DfegOu5rPlODgDSYlw2XFFhK12U1Mq', NULL, 0, 1, 'LuBXTrjshlJhfZeyFJ9qg4es0U1j7hlIVcg2zdGn', 'MWE1Q2Y6D5', '2025-07-30 01:40:59.945019', '2025-07-30 01:40:59.945019', NULL),
(23, 2, 8, 2, 'Mariah', 'Upton', '1-808-900-2550', '', '', '', '', 'darwin.shields@example.org', '2025-07-30 01:41:00', NULL, 1, 0, NULL, NULL, NULL, NULL, NULL, NULL, NULL, NULL, NULL, '$2y$10$jvk8JDicmdL0ATT9yCFX7eB.gAu5gkxuWiLOF0wOtDk2XrMx4fX4u', NULL, 0, 1, 'DsbC4DZdole5vryf7p8RJoWCo3NIkkwaf2BbCOVa', 'l1oeS8P8kC', '2025-07-30 01:41:00.141419', '2025-07-30 01:41:00.141419', NULL),
(24, 2, 8, 2, 'Jefferey', 'Kuhn', '1-828-867-6725', '', '', '', '', 'mariana25@example.com', '2025-07-30 01:41:00', NULL, 0, 0, NULL, NULL, NULL, NULL, NULL, NULL, NULL, NULL, NULL, '$2y$10$Iff9T/NvxGetX./Q7kI2F.VIER6pJCs0A9M450dMUlE.FbAIDK0VO', NULL, 0, 1, 'Z3jUZDazTLj6q9uaohFj109B4lMvGGzNOky4GsZe', '5aUUXjSegr', '2025-07-30 01:41:00.329239', '2025-07-30 01:41:00.329239', NULL),
(25, 2, 8, 2, 'Chanel', 'Olson', '(206) 589-6816', '', '', '', '', 'dlebsack@example.com', '2025-07-30 01:41:00', NULL, 0, 0, NULL, NULL, NULL, NULL, NULL, NULL, NULL, NULL, NULL, '$2y$10$mvWhk7yKJKDbSmDSP4uQLuBAh.B7lVXZTs6EMuBiMjuboiSghhBg.', NULL, 0, 1, 'nk2HNrTz4ifnFi52e8ecaor9QMMJz9goSZXDsvjI', 'gbD21CBsjs', '2025-07-30 01:41:00.352100', '2025-07-30 01:41:00.352100', NULL),
(26, 2, 9, 2, 'Julianne', 'Rath', '+1-740-402-2362', '', '', '', '', 'baumbach.jamarcus@example.org', '2025-07-30 01:41:00', NULL, 1, 0, NULL, NULL, NULL, NULL, NULL, NULL, NULL, NULL, NULL, '$2y$10$yrHDwm2IIPyTC7x2/a.AiOD.W42CVvKr1MlZO36WbNS/AQK6iGEw2', NULL, 0, 1, 'wdpV4IgOxtk6UWQW5uea33t7QGYac6cbMDaLTnNk', 'RY42450v2C', '2025-07-30 01:41:00.542722', '2025-07-30 01:41:00.542722', NULL),
(27, 2, 9, 2, 'Remington', 'Wolff', '640.794.0149', '', '', '', '', 'anissa.king@example.org', '2025-07-30 01:41:00', NULL, 0, 0, NULL, NULL, NULL, NULL, NULL, NULL, NULL, NULL, NULL, '$2y$10$mDOHncp3rED3pSWyMPdjzOiSvhFcpKDkKBvKM2oStTnA8PVsB0npe', NULL, 0, 1, 'o4vTzzRTGusHvqGbwssOxeNk4eFyX42GBFsWzAuJ', 'LhpEHtyWTL', '2025-07-30 01:41:00.813782', '2025-07-30 01:41:00.813782', NULL),
(28, 2, 9, 2, 'Demario', 'Pouros', '386-791-9093', '', '', '', '', 'earline47@example.net', '2025-07-30 01:41:00', NULL, 0, 0, NULL, NULL, NULL, NULL, NULL, NULL, NULL, NULL, NULL, '$2y$10$pOSTuBcFUAnNZzfkNrEhv.1R4Bga3iIeKSRjhXlyTPw.Dz4IgCe6i', NULL, 0, 1, '0FNv3wpyhdtu5S8haIMtF9EETV5xc9hMOS7Df8H1', 'jb6eUHzpQZ', '2025-07-30 01:41:00.837590', '2025-07-30 01:41:00.837590', NULL),
(29, 2, 9, 2, 'Juanita', 'Welch', '1-224-413-7954', '', '', '', '', 'purdy.mustafa@example.org', '2025-07-30 01:41:00', NULL, 0, 0, NULL, NULL, NULL, NULL, NULL, NULL, NULL, NULL, NULL, '$2y$10$nKKXes7eQVgzBR.JKVktG.CDbW8HudFLw77AuXjrE9hPvpZ6x24EO', NULL, 0, 1, '6AF3XYxHFRJ6UlCEFjkF9QuCAtMe482rAxcv3TcM', 'MxshWukfDY', '2025-07-30 01:41:00.858556', '2025-07-30 01:41:00.858556', NULL),
(30, 2, 10, 2, 'Lolita', 'Schmitt', '+1 (657) 632-4123', '', '', '', '', 'caesar95@example.net', '2025-07-30 01:41:00', NULL, 1, 0, NULL, NULL, NULL, NULL, NULL, NULL, NULL, NULL, NULL, '$2y$10$W/SoSvzQhLETv65rLIDmvuNhis/azZvmsHcrGqC7GxAef8qivrgqG', NULL, 0, 1, 'owqjFkhkOXSO0rt2987yqfAoqm8cYDS3NWZCUazJ', 'sbFOpAwBAy', '2025-07-30 01:41:01.048022', '2025-07-30 01:41:01.048022', NULL),
(31, 2, 10, 2, 'Davin', 'Rodriguez', '+1-432-309-9396', '', '', '', '', 'kamron.cummerata@example.org', '2025-07-30 01:41:01', NULL, 0, 0, NULL, NULL, NULL, NULL, NULL, NULL, NULL, NULL, NULL, '$2y$10$ba3FAW47k6uGWisfi50x.e7EwwZTBPn6ptfF46/oKAFNGew4GV5Iy', NULL, 0, 1, '384LqfgAPJhjB0vYialzufk3YUcv4kDfYOtXTk2v', 'L8dD0HRffH', '2025-07-30 01:41:01.321128', '2025-07-30 01:41:01.321128', NULL),
(32, 2, 10, 2, 'Melody', 'Hyatt', '+1-520-503-9567', '', '', '', '', 'homenick.wilhelmine@example.net', '2025-07-30 01:41:01', NULL, 0, 0, NULL, NULL, NULL, NULL, NULL, NULL, NULL, NULL, NULL, '$2y$10$P3jxTdwkXpAbUAuz08H9i.FHHIE.u1goc9M0qctkX2HFKbEeG5uSC', NULL, 0, 1, 'hMFwYQz16aR1A94bbsWPYG9MjFS19aL46zOLxFXY', 'tTYdbdBtHX', '2025-07-30 01:41:01.344795', '2025-07-30 01:41:01.344795', NULL),
(33, 2, 10, 2, 'Eino', 'Kiehn', '1-351-469-2524', '', '', '', '', 'ashly20@example.com', '2025-07-30 01:41:01', NULL, 0, 0, NULL, NULL, NULL, NULL, NULL, NULL, NULL, NULL, NULL, '$2y$10$3dK5YcpbxFtY0xPTIGPLuuOOLEPzOp2gY2MpMnwf9TEcIl6FgZ05y', NULL, 0, 1, 'CAaTFuj7HAAu5WMucCaPesESylmiRwm7tkLmlBe2', 'XkR7ZxQ4Ax', '2025-07-30 01:41:01.367098', '2025-07-30 01:41:01.367098', NULL),
(34, 2, 11, 2, 'Art', 'Conroy', '+1-972-350-5125', '', '', '', '', 'kuphal.nina@example.com', '2025-07-30 01:41:01', NULL, 1, 0, NULL, NULL, NULL, NULL, NULL, NULL, NULL, NULL, NULL, '$2y$10$Kbl6S5Tfoaz/Gb8k6ta4Ru5zD3X9VN8SYwWDT2d8Z5W9QGpEdYPkm', NULL, 0, 1, 'W9Z8OP0cP8tzKEdbgaEtTM3SDHUQ67gtHhIrsZH5', '8amI8rwMHB', '2025-07-30 01:41:01.557046', '2025-07-30 01:41:01.557046', NULL),
(35, 2, 11, 2, 'Wallace', 'Muller', '1-313-795-9738', '', '', '', '', 'gdouglas@example.org', '2025-07-30 01:41:01', NULL, 0, 0, NULL, NULL, NULL, NULL, NULL, NULL, NULL, NULL, NULL, '$2y$10$zTGFxLrGGd46Bac5jz8SfeCsgS3a7hiKH0Hf4n1di99VLzAANKNsi', NULL, 0, 1, 'xTDcbbozMQoCBOYP10lYdmc1SNj1SIFO5OSaujKr', 'YjZnAM2hDo', '2025-07-30 01:41:01.662706', '2025-07-30 01:41:01.662706', NULL);

-- --------------------------------------------------------

--
-- Table structure for table `client_gateway_tokens`
--

CREATE TABLE `client_gateway_tokens` (
  `id` int(10) UNSIGNED NOT NULL,
  `company_id` int(10) UNSIGNED NOT NULL,
  `client_id` int(10) UNSIGNED DEFAULT NULL,
  `token` text DEFAULT NULL,
  `routing_number` text DEFAULT NULL,
  `company_gateway_id` int(10) UNSIGNED NOT NULL,
  `gateway_customer_reference` varchar(191) DEFAULT NULL,
  `gateway_type_id` int(10) UNSIGNED NOT NULL,
  `is_default` tinyint(1) NOT NULL DEFAULT 0,
  `meta` text DEFAULT NULL,
  `deleted_at` timestamp(6) NULL DEFAULT NULL,
  `created_at` timestamp(6) NULL DEFAULT NULL,
  `updated_at` timestamp(6) NULL DEFAULT NULL,
  `is_deleted` tinyint(1) NOT NULL DEFAULT 0
) ENGINE=InnoDB DEFAULT CHARSET=utf8mb4 COLLATE=utf8mb4_unicode_ci;

-- --------------------------------------------------------

--
-- Table structure for table `client_scheduled_message`
--

CREATE TABLE `client_scheduled_message` (
  `id` bigint(20) UNSIGNED NOT NULL,
  `scheduled_message_id` bigint(20) UNSIGNED NOT NULL,
  `client_id` int(10) UNSIGNED NOT NULL,
  `created_at` timestamp NULL DEFAULT NULL,
  `updated_at` timestamp NULL DEFAULT NULL
) ENGINE=InnoDB DEFAULT CHARSET=utf8mb4 COLLATE=utf8mb4_unicode_ci;

-- --------------------------------------------------------

--
-- Table structure for table `client_subscriptions`
--

CREATE TABLE `client_subscriptions` (
  `id` int(10) UNSIGNED NOT NULL,
  `company_id` int(10) UNSIGNED NOT NULL,
  `subscription_id` int(10) UNSIGNED NOT NULL,
  `recurring_invoice_id` int(10) UNSIGNED DEFAULT NULL,
  `client_id` int(10) UNSIGNED NOT NULL,
  `trial_started` int(10) UNSIGNED DEFAULT NULL,
  `trial_ends` int(10) UNSIGNED DEFAULT NULL,
  `is_deleted` tinyint(1) NOT NULL DEFAULT 0,
  `deleted_at` timestamp(6) NULL DEFAULT NULL,
  `created_at` timestamp NULL DEFAULT NULL,
  `updated_at` timestamp NULL DEFAULT NULL,
  `invoice_id` int(10) UNSIGNED DEFAULT NULL,
  `quantity` int(10) UNSIGNED NOT NULL DEFAULT 1
) ENGINE=InnoDB DEFAULT CHARSET=utf8mb4 COLLATE=utf8mb4_unicode_ci;

-- --------------------------------------------------------

--
-- Table structure for table `companies`
--

CREATE TABLE `companies` (
  `id` int(10) UNSIGNED NOT NULL,
  `account_id` int(10) UNSIGNED NOT NULL,
  `industry_id` int(10) UNSIGNED DEFAULT NULL,
  `ip` varchar(191) DEFAULT NULL,
  `company_key` varchar(100) NOT NULL,
  `convert_products` tinyint(1) NOT NULL DEFAULT 0,
  `fill_products` tinyint(1) NOT NULL DEFAULT 1,
  `update_products` tinyint(1) NOT NULL DEFAULT 1,
  `show_product_details` tinyint(1) NOT NULL DEFAULT 1,
  `client_can_register` tinyint(1) NOT NULL DEFAULT 0,
  `custom_surcharge_taxes1` tinyint(1) NOT NULL DEFAULT 0,
  `custom_surcharge_taxes2` tinyint(1) NOT NULL DEFAULT 0,
  `custom_surcharge_taxes3` tinyint(1) NOT NULL DEFAULT 0,
  `custom_surcharge_taxes4` tinyint(1) NOT NULL DEFAULT 0,
  `show_product_cost` tinyint(1) NOT NULL DEFAULT 0,
  `enabled_tax_rates` int(10) UNSIGNED NOT NULL DEFAULT 0,
  `enabled_modules` int(10) UNSIGNED NOT NULL DEFAULT 0,
  `enable_product_cost` tinyint(1) NOT NULL DEFAULT 0,
  `enable_product_quantity` tinyint(1) NOT NULL DEFAULT 1,
  `default_quantity` tinyint(1) NOT NULL DEFAULT 1,
  `subdomain` varchar(191) DEFAULT NULL,
  `db` varchar(191) DEFAULT NULL,
  `size_id` int(10) UNSIGNED DEFAULT NULL,
  `first_day_of_week` varchar(191) DEFAULT NULL,
  `first_month_of_year` varchar(191) DEFAULT NULL,
  `portal_mode` varchar(191) NOT NULL DEFAULT 'subdomain',
  `portal_domain` varchar(191) DEFAULT NULL,
  `enable_modules` smallint(6) NOT NULL DEFAULT 0,
  `custom_fields` mediumtext NOT NULL,
  `settings` mediumtext NOT NULL,
  `slack_webhook_url` varchar(191) NOT NULL,
  `google_analytics_key` varchar(191) NOT NULL,
  `created_at` timestamp(6) NULL DEFAULT NULL,
  `updated_at` timestamp(6) NULL DEFAULT NULL,
  `enabled_item_tax_rates` int(11) NOT NULL DEFAULT 0,
  `is_large` tinyint(1) NOT NULL DEFAULT 0,
  `enable_shop_api` tinyint(1) NOT NULL DEFAULT 0,
  `default_auto_bill` enum('off','always','optin','optout') NOT NULL DEFAULT 'off',
  `mark_expenses_invoiceable` tinyint(1) NOT NULL DEFAULT 0,
  `mark_expenses_paid` tinyint(1) NOT NULL DEFAULT 0,
  `invoice_expense_documents` tinyint(1) NOT NULL DEFAULT 0,
  `auto_start_tasks` tinyint(1) NOT NULL DEFAULT 0,
  `invoice_task_timelog` tinyint(1) NOT NULL DEFAULT 1,
  `invoice_task_documents` tinyint(1) NOT NULL DEFAULT 0,
  `show_tasks_table` tinyint(1) NOT NULL DEFAULT 0,
  `is_disabled` tinyint(1) NOT NULL DEFAULT 0,
  `default_task_is_date_based` tinyint(1) NOT NULL DEFAULT 0,
  `enable_product_discount` tinyint(1) NOT NULL DEFAULT 0,
  `calculate_expense_tax_by_amount` tinyint(1) NOT NULL,
  `expense_inclusive_taxes` tinyint(1) NOT NULL DEFAULT 0,
  `session_timeout` int(11) NOT NULL DEFAULT 0,
  `oauth_password_required` tinyint(1) NOT NULL DEFAULT 0,
  `invoice_task_datelog` tinyint(1) NOT NULL DEFAULT 1,
  `default_password_timeout` int(11) NOT NULL DEFAULT 30,
  `show_task_end_date` tinyint(1) NOT NULL DEFAULT 0,
  `markdown_enabled` tinyint(1) NOT NULL DEFAULT 1,
  `use_comma_as_decimal_place` tinyint(1) NOT NULL DEFAULT 0,
  `report_include_drafts` tinyint(1) NOT NULL DEFAULT 0,
  `client_registration_fields` mediumtext DEFAULT NULL,
  `convert_rate_to_client` tinyint(1) NOT NULL DEFAULT 1,
  `markdown_email_enabled` tinyint(1) NOT NULL DEFAULT 0,
  `stop_on_unpaid_recurring` tinyint(1) NOT NULL DEFAULT 0,
  `use_quote_terms_on_conversion` tinyint(1) NOT NULL DEFAULT 0,
  `enable_applying_payments` tinyint(1) NOT NULL DEFAULT 0,
  `track_inventory` tinyint(1) NOT NULL DEFAULT 0,
  `inventory_notification_threshold` int(11) NOT NULL DEFAULT 0,
  `stock_notification` tinyint(1) NOT NULL DEFAULT 1,
  `matomo_url` varchar(191) DEFAULT NULL,
  `matomo_id` bigint(20) DEFAULT NULL,
  `enabled_expense_tax_rates` int(10) UNSIGNED NOT NULL DEFAULT 0,
  `invoice_task_project` tinyint(1) NOT NULL DEFAULT 0,
  `report_include_deleted` tinyint(1) NOT NULL DEFAULT 0,
  `invoice_task_lock` tinyint(1) NOT NULL DEFAULT 0,
  `convert_payment_currency` tinyint(1) NOT NULL DEFAULT 0,
  `convert_expense_currency` tinyint(1) NOT NULL DEFAULT 0,
  `notify_vendor_when_paid` tinyint(1) NOT NULL DEFAULT 0,
  `invoice_task_hours` tinyint(1) NOT NULL DEFAULT 0,
  `calculate_taxes` tinyint(1) NOT NULL DEFAULT 0,
  `tax_data` mediumtext DEFAULT NULL,
  `shopify_name` varchar(191) DEFAULT NULL,
  `shopify_access_token` varchar(191) DEFAULT NULL,
  `e_invoice_certificate` text DEFAULT NULL,
  `e_invoice_certificate_passphrase` text DEFAULT NULL,
  `origin_tax_data` text DEFAULT NULL,
  `invoice_task_project_header` tinyint(1) NOT NULL DEFAULT 1,
  `invoice_task_item_description` tinyint(1) NOT NULL DEFAULT 1,
  `expense_mailbox_active` tinyint(1) NOT NULL DEFAULT 0,
  `expense_mailbox` varchar(191) DEFAULT NULL,
  `inbound_mailbox_allow_company_users` tinyint(1) NOT NULL DEFAULT 0,
  `inbound_mailbox_allow_vendors` tinyint(1) NOT NULL DEFAULT 0,
  `inbound_mailbox_allow_clients` tinyint(1) NOT NULL DEFAULT 0,
  `inbound_mailbox_allow_unknown` tinyint(1) NOT NULL DEFAULT 0,
  `inbound_mailbox_whitelist` text DEFAULT NULL,
  `inbound_mailbox_blacklist` text DEFAULT NULL,
  `smtp_host` varchar(191) DEFAULT NULL,
  `smtp_port` int(10) UNSIGNED DEFAULT NULL,
  `smtp_encryption` varchar(191) DEFAULT NULL,
  `smtp_username` text DEFAULT NULL,
  `smtp_password` text DEFAULT NULL,
  `smtp_local_domain` varchar(191) DEFAULT NULL,
  `smtp_verify_peer` tinyint(1) NOT NULL DEFAULT 1,
  `e_invoice` mediumtext DEFAULT NULL,
  `quickbooks` text DEFAULT NULL,
  `legal_entity_id` bigint(20) DEFAULT NULL
) ENGINE=InnoDB DEFAULT CHARSET=utf8mb4 COLLATE=utf8mb4_unicode_ci;

--
-- Dumping data for table `companies`
--

INSERT INTO `companies` (`id`, `account_id`, `industry_id`, `ip`, `company_key`, `convert_products`, `fill_products`, `update_products`, `show_product_details`, `client_can_register`, `custom_surcharge_taxes1`, `custom_surcharge_taxes2`, `custom_surcharge_taxes3`, `custom_surcharge_taxes4`, `show_product_cost`, `enabled_tax_rates`, `enabled_modules`, `enable_product_cost`, `enable_product_quantity`, `default_quantity`, `subdomain`, `db`, `size_id`, `first_day_of_week`, `first_month_of_year`, `portal_mode`, `portal_domain`, `enable_modules`, `custom_fields`, `settings`, `slack_webhook_url`, `google_analytics_key`, `created_at`, `updated_at`, `enabled_item_tax_rates`, `is_large`, `enable_shop_api`, `default_auto_bill`, `mark_expenses_invoiceable`, `mark_expenses_paid`, `invoice_expense_documents`, `auto_start_tasks`, `invoice_task_timelog`, `invoice_task_documents`, `show_tasks_table`, `is_disabled`, `default_task_is_date_based`, `enable_product_discount`, `calculate_expense_tax_by_amount`, `expense_inclusive_taxes`, `session_timeout`, `oauth_password_required`, `invoice_task_datelog`, `default_password_timeout`, `show_task_end_date`, `markdown_enabled`, `use_comma_as_decimal_place`, `report_include_drafts`, `client_registration_fields`, `convert_rate_to_client`, `markdown_email_enabled`, `stop_on_unpaid_recurring`, `use_quote_terms_on_conversion`, `enable_applying_payments`, `track_inventory`, `inventory_notification_threshold`, `stock_notification`, `matomo_url`, `matomo_id`, `enabled_expense_tax_rates`, `invoice_task_project`, `report_include_deleted`, `invoice_task_lock`, `convert_payment_currency`, `convert_expense_currency`, `notify_vendor_when_paid`, `invoice_task_hours`, `calculate_taxes`, `tax_data`, `shopify_name`, `shopify_access_token`, `e_invoice_certificate`, `e_invoice_certificate_passphrase`, `origin_tax_data`, `invoice_task_project_header`, `invoice_task_item_description`, `expense_mailbox_active`, `expense_mailbox`, `inbound_mailbox_allow_company_users`, `inbound_mailbox_allow_vendors`, `inbound_mailbox_allow_clients`, `inbound_mailbox_allow_unknown`, `inbound_mailbox_whitelist`, `inbound_mailbox_blacklist`, `smtp_host`, `smtp_port`, `smtp_encryption`, `smtp_username`, `smtp_password`, `smtp_local_domain`, `smtp_verify_peer`, `e_invoice`, `quickbooks`, `legal_entity_id`) VALUES
(1, 1, NULL, '247.245.28.238', '6X3d9v5MKv1GhELaUTED1BCTNVSBg2TW', 0, 1, 1, 1, 0, 0, 0, 0, 0, 0, 0, 65535, 0, 1, 1, NULL, 'mysql', NULL, NULL, NULL, 'subdomain', NULL, 0, '{}', '{\"auto_archive_invoice\":false,\"qr_iban\":\"\",\"besr_id\":\"\",\"lock_invoices\":\"off\",\"enable_client_portal_tasks\":false,\"show_all_tasks_client_portal\":\"invoiced\",\"enable_client_portal_password\":false,\"enable_client_portal\":true,\"enable_client_portal_dashboard\":false,\"signature_on_pdf\":false,\"document_email_attachment\":false,\"portal_design_id\":\"1\",\"timezone_id\":\"1\",\"date_format_id\":\"1\",\"military_time\":false,\"language_id\":\"1\",\"show_currency_code\":false,\"company_gateway_ids\":\"\",\"currency_id\":\"1\",\"custom_value1\":\"\",\"custom_value2\":\"\",\"custom_value3\":\"\",\"custom_value4\":\"\",\"default_task_rate\":0,\"payment_terms\":\"\",\"send_reminders\":true,\"custom_message_dashboard\":\"\",\"custom_message_unpaid_invoice\":\"\",\"custom_message_paid_invoice\":\"\",\"custom_message_unapproved_quote\":\"\",\"auto_archive_quote\":false,\"auto_convert_quote\":true,\"auto_email_invoice\":true,\"entity_send_time\":6,\"inclusive_taxes\":false,\"quote_footer\":\"\",\"translations\":{},\"counter_number_applied\":\"when_saved\",\"quote_number_applied\":\"when_saved\",\"invoice_number_pattern\":\"\",\"invoice_number_counter\":1,\"recurring_invoice_number_pattern\":\"\",\"recurring_invoice_number_counter\":1,\"quote_number_pattern\":\"\",\"quote_number_counter\":2,\"client_number_pattern\":\"\",\"client_number_counter\":2,\"credit_number_pattern\":\"\",\"credit_number_counter\":1,\"task_number_pattern\":\"\",\"task_number_counter\":1,\"expense_number_pattern\":\"\",\"expense_number_counter\":1,\"recurring_expense_number_pattern\":\"\",\"recurring_expense_number_counter\":1,\"recurring_quote_number_pattern\":\"\",\"recurring_quote_number_counter\":1,\"vendor_number_pattern\":\"\",\"vendor_number_counter\":1,\"ticket_number_pattern\":\"\",\"ticket_number_counter\":1,\"payment_number_pattern\":\"\",\"payment_number_counter\":1,\"project_number_pattern\":\"\",\"project_number_counter\":1,\"purchase_order_number_pattern\":\"\",\"purchase_order_number_counter\":1,\"shared_invoice_quote_counter\":false,\"shared_invoice_credit_counter\":false,\"recurring_number_prefix\":\"\",\"reset_counter_frequency_id\":\"0\",\"reset_counter_date\":\"\",\"counter_padding\":4,\"auto_bill\":\"off\",\"auto_bill_date\":\"on_due_date\",\"invoice_terms\":\"\",\"quote_terms\":\"\",\"invoice_taxes\":0,\"invoice_design_id\":\"Wpmbk5ezJn\",\"quote_design_id\":\"Wpmbk5ezJn\",\"credit_design_id\":\"Wpmbk5ezJn\",\"purchase_order_design_id\":\"Wpmbk5ezJn\",\"purchase_order_footer\":\"\",\"purchase_order_terms\":\"\",\"purchase_order_public_notes\":\"\",\"require_purchase_order_signature\":false,\"invoice_footer\":\"\",\"credit_footer\":\"\",\"credit_terms\":\"\",\"invoice_labels\":\"\",\"tax_name1\":\"\",\"tax_rate1\":0,\"tax_name2\":\"\",\"tax_rate2\":0,\"tax_name3\":\"\",\"tax_rate3\":0,\"payment_type_id\":\"0\",\"valid_until\":\"\",\"show_accept_invoice_terms\":false,\"show_accept_quote_terms\":false,\"require_invoice_signature\":false,\"require_quote_signature\":false,\"email_sending_method\":\"default\",\"gmail_sending_user_id\":\"0\",\"reply_to_email\":\"\",\"reply_to_name\":\"\",\"bcc_email\":\"\",\"pdf_email_attachment\":false,\"ubl_email_attachment\":false,\"email_style\":\"light\",\"email_style_custom\":\"\",\"email_subject_invoice\":\"\",\"email_subject_quote\":\"\",\"email_subject_credit\":\"\",\"email_subject_payment\":\"\",\"email_subject_payment_partial\":\"\",\"email_subject_statement\":\"\",\"email_subject_purchase_order\":\"\",\"email_template_purchase_order\":\"\",\"email_template_invoice\":\"\",\"email_template_credit\":\"\",\"email_template_quote\":\"\",\"email_template_payment\":\"\",\"email_template_payment_partial\":\"\",\"email_template_statement\":\"\",\"email_subject_reminder1\":\"\",\"email_subject_reminder2\":\"\",\"email_subject_reminder3\":\"\",\"email_subject_reminder_endless\":\"\",\"email_template_reminder1\":\"\",\"email_template_reminder2\":\"\",\"email_template_reminder3\":\"\",\"email_template_reminder_endless\":\"\",\"email_signature\":\"\",\"enable_email_markup\":true,\"email_subject_custom1\":\"\",\"email_subject_custom2\":\"\",\"email_subject_custom3\":\"\",\"email_template_custom1\":\"\",\"email_template_custom2\":\"\",\"email_template_custom3\":\"\",\"enable_reminder1\":false,\"enable_reminder2\":false,\"enable_reminder3\":false,\"enable_reminder_endless\":false,\"num_days_reminder1\":0,\"num_days_reminder2\":0,\"num_days_reminder3\":0,\"schedule_reminder1\":\"\",\"schedule_reminder2\":\"\",\"schedule_reminder3\":\"\",\"reminder_send_time\":0,\"late_fee_amount1\":0,\"late_fee_amount2\":0,\"late_fee_amount3\":0,\"late_fee_percent1\":0,\"late_fee_percent2\":0,\"late_fee_percent3\":0,\"endless_reminder_frequency_id\":\"0\",\"late_fee_endless_amount\":0,\"late_fee_endless_percent\":0,\"client_online_payment_notification\":true,\"client_manual_payment_notification\":true,\"name\":\"\",\"company_logo\":\"\",\"website\":\"\",\"address1\":\"\",\"address2\":\"\",\"city\":\"\",\"state\":\"\",\"postal_code\":\"\",\"phone\":\"\",\"email\":\"\",\"country_id\":\"840\",\"vat_number\":\"\",\"id_number\":\"\",\"page_size\":\"A4\",\"page_layout\":\"portrait\",\"font_size\":16,\"primary_font\":\"Roboto\",\"secondary_font\":\"Roboto\",\"primary_color\":\"#298AAB\",\"secondary_color\":\"#7081e0\",\"page_numbering\":false,\"page_numbering_alignment\":\"C\",\"hide_paid_to_date\":false,\"embed_documents\":false,\"all_pages_header\":false,\"all_pages_footer\":false,\"pdf_variables\":{\"client_details\":[\"$client.name\",\"$client.number\",\"$client.vat_number\",\"$client.address1\",\"$client.address2\",\"$client.city_state_postal\",\"$client.country\",\"$client.phone\",\"$contact.email\"],\"vendor_details\":[\"$vendor.name\",\"$vendor.number\",\"$vendor.vat_number\",\"$vendor.address1\",\"$vendor.address2\",\"$vendor.city_state_postal\",\"$vendor.country\",\"$vendor.phone\",\"$contact.email\"],\"purchase_order_details\":[\"$purchase_order.number\",\"$purchase_order.po_number\",\"$purchase_order.date\",\"$purchase_order.due_date\",\"$purchase_order.total\",\"$purchase_order.balance_due\"],\"company_details\":[\"$company.name\",\"$company.id_number\",\"$company.vat_number\",\"$company.website\",\"$company.email\",\"$company.phone\"],\"company_address\":[\"$company.address1\",\"$company.address2\",\"$company.city_state_postal\",\"$company.country\"],\"invoice_details\":[\"$invoice.number\",\"$invoice.po_number\",\"$invoice.date\",\"$invoice.due_date\",\"$invoice.total\",\"$invoice.balance_due\",\"$invoice.project\"],\"quote_details\":[\"$quote.number\",\"$quote.po_number\",\"$quote.date\",\"$quote.valid_until\",\"$quote.total\",\"$quote.project\"],\"credit_details\":[\"$credit.number\",\"$credit.po_number\",\"$credit.valid_until\",\"$credit.date\",\"$credit.balance\",\"$credit.total\"],\"product_columns\":[\"$product.item\",\"$product.description\",\"$product.unit_cost\",\"$product.quantity\",\"$product.discount\",\"$product.tax\",\"$product.line_total\"],\"product_quote_columns\":[\"$product.item\",\"$product.description\",\"$product.unit_cost\",\"$product.quantity\",\"$product.discount\",\"$product.tax\",\"$product.line_total\"],\"task_columns\":[\"$task.service\",\"$task.description\",\"$task.rate\",\"$task.hours\",\"$task.discount\",\"$task.tax\",\"$task.line_total\"],\"total_columns\":[\"$net_subtotal\",\"$subtotal\",\"$discount\",\"$custom_surcharge1\",\"$custom_surcharge2\",\"$custom_surcharge3\",\"$custom_surcharge4\",\"$total_taxes\",\"$line_taxes\",\"$total\",\"$paid_to_date\",\"$outstanding\"],\"statement_invoice_columns\":[\"$invoice.number\",\"$invoice.date\",\"$due_date\",\"$total\",\"$balance\"],\"statement_payment_columns\":[\"$invoice.number\",\"$payment.date\",\"$method\",\"$statement_amount\"],\"statement_credit_columns\":[\"$credit.number\",\"$credit.date\",\"$total\",\"$credit.balance\"],\"statement_details\":[\"$statement_date\",\"$balance\"],\"delivery_note_columns\":[\"$product.item\",\"$product.description\",\"$product.quantity\"],\"statement_unapplied_columns\":[\"$payment.number\",\"$payment.date\",\"$payment.amount\",\"$payment.payment_balance\"]},\"portal_custom_head\":\"\",\"portal_custom_css\":\"\",\"portal_custom_footer\":\"\",\"portal_custom_js\":\"\",\"client_can_register\":false,\"client_portal_terms\":\"\",\"client_portal_privacy_policy\":\"\",\"client_portal_enable_uploads\":false,\"client_portal_allow_under_payment\":false,\"client_portal_under_payment_minimum\":0,\"client_portal_allow_over_payment\":false,\"use_credits_payment\":\"off\",\"hide_empty_columns_on_pdf\":false,\"email_from_name\":\"\",\"auto_archive_invoice_cancelled\":false,\"vendor_portal_enable_uploads\":false,\"send_email_on_mark_paid\":false,\"postmark_secret\":\"\",\"custom_sending_email\":\"\",\"mailgun_secret\":\"\",\"mailgun_domain\":\"\",\"mailgun_endpoint\":\"api.mailgun.net\",\"brevo_secret\":\"\",\"auto_bill_standard_invoices\":false,\"email_alignment\":\"center\",\"show_email_footer\":true,\"company_logo_size\":\"\",\"show_paid_stamp\":false,\"show_shipping_address\":false,\"accept_client_input_quote_approval\":false,\"allow_billable_task_items\":true,\"show_task_item_description\":false,\"client_initiated_payments\":false,\"client_initiated_payments_minimum\":0,\"sync_invoice_quote_columns\":true,\"e_invoice_type\":\"EN16931\",\"e_quote_type\":\"OrderX_Comfort\",\"default_expense_payment_type_id\":\"0\",\"enable_e_invoice\":false,\"delivery_note_design_id\":\"\",\"statement_design_id\":\"\",\"payment_receipt_design_id\":\"\",\"payment_refund_design_id\":\"\",\"classification\":\"\",\"payment_email_all_contacts\":false,\"show_pdfhtml_on_mobile\":true,\"use_unapplied_payment\":\"off\",\"enable_rappen_rounding\":false,\"task_round_up\":true,\"task_round_to_nearest\":1,\"merge_e_invoice_to_pdf\":false,\"email_quote_template_reminder1\":\"\",\"email_quote_subject_reminder1\":\"\",\"enable_quote_reminder1\":false,\"quote_num_days_reminder1\":0,\"quote_schedule_reminder1\":\"\",\"quote_late_fee_amount1\":0,\"quote_late_fee_percent1\":0,\"payment_flow\":\"smooth\",\"email_subject_payment_failed\":\"\",\"email_template_payment_failed\":\"\"}', '0', '', '2025-07-30 01:40:50.089522', '2025-07-30 01:40:56.608317', 0, 0, 0, 'off', 0, 0, 0, 0, 1, 0, 0, 0, 0, 0, 0, 0, 0, 0, 1, 1800000, 0, 1, 0, 0, NULL, 1, 0, 0, 0, 0, 0, 0, 1, NULL, NULL, 0, 0, 0, 0, 0, 0, 0, 0, 0, '{\"seller_subregion\":\"CA\",\"version\":\"delta\",\"regions\":{\"US\":{\"has_sales_above_threshold\":false,\"tax_all_subregions\":false,\"subregions\":{\"AL\":{\"apply_tax\":false,\"tax_rate\":4,\"tax_name\":\"Sales Tax\",\"vat_number\":\"\"},\"AK\":{\"apply_tax\":false,\"tax_rate\":0,\"tax_name\":\"Sales Tax\",\"vat_number\":\"\"},\"AZ\":{\"apply_tax\":false,\"tax_rate\":5.6,\"tax_name\":\"Sales Tax\",\"vat_number\":\"\"},\"AR\":{\"apply_tax\":false,\"tax_rate\":6.5,\"tax_name\":\"Sales Tax\",\"vat_number\":\"\"},\"CA\":{\"apply_tax\":false,\"tax_rate\":7.25,\"tax_name\":\"Sales Tax\",\"vat_number\":\"\"},\"CO\":{\"apply_tax\":false,\"tax_rate\":2.9,\"tax_name\":\"Sales Tax\",\"vat_number\":\"\"},\"CT\":{\"apply_tax\":false,\"tax_rate\":6.35,\"tax_name\":\"Sales Tax\",\"vat_number\":\"\"},\"DE\":{\"apply_tax\":false,\"tax_rate\":0,\"tax_name\":\"Sales Tax\",\"vat_number\":\"\"},\"FL\":{\"apply_tax\":false,\"tax_rate\":6,\"tax_name\":\"Sales Tax\",\"vat_number\":\"\"},\"GA\":{\"apply_tax\":false,\"tax_rate\":4,\"tax_name\":\"Sales Tax\",\"vat_number\":\"\"},\"HI\":{\"apply_tax\":false,\"tax_rate\":4,\"tax_name\":\"Sales Tax\",\"vat_number\":\"\"},\"ID\":{\"apply_tax\":false,\"tax_rate\":6,\"tax_name\":\"Sales Tax\",\"vat_number\":\"\"},\"IL\":{\"apply_tax\":false,\"tax_rate\":6.25,\"tax_name\":\"Sales Tax\",\"vat_number\":\"\"},\"IN\":{\"apply_tax\":false,\"tax_rate\":7,\"tax_name\":\"Sales Tax\",\"vat_number\":\"\"},\"IA\":{\"apply_tax\":false,\"tax_rate\":6,\"tax_name\":\"Sales Tax\",\"vat_number\":\"\"},\"KS\":{\"apply_tax\":false,\"tax_rate\":6.5,\"tax_name\":\"Sales Tax\",\"vat_number\":\"\"},\"KY\":{\"apply_tax\":false,\"tax_rate\":6,\"tax_name\":\"Sales Tax\",\"vat_number\":\"\"},\"LA\":{\"apply_tax\":false,\"tax_rate\":4.45,\"tax_name\":\"Sales Tax\",\"vat_number\":\"\"},\"ME\":{\"apply_tax\":false,\"tax_rate\":5.5,\"tax_name\":\"Sales Tax\",\"vat_number\":\"\"},\"MD\":{\"apply_tax\":false,\"tax_rate\":6,\"tax_name\":\"Sales Tax\",\"vat_number\":\"\"},\"MA\":{\"apply_tax\":false,\"tax_rate\":6.25,\"tax_name\":\"Sales Tax\",\"vat_number\":\"\"},\"MI\":{\"apply_tax\":false,\"tax_rate\":6,\"tax_name\":\"Sales Tax\",\"vat_number\":\"\"},\"MN\":{\"apply_tax\":false,\"tax_rate\":6.875,\"tax_name\":\"Sales Tax\",\"vat_number\":\"\"},\"MS\":{\"apply_tax\":false,\"tax_rate\":7,\"tax_name\":\"Sales Tax\",\"vat_number\":\"\"},\"MO\":{\"apply_tax\":false,\"tax_rate\":4.225,\"tax_name\":\"Sales Tax\",\"vat_number\":\"\"},\"MT\":{\"apply_tax\":false,\"tax_rate\":0,\"tax_name\":\"Sales Tax\",\"vat_number\":\"\"},\"NE\":{\"apply_tax\":false,\"tax_rate\":5.5,\"tax_name\":\"Sales Tax\",\"vat_number\":\"\"},\"NV\":{\"apply_tax\":false,\"tax_rate\":6.85,\"tax_name\":\"Sales Tax\",\"vat_number\":\"\"},\"NH\":{\"apply_tax\":false,\"tax_rate\":0,\"tax_name\":\"Sales Tax\",\"vat_number\":\"\"},\"NJ\":{\"apply_tax\":false,\"tax_rate\":6.625,\"tax_name\":\"Sales Tax\",\"vat_number\":\"\"},\"NM\":{\"apply_tax\":false,\"tax_rate\":5.125,\"tax_name\":\"Sales Tax\",\"vat_number\":\"\"},\"NY\":{\"apply_tax\":false,\"tax_rate\":4,\"tax_name\":\"Sales Tax\",\"vat_number\":\"\"},\"NC\":{\"apply_tax\":false,\"tax_rate\":4.75,\"tax_name\":\"Sales Tax\",\"vat_number\":\"\"},\"ND\":{\"apply_tax\":false,\"tax_rate\":5,\"tax_name\":\"Sales Tax\",\"vat_number\":\"\"},\"OH\":{\"apply_tax\":false,\"tax_rate\":5.75,\"tax_name\":\"Sales Tax\",\"vat_number\":\"\"},\"OK\":{\"apply_tax\":false,\"tax_rate\":4.5,\"tax_name\":\"Sales Tax\",\"vat_number\":\"\"},\"OR\":{\"apply_tax\":false,\"tax_rate\":0,\"tax_name\":\"Sales Tax\",\"vat_number\":\"\"},\"PA\":{\"apply_tax\":false,\"tax_rate\":6,\"tax_name\":\"Sales Tax\",\"vat_number\":\"\"},\"RI\":{\"apply_tax\":false,\"tax_rate\":7,\"tax_name\":\"Sales Tax\",\"vat_number\":\"\"},\"SC\":{\"apply_tax\":false,\"tax_rate\":6,\"tax_name\":\"Sales Tax\",\"vat_number\":\"\"},\"SD\":{\"apply_tax\":false,\"tax_rate\":4.5,\"tax_name\":\"Sales Tax\",\"vat_number\":\"\"},\"TN\":{\"apply_tax\":false,\"tax_rate\":7,\"tax_name\":\"Sales Tax\",\"vat_number\":\"\"},\"TX\":{\"apply_tax\":false,\"tax_rate\":6.25,\"tax_name\":\"Sales Tax\",\"vat_number\":\"\"},\"UT\":{\"apply_tax\":false,\"tax_rate\":5.95,\"tax_name\":\"Sales Tax\",\"vat_number\":\"\"},\"VT\":{\"apply_tax\":false,\"tax_rate\":6,\"tax_name\":\"Sales Tax\",\"vat_number\":\"\"},\"VA\":{\"apply_tax\":false,\"tax_rate\":5.3,\"tax_name\":\"Sales Tax\",\"vat_number\":\"\"},\"WA\":{\"apply_tax\":false,\"tax_rate\":6.5,\"tax_name\":\"Sales Tax\",\"vat_number\":\"\"},\"WV\":{\"apply_tax\":false,\"tax_rate\":6,\"tax_name\":\"Sales Tax\",\"vat_number\":\"\"},\"WI\":{\"apply_tax\":false,\"tax_rate\":5,\"tax_name\":\"Sales Tax\",\"vat_number\":\"\"},\"WY\":{\"apply_tax\":false,\"tax_rate\":4,\"tax_name\":\"Sales Tax\",\"vat_number\":\"\"}}},\"EU\":{\"has_sales_above_threshold\":false,\"tax_all_subregions\":false,\"tax_threshold\":10000,\"subregions\":{\"AT\":{\"tax_rate\":20,\"tax_name\":\"USt\",\"reduced_tax_rate\":10,\"apply_tax\":false,\"vat_number\":\"\"},\"BE\":{\"tax_rate\":21,\"tax_name\":\"BTW\",\"reduced_tax_rate\":6,\"apply_tax\":false,\"vat_number\":\"\"},\"BG\":{\"tax_rate\":20,\"tax_name\":\"\\u041d\\u0414\\u0421\",\"reduced_tax_rate\":9,\"apply_tax\":false,\"vat_number\":\"\"},\"CY\":{\"tax_rate\":19,\"tax_name\":\"\\u03a6\\u03a0\\u0391\",\"reduced_tax_rate\":9,\"apply_tax\":false,\"vat_number\":\"\"},\"CZ\":{\"tax_rate\":21,\"tax_name\":\"DPH\",\"reduced_tax_rate\":15,\"apply_tax\":false,\"vat_number\":\"\"},\"DE\":{\"tax_rate\":19,\"tax_name\":\"MwSt\",\"reduced_tax_rate\":7,\"apply_tax\":false,\"vat_number\":\"\"},\"DK\":{\"tax_rate\":25,\"tax_name\":\"Moms\",\"reduced_tax_rate\":0,\"apply_tax\":false,\"vat_number\":\"\"},\"EE\":{\"tax_rate\":20,\"tax_name\":\"KM\",\"reduced_tax_rate\":9,\"apply_tax\":false,\"vat_number\":\"\"},\"ES\":{\"tax_rate\":21,\"tax_name\":\"IVA\",\"reduced_tax_rate\":10,\"apply_tax\":false,\"vat_number\":\"\"},\"ES-CE\":{\"tax_rate\":4,\"tax_name\":\"IGIC\",\"reduced_tax_rate\":4,\"apply_tax\":false,\"vat_number\":\"\"},\"ES-ML\":{\"tax_rate\":4,\"tax_name\":\"IGIC\",\"reduced_tax_rate\":4,\"apply_tax\":false,\"vat_number\":\"\"},\"ES-CN\":{\"tax_rate\":7,\"tax_name\":\"IGIC\",\"reduced_tax_rate\":3,\"apply_tax\":false,\"vat_number\":\"\"},\"FI\":{\"tax_rate\":24,\"tax_name\":\"ALV\",\"reduced_tax_rate\":14,\"apply_tax\":false,\"vat_number\":\"\"},\"FR\":{\"tax_rate\":20,\"tax_name\":\"TVA\",\"reduced_tax_rate\":5.5,\"apply_tax\":false,\"vat_number\":\"\"},\"GR\":{\"tax_rate\":24,\"tax_name\":\"\\u03a6\\u03a0\\u0391\",\"reduced_tax_rate\":13,\"apply_tax\":false,\"vat_number\":\"\"},\"HR\":{\"tax_rate\":25,\"tax_name\":\"PDV\",\"reduced_tax_rate\":5,\"apply_tax\":false,\"vat_number\":\"\"},\"HU\":{\"tax_rate\":27,\"tax_name\":\"\\u00c1FA\",\"reduced_tax_rate\":5,\"apply_tax\":false,\"vat_number\":\"\"},\"IE\":{\"tax_rate\":23,\"tax_name\":\"VAT\",\"reduced_tax_rate\":0,\"apply_tax\":false,\"vat_number\":\"\"},\"IS\":{\"tax_rate\":24,\"tax_name\":\"VSK\",\"reduced_tax_rate\":11,\"apply_tax\":false,\"vat_number\":\"\"},\"IT\":{\"tax_rate\":22,\"tax_name\":\"IVA\",\"reduced_tax_rate\":10,\"apply_tax\":false,\"vat_number\":\"\"},\"LI\":{\"tax_rate\":8.1,\"tax_name\":\"MWST\",\"reduced_tax_rate\":2.6,\"apply_tax\":false,\"vat_number\":\"\"},\"LT\":{\"tax_rate\":21,\"tax_name\":\"PVM\",\"reduced_tax_rate\":9,\"apply_tax\":false,\"vat_number\":\"\"},\"LU\":{\"tax_rate\":17,\"tax_name\":\"TVA\",\"reduced_tax_rate\":3,\"apply_tax\":false,\"vat_number\":\"\"},\"LV\":{\"tax_rate\":21,\"tax_name\":\"PVN\",\"reduced_tax_rate\":12,\"apply_tax\":false,\"vat_number\":\"\"},\"MT\":{\"tax_rate\":18,\"tax_name\":\"VAT\",\"reduced_tax_rate\":5,\"apply_tax\":false,\"vat_number\":\"\"},\"NO\":{\"tax_rate\":25,\"tax_name\":\"MVA\",\"reduced_tax_rate\":12,\"apply_tax\":false,\"vat_number\":\"\"},\"NL\":{\"tax_rate\":21,\"tax_name\":\"BTW\",\"reduced_tax_rate\":9,\"apply_tax\":false,\"vat_number\":\"\"},\"PL\":{\"tax_rate\":23,\"tax_name\":\"VAT\",\"reduced_tax_rate\":8,\"apply_tax\":false,\"vat_number\":\"\"},\"PT\":{\"tax_rate\":23,\"tax_name\":\"IVA\",\"reduced_tax_rate\":6,\"apply_tax\":false,\"vat_number\":\"\"},\"RO\":{\"tax_rate\":19,\"tax_name\":\"TVA\",\"reduced_tax_rate\":5,\"apply_tax\":false,\"vat_number\":\"\"},\"SE\":{\"tax_rate\":25,\"tax_name\":\"Moms\",\"reduced_tax_rate\":12,\"apply_tax\":false,\"vat_number\":\"\"},\"SI\":{\"tax_rate\":22,\"tax_name\":\"DDV\",\"reduced_tax_rate\":9.5,\"apply_tax\":false,\"vat_number\":\"\"},\"SK\":{\"tax_rate\":20,\"tax_name\":\"DPH\",\"reduced_tax_rate\":10,\"apply_tax\":false,\"vat_number\":\"\"}}},\"AU\":{\"has_sales_above_threshold\":false,\"tax_all_subregions\":false,\"tax_threshold\":75000,\"subregions\":{\"AU\":{\"apply_tax\":false,\"tax_rate\":10,\"tax_name\":\"GST\",\"vat_number\":\"\"}}},\"UK\":{\"has_sales_above_threshold\":false,\"tax_threshold\":85000,\"tax_all_subregions\":false,\"subregions\":{\"GB\":{\"tax_rate\":20,\"tax_name\":\"VAT\",\"reduced_tax_rate\":5,\"apply_tax\":false,\"vat_number\":\"\"},\"GB-NIR\":{\"tax_rate\":20,\"tax_name\":\"VAT\",\"reduced_tax_rate\":5,\"apply_tax\":false,\"vat_number\":\"\"},\"IM\":{\"tax_rate\":20,\"tax_name\":\"VAT\",\"reduced_tax_rate\":5,\"apply_tax\":false,\"vat_number\":\"\"}}}},\"acts_as_sender\":false,\"acts_as_receiver\":false,\"model\":null}', NULL, NULL, NULL, NULL, NULL, 1, 1, 0, NULL, 0, 0, 0, 0, NULL, NULL, NULL, NULL, NULL, NULL, NULL, NULL, 1, NULL, NULL, NULL),
(2, 2, NULL, '114.35.103.128', '149R3SbXiFewbZtdJ29TIrTDWssRRSqn', 0, 1, 1, 1, 0, 0, 0, 0, 0, 0, 0, 65535, 0, 1, 1, NULL, 'mysql', NULL, NULL, NULL, 'subdomain', NULL, 0, '{}', '{\"auto_archive_invoice\":false,\"qr_iban\":\"\",\"besr_id\":\"\",\"lock_invoices\":\"off\",\"enable_client_portal_tasks\":false,\"show_all_tasks_client_portal\":\"invoiced\",\"enable_client_portal_password\":false,\"enable_client_portal\":true,\"enable_client_portal_dashboard\":false,\"signature_on_pdf\":false,\"document_email_attachment\":false,\"portal_design_id\":\"1\",\"timezone_id\":\"1\",\"date_format_id\":\"1\",\"military_time\":false,\"language_id\":\"1\",\"show_currency_code\":false,\"company_gateway_ids\":\"\",\"currency_id\":\"1\",\"custom_value1\":\"\",\"custom_value2\":\"\",\"custom_value3\":\"\",\"custom_value4\":\"\",\"default_task_rate\":0,\"payment_terms\":\"\",\"send_reminders\":true,\"custom_message_dashboard\":\"\",\"custom_message_unpaid_invoice\":\"\",\"custom_message_paid_invoice\":\"\",\"custom_message_unapproved_quote\":\"\",\"auto_archive_quote\":false,\"auto_convert_quote\":true,\"auto_email_invoice\":true,\"entity_send_time\":6,\"inclusive_taxes\":false,\"quote_footer\":\"\",\"translations\":{},\"counter_number_applied\":\"when_saved\",\"quote_number_applied\":\"when_saved\",\"invoice_number_pattern\":\"\",\"invoice_number_counter\":21,\"recurring_invoice_number_pattern\":\"\",\"recurring_invoice_number_counter\":1,\"quote_number_pattern\":\"\",\"quote_number_counter\":20,\"client_number_pattern\":\"\",\"client_number_counter\":11,\"credit_number_pattern\":\"\",\"credit_number_counter\":2,\"task_number_pattern\":\"\",\"task_number_counter\":1,\"expense_number_pattern\":\"\",\"expense_number_counter\":1,\"recurring_expense_number_pattern\":\"\",\"recurring_expense_number_counter\":1,\"recurring_quote_number_pattern\":\"\",\"recurring_quote_number_counter\":1,\"vendor_number_pattern\":\"\",\"vendor_number_counter\":1,\"ticket_number_pattern\":\"\",\"ticket_number_counter\":1,\"payment_number_pattern\":\"\",\"payment_number_counter\":2,\"project_number_pattern\":\"\",\"project_number_counter\":1,\"purchase_order_number_pattern\":\"\",\"purchase_order_number_counter\":1,\"shared_invoice_quote_counter\":false,\"shared_invoice_credit_counter\":false,\"recurring_number_prefix\":\"\",\"reset_counter_frequency_id\":\"0\",\"reset_counter_date\":\"\",\"counter_padding\":4,\"auto_bill\":\"off\",\"auto_bill_date\":\"on_due_date\",\"invoice_terms\":\"\",\"quote_terms\":\"\",\"invoice_taxes\":0,\"invoice_design_id\":\"Wpmbk5ezJn\",\"quote_design_id\":\"Wpmbk5ezJn\",\"credit_design_id\":\"Wpmbk5ezJn\",\"purchase_order_design_id\":\"Wpmbk5ezJn\",\"purchase_order_footer\":\"\",\"purchase_order_terms\":\"\",\"purchase_order_public_notes\":\"\",\"require_purchase_order_signature\":false,\"invoice_footer\":\"\",\"credit_footer\":\"\",\"credit_terms\":\"\",\"invoice_labels\":\"\",\"tax_name1\":\"\",\"tax_rate1\":0,\"tax_name2\":\"\",\"tax_rate2\":0,\"tax_name3\":\"\",\"tax_rate3\":0,\"payment_type_id\":\"0\",\"valid_until\":\"\",\"show_accept_invoice_terms\":false,\"show_accept_quote_terms\":false,\"require_invoice_signature\":false,\"require_quote_signature\":false,\"email_sending_method\":\"default\",\"gmail_sending_user_id\":\"0\",\"reply_to_email\":\"\",\"reply_to_name\":\"\",\"bcc_email\":\"\",\"pdf_email_attachment\":false,\"ubl_email_attachment\":false,\"email_style\":\"light\",\"email_style_custom\":\"\",\"email_subject_invoice\":\"\",\"email_subject_quote\":\"\",\"email_subject_credit\":\"\",\"email_subject_payment\":\"\",\"email_subject_payment_partial\":\"\",\"email_subject_statement\":\"\",\"email_subject_purchase_order\":\"\",\"email_template_purchase_order\":\"\",\"email_template_invoice\":\"\",\"email_template_credit\":\"\",\"email_template_quote\":\"\",\"email_template_payment\":\"\",\"email_template_payment_partial\":\"\",\"email_template_statement\":\"\",\"email_subject_reminder1\":\"\",\"email_subject_reminder2\":\"\",\"email_subject_reminder3\":\"\",\"email_subject_reminder_endless\":\"\",\"email_template_reminder1\":\"\",\"email_template_reminder2\":\"\",\"email_template_reminder3\":\"\",\"email_template_reminder_endless\":\"\",\"email_signature\":\"\",\"enable_email_markup\":true,\"email_subject_custom1\":\"\",\"email_subject_custom2\":\"\",\"email_subject_custom3\":\"\",\"email_template_custom1\":\"\",\"email_template_custom2\":\"\",\"email_template_custom3\":\"\",\"enable_reminder1\":false,\"enable_reminder2\":false,\"enable_reminder3\":false,\"enable_reminder_endless\":false,\"num_days_reminder1\":0,\"num_days_reminder2\":0,\"num_days_reminder3\":0,\"schedule_reminder1\":\"\",\"schedule_reminder2\":\"\",\"schedule_reminder3\":\"\",\"reminder_send_time\":0,\"late_fee_amount1\":0,\"late_fee_amount2\":0,\"late_fee_amount3\":0,\"late_fee_percent1\":0,\"late_fee_percent2\":0,\"late_fee_percent3\":0,\"endless_reminder_frequency_id\":\"0\",\"late_fee_endless_amount\":0,\"late_fee_endless_percent\":0,\"client_online_payment_notification\":true,\"client_manual_payment_notification\":true,\"name\":\"\",\"company_logo\":\"\",\"website\":\"\",\"address1\":\"\",\"address2\":\"\",\"city\":\"\",\"state\":\"\",\"postal_code\":\"\",\"phone\":\"\",\"email\":\"\",\"country_id\":\"840\",\"vat_number\":\"\",\"id_number\":\"\",\"page_size\":\"A4\",\"page_layout\":\"portrait\",\"font_size\":16,\"primary_font\":\"Roboto\",\"secondary_font\":\"Roboto\",\"primary_color\":\"#298AAB\",\"secondary_color\":\"#7081e0\",\"page_numbering\":false,\"page_numbering_alignment\":\"C\",\"hide_paid_to_date\":false,\"embed_documents\":false,\"all_pages_header\":false,\"all_pages_footer\":false,\"pdf_variables\":{\"client_details\":[\"$client.name\",\"$client.number\",\"$client.vat_number\",\"$client.address1\",\"$client.address2\",\"$client.city_state_postal\",\"$client.country\",\"$client.phone\",\"$contact.email\"],\"vendor_details\":[\"$vendor.name\",\"$vendor.number\",\"$vendor.vat_number\",\"$vendor.address1\",\"$vendor.address2\",\"$vendor.city_state_postal\",\"$vendor.country\",\"$vendor.phone\",\"$contact.email\"],\"purchase_order_details\":[\"$purchase_order.number\",\"$purchase_order.po_number\",\"$purchase_order.date\",\"$purchase_order.due_date\",\"$purchase_order.total\",\"$purchase_order.balance_due\"],\"company_details\":[\"$company.name\",\"$company.id_number\",\"$company.vat_number\",\"$company.website\",\"$company.email\",\"$company.phone\"],\"company_address\":[\"$company.address1\",\"$company.address2\",\"$company.city_state_postal\",\"$company.country\"],\"invoice_details\":[\"$invoice.number\",\"$invoice.po_number\",\"$invoice.date\",\"$invoice.due_date\",\"$invoice.total\",\"$invoice.balance_due\",\"$invoice.project\"],\"quote_details\":[\"$quote.number\",\"$quote.po_number\",\"$quote.date\",\"$quote.valid_until\",\"$quote.total\",\"$quote.project\"],\"credit_details\":[\"$credit.number\",\"$credit.po_number\",\"$credit.valid_until\",\"$credit.date\",\"$credit.balance\",\"$credit.total\"],\"product_columns\":[\"$product.item\",\"$product.description\",\"$product.unit_cost\",\"$product.quantity\",\"$product.discount\",\"$product.tax\",\"$product.line_total\"],\"product_quote_columns\":[\"$product.item\",\"$product.description\",\"$product.unit_cost\",\"$product.quantity\",\"$product.discount\",\"$product.tax\",\"$product.line_total\"],\"task_columns\":[\"$task.service\",\"$task.description\",\"$task.rate\",\"$task.hours\",\"$task.discount\",\"$task.tax\",\"$task.line_total\"],\"total_columns\":[\"$net_subtotal\",\"$subtotal\",\"$discount\",\"$custom_surcharge1\",\"$custom_surcharge2\",\"$custom_surcharge3\",\"$custom_surcharge4\",\"$total_taxes\",\"$line_taxes\",\"$total\",\"$paid_to_date\",\"$outstanding\"],\"statement_invoice_columns\":[\"$invoice.number\",\"$invoice.date\",\"$due_date\",\"$total\",\"$balance\"],\"statement_payment_columns\":[\"$invoice.number\",\"$payment.date\",\"$method\",\"$statement_amount\"],\"statement_credit_columns\":[\"$credit.number\",\"$credit.date\",\"$total\",\"$credit.balance\"],\"statement_details\":[\"$statement_date\",\"$balance\"],\"delivery_note_columns\":[\"$product.item\",\"$product.description\",\"$product.quantity\"],\"statement_unapplied_columns\":[\"$payment.number\",\"$payment.date\",\"$payment.amount\",\"$payment.payment_balance\"]},\"portal_custom_head\":\"\",\"portal_custom_css\":\"\",\"portal_custom_footer\":\"\",\"portal_custom_js\":\"\",\"client_can_register\":false,\"client_portal_terms\":\"\",\"client_portal_privacy_policy\":\"\",\"client_portal_enable_uploads\":false,\"client_portal_allow_under_payment\":false,\"client_portal_under_payment_minimum\":0,\"client_portal_allow_over_payment\":false,\"use_credits_payment\":\"off\",\"hide_empty_columns_on_pdf\":false,\"email_from_name\":\"\",\"auto_archive_invoice_cancelled\":false,\"vendor_portal_enable_uploads\":false,\"send_email_on_mark_paid\":false,\"postmark_secret\":\"\",\"custom_sending_email\":\"\",\"mailgun_secret\":\"\",\"mailgun_domain\":\"\",\"mailgun_endpoint\":\"api.mailgun.net\",\"brevo_secret\":\"\",\"auto_bill_standard_invoices\":false,\"email_alignment\":\"center\",\"show_email_footer\":true,\"company_logo_size\":\"\",\"show_paid_stamp\":false,\"show_shipping_address\":false,\"accept_client_input_quote_approval\":false,\"allow_billable_task_items\":true,\"show_task_item_description\":false,\"client_initiated_payments\":false,\"client_initiated_payments_minimum\":0,\"sync_invoice_quote_columns\":true,\"e_invoice_type\":\"EN16931\",\"e_quote_type\":\"OrderX_Comfort\",\"default_expense_payment_type_id\":\"0\",\"enable_e_invoice\":false,\"delivery_note_design_id\":\"\",\"statement_design_id\":\"\",\"payment_receipt_design_id\":\"\",\"payment_refund_design_id\":\"\",\"classification\":\"\",\"payment_email_all_contacts\":false,\"show_pdfhtml_on_mobile\":true,\"use_unapplied_payment\":\"off\",\"enable_rappen_rounding\":false,\"task_round_up\":true,\"task_round_to_nearest\":1,\"merge_e_invoice_to_pdf\":false,\"email_quote_template_reminder1\":\"\",\"email_quote_subject_reminder1\":\"\",\"enable_quote_reminder1\":false,\"quote_num_days_reminder1\":0,\"quote_schedule_reminder1\":\"\",\"quote_late_fee_amount1\":0,\"quote_late_fee_percent1\":0,\"payment_flow\":\"smooth\",\"email_subject_payment_failed\":\"\",\"email_template_payment_failed\":\"\"}', '0', '', '2025-07-30 01:40:57.090157', '2025-07-30 01:42:21.317739', 0, 0, 0, 'off', 0, 0, 0, 0, 1, 0, 0, 0, 0, 0, 0, 0, 0, 0, 1, 1800000, 0, 1, 0, 0, NULL, 1, 0, 0, 0, 0, 0, 0, 1, NULL, NULL, 0, 0, 0, 0, 0, 0, 0, 0, 0, '{\"seller_subregion\":\"CA\",\"version\":\"delta\",\"regions\":{\"US\":{\"has_sales_above_threshold\":false,\"tax_all_subregions\":false,\"subregions\":{\"AL\":{\"apply_tax\":false,\"tax_rate\":4,\"tax_name\":\"Sales Tax\",\"vat_number\":\"\"},\"AK\":{\"apply_tax\":false,\"tax_rate\":0,\"tax_name\":\"Sales Tax\",\"vat_number\":\"\"},\"AZ\":{\"apply_tax\":false,\"tax_rate\":5.6,\"tax_name\":\"Sales Tax\",\"vat_number\":\"\"},\"AR\":{\"apply_tax\":false,\"tax_rate\":6.5,\"tax_name\":\"Sales Tax\",\"vat_number\":\"\"},\"CA\":{\"apply_tax\":false,\"tax_rate\":7.25,\"tax_name\":\"Sales Tax\",\"vat_number\":\"\"},\"CO\":{\"apply_tax\":false,\"tax_rate\":2.9,\"tax_name\":\"Sales Tax\",\"vat_number\":\"\"},\"CT\":{\"apply_tax\":false,\"tax_rate\":6.35,\"tax_name\":\"Sales Tax\",\"vat_number\":\"\"},\"DE\":{\"apply_tax\":false,\"tax_rate\":0,\"tax_name\":\"Sales Tax\",\"vat_number\":\"\"},\"FL\":{\"apply_tax\":false,\"tax_rate\":6,\"tax_name\":\"Sales Tax\",\"vat_number\":\"\"},\"GA\":{\"apply_tax\":false,\"tax_rate\":4,\"tax_name\":\"Sales Tax\",\"vat_number\":\"\"},\"HI\":{\"apply_tax\":false,\"tax_rate\":4,\"tax_name\":\"Sales Tax\",\"vat_number\":\"\"},\"ID\":{\"apply_tax\":false,\"tax_rate\":6,\"tax_name\":\"Sales Tax\",\"vat_number\":\"\"},\"IL\":{\"apply_tax\":false,\"tax_rate\":6.25,\"tax_name\":\"Sales Tax\",\"vat_number\":\"\"},\"IN\":{\"apply_tax\":false,\"tax_rate\":7,\"tax_name\":\"Sales Tax\",\"vat_number\":\"\"},\"IA\":{\"apply_tax\":false,\"tax_rate\":6,\"tax_name\":\"Sales Tax\",\"vat_number\":\"\"},\"KS\":{\"apply_tax\":false,\"tax_rate\":6.5,\"tax_name\":\"Sales Tax\",\"vat_number\":\"\"},\"KY\":{\"apply_tax\":false,\"tax_rate\":6,\"tax_name\":\"Sales Tax\",\"vat_number\":\"\"},\"LA\":{\"apply_tax\":false,\"tax_rate\":4.45,\"tax_name\":\"Sales Tax\",\"vat_number\":\"\"},\"ME\":{\"apply_tax\":false,\"tax_rate\":5.5,\"tax_name\":\"Sales Tax\",\"vat_number\":\"\"},\"MD\":{\"apply_tax\":false,\"tax_rate\":6,\"tax_name\":\"Sales Tax\",\"vat_number\":\"\"},\"MA\":{\"apply_tax\":false,\"tax_rate\":6.25,\"tax_name\":\"Sales Tax\",\"vat_number\":\"\"},\"MI\":{\"apply_tax\":false,\"tax_rate\":6,\"tax_name\":\"Sales Tax\",\"vat_number\":\"\"},\"MN\":{\"apply_tax\":false,\"tax_rate\":6.875,\"tax_name\":\"Sales Tax\",\"vat_number\":\"\"},\"MS\":{\"apply_tax\":false,\"tax_rate\":7,\"tax_name\":\"Sales Tax\",\"vat_number\":\"\"},\"MO\":{\"apply_tax\":false,\"tax_rate\":4.225,\"tax_name\":\"Sales Tax\",\"vat_number\":\"\"},\"MT\":{\"apply_tax\":false,\"tax_rate\":0,\"tax_name\":\"Sales Tax\",\"vat_number\":\"\"},\"NE\":{\"apply_tax\":false,\"tax_rate\":5.5,\"tax_name\":\"Sales Tax\",\"vat_number\":\"\"},\"NV\":{\"apply_tax\":false,\"tax_rate\":6.85,\"tax_name\":\"Sales Tax\",\"vat_number\":\"\"},\"NH\":{\"apply_tax\":false,\"tax_rate\":0,\"tax_name\":\"Sales Tax\",\"vat_number\":\"\"},\"NJ\":{\"apply_tax\":false,\"tax_rate\":6.625,\"tax_name\":\"Sales Tax\",\"vat_number\":\"\"},\"NM\":{\"apply_tax\":false,\"tax_rate\":5.125,\"tax_name\":\"Sales Tax\",\"vat_number\":\"\"},\"NY\":{\"apply_tax\":false,\"tax_rate\":4,\"tax_name\":\"Sales Tax\",\"vat_number\":\"\"},\"NC\":{\"apply_tax\":false,\"tax_rate\":4.75,\"tax_name\":\"Sales Tax\",\"vat_number\":\"\"},\"ND\":{\"apply_tax\":false,\"tax_rate\":5,\"tax_name\":\"Sales Tax\",\"vat_number\":\"\"},\"OH\":{\"apply_tax\":false,\"tax_rate\":5.75,\"tax_name\":\"Sales Tax\",\"vat_number\":\"\"},\"OK\":{\"apply_tax\":false,\"tax_rate\":4.5,\"tax_name\":\"Sales Tax\",\"vat_number\":\"\"},\"OR\":{\"apply_tax\":false,\"tax_rate\":0,\"tax_name\":\"Sales Tax\",\"vat_number\":\"\"},\"PA\":{\"apply_tax\":false,\"tax_rate\":6,\"tax_name\":\"Sales Tax\",\"vat_number\":\"\"},\"RI\":{\"apply_tax\":false,\"tax_rate\":7,\"tax_name\":\"Sales Tax\",\"vat_number\":\"\"},\"SC\":{\"apply_tax\":false,\"tax_rate\":6,\"tax_name\":\"Sales Tax\",\"vat_number\":\"\"},\"SD\":{\"apply_tax\":false,\"tax_rate\":4.5,\"tax_name\":\"Sales Tax\",\"vat_number\":\"\"},\"TN\":{\"apply_tax\":false,\"tax_rate\":7,\"tax_name\":\"Sales Tax\",\"vat_number\":\"\"},\"TX\":{\"apply_tax\":false,\"tax_rate\":6.25,\"tax_name\":\"Sales Tax\",\"vat_number\":\"\"},\"UT\":{\"apply_tax\":false,\"tax_rate\":5.95,\"tax_name\":\"Sales Tax\",\"vat_number\":\"\"},\"VT\":{\"apply_tax\":false,\"tax_rate\":6,\"tax_name\":\"Sales Tax\",\"vat_number\":\"\"},\"VA\":{\"apply_tax\":false,\"tax_rate\":5.3,\"tax_name\":\"Sales Tax\",\"vat_number\":\"\"},\"WA\":{\"apply_tax\":false,\"tax_rate\":6.5,\"tax_name\":\"Sales Tax\",\"vat_number\":\"\"},\"WV\":{\"apply_tax\":false,\"tax_rate\":6,\"tax_name\":\"Sales Tax\",\"vat_number\":\"\"},\"WI\":{\"apply_tax\":false,\"tax_rate\":5,\"tax_name\":\"Sales Tax\",\"vat_number\":\"\"},\"WY\":{\"apply_tax\":false,\"tax_rate\":4,\"tax_name\":\"Sales Tax\",\"vat_number\":\"\"}}},\"EU\":{\"has_sales_above_threshold\":false,\"tax_all_subregions\":false,\"tax_threshold\":10000,\"subregions\":{\"AT\":{\"tax_rate\":20,\"tax_name\":\"USt\",\"reduced_tax_rate\":10,\"apply_tax\":false,\"vat_number\":\"\"},\"BE\":{\"tax_rate\":21,\"tax_name\":\"BTW\",\"reduced_tax_rate\":6,\"apply_tax\":false,\"vat_number\":\"\"},\"BG\":{\"tax_rate\":20,\"tax_name\":\"\\u041d\\u0414\\u0421\",\"reduced_tax_rate\":9,\"apply_tax\":false,\"vat_number\":\"\"},\"CY\":{\"tax_rate\":19,\"tax_name\":\"\\u03a6\\u03a0\\u0391\",\"reduced_tax_rate\":9,\"apply_tax\":false,\"vat_number\":\"\"},\"CZ\":{\"tax_rate\":21,\"tax_name\":\"DPH\",\"reduced_tax_rate\":15,\"apply_tax\":false,\"vat_number\":\"\"},\"DE\":{\"tax_rate\":19,\"tax_name\":\"MwSt\",\"reduced_tax_rate\":7,\"apply_tax\":false,\"vat_number\":\"\"},\"DK\":{\"tax_rate\":25,\"tax_name\":\"Moms\",\"reduced_tax_rate\":0,\"apply_tax\":false,\"vat_number\":\"\"},\"EE\":{\"tax_rate\":20,\"tax_name\":\"KM\",\"reduced_tax_rate\":9,\"apply_tax\":false,\"vat_number\":\"\"},\"ES\":{\"tax_rate\":21,\"tax_name\":\"IVA\",\"reduced_tax_rate\":10,\"apply_tax\":false,\"vat_number\":\"\"},\"ES-CE\":{\"tax_rate\":4,\"tax_name\":\"IGIC\",\"reduced_tax_rate\":4,\"apply_tax\":false,\"vat_number\":\"\"},\"ES-ML\":{\"tax_rate\":4,\"tax_name\":\"IGIC\",\"reduced_tax_rate\":4,\"apply_tax\":false,\"vat_number\":\"\"},\"ES-CN\":{\"tax_rate\":7,\"tax_name\":\"IGIC\",\"reduced_tax_rate\":3,\"apply_tax\":false,\"vat_number\":\"\"},\"FI\":{\"tax_rate\":24,\"tax_name\":\"ALV\",\"reduced_tax_rate\":14,\"apply_tax\":false,\"vat_number\":\"\"},\"FR\":{\"tax_rate\":20,\"tax_name\":\"TVA\",\"reduced_tax_rate\":5.5,\"apply_tax\":false,\"vat_number\":\"\"},\"GR\":{\"tax_rate\":24,\"tax_name\":\"\\u03a6\\u03a0\\u0391\",\"reduced_tax_rate\":13,\"apply_tax\":false,\"vat_number\":\"\"},\"HR\":{\"tax_rate\":25,\"tax_name\":\"PDV\",\"reduced_tax_rate\":5,\"apply_tax\":false,\"vat_number\":\"\"},\"HU\":{\"tax_rate\":27,\"tax_name\":\"\\u00c1FA\",\"reduced_tax_rate\":5,\"apply_tax\":false,\"vat_number\":\"\"},\"IE\":{\"tax_rate\":23,\"tax_name\":\"VAT\",\"reduced_tax_rate\":0,\"apply_tax\":false,\"vat_number\":\"\"},\"IS\":{\"tax_rate\":24,\"tax_name\":\"VSK\",\"reduced_tax_rate\":11,\"apply_tax\":false,\"vat_number\":\"\"},\"IT\":{\"tax_rate\":22,\"tax_name\":\"IVA\",\"reduced_tax_rate\":10,\"apply_tax\":false,\"vat_number\":\"\"},\"LI\":{\"tax_rate\":8.1,\"tax_name\":\"MWST\",\"reduced_tax_rate\":2.6,\"apply_tax\":false,\"vat_number\":\"\"},\"LT\":{\"tax_rate\":21,\"tax_name\":\"PVM\",\"reduced_tax_rate\":9,\"apply_tax\":false,\"vat_number\":\"\"},\"LU\":{\"tax_rate\":17,\"tax_name\":\"TVA\",\"reduced_tax_rate\":3,\"apply_tax\":false,\"vat_number\":\"\"},\"LV\":{\"tax_rate\":21,\"tax_name\":\"PVN\",\"reduced_tax_rate\":12,\"apply_tax\":false,\"vat_number\":\"\"},\"MT\":{\"tax_rate\":18,\"tax_name\":\"VAT\",\"reduced_tax_rate\":5,\"apply_tax\":false,\"vat_number\":\"\"},\"NO\":{\"tax_rate\":25,\"tax_name\":\"MVA\",\"reduced_tax_rate\":12,\"apply_tax\":false,\"vat_number\":\"\"},\"NL\":{\"tax_rate\":21,\"tax_name\":\"BTW\",\"reduced_tax_rate\":9,\"apply_tax\":false,\"vat_number\":\"\"},\"PL\":{\"tax_rate\":23,\"tax_name\":\"VAT\",\"reduced_tax_rate\":8,\"apply_tax\":false,\"vat_number\":\"\"},\"PT\":{\"tax_rate\":23,\"tax_name\":\"IVA\",\"reduced_tax_rate\":6,\"apply_tax\":false,\"vat_number\":\"\"},\"RO\":{\"tax_rate\":19,\"tax_name\":\"TVA\",\"reduced_tax_rate\":5,\"apply_tax\":false,\"vat_number\":\"\"},\"SE\":{\"tax_rate\":25,\"tax_name\":\"Moms\",\"reduced_tax_rate\":12,\"apply_tax\":false,\"vat_number\":\"\"},\"SI\":{\"tax_rate\":22,\"tax_name\":\"DDV\",\"reduced_tax_rate\":9.5,\"apply_tax\":false,\"vat_number\":\"\"},\"SK\":{\"tax_rate\":20,\"tax_name\":\"DPH\",\"reduced_tax_rate\":10,\"apply_tax\":false,\"vat_number\":\"\"}}},\"AU\":{\"has_sales_above_threshold\":false,\"tax_all_subregions\":false,\"tax_threshold\":75000,\"subregions\":{\"AU\":{\"apply_tax\":false,\"tax_rate\":10,\"tax_name\":\"GST\",\"vat_number\":\"\"}}},\"UK\":{\"has_sales_above_threshold\":false,\"tax_threshold\":85000,\"tax_all_subregions\":false,\"subregions\":{\"GB\":{\"tax_rate\":20,\"tax_name\":\"VAT\",\"reduced_tax_rate\":5,\"apply_tax\":false,\"vat_number\":\"\"},\"GB-NIR\":{\"tax_rate\":20,\"tax_name\":\"VAT\",\"reduced_tax_rate\":5,\"apply_tax\":false,\"vat_number\":\"\"},\"IM\":{\"tax_rate\":20,\"tax_name\":\"VAT\",\"reduced_tax_rate\":5,\"apply_tax\":false,\"vat_number\":\"\"}}}},\"acts_as_sender\":false,\"acts_as_receiver\":false,\"model\":null}', NULL, NULL, NULL, NULL, NULL, 1, 1, 0, NULL, 0, 0, 0, 0, NULL, NULL, NULL, NULL, NULL, NULL, NULL, NULL, 1, NULL, NULL, NULL);

-- --------------------------------------------------------

--
-- Table structure for table `company_gateways`
--

CREATE TABLE `company_gateways` (
  `id` int(10) UNSIGNED NOT NULL,
  `company_id` int(10) UNSIGNED NOT NULL,
  `user_id` int(10) UNSIGNED NOT NULL,
  `gateway_key` varchar(191) NOT NULL,
  `accepted_credit_cards` int(10) UNSIGNED NOT NULL,
  `require_cvv` tinyint(1) NOT NULL DEFAULT 1,
  `require_billing_address` tinyint(1) DEFAULT 1,
  `require_shipping_address` tinyint(1) DEFAULT 1,
  `update_details` tinyint(1) DEFAULT 0,
  `is_deleted` tinyint(1) NOT NULL DEFAULT 0,
  `config` mediumtext NOT NULL,
  `fees_and_limits` text NOT NULL,
  `custom_value1` varchar(191) DEFAULT NULL,
  `custom_value2` varchar(191) DEFAULT NULL,
  `custom_value3` varchar(191) DEFAULT NULL,
  `custom_value4` varchar(191) DEFAULT NULL,
  `created_at` timestamp(6) NULL DEFAULT NULL,
  `updated_at` timestamp(6) NULL DEFAULT NULL,
  `deleted_at` timestamp(6) NULL DEFAULT NULL,
  `token_billing` enum('off','always','optin','optout') NOT NULL DEFAULT 'off',
  `label` varchar(255) DEFAULT NULL,
  `require_client_name` tinyint(1) NOT NULL DEFAULT 0,
  `require_postal_code` tinyint(1) NOT NULL DEFAULT 0,
  `require_client_phone` tinyint(1) NOT NULL DEFAULT 0,
  `require_contact_name` tinyint(1) NOT NULL DEFAULT 0,
  `require_contact_email` tinyint(1) NOT NULL DEFAULT 0,
  `require_custom_value1` tinyint(1) NOT NULL DEFAULT 0,
  `require_custom_value2` tinyint(1) NOT NULL DEFAULT 0,
  `require_custom_value3` tinyint(1) NOT NULL DEFAULT 0,
  `require_custom_value4` tinyint(1) NOT NULL DEFAULT 0,
  `always_show_required_fields` tinyint(1) NOT NULL DEFAULT 1,
  `settings` text DEFAULT NULL
) ENGINE=InnoDB DEFAULT CHARSET=utf8mb4 COLLATE=utf8mb4_unicode_ci;

-- --------------------------------------------------------

--
-- Table structure for table `company_ledgers`
--

CREATE TABLE `company_ledgers` (
  `id` int(10) UNSIGNED NOT NULL,
  `company_id` int(10) UNSIGNED NOT NULL,
  `client_id` int(10) UNSIGNED DEFAULT NULL,
  `user_id` int(10) UNSIGNED DEFAULT NULL,
  `activity_id` int(10) UNSIGNED DEFAULT NULL,
  `adjustment` decimal(20,6) NOT NULL,
  `balance` decimal(20,6) NOT NULL,
  `notes` text DEFAULT NULL,
  `hash` text DEFAULT NULL,
  `company_ledgerable_id` int(10) UNSIGNED NOT NULL,
  `company_ledgerable_type` varchar(191) NOT NULL,
  `created_at` timestamp(6) NULL DEFAULT NULL,
  `updated_at` timestamp(6) NULL DEFAULT NULL
) ENGINE=InnoDB DEFAULT CHARSET=utf8mb4 COLLATE=utf8mb4_unicode_ci;

--
-- Dumping data for table `company_ledgers`
--

INSERT INTO `company_ledgers` (`id`, `company_id`, `client_id`, `user_id`, `activity_id`, `adjustment`, `balance`, `notes`, `hash`, `company_ledgerable_id`, `company_ledgerable_type`, `created_at`, `updated_at`) VALUES
(1, 1, 1, 1, 5, 7433.410000, 0.000000, 'Invoice  marked as sent.', '', 1, 'invoices', '2025-07-30 01:40:50.933713', '2025-07-30 01:40:50.935959'),
(2, 1, 1, 1, 11, -7433.410000, 0.000000, 'Marked Paid Activity', '', 1, 'App\\Models\\Payment', '2025-07-30 01:40:52.692538', '2025-07-30 01:40:52.694406'),
(3, 2, 8, 2, 5, 1898.730000, 0.000000, 'Invoice  marked as sent.', '', 2, 'invoices', '2025-07-30 01:41:01.817198', '2025-07-30 01:41:01.818543'),
(4, 2, 8, 2, 11, -1898.730000, 0.000000, 'Marked Paid Activity', '', 2, 'App\\Models\\Payment', '2025-07-30 01:41:02.486891', '2025-07-30 01:41:02.488192'),
(5, 2, 6, 2, 5, 6354.380000, 0.000000, 'Invoice  marked as sent.', '', 3, 'invoices', '2025-07-30 01:41:05.352919', '2025-07-30 01:41:05.354633'),
(6, 2, 6, 2, 11, -6354.380000, 0.000000, 'Marked Paid Activity', '', 3, 'App\\Models\\Payment', '2025-07-30 01:41:06.279876', '2025-07-30 01:41:06.281137'),
(7, 2, 2, 2, 5, 6976.250000, 0.000000, 'Invoice  marked as sent.', '', 4, 'invoices', '2025-07-30 01:41:09.739644', '2025-07-30 01:41:09.741079'),
(8, 2, 9, 2, 5, 3363.130000, 0.000000, 'Invoice  marked as sent.', '', 5, 'invoices', '2025-07-30 01:41:12.403351', '2025-07-30 01:41:12.404817'),
(9, 2, 9, 2, 11, -3363.130000, 0.000000, 'Marked Paid Activity', '', 4, 'App\\Models\\Payment', '2025-07-30 01:41:13.814511', '2025-07-30 01:41:13.816387'),
(10, 2, 6, 2, 5, 467.780000, 0.000000, 'Invoice  marked as sent.', '', 6, 'invoices', '2025-07-30 01:41:18.327478', '2025-07-30 01:41:18.329140'),
(11, 2, 2, 2, 5, 4826.110000, 0.000000, 'Invoice  marked as sent.', '', 7, 'invoices', '2025-07-30 01:41:21.159670', '2025-07-30 01:41:21.161671'),
(12, 2, 2, 2, 11, -4826.110000, 0.000000, 'Marked Paid Activity', '', 5, 'App\\Models\\Payment', '2025-07-30 01:41:21.995038', '2025-07-30 01:41:21.996366'),
(13, 2, 9, 2, 5, 5005.900000, 0.000000, 'Invoice  marked as sent.', '', 8, 'invoices', '2025-07-30 01:41:25.321136', '2025-07-30 01:41:25.323111'),
(14, 2, 9, 2, 11, -5005.900000, 0.000000, 'Marked Paid Activity', '', 6, 'App\\Models\\Payment', '2025-07-30 01:41:27.004119', '2025-07-30 01:41:27.005603'),
(15, 2, 8, 2, 5, 5038.380000, 0.000000, 'Invoice  marked as sent.', '', 9, 'invoices', '2025-07-30 01:41:32.017443', '2025-07-30 01:41:32.018787'),
(16, 2, 6, 2, 5, 2057.350000, 0.000000, 'Invoice  marked as sent.', '', 10, 'invoices', '2025-07-30 01:41:35.147601', '2025-07-30 01:41:35.149658'),
(17, 2, 9, 2, 5, 6174.330000, 0.000000, 'Invoice  marked as sent.', '', 11, 'invoices', '2025-07-30 01:41:38.366045', '2025-07-30 01:41:38.367636'),
(18, 2, 9, 2, 11, -6174.330000, 0.000000, 'Marked Paid Activity', '', 7, 'App\\Models\\Payment', '2025-07-30 01:41:40.215893', '2025-07-30 01:41:40.217768'),
(19, 2, 10, 2, 5, 707.550000, 0.000000, 'Invoice  marked as sent.', '', 12, 'invoices', '2025-07-30 01:41:45.533155', '2025-07-30 01:41:45.535136'),
(20, 2, 7, 2, 5, 3724.580000, 0.000000, 'Invoice  marked as sent.', '', 13, 'invoices', '2025-07-30 01:41:48.507351', '2025-07-30 01:41:48.509952'),
(21, 2, 10, 2, 5, 4830.650000, 0.000000, 'Invoice  marked as sent.', '', 14, 'invoices', '2025-07-30 01:41:52.258471', '2025-07-30 01:41:52.260281'),
(22, 2, 6, 2, 5, 5181.880000, 0.000000, 'Invoice  marked as sent.', '', 15, 'invoices', '2025-07-30 01:41:55.831836', '2025-07-30 01:41:55.833710'),
(23, 2, 2, 2, 5, 4891.140000, 0.000000, 'Invoice  marked as sent.', '', 16, 'invoices', '2025-07-30 01:41:58.811374', '2025-07-30 01:41:58.813442'),
(24, 2, 2, 2, 11, -4891.140000, 0.000000, 'Marked Paid Activity', '', 8, 'App\\Models\\Payment', '2025-07-30 01:41:59.703348', '2025-07-30 01:41:59.705392'),
(25, 2, 5, 2, 5, 5662.310000, 0.000000, 'Invoice  marked as sent.', '', 17, 'invoices', '2025-07-30 01:42:03.263554', '2025-07-30 01:42:03.265037'),
(26, 2, 5, 2, 11, -5662.310000, 0.000000, 'Marked Paid Activity', '', 9, 'App\\Models\\Payment', '2025-07-30 01:42:05.044685', '2025-07-30 01:42:05.046686'),
(27, 2, 9, 2, 5, 5161.250000, 0.000000, 'Invoice  marked as sent.', '', 18, 'invoices', '2025-07-30 01:42:10.300006', '2025-07-30 01:42:10.301440'),
(28, 2, 5, 2, 5, 1359.730000, 0.000000, 'Invoice  marked as sent.', '', 19, 'invoices', '2025-07-30 01:42:14.760352', '2025-07-30 01:42:14.761860'),
(29, 2, 9, 2, 5, 5467.440000, 0.000000, 'Invoice  marked as sent.', '', 20, 'invoices', '2025-07-30 01:42:17.262844', '2025-07-30 01:42:17.264807'),
(30, 2, 4, 2, 5, 2035.000000, 0.000000, 'Invoice  marked as sent.', '', 21, 'invoices', '2025-07-30 01:42:21.266072', '2025-07-30 01:42:21.267393');

-- --------------------------------------------------------

--
-- Table structure for table `company_tokens`
--

CREATE TABLE `company_tokens` (
  `id` int(10) UNSIGNED NOT NULL,
  `company_id` int(10) UNSIGNED NOT NULL,
  `account_id` int(10) UNSIGNED NOT NULL,
  `user_id` int(10) UNSIGNED NOT NULL,
  `token` varchar(191) DEFAULT NULL,
  `name` varchar(191) DEFAULT NULL,
  `created_at` timestamp(6) NULL DEFAULT NULL,
  `updated_at` timestamp(6) NULL DEFAULT NULL,
  `deleted_at` timestamp(6) NULL DEFAULT NULL,
  `is_deleted` tinyint(1) NOT NULL DEFAULT 0,
  `is_system` tinyint(1) NOT NULL DEFAULT 0
) ENGINE=InnoDB DEFAULT CHARSET=utf8mb4 COLLATE=utf8mb4_unicode_ci;

--
-- Dumping data for table `company_tokens`
--

INSERT INTO `company_tokens` (`id`, `company_id`, `account_id`, `user_id`, `token`, `name`, `created_at`, `updated_at`, `deleted_at`, `is_deleted`, `is_system`) VALUES
(1, 1, 1, 1, 'DukEXHtljFlLRCFl0cR4dUVHBt4JEgxBQgK4o2frofZdeWKADzff9mdSnJk93gHs', 'test token', '2025-07-30 01:40:50.188704', '2025-07-30 01:40:50.188704', NULL, 0, 1),
(2, 2, 2, 2, 'MKYT8sdZUKodWsxkAoVgrPy9DjBcDDpaH2e6LKjCOOH2n0B2IC4piSz3ivGPqC9z', 'test token', '2025-07-30 01:40:57.184779', '2025-07-30 01:40:57.184779', NULL, 0, 1);

-- --------------------------------------------------------

--
-- Table structure for table `company_user`
--

CREATE TABLE `company_user` (
  `id` int(10) UNSIGNED NOT NULL,
  `company_id` int(10) UNSIGNED NOT NULL,
  `account_id` int(10) UNSIGNED NOT NULL,
  `user_id` int(10) UNSIGNED NOT NULL,
  `permissions` mediumtext DEFAULT NULL,
  `notifications` mediumtext DEFAULT NULL,
  `settings` mediumtext DEFAULT NULL,
  `slack_webhook_url` varchar(191) NOT NULL,
  `is_owner` tinyint(1) NOT NULL DEFAULT 0,
  `is_admin` tinyint(1) NOT NULL DEFAULT 0,
  `is_locked` tinyint(1) NOT NULL DEFAULT 0,
  `deleted_at` timestamp(6) NULL DEFAULT NULL,
  `created_at` timestamp(6) NULL DEFAULT NULL,
  `updated_at` timestamp(6) NULL DEFAULT NULL,
  `permissions_updated_at` timestamp NOT NULL DEFAULT current_timestamp(),
  `ninja_portal_url` text NOT NULL DEFAULT '',
  `react_settings` mediumtext DEFAULT NULL
) ENGINE=InnoDB DEFAULT CHARSET=utf8mb4 COLLATE=utf8mb4_unicode_ci;

--
-- Dumping data for table `company_user`
--

INSERT INTO `company_user` (`id`, `company_id`, `account_id`, `user_id`, `permissions`, `notifications`, `settings`, `slack_webhook_url`, `is_owner`, `is_admin`, `is_locked`, `deleted_at`, `created_at`, `updated_at`, `permissions_updated_at`, `ninja_portal_url`, `react_settings`) VALUES
(1, 1, 1, 1, NULL, '{\"email\":[\"invoice_sent_all\"]}', NULL, '', 1, 1, 0, NULL, '2025-07-30 01:40:50.196421', '2025-07-30 01:40:50.196421', '2025-07-30 08:40:50', '', NULL),
(2, 2, 2, 2, NULL, '{\"email\":[\"invoice_sent_all\"]}', NULL, '', 1, 1, 0, NULL, '2025-07-30 01:40:57.188183', '2025-07-30 01:40:57.188183', '2025-07-30 08:40:57', '', NULL);

-- --------------------------------------------------------

--
-- Table structure for table `countries`
--

CREATE TABLE `countries` (
  `id` int(10) UNSIGNED NOT NULL,
  `capital` varchar(255) DEFAULT NULL,
  `citizenship` varchar(255) DEFAULT NULL,
  `country_code` varchar(4) NOT NULL,
  `currency` varchar(255) DEFAULT NULL,
  `currency_code` varchar(255) DEFAULT NULL,
  `currency_sub_unit` varchar(255) DEFAULT NULL,
  `full_name` varchar(255) DEFAULT NULL,
  `iso_3166_2` varchar(5) NOT NULL,
  `iso_3166_3` varchar(3) DEFAULT NULL,
  `name` varchar(255) DEFAULT NULL,
  `region_code` varchar(3) DEFAULT NULL,
  `sub_region_code` varchar(3) DEFAULT NULL,
  `eea` tinyint(1) NOT NULL DEFAULT 0,
  `swap_postal_code` tinyint(1) NOT NULL DEFAULT 0,
  `swap_currency_symbol` tinyint(1) NOT NULL DEFAULT 0,
  `thousand_separator` varchar(191) DEFAULT '',
  `decimal_separator` varchar(191) DEFAULT ''
) ENGINE=InnoDB DEFAULT CHARSET=utf8mb4 COLLATE=utf8mb4_unicode_ci;

--
-- Dumping data for table `countries`
--

INSERT INTO `countries` (`id`, `capital`, `citizenship`, `country_code`, `currency`, `currency_code`, `currency_sub_unit`, `full_name`, `iso_3166_2`, `iso_3166_3`, `name`, `region_code`, `sub_region_code`, `eea`, `swap_postal_code`, `swap_currency_symbol`, `thousand_separator`, `decimal_separator`) VALUES
(4, 'Kabul', 'Afghan', '004', 'afghani', 'AFN', 'pul', 'Islamic Republic of Afghanistan', 'AF', 'AFG', 'Afghanistan', '142', '034', 0, 0, 0, '', ''),
(8, 'Tirana', 'Albanian', '008', 'lek', 'ALL', '(qindar (pl. qindarka))', 'Republic of Albania', 'AL', 'ALB', 'Albania', '150', '039', 0, 0, 0, '', ''),
(10, 'Antartica', 'of Antartica', '010', '', '', '', 'Antarctica', 'AQ', 'ATA', 'Antarctica', '', '', 0, 0, 0, '', ''),
(12, 'Algiers', 'Algerian', '012', 'Algerian dinar', 'DZD', 'centime', 'Peoples Democratic Republic of Algeria', 'DZ', 'DZA', 'Algeria', '002', '015', 0, 0, 0, '', ''),
(16, 'Pago Pago', 'American Samoan', '016', 'US dollar', 'USD', 'cent', 'Territory of American', 'AS', 'ASM', 'American Samoa', '009', '061', 0, 0, 0, '', ''),
(20, 'Andorra la Vella', 'Andorran', '020', 'euro', 'EUR', 'cent', 'Principality of Andorra', 'AD', 'AND', 'Andorra', '150', '039', 0, 0, 0, '', ''),
(24, 'Luanda', 'Angolan', '024', 'kwanza', 'AOA', 'cntimo', 'Republic of Angola', 'AO', 'AGO', 'Angola', '002', '017', 0, 0, 0, '', ''),
(28, 'St Johns', 'of Antigua and Barbuda', '028', 'East Caribbean dollar', 'XCD', 'cent', 'Antigua and Barbuda', 'AG', 'ATG', 'Antigua and Barbuda', '019', '029', 0, 0, 0, '', ''),
(31, 'Baku', 'Azerbaijani', '031', 'Azerbaijani manat', 'AZN', 'kepik (inv.)', 'Republic of Azerbaijan', 'AZ', 'AZE', 'Azerbaijan', '142', '145', 0, 0, 0, '', ''),
(32, 'Buenos Aires', 'Argentinian', '032', 'Argentine peso', 'ARS', 'centavo', 'Argentine Republic', 'AR', 'ARG', 'Argentina', '019', '005', 0, 1, 0, '', ''),
(36, 'Canberra', 'Australian', '036', 'Australian dollar', 'AUD', 'cent', 'Commonwealth of Australia', 'AU', 'AUS', 'Australia', '009', '053', 0, 0, 0, '', ''),
(40, 'Vienna', 'Austrian', '040', 'euro', 'EUR', 'cent', 'Republic of Austria', 'AT', 'AUT', 'Austria', '150', '155', 1, 1, 1, '', ''),
(44, 'Nassau', 'Bahamian', '044', 'Bahamian dollar', 'BSD', 'cent', 'Commonwealth of the Bahamas', 'BS', 'BHS', 'Bahamas', '019', '029', 0, 0, 0, '', ''),
(48, 'Manama', 'Bahraini', '048', 'Bahraini dinar', 'BHD', 'fils (inv.)', 'Kingdom of Bahrain', 'BH', 'BHR', 'Bahrain', '142', '145', 0, 0, 0, '', ''),
(50, 'Dhaka', 'Bangladeshi', '050', 'taka (inv.)', 'BDT', 'poisha (inv.)', 'Peoples Republic of Bangladesh', 'BD', 'BGD', 'Bangladesh', '142', '034', 0, 0, 0, '', ''),
(51, 'Yerevan', 'Armenian', '051', 'dram (inv.)', 'AMD', 'luma', 'Republic of Armenia', 'AM', 'ARM', 'Armenia', '142', '145', 0, 0, 0, '', ''),
(52, 'Bridgetown', 'Barbadian', '052', 'Barbados dollar', 'BBD', 'cent', 'Barbados', 'BB', 'BRB', 'Barbados', '019', '029', 0, 0, 0, '', ''),
(56, 'Brussels', 'Belgian', '056', 'euro', 'EUR', 'cent', 'Kingdom of Belgium', 'BE', 'BEL', 'Belgium', '150', '155', 1, 1, 0, '', ''),
(60, 'Hamilton', 'Bermudian', '060', 'Bermuda dollar', 'BMD', 'cent', 'Bermuda', 'BM', 'BMU', 'Bermuda', '019', '021', 0, 0, 0, '', ''),
(64, 'Thimphu', 'Bhutanese', '064', 'ngultrum (inv.)', 'BTN', 'chhetrum (inv.)', 'Kingdom of Bhutan', 'BT', 'BTN', 'Bhutan', '142', '034', 0, 0, 0, '', ''),
(68, 'Sucre (BO1)', 'Bolivian', '068', 'boliviano', 'BOB', 'centavo', 'Plurinational State of Bolivia', 'BO', 'BOL', 'Bolivia, Plurinational State of', '019', '005', 0, 0, 0, '', ''),
(70, 'Sarajevo', 'of Bosnia and Herzegovina', '070', 'convertible mark', 'BAM', 'fening', 'Bosnia and Herzegovina', 'BA', 'BIH', 'Bosnia and Herzegovina', '150', '039', 0, 0, 0, '', ''),
(72, 'Gaborone', 'Botswanan', '072', 'pula (inv.)', 'BWP', 'thebe (inv.)', 'Republic of Botswana', 'BW', 'BWA', 'Botswana', '002', '018', 0, 0, 0, '', ''),
(74, 'Bouvet island', 'of Bouvet island', '074', '', '', '', 'Bouvet Island', 'BV', 'BVT', 'Bouvet Island', '', '', 0, 0, 0, '', ''),
(76, 'Brasilia', 'Brazilian', '076', 'real (pl. reais)', 'BRL', 'centavo', 'Federative Republic of Brazil', 'BR', 'BRA', 'Brazil', '019', '005', 0, 0, 0, '', ''),
(84, 'Belmopan', 'Belizean', '084', 'Belize dollar', 'BZD', 'cent', 'Belize', 'BZ', 'BLZ', 'Belize', '019', '013', 0, 0, 0, '', ''),
(86, 'Diego Garcia', 'Changosian', '086', 'US dollar', 'USD', 'cent', 'British Indian Ocean Territory', 'IO', 'IOT', 'British Indian Ocean Territory', '', '', 0, 0, 0, '', ''),
(90, 'Honiara', 'Solomon Islander', '090', 'Solomon Islands dollar', 'SBD', 'cent', 'Solomon Islands', 'SB', 'SLB', 'Solomon Islands', '009', '054', 0, 0, 0, '', ''),
(92, 'Road Town', 'British Virgin Islander;', '092', 'US dollar', 'USD', 'cent', 'British Virgin Islands', 'VG', 'VGB', 'Virgin Islands, British', '019', '029', 0, 0, 0, '', ''),
(96, 'Bandar Seri Begawan', 'Bruneian', '096', 'Brunei dollar', 'BND', 'sen (inv.)', 'Brunei Darussalam', 'BN', 'BRN', 'Brunei Darussalam', '142', '035', 0, 0, 0, '', ''),
(100, 'Sofia', 'Bulgarian', '100', 'lev (pl. leva)', 'BGN', 'stotinka', 'Republic of Bulgaria', 'BG', 'BGR', 'Bulgaria', '150', '151', 1, 0, 1, '', ''),
(104, 'Yangon', 'Burmese', '104', 'kyat', 'MMK', 'pya', 'Union of Myanmar/', 'MM', 'MMR', 'Myanmar', '142', '035', 0, 0, 0, '', ''),
(108, 'Bujumbura', 'Burundian', '108', 'Burundi franc', 'BIF', 'centime', 'Republic of Burundi', 'BI', 'BDI', 'Burundi', '002', '014', 0, 0, 0, '', ''),
(112, 'Minsk', 'Belarusian', '112', 'Belarusian rouble', 'BYR', 'kopek', 'Republic of Belarus', 'BY', 'BLR', 'Belarus', '150', '151', 0, 0, 0, '', ''),
(116, 'Phnom Penh', 'Cambodian', '116', 'riel', 'KHR', 'sen (inv.)', 'Kingdom of Cambodia', 'KH', 'KHM', 'Cambodia', '142', '035', 0, 0, 0, '', ''),
(120, 'Yaound', 'Cameroonian', '120', 'CFA franc (BEAC)', 'XAF', 'centime', 'Republic of Cameroon', 'CM', 'CMR', 'Cameroon', '002', '017', 0, 0, 0, '', ''),
(124, 'Ottawa', 'Canadian', '124', 'Canadian dollar', 'CAD', 'cent', 'Canada', 'CA', 'CAN', 'Canada', '019', '021', 0, 0, 0, ',', '.'),
(132, 'Praia', 'Cape Verdean', '132', 'Cape Verde escudo', 'CVE', 'centavo', 'Republic of Cape Verde', 'CV', 'CPV', 'Cape Verde', '002', '011', 0, 0, 0, '', ''),
(136, 'George Town', 'Caymanian', '136', 'Cayman Islands dollar', 'KYD', 'cent', 'Cayman Islands', 'KY', 'CYM', 'Cayman Islands', '019', '029', 0, 0, 0, '', ''),
(140, 'Bangui', 'Central African', '140', 'CFA franc (BEAC)', 'XAF', 'centime', 'Central African Republic', 'CF', 'CAF', 'Central African Republic', '002', '017', 0, 0, 0, '', ''),
(144, 'Colombo', 'Sri Lankan', '144', 'Sri Lankan rupee', 'LKR', 'cent', 'Democratic Socialist Republic of Sri Lanka', 'LK', 'LKA', 'Sri Lanka', '142', '034', 0, 0, 0, '', ''),
(148, 'NDjamena', 'Chadian', '148', 'CFA franc (BEAC)', 'XAF', 'centime', 'Republic of Chad', 'TD', 'TCD', 'Chad', '002', '017', 0, 0, 0, '', ''),
(152, 'Santiago', 'Chilean', '152', 'Chilean peso', 'CLP', 'centavo', 'Republic of Chile', 'CL', 'CHL', 'Chile', '019', '005', 0, 0, 0, '', ''),
(156, 'Beijing', 'Chinese', '156', 'renminbi-yuan (inv.)', 'CNY', 'jiao (10)', 'Peoples Republic of China', 'CN', 'CHN', 'China', '142', '030', 0, 0, 0, '', ''),
(158, 'Taipei', 'Taiwanese', '158', 'new Taiwan dollar', 'TWD', 'fen (inv.)', 'Republic of China, Taiwan (TW1)', 'TW', 'TWN', 'Taiwan, Province of China', '142', '030', 0, 0, 0, '', ''),
(162, 'Flying Fish Cove', 'Christmas Islander', '162', 'Australian dollar', 'AUD', 'cent', 'Christmas Island Territory', 'CX', 'CXR', 'Christmas Island', '', '', 0, 0, 0, '', ''),
(166, 'Bantam', 'Cocos Islander', '166', 'Australian dollar', 'AUD', 'cent', 'Territory of Cocos (Keeling) Islands', 'CC', 'CCK', 'Cocos (Keeling) Islands', '', '', 0, 0, 0, '', ''),
(170, 'Santa Fe de Bogot', 'Colombian', '170', 'Colombian peso', 'COP', 'centavo', 'Republic of Colombia', 'CO', 'COL', 'Colombia', '019', '005', 0, 0, 0, '', ''),
(174, 'Moroni', 'Comorian', '174', 'Comorian franc', 'KMF', '', 'Union of the Comoros', 'KM', 'COM', 'Comoros', '002', '014', 0, 0, 0, '', ''),
(175, 'Mamoudzou', 'Mahorais', '175', 'euro', 'EUR', 'cent', 'Departmental Collectivity of Mayotte', 'YT', 'MYT', 'Mayotte', '002', '014', 0, 0, 0, '', ''),
(178, 'Brazzaville', 'Congolese', '178', 'CFA franc (BEAC)', 'XAF', 'centime', 'Republic of the Congo', 'CG', 'COG', 'Congo', '002', '017', 0, 0, 0, '', ''),
(180, 'Kinshasa', 'Congolese', '180', 'Congolese franc', 'CDF', 'centime', 'Democratic Republic of the Congo', 'CD', 'COD', 'Congo, the Democratic Republic of the', '002', '017', 0, 0, 0, '', ''),
(184, 'Avarua', 'Cook Islander', '184', 'New Zealand dollar', 'NZD', 'cent', 'Cook Islands', 'CK', 'COK', 'Cook Islands', '009', '061', 0, 0, 0, '', ''),
(188, 'San Jos', 'Costa Rican', '188', 'Costa Rican coln (pl. colones)', 'CRC', 'cntimo', 'Republic of Costa Rica', 'CR', 'CRI', 'Costa Rica', '019', '013', 0, 0, 0, '', ''),
(191, 'Zagreb', 'Croatian', '191', 'kuna (inv.)', 'HRK', 'lipa (inv.)', 'Republic of Croatia', 'HR', 'HRV', 'Croatia', '150', '039', 1, 0, 1, '', ''),
(192, 'Havana', 'Cuban', '192', 'Cuban peso', 'CUP', 'centavo', 'Republic of Cuba', 'CU', 'CUB', 'Cuba', '019', '029', 0, 0, 0, '', ''),
(196, 'Nicosia', 'Cypriot', '196', 'euro', 'EUR', 'cent', 'Republic of Cyprus', 'CY', 'CYP', 'Cyprus', '142', '145', 1, 0, 0, '', ''),
(203, 'Prague', 'Czech', '203', 'Czech koruna (pl. koruny)', 'CZK', 'halr', 'Czech Republic', 'CZ', 'CZE', 'Czech Republic', '150', '151', 1, 0, 1, '', ''),
(204, 'Porto Novo (BJ1)', 'Beninese', '204', 'CFA franc (BCEAO)', 'XOF', 'centime', 'Republic of Benin', 'BJ', 'BEN', 'Benin', '002', '011', 0, 0, 0, '', ''),
(208, 'Copenhagen', 'Danish', '208', 'Danish krone', 'DKK', 're (inv.)', 'Kingdom of Denmark', 'DK', 'DNK', 'Denmark', '150', '154', 1, 1, 0, '', ''),
(212, 'Roseau', 'Dominican', '212', 'East Caribbean dollar', 'XCD', 'cent', 'Commonwealth of Dominica', 'DM', 'DMA', 'Dominica', '019', '029', 0, 0, 0, '', ''),
(214, 'Santo Domingo', 'Dominican', '214', 'Dominican peso', 'DOP', 'centavo', 'Dominican Republic', 'DO', 'DOM', 'Dominican Republic', '019', '029', 0, 0, 0, '', ''),
(218, 'Quito', 'Ecuadorian', '218', 'US dollar', 'USD', 'cent', 'Republic of Ecuador', 'EC', 'ECU', 'Ecuador', '019', '005', 0, 0, 0, '', ''),
(222, 'San Salvador', 'Salvadoran', '222', 'Salvadorian coln (pl. colones)', 'SVC', 'centavo', 'Republic of El Salvador', 'SV', 'SLV', 'El Salvador', '019', '013', 0, 0, 0, '', ''),
(226, 'Malabo', 'Equatorial Guinean', '226', 'CFA franc (BEAC)', 'XAF', 'centime', 'Republic of Equatorial Guinea', 'GQ', 'GNQ', 'Equatorial Guinea', '002', '017', 0, 0, 0, '', ''),
(231, 'Addis Ababa', 'Ethiopian', '231', 'birr (inv.)', 'ETB', 'cent', 'Federal Democratic Republic of Ethiopia', 'ET', 'ETH', 'Ethiopia', '002', '014', 0, 0, 0, '', ''),
(232, 'Asmara', 'Eritrean', '232', 'nakfa', 'ERN', 'cent', 'State of Eritrea', 'ER', 'ERI', 'Eritrea', '002', '014', 0, 0, 0, '', ''),
(233, 'Tallinn', 'Estonian', '233', 'euro', 'EUR', 'cent', 'Republic of Estonia', 'EE', 'EST', 'Estonia', '150', '154', 1, 0, 1, ' ', ''),
(234, 'Trshavn', 'Faeroese', '234', 'Danish krone', 'DKK', 're (inv.)', 'Faeroe Islands', 'FO', 'FRO', 'Faroe Islands', '150', '154', 0, 0, 0, '', ''),
(238, 'Stanley', 'Falkland Islander', '238', 'Falkland Islands pound', 'FKP', 'new penny', 'Falkland Islands', 'FK', 'FLK', 'Falkland Islands (Malvinas)', '019', '005', 0, 0, 0, '', ''),
(239, 'King Edward Point (Grytviken)', 'of South Georgia and the South Sandwich Islands', '239', '', '', '', 'South Georgia and the South Sandwich Islands', 'GS', 'SGS', 'South Georgia and the South Sandwich Islands', '', '', 0, 0, 0, '', ''),
(242, 'Suva', 'Fijian', '242', 'Fiji dollar', 'FJD', 'cent', 'Republic of Fiji', 'FJ', 'FJI', 'Fiji', '009', '054', 0, 0, 0, '', ''),
(246, 'Helsinki', 'Finnish', '246', 'euro', 'EUR', 'cent', 'Republic of Finland', 'FI', 'FIN', 'Finland', '150', '154', 1, 1, 1, '', ''),
(248, 'Mariehamn', 'land Islander', '248', 'euro', 'EUR', 'cent', 'land Islands', 'AX', 'ALA', 'land Islands', '150', '154', 0, 0, 0, '', ''),
(250, 'Paris', 'French', '250', 'euro', 'EUR', 'cent', 'French Republic', 'FR', 'FRA', 'France', '150', '155', 1, 1, 1, ' ', ''),
(254, 'Cayenne', 'Guianese', '254', 'euro', 'EUR', 'cent', 'French Guiana', 'GF', 'GUF', 'French Guiana', '019', '005', 0, 0, 0, '', ''),
(258, 'Papeete', 'Polynesian', '258', 'CFP franc', 'XPF', 'centime', 'French Polynesia', 'PF', 'PYF', 'French Polynesia', '009', '061', 0, 0, 0, '', ''),
(260, 'Port-aux-Francais', 'of French Southern and Antarctic Lands', '260', 'euro', 'EUR', 'cent', 'French Southern and Antarctic Lands', 'TF', 'ATF', 'French Southern Territories', '', '', 0, 0, 0, '', ''),
(262, 'Djibouti', 'Djiboutian', '262', 'Djibouti franc', 'DJF', '', 'Republic of Djibouti', 'DJ', 'DJI', 'Djibouti', '002', '014', 0, 0, 0, '', ''),
(266, 'Libreville', 'Gabonese', '266', 'CFA franc (BEAC)', 'XAF', 'centime', 'Gabonese Republic', 'GA', 'GAB', 'Gabon', '002', '017', 0, 0, 0, '', ''),
(268, 'Tbilisi', 'Georgian', '268', 'lari', 'GEL', 'tetri (inv.)', 'Georgia', 'GE', 'GEO', 'Georgia', '142', '145', 0, 0, 0, '', ''),
(270, 'Banjul', 'Gambian', '270', 'dalasi (inv.)', 'GMD', 'butut', 'Republic of the Gambia', 'GM', 'GMB', 'Gambia', '002', '011', 0, 0, 0, '', ''),
(275, NULL, 'Palestinian', '275', NULL, NULL, NULL, NULL, 'PS', 'PSE', 'Palestine', '142', '145', 0, 0, 0, '', ''),
(276, 'Berlin', 'German', '276', 'euro', 'EUR', 'cent', 'Federal Republic of Germany', 'DE', 'DEU', 'Germany', '150', '155', 1, 1, 1, '', ''),
(288, 'Accra', 'Ghanaian', '288', 'Ghana cedi', 'GHS', 'pesewa', 'Republic of Ghana', 'GH', 'GHA', 'Ghana', '002', '011', 0, 0, 0, '', ''),
(292, 'Gibraltar', 'Gibraltarian', '292', 'Gibraltar pound', 'GIP', 'penny', 'Gibraltar', 'GI', 'GIB', 'Gibraltar', '150', '039', 0, 0, 0, '', ''),
(296, 'Tarawa', 'Kiribatian', '296', 'Australian dollar', 'AUD', 'cent', 'Republic of Kiribati', 'KI', 'KIR', 'Kiribati', '009', '057', 0, 0, 0, '', ''),
(300, 'Athens', 'Greek', '300', 'euro', 'EUR', 'cent', 'Hellenic Republic', 'GR', 'GRC', 'Greece', '150', '039', 1, 0, 1, '', ''),
(304, 'Nuuk', 'Greenlander', '304', 'Danish krone', 'DKK', 're (inv.)', 'Greenland', 'GL', 'GRL', 'Greenland', '019', '021', 0, 1, 0, '', ''),
(308, 'St Georges', 'Grenadian', '308', 'East Caribbean dollar', 'XCD', 'cent', 'Grenada', 'GD', 'GRD', 'Grenada', '019', '029', 0, 0, 0, '', ''),
(312, 'Basse Terre', 'Guadeloupean', '312', 'euro', 'EUR', 'cent', 'Guadeloupe', 'GP', 'GLP', 'Guadeloupe', '019', '029', 0, 0, 0, '', ''),
(316, 'Agaa (Hagta)', 'Guamanian', '316', 'US dollar', 'USD', 'cent', 'Territory of Guam', 'GU', 'GUM', 'Guam', '009', '057', 0, 0, 0, '', ''),
(320, 'Guatemala City', 'Guatemalan', '320', 'quetzal (pl. quetzales)', 'GTQ', 'centavo', 'Republic of Guatemala', 'GT', 'GTM', 'Guatemala', '019', '013', 0, 0, 0, '', ''),
(324, 'Conakry', 'Guinean', '324', 'Guinean franc', 'GNF', '', 'Republic of Guinea', 'GN', 'GIN', 'Guinea', '002', '011', 0, 0, 0, '', ''),
(328, 'Georgetown', 'Guyanese', '328', 'Guyana dollar', 'GYD', 'cent', 'Cooperative Republic of Guyana', 'GY', 'GUY', 'Guyana', '019', '005', 0, 0, 0, '', ''),
(332, 'Port-au-Prince', 'Haitian', '332', 'gourde', 'HTG', 'centime', 'Republic of Haiti', 'HT', 'HTI', 'Haiti', '019', '029', 0, 0, 0, '', ''),
(334, 'Territory of Heard Island and McDonald Islands', 'of Territory of Heard Island and McDonald Islands', '334', '', '', '', 'Territory of Heard Island and McDonald Islands', 'HM', 'HMD', 'Heard Island and McDonald Islands', '', '', 0, 0, 0, '', ''),
(336, 'Vatican City', 'of the Holy See/of the Vatican', '336', 'euro', 'EUR', 'cent', 'the Holy See/ Vatican City State', 'VA', 'VAT', 'Holy See (Vatican City State)', '150', '039', 0, 0, 0, '', ''),
(340, 'Tegucigalpa', 'Honduran', '340', 'lempira', 'HNL', 'centavo', 'Republic of Honduras', 'HN', 'HND', 'Honduras', '019', '013', 0, 0, 0, '', ''),
(344, '(HK3)', 'Hong Kong Chinese', '344', 'Hong Kong dollar', 'HKD', 'cent', 'Hong Kong Special Administrative Region of the Peoples Republic of China (HK2)', 'HK', 'HKG', 'Hong Kong', '142', '030', 0, 0, 0, '', ''),
(348, 'Budapest', 'Hungarian', '348', 'forint (inv.)', 'HUF', '(fillr (inv.))', 'Republic of Hungary', 'HU', 'HUN', 'Hungary', '150', '151', 1, 0, 1, '', ''),
(352, 'Reykjavik', 'Icelander', '352', 'krna (pl. krnur)', 'ISK', '', 'Republic of Iceland', 'IS', 'ISL', 'Iceland', '150', '154', 0, 1, 1, '', ''),
(356, 'New Delhi', 'Indian', '356', 'Indian rupee', 'INR', 'paisa', 'Republic of India', 'IN', 'IND', 'India', '142', '034', 0, 0, 0, '', ''),
(360, 'Jakarta', 'Indonesian', '360', 'Indonesian rupiah (inv.)', 'IDR', 'sen (inv.)', 'Republic of Indonesia', 'ID', 'IDN', 'Indonesia', '142', '035', 0, 0, 0, '', ''),
(364, 'Tehran', 'Iranian', '364', 'Iranian rial', 'IRR', '(dinar) (IR1)', 'Islamic Republic of Iran', 'IR', 'IRN', 'Iran, Islamic Republic of', '142', '034', 0, 0, 0, '', ''),
(368, 'Baghdad', 'Iraqi', '368', 'Iraqi dinar', 'IQD', 'fils (inv.)', 'Republic of Iraq', 'IQ', 'IRQ', 'Iraq', '142', '145', 0, 0, 0, '', ''),
(372, 'Dublin', 'Irish', '372', 'euro', 'EUR', 'cent', 'Ireland (IE1)', 'IE', 'IRL', 'Ireland', '150', '154', 1, 0, 0, ',', '.'),
(376, '(IL1)', 'Israeli', '376', 'shekel', 'ILS', 'agora', 'State of Israel', 'IL', 'ISR', 'Israel', '142', '145', 0, 1, 0, '', ''),
(380, 'Rome', 'Italian', '380', 'euro', 'EUR', 'cent', 'Italian Republic', 'IT', 'ITA', 'Italy', '150', '039', 1, 1, 1, '', ''),
(384, 'Yamoussoukro (CI1)', 'Ivorian', '384', 'CFA franc (BCEAO)', 'XOF', 'centime', 'Republic of Cte dIvoire', 'CI', 'CIV', 'Cte d\'Ivoire', '002', '011', 0, 0, 0, '', ''),
(388, 'Kingston', 'Jamaican', '388', 'Jamaica dollar', 'JMD', 'cent', 'Jamaica', 'JM', 'JAM', 'Jamaica', '019', '029', 0, 0, 0, '', ''),
(392, 'Tokyo', 'Japanese', '392', 'yen (inv.)', 'JPY', '(sen (inv.)) (JP1)', 'Japan', 'JP', 'JPN', 'Japan', '142', '030', 0, 1, 1, '', ''),
(398, 'Astana', 'Kazakh', '398', 'tenge (inv.)', 'KZT', 'tiyn', 'Republic of Kazakhstan', 'KZ', 'KAZ', 'Kazakhstan', '142', '143', 0, 0, 0, '', ''),
(400, 'Amman', 'Jordanian', '400', 'Jordanian dinar', 'JOD', '100 qirsh', 'Hashemite Kingdom of Jordan', 'JO', 'JOR', 'Jordan', '142', '145', 0, 0, 0, '', ''),
(404, 'Nairobi', 'Kenyan', '404', 'Kenyan shilling', 'KES', 'cent', 'Republic of Kenya', 'KE', 'KEN', 'Kenya', '002', '014', 0, 0, 0, '', ''),
(408, 'Pyongyang', 'North Korean', '408', 'North Korean won (inv.)', 'KPW', 'chun (inv.)', 'Democratic Peoples Republic of Korea', 'KP', 'PRK', 'Korea, Democratic People\'s Republic of', '142', '030', 0, 0, 0, '', ''),
(410, 'Seoul', 'South Korean', '410', 'South Korean won (inv.)', 'KRW', '(chun (inv.))', 'Republic of Korea', 'KR', 'KOR', 'Korea, Republic of', '142', '030', 0, 0, 0, '', ''),
(414, 'Kuwait City', 'Kuwaiti', '414', 'Kuwaiti dinar', 'KWD', 'fils (inv.)', 'State of Kuwait', 'KW', 'KWT', 'Kuwait', '142', '145', 0, 0, 0, '', ''),
(417, 'Bishkek', 'Kyrgyz', '417', 'som', 'KGS', 'tyiyn', 'Kyrgyz Republic', 'KG', 'KGZ', 'Kyrgyzstan', '142', '143', 0, 0, 0, '', ''),
(418, 'Vientiane', 'Lao', '418', 'kip (inv.)', 'LAK', '(at (inv.))', 'Lao Peoples Democratic Republic', 'LA', 'LAO', 'Lao People\'s Democratic Republic', '142', '035', 0, 0, 0, '', ''),
(422, 'Beirut', 'Lebanese', '422', 'Lebanese pound', 'LBP', '(piastre)', 'Lebanese Republic', 'LB', 'LBN', 'Lebanon', '142', '145', 0, 0, 0, '', ''),
(426, 'Maseru', 'Basotho', '426', 'loti (pl. maloti)', 'LSL', 'sente', 'Kingdom of Lesotho', 'LS', 'LSO', 'Lesotho', '002', '018', 0, 0, 0, '', ''),
(428, 'Riga', 'Latvian', '428', 'euro', 'EUR', 'cent', 'Republic of Latvia', 'LV', 'LVA', 'Latvia', '150', '154', 1, 0, 0, '', ''),
(430, 'Monrovia', 'Liberian', '430', 'Liberian dollar', 'LRD', 'cent', 'Republic of Liberia', 'LR', 'LBR', 'Liberia', '002', '011', 0, 0, 0, '', ''),
(434, 'Tripoli', 'Libyan', '434', 'Libyan dinar', 'LYD', 'dirham', 'Socialist Peoples Libyan Arab Jamahiriya', 'LY', 'LBY', 'Libya', '002', '015', 0, 0, 0, '', ''),
(438, 'Vaduz', 'Liechtensteiner', '438', 'Swiss franc', 'CHF', 'centime', 'Principality of Liechtenstein', 'LI', 'LIE', 'Liechtenstein', '150', '155', 0, 0, 0, '', ''),
(440, 'Vilnius', 'Lithuanian', '440', 'euro', 'EUR', 'cent', 'Republic of Lithuania', 'LT', 'LTU', 'Lithuania', '150', '154', 1, 0, 1, '', ''),
(442, 'Luxembourg', 'Luxembourger', '442', 'euro', 'EUR', 'cent', 'Grand Duchy of Luxembourg', 'LU', 'LUX', 'Luxembourg', '150', '155', 1, 1, 0, '', ''),
(446, 'Macao (MO3)', 'Macanese', '446', 'pataca', 'MOP', 'avo', 'Macao Special Administrative Region of the Peoples Republic of China (MO2)', 'MO', 'MAC', 'Macao', '142', '030', 0, 0, 0, '', ''),
(450, 'Antananarivo', 'Malagasy', '450', 'ariary', 'MGA', 'iraimbilanja (inv.)', 'Republic of Madagascar', 'MG', 'MDG', 'Madagascar', '002', '014', 0, 0, 0, '', ''),
(454, 'Lilongwe', 'Malawian', '454', 'Malawian kwacha (inv.)', 'MWK', 'tambala (inv.)', 'Republic of Malawi', 'MW', 'MWI', 'Malawi', '002', '014', 0, 0, 0, '', ''),
(458, 'Kuala Lumpur (MY1)', 'Malaysian', '458', 'ringgit (inv.)', 'MYR', 'sen (inv.)', 'Malaysia', 'MY', 'MYS', 'Malaysia', '142', '035', 0, 1, 0, '', ''),
(462, 'Mal', 'Maldivian', '462', 'rufiyaa', 'MVR', 'laari (inv.)', 'Republic of Maldives', 'MV', 'MDV', 'Maldives', '142', '034', 0, 0, 0, '', ''),
(466, 'Bamako', 'Malian', '466', 'CFA franc (BCEAO)', 'XOF', 'centime', 'Republic of Mali', 'ML', 'MLI', 'Mali', '002', '011', 0, 0, 0, '', ''),
(470, 'Valletta', 'Maltese', '470', 'euro', 'EUR', 'cent', 'Republic of Malta', 'MT', 'MLT', 'Malta', '150', '039', 1, 0, 0, ',', '.'),
(474, 'Fort-de-France', 'Martinican', '474', 'euro', 'EUR', 'cent', 'Martinique', 'MQ', 'MTQ', 'Martinique', '019', '029', 0, 0, 0, '', ''),
(478, 'Nouakchott', 'Mauritanian', '478', 'ouguiya', 'MRO', 'khoum', 'Islamic Republic of Mauritania', 'MR', 'MRT', 'Mauritania', '002', '011', 0, 0, 0, '', ''),
(480, 'Port Louis', 'Mauritian', '480', 'Mauritian rupee', 'MUR', 'cent', 'Republic of Mauritius', 'MU', 'MUS', 'Mauritius', '002', '014', 0, 0, 0, '', ''),
(484, 'Mexico City', 'Mexican', '484', 'Mexican peso', 'MXN', 'centavo', 'United Mexican States', 'MX', 'MEX', 'Mexico', '019', '013', 0, 1, 0, '', ''),
(492, 'Monaco', 'Monegasque', '492', 'euro', 'EUR', 'cent', 'Principality of Monaco', 'MC', 'MCO', 'Monaco', '150', '155', 0, 0, 0, '', ''),
(496, 'Ulan Bator', 'Mongolian', '496', 'tugrik', 'MNT', 'mng (inv.)', 'Mongolia', 'MN', 'MNG', 'Mongolia', '142', '030', 0, 0, 0, '', ''),
(498, 'Chisinau', 'Moldovan', '498', 'Moldovan leu (pl. lei)', 'MDL', 'ban', 'Republic of Moldova', 'MD', 'MDA', 'Moldova, Republic of', '150', '151', 0, 0, 0, '', ''),
(499, 'Podgorica', 'Montenegrin', '499', 'euro', 'EUR', 'cent', 'Montenegro', 'ME', 'MNE', 'Montenegro', '150', '039', 0, 0, 0, '', ''),
(500, 'Plymouth (MS2)', 'Montserratian', '500', 'East Caribbean dollar', 'XCD', 'cent', 'Montserrat', 'MS', 'MSR', 'Montserrat', '019', '029', 0, 0, 0, '', ''),
(504, 'Rabat', 'Moroccan', '504', 'Moroccan dirham', 'MAD', 'centime', 'Kingdom of Morocco', 'MA', 'MAR', 'Morocco', '002', '015', 0, 0, 0, '', ''),
(508, 'Maputo', 'Mozambican', '508', 'metical', 'MZN', 'centavo', 'Republic of Mozambique', 'MZ', 'MOZ', 'Mozambique', '002', '014', 0, 0, 0, '', ''),
(512, 'Muscat', 'Omani', '512', 'Omani rial', 'OMR', 'baiza', 'Sultanate of Oman', 'OM', 'OMN', 'Oman', '142', '145', 0, 0, 0, '', ''),
(516, 'Windhoek', 'Namibian', '516', 'Namibian dollar', 'NAD', 'cent', 'Republic of Namibia', 'NA', 'NAM', 'Namibia', '002', '018', 0, 0, 0, '', ''),
(520, 'Yaren', 'Nauruan', '520', 'Australian dollar', 'AUD', 'cent', 'Republic of Nauru', 'NR', 'NRU', 'Nauru', '009', '057', 0, 0, 0, '', ''),
(524, 'Kathmandu', 'Nepalese', '524', 'Nepalese rupee', 'NPR', 'paisa (inv.)', 'Nepal', 'NP', 'NPL', 'Nepal', '142', '034', 0, 0, 0, '', ''),
(528, 'Amsterdam (NL2)', 'Dutch', '528', 'euro', 'EUR', 'cent', 'Kingdom of the Netherlands', 'NL', 'NLD', 'Netherlands', '150', '155', 1, 1, 0, '', ''),
(531, 'Willemstad', 'Curaaoan', '531', 'Netherlands Antillean guilder (CW1)', 'ANG', 'cent', 'Curaao', 'CW', 'CUW', 'Curaao', '019', '029', 0, 0, 0, '', ''),
(533, 'Oranjestad', 'Aruban', '533', 'Aruban guilder', 'AWG', 'cent', 'Aruba', 'AW', 'ABW', 'Aruba', '019', '029', 0, 0, 0, '', ''),
(534, 'Philipsburg', 'Sint Maartener', '534', 'Netherlands Antillean guilder (SX1)', 'ANG', 'cent', 'Sint Maarten', 'SX', 'SXM', 'Sint Maarten (Dutch part)', '019', '029', 0, 0, 0, '', ''),
(535, NULL, 'of Bonaire, Sint Eustatius and Saba', '535', 'US dollar', 'USD', 'cent', NULL, 'BQ', 'BES', 'Bonaire, Sint Eustatius and Saba', '019', '029', 0, 0, 0, '', ''),
(540, 'Nouma', 'New Caledonian', '540', 'CFP franc', 'XPF', 'centime', 'New Caledonia', 'NC', 'NCL', 'New Caledonia', '009', '054', 0, 0, 0, '', ''),
(548, 'Port Vila', 'Vanuatuan', '548', 'vatu (inv.)', 'VUV', '', 'Republic of Vanuatu', 'VU', 'VUT', 'Vanuatu', '009', '054', 0, 0, 0, '', ''),
(554, 'Wellington', 'New Zealander', '554', 'New Zealand dollar', 'NZD', 'cent', 'New Zealand', 'NZ', 'NZL', 'New Zealand', '009', '053', 0, 0, 0, '', ''),
(558, 'Managua', 'Nicaraguan', '558', 'crdoba oro', 'NIO', 'centavo', 'Republic of Nicaragua', 'NI', 'NIC', 'Nicaragua', '019', '013', 0, 0, 0, '', ''),
(562, 'Niamey', 'Nigerien', '562', 'CFA franc (BCEAO)', 'XOF', 'centime', 'Republic of Niger', 'NE', 'NER', 'Niger', '002', '011', 0, 0, 0, '', ''),
(566, 'Abuja', 'Nigerian', '566', 'naira (inv.)', 'NGN', 'kobo (inv.)', 'Federal Republic of Nigeria', 'NG', 'NGA', 'Nigeria', '002', '011', 0, 0, 0, '', ''),
(570, 'Alofi', 'Niuean', '570', 'New Zealand dollar', 'NZD', 'cent', 'Niue', 'NU', 'NIU', 'Niue', '009', '061', 0, 0, 0, '', ''),
(574, 'Kingston', 'Norfolk Islander', '574', 'Australian dollar', 'AUD', 'cent', 'Territory of Norfolk Island', 'NF', 'NFK', 'Norfolk Island', '009', '053', 0, 0, 0, '', ''),
(578, 'Oslo', 'Norwegian', '578', 'Norwegian krone (pl. kroner)', 'NOK', 're (inv.)', 'Kingdom of Norway', 'NO', 'NOR', 'Norway', '150', '154', 0, 0, 0, '', ''),
(580, 'Saipan', 'Northern Mariana Islander', '580', 'US dollar', 'USD', 'cent', 'Commonwealth of the Northern Mariana Islands', 'MP', 'MNP', 'Northern Mariana Islands', '009', '057', 0, 0, 0, '', ''),
(581, 'United States Minor Outlying Islands', 'of United States Minor Outlying Islands', '581', 'US dollar', 'USD', 'cent', 'United States Minor Outlying Islands', 'UM', 'UMI', 'United States Minor Outlying Islands', '', '', 0, 0, 0, '', ''),
(583, 'Palikir', 'Micronesian', '583', 'US dollar', 'USD', 'cent', 'Federated States of Micronesia', 'FM', 'FSM', 'Micronesia, Federated States of', '009', '057', 0, 0, 0, '', ''),
(584, 'Majuro', 'Marshallese', '584', 'US dollar', 'USD', 'cent', 'Republic of the Marshall Islands', 'MH', 'MHL', 'Marshall Islands', '009', '057', 0, 0, 0, '', ''),
(585, 'Melekeok', 'Palauan', '585', 'US dollar', 'USD', 'cent', 'Republic of Palau', 'PW', 'PLW', 'Palau', '009', '057', 0, 0, 0, '', ''),
(586, 'Islamabad', 'Pakistani', '586', 'Pakistani rupee', 'PKR', 'paisa', 'Islamic Republic of Pakistan', 'PK', 'PAK', 'Pakistan', '142', '034', 0, 0, 0, '', ''),
(591, 'Panama City', 'Panamanian', '591', 'balboa', 'PAB', 'centsimo', 'Republic of Panama', 'PA', 'PAN', 'Panama', '019', '013', 0, 0, 0, '', ''),
(598, 'Port Moresby', 'Papua New Guinean', '598', 'kina (inv.)', 'PGK', 'toea (inv.)', 'Independent State of Papua New Guinea', 'PG', 'PNG', 'Papua New Guinea', '009', '054', 0, 0, 0, '', ''),
(600, 'Asuncin', 'Paraguayan', '600', 'guaran', 'PYG', 'cntimo', 'Republic of Paraguay', 'PY', 'PRY', 'Paraguay', '019', '005', 0, 0, 0, '', ''),
(604, 'Lima', 'Peruvian', '604', 'new sol', 'PEN', 'cntimo', 'Republic of Peru', 'PE', 'PER', 'Peru', '019', '005', 0, 0, 0, '', ''),
(608, 'Manila', 'Filipino', '608', 'Philippine peso', 'PHP', 'centavo', 'Republic of the Philippines', 'PH', 'PHL', 'Philippines', '142', '035', 0, 0, 0, '', ''),
(612, 'Adamstown', 'Pitcairner', '612', 'New Zealand dollar', 'NZD', 'cent', 'Pitcairn Islands', 'PN', 'PCN', 'Pitcairn', '009', '061', 0, 0, 0, '', ''),
(616, 'Warsaw', 'Polish', '616', 'zloty', 'PLN', 'grosz (pl. groszy)', 'Republic of Poland', 'PL', 'POL', 'Poland', '150', '151', 1, 1, 1, '', ''),
(620, 'Lisbon', 'Portuguese', '620', 'euro', 'EUR', 'cent', 'Portuguese Republic', 'PT', 'PRT', 'Portugal', '150', '039', 1, 1, 1, '', ''),
(624, 'Bissau', 'Guinea-Bissau national', '624', 'CFA franc (BCEAO)', 'XOF', 'centime', 'Republic of Guinea-Bissau', 'GW', 'GNB', 'Guinea-Bissau', '002', '011', 0, 0, 0, '', ''),
(626, 'Dili', 'East Timorese', '626', 'US dollar', 'USD', 'cent', 'Democratic Republic of East Timor', 'TL', 'TLS', 'Timor-Leste', '142', '035', 0, 0, 0, '', ''),
(630, 'San Juan', 'Puerto Rican', '630', 'US dollar', 'USD', 'cent', 'Commonwealth of Puerto Rico', 'PR', 'PRI', 'Puerto Rico', '019', '029', 0, 0, 0, '', ''),
(634, 'Doha', 'Qatari', '634', 'Qatari riyal', 'QAR', 'dirham', 'State of Qatar', 'QA', 'QAT', 'Qatar', '142', '145', 0, 0, 0, '', ''),
(638, 'Saint-Denis', 'Reunionese', '638', 'euro', 'EUR', 'cent', 'Runion', 'RE', 'REU', 'Runion', '002', '014', 0, 0, 0, '', ''),
(642, 'Bucharest', 'Romanian', '642', 'Romanian leu (pl. lei)', 'RON', 'ban (pl. bani)', 'Romania', 'RO', 'ROU', 'Romania', '150', '151', 1, 0, 1, '', ''),
(643, 'Moscow', 'Russian', '643', 'Russian rouble', 'RUB', 'kopek', 'Russian Federation', 'RU', 'RUS', 'Russian Federation', '150', '151', 0, 0, 0, '', ''),
(646, 'Kigali', 'Rwandan; Rwandese', '646', 'Rwandese franc', 'RWF', 'centime', 'Republic of Rwanda', 'RW', 'RWA', 'Rwanda', '002', '014', 0, 0, 0, '', ''),
(652, 'Gustavia', 'of Saint Barthlemy', '652', 'euro', 'EUR', 'cent', 'Collectivity of Saint Barthlemy', 'BL', 'BLM', 'Saint Barthlemy', '019', '029', 0, 0, 0, '', ''),
(654, 'Jamestown', 'Saint Helenian', '654', 'Saint Helena pound', 'SHP', 'penny', 'Saint Helena, Ascension and Tristan da Cunha', 'SH', 'SHN', 'Saint Helena, Ascension and Tristan da Cunha', '002', '011', 0, 0, 0, '', ''),
(659, 'Basseterre', 'Kittsian; Nevisian', '659', 'East Caribbean dollar', 'XCD', 'cent', 'Federation of Saint Kitts and Nevis', 'KN', 'KNA', 'Saint Kitts and Nevis', '019', '029', 0, 0, 0, '', ''),
(660, 'The Valley', 'Anguillan', '660', 'East Caribbean dollar', 'XCD', 'cent', 'Anguilla', 'AI', 'AIA', 'Anguilla', '019', '029', 0, 0, 0, '', ''),
(662, 'Castries', 'Saint Lucian', '662', 'East Caribbean dollar', 'XCD', 'cent', 'Saint Lucia', 'LC', 'LCA', 'Saint Lucia', '019', '029', 0, 0, 0, '', ''),
(663, 'Marigot', 'of Saint Martin', '663', 'euro', 'EUR', 'cent', 'Collectivity of Saint Martin', 'MF', 'MAF', 'Saint Martin (French part)', '019', '029', 0, 0, 0, '', ''),
(666, 'Saint-Pierre', 'St-Pierrais; Miquelonnais', '666', 'euro', 'EUR', 'cent', 'Territorial Collectivity of Saint Pierre and Miquelon', 'PM', 'SPM', 'Saint Pierre and Miquelon', '019', '021', 0, 0, 0, '', ''),
(670, 'Kingstown', 'Vincentian', '670', 'East Caribbean dollar', 'XCD', 'cent', 'Saint Vincent and the Grenadines', 'VC', 'VCT', 'Saint Vincent and the Grenadines', '019', '029', 0, 0, 0, '', ''),
(674, 'San Marino', 'San Marinese', '674', 'euro', 'EUR', 'cent', 'Republic of San Marino', 'SM', 'SMR', 'San Marino', '150', '039', 0, 0, 0, '', ''),
(678, 'So Tom', 'So Toman', '678', 'dobra', 'STD', 'centavo', 'Democratic Republic of So Tom and Prncipe', 'ST', 'STP', 'Sao Tome and Principe', '002', '017', 0, 0, 0, '', ''),
(682, 'Riyadh', 'Saudi Arabian', '682', 'riyal', 'SAR', 'halala', 'Kingdom of Saudi Arabia', 'SA', 'SAU', 'Saudi Arabia', '142', '145', 0, 0, 0, '', ''),
(686, 'Dakar', 'Senegalese', '686', 'CFA franc (BCEAO)', 'XOF', 'centime', 'Republic of Senegal', 'SN', 'SEN', 'Senegal', '002', '011', 0, 0, 0, '', ''),
(688, 'Belgrade', 'Serb', '688', 'Serbian dinar', 'RSD', 'para (inv.)', 'Republic of Serbia', 'RS', 'SRB', 'Serbia', '150', '039', 0, 0, 0, '', ''),
(690, 'Victoria', 'Seychellois', '690', 'Seychelles rupee', 'SCR', 'cent', 'Republic of Seychelles', 'SC', 'SYC', 'Seychelles', '002', '014', 0, 0, 0, '', ''),
(694, 'Freetown', 'Sierra Leonean', '694', 'leone', 'SLL', 'cent', 'Republic of Sierra Leone', 'SL', 'SLE', 'Sierra Leone', '002', '011', 0, 0, 0, '', ''),
(702, 'Singapore', 'Singaporean', '702', 'Singapore dollar', 'SGD', 'cent', 'Republic of Singapore', 'SG', 'SGP', 'Singapore', '142', '035', 0, 0, 0, '', ''),
(703, 'Bratislava', 'Slovak', '703', 'euro', 'EUR', 'cent', 'Slovak Republic', 'SK', 'SVK', 'Slovakia', '150', '151', 1, 0, 1, '', ''),
(704, 'Hanoi', 'Vietnamese', '704', 'dong', 'VND', '(10 ho', 'Socialist Republic of Vietnam', 'VN', 'VNM', 'Viet Nam', '142', '035', 0, 0, 0, '', ''),
(705, 'Ljubljana', 'Slovene', '705', 'euro', 'EUR', 'cent', 'Republic of Slovenia', 'SI', 'SVN', 'Slovenia', '150', '039', 1, 0, 1, '', ''),
(706, 'Mogadishu', 'Somali', '706', 'Somali shilling', 'SOS', 'cent', 'Somali Republic', 'SO', 'SOM', 'Somalia', '002', '014', 0, 0, 0, '', ''),
(710, 'Pretoria (ZA1)', 'South African', '710', 'rand', 'ZAR', 'cent', 'Republic of South Africa', 'ZA', 'ZAF', 'South Africa', '002', '018', 0, 0, 0, '', ''),
(716, 'Harare', 'Zimbabwean', '716', 'Zimbabwe dollar (ZW1)', 'ZWL', 'cent', 'Republic of Zimbabwe', 'ZW', 'ZWE', 'Zimbabwe', '002', '014', 0, 0, 0, '', ''),
(724, 'Madrid', 'Spaniard', '724', 'euro', 'EUR', 'cent', 'Kingdom of Spain', 'ES', 'ESP', 'Spain', '150', '039', 1, 1, 1, '', ''),
(728, 'Juba', 'South Sudanese', '728', 'South Sudanese pound', 'SSP', 'piaster', 'Republic of South Sudan', 'SS', 'SSD', 'South Sudan', '002', '015', 0, 0, 0, '', ''),
(729, 'Khartoum', 'Sudanese', '729', 'Sudanese pound', 'SDG', 'piastre', 'Republic of the Sudan', 'SD', 'SDN', 'Sudan', '002', '015', 0, 0, 0, '', ''),
(732, 'Al aaiun', 'Sahrawi', '732', 'Moroccan dirham', 'MAD', 'centime', 'Western Sahara', 'EH', 'ESH', 'Western Sahara', '002', '015', 0, 0, 0, '', ''),
(740, 'Paramaribo', 'Surinamese', '740', 'Surinamese dollar', 'SRD', 'cent', 'Republic of Suriname', 'SR', 'SUR', 'Suriname', '019', '005', 0, 0, 1, '', ''),
(744, 'Longyearbyen', 'of Svalbard', '744', 'Norwegian krone (pl. kroner)', 'NOK', 're (inv.)', 'Svalbard and Jan Mayen', 'SJ', 'SJM', 'Svalbard and Jan Mayen', '150', '154', 0, 0, 0, '', ''),
(748, 'Mbabane', 'Swazi', '748', 'lilangeni', 'SZL', 'cent', 'Kingdom of Swaziland', 'SZ', 'SWZ', 'Swaziland', '002', '018', 0, 0, 0, '', ''),
(752, 'Stockholm', 'Swedish', '752', 'krona (pl. kronor)', 'SEK', 're (inv.)', 'Kingdom of Sweden', 'SE', 'SWE', 'Sweden', '150', '154', 1, 1, 1, '', ''),
(756, 'Berne', 'Swiss', '756', 'Swiss franc', 'CHF', 'centime', 'Swiss Confederation', 'CH', 'CHE', 'Switzerland', '150', '155', 0, 1, 0, '', ''),
(760, 'Damascus', 'Syrian', '760', 'Syrian pound', 'SYP', 'piastre', 'Syrian Arab Republic', 'SY', 'SYR', 'Syrian Arab Republic', '142', '145', 0, 0, 0, '', ''),
(762, 'Dushanbe', 'Tajik', '762', 'somoni', 'TJS', 'diram', 'Republic of Tajikistan', 'TJ', 'TJK', 'Tajikistan', '142', '143', 0, 0, 0, '', ''),
(764, 'Bangkok', 'Thai', '764', 'baht (inv.)', 'THB', 'satang (inv.)', 'Kingdom of Thailand', 'TH', 'THA', 'Thailand', '142', '035', 0, 0, 0, '', ''),
(768, 'Lom', 'Togolese', '768', 'CFA franc (BCEAO)', 'XOF', 'centime', 'Togolese Republic', 'TG', 'TGO', 'Togo', '002', '011', 0, 0, 0, '', ''),
(772, '(TK2)', 'Tokelauan', '772', 'New Zealand dollar', 'NZD', 'cent', 'Tokelau', 'TK', 'TKL', 'Tokelau', '009', '061', 0, 0, 0, '', ''),
(776, 'Nukualofa', 'Tongan', '776', 'paanga (inv.)', 'TOP', 'seniti (inv.)', 'Kingdom of Tonga', 'TO', 'TON', 'Tonga', '009', '061', 0, 0, 0, '', ''),
(780, 'Port of Spain', 'Trinidadian; Tobagonian', '780', 'Trinidad and Tobago dollar', 'TTD', 'cent', 'Republic of Trinidad and Tobago', 'TT', 'TTO', 'Trinidad and Tobago', '019', '029', 0, 0, 0, '', ''),
(784, 'Abu Dhabi', 'Emirian', '784', 'UAE dirham', 'AED', 'fils (inv.)', 'United Arab Emirates', 'AE', 'ARE', 'United Arab Emirates', '142', '145', 0, 0, 0, '', ''),
(788, 'Tunis', 'Tunisian', '788', 'Tunisian dinar', 'TND', 'millime', 'Republic of Tunisia', 'TN', 'TUN', 'Tunisia', '002', '015', 0, 0, 0, '', ''),
(792, 'Ankara', 'Turk', '792', 'Turkish lira (inv.)', 'TRY', 'kurus (inv.)', 'Republic of Turkey', 'TR', 'TUR', 'Turkey', '142', '145', 0, 0, 0, '', ''),
(795, 'Ashgabat', 'Turkmen', '795', 'Turkmen manat (inv.)', 'TMT', 'tenge (inv.)', 'Turkmenistan', 'TM', 'TKM', 'Turkmenistan', '142', '143', 0, 0, 0, '', ''),
(796, 'Cockburn Town', 'Turks and Caicos Islander', '796', 'US dollar', 'USD', 'cent', 'Turks and Caicos Islands', 'TC', 'TCA', 'Turks and Caicos Islands', '019', '029', 0, 0, 0, '', ''),
(798, 'Funafuti', 'Tuvaluan', '798', 'Australian dollar', 'AUD', 'cent', 'Tuvalu', 'TV', 'TUV', 'Tuvalu', '009', '061', 0, 0, 0, '', ''),
(800, 'Kampala', 'Ugandan', '800', 'Uganda shilling', 'UGX', 'cent', 'Republic of Uganda', 'UG', 'UGA', 'Uganda', '002', '014', 0, 0, 0, '', ''),
(804, 'Kiev', 'Ukrainian', '804', 'hryvnia', 'UAH', 'kopiyka', 'Ukraine', 'UA', 'UKR', 'Ukraine', '150', '151', 0, 0, 0, '', ''),
(807, 'Skopje', 'of the former Yugoslav Republic of Macedonia', '807', 'denar (pl. denars)', 'MKD', 'deni (inv.)', 'the former Yugoslav Republic of Macedonia', 'MK', 'MKD', 'Macedonia, the former Yugoslav Republic of', '150', '039', 0, 0, 0, '', ''),
(818, 'Cairo', 'Egyptian', '818', 'Egyptian pound', 'EGP', 'piastre', 'Arab Republic of Egypt', 'EG', 'EGY', 'Egypt', '002', '015', 0, 0, 0, '', ''),
(826, 'London', 'British', '826', 'pound sterling', 'GBP', 'penny (pl. pence)', 'United Kingdom of Great Britain and Northern Ireland', 'GB', 'GBR', 'United Kingdom', '150', '154', 1, 0, 0, '', ''),
(831, 'St Peter Port', 'of Guernsey', '831', 'Guernsey pound (GG2)', 'GGP (GG2)', 'penny (pl. pence)', 'Bailiwick of Guernsey', 'GG', 'GGY', 'Guernsey', '150', '154', 0, 0, 0, '', ''),
(832, 'St Helier', 'of Jersey', '832', 'Jersey pound (JE2)', 'JEP (JE2)', 'penny (pl. pence)', 'Bailiwick of Jersey', 'JE', 'JEY', 'Jersey', '150', '154', 0, 0, 0, '', ''),
(833, 'Douglas', 'Manxman; Manxwoman', '833', 'Manx pound (IM2)', 'IMP (IM2)', 'penny (pl. pence)', 'Isle of Man', 'IM', 'IMN', 'Isle of Man', '150', '154', 0, 0, 0, '', ''),
(834, 'Dodoma (TZ1)', 'Tanzanian', '834', 'Tanzanian shilling', 'TZS', 'cent', 'United Republic of Tanzania', 'TZ', 'TZA', 'Tanzania, United Republic of', '002', '014', 0, 0, 0, '', ''),
(840, 'Washington DC', 'American', '840', 'US dollar', 'USD', 'cent', 'United States of America', 'US', 'USA', 'United States', '019', '021', 0, 0, 0, ',', '.'),
(850, 'Charlotte Amalie', 'US Virgin Islander', '850', 'US dollar', 'USD', 'cent', 'United States Virgin Islands', 'VI', 'VIR', 'Virgin Islands, U.S.', '019', '029', 0, 0, 0, '', ''),
(854, 'Ouagadougou', 'Burkinabe', '854', 'CFA franc (BCEAO)', 'XOF', 'centime', 'Burkina Faso', 'BF', 'BFA', 'Burkina Faso', '002', '011', 0, 0, 0, '', ''),
(858, 'Montevideo', 'Uruguayan', '858', 'Uruguayan peso', 'UYU', 'centsimo', 'Eastern Republic of Uruguay', 'UY', 'URY', 'Uruguay', '019', '005', 0, 1, 0, '', ''),
(860, 'Tashkent', 'Uzbek', '860', 'sum (inv.)', 'UZS', 'tiyin (inv.)', 'Republic of Uzbekistan', 'UZ', 'UZB', 'Uzbekistan', '142', '143', 0, 0, 0, '', ''),
(862, 'Caracas', 'Venezuelan', '862', 'bolvar fuerte (pl. bolvares fuertes)', 'VEF', 'cntimo', 'Bolivarian Republic of Venezuela', 'VE', 'VEN', 'Venezuela, Bolivarian Republic of', '019', '005', 0, 0, 0, '', ''),
(876, 'Mata-Utu', 'Wallisian; Futunan; Wallis and Futuna Islander', '876', 'CFP franc', 'XPF', 'centime', 'Wallis and Futuna', 'WF', 'WLF', 'Wallis and Futuna', '009', '061', 0, 0, 0, '', ''),
(882, 'Apia', 'Samoan', '882', 'tala (inv.)', 'WST', 'sene (inv.)', 'Independent State of Samoa', 'WS', 'WSM', 'Samoa', '009', '061', 0, 0, 0, '', ''),
(887, 'Sana', 'Yemenite', '887', 'Yemeni rial', 'YER', 'fils (inv.)', 'Republic of Yemen', 'YE', 'YEM', 'Yemen', '142', '145', 0, 0, 0, '', ''),
(894, 'Lusaka', 'Zambian', '894', 'Zambian kwacha (inv.)', 'ZMW', 'ngwee (inv.)', 'Republic of Zambia', 'ZM', 'ZMB', 'Zambia', '002', '014', 0, 0, 0, '', ''),
(1000, 'Las Palmas de Gran Canaria / Santa Cruz de Tenerife', 'Spanish', '1000', 'euro', 'EUR', 'cent', 'Canary Islands', 'ES-CN', 'ESP', 'Canary Islands', '142', '024', 1, 0, 0, '', ''),
(1001, 'Ceuta', 'Spanish', '1001', 'euro', 'EUR', 'cent', 'Ceuta', 'ES-CE', 'ESP', 'Ceuta', '142', '020', 1, 0, 0, '', ''),
(1002, 'Melilla', 'Spanish', '1002', 'euro', 'EUR', 'cent', 'Melilla', 'ES-ML', 'ESP', 'Melilla', '142', '021', 1, 0, 0, '', '');

-- --------------------------------------------------------

--
-- Table structure for table `credits`
--

CREATE TABLE `credits` (
  `id` int(10) UNSIGNED NOT NULL,
  `client_id` int(10) UNSIGNED NOT NULL,
  `user_id` int(10) UNSIGNED NOT NULL,
  `assigned_user_id` int(10) UNSIGNED DEFAULT NULL,
  `company_id` int(10) UNSIGNED NOT NULL,
  `status_id` int(10) UNSIGNED NOT NULL,
  `project_id` int(10) UNSIGNED DEFAULT NULL,
  `vendor_id` int(10) UNSIGNED DEFAULT NULL,
  `recurring_id` int(10) UNSIGNED DEFAULT NULL,
  `design_id` int(10) UNSIGNED DEFAULT NULL,
  `invoice_id` int(10) UNSIGNED DEFAULT NULL,
  `number` varchar(191) DEFAULT NULL,
  `discount` decimal(20,6) NOT NULL DEFAULT 0.000000,
  `is_amount_discount` tinyint(1) NOT NULL DEFAULT 0,
  `po_number` varchar(191) DEFAULT NULL,
  `date` date DEFAULT NULL,
  `last_sent_date` datetime DEFAULT NULL,
  `due_date` date DEFAULT NULL,
  `is_deleted` tinyint(1) NOT NULL DEFAULT 0,
  `line_items` mediumtext DEFAULT NULL,
  `backup` mediumtext DEFAULT NULL,
  `footer` text DEFAULT NULL,
  `public_notes` text DEFAULT NULL,
  `private_notes` text DEFAULT NULL,
  `terms` text DEFAULT NULL,
  `tax_name1` varchar(191) DEFAULT NULL,
  `tax_rate1` decimal(20,6) NOT NULL,
  `tax_name2` varchar(191) DEFAULT NULL,
  `tax_rate2` decimal(20,6) NOT NULL,
  `tax_name3` varchar(191) DEFAULT NULL,
  `tax_rate3` decimal(20,6) NOT NULL,
  `total_taxes` decimal(20,6) NOT NULL,
  `uses_inclusive_taxes` tinyint(1) NOT NULL DEFAULT 0,
  `custom_value1` text NOT NULL,
  `custom_value2` text NOT NULL,
  `custom_value3` text NOT NULL,
  `custom_value4` text NOT NULL,
  `next_send_date` datetime DEFAULT NULL,
  `custom_surcharge1` decimal(20,6) DEFAULT NULL,
  `custom_surcharge2` decimal(20,6) DEFAULT NULL,
  `custom_surcharge3` decimal(20,6) DEFAULT NULL,
  `custom_surcharge4` decimal(20,6) DEFAULT NULL,
  `custom_surcharge_tax1` tinyint(1) NOT NULL DEFAULT 0,
  `custom_surcharge_tax2` tinyint(1) NOT NULL DEFAULT 0,
  `custom_surcharge_tax3` tinyint(1) NOT NULL DEFAULT 0,
  `custom_surcharge_tax4` tinyint(1) NOT NULL DEFAULT 0,
  `exchange_rate` decimal(20,6) NOT NULL,
  `amount` decimal(20,6) NOT NULL,
  `balance` decimal(20,6) NOT NULL,
  `partial` decimal(20,6) NOT NULL,
  `partial_due_date` datetime DEFAULT NULL,
  `last_viewed` datetime DEFAULT NULL,
  `created_at` timestamp(6) NULL DEFAULT NULL,
  `updated_at` timestamp(6) NULL DEFAULT NULL,
  `deleted_at` timestamp(6) NULL DEFAULT NULL,
  `reminder1_sent` date DEFAULT NULL,
  `reminder2_sent` date DEFAULT NULL,
  `reminder3_sent` date DEFAULT NULL,
  `reminder_last_sent` date DEFAULT NULL,
  `paid_to_date` decimal(20,6) NOT NULL DEFAULT 0.000000,
  `subscription_id` int(10) UNSIGNED DEFAULT NULL,
  `tax_data` mediumtext DEFAULT NULL,
  `e_invoice` mediumtext DEFAULT NULL
) ENGINE=InnoDB DEFAULT CHARSET=utf8mb4 COLLATE=utf8mb4_unicode_ci;

--
-- Dumping data for table `credits`
--

INSERT INTO `credits` (`id`, `client_id`, `user_id`, `assigned_user_id`, `company_id`, `status_id`, `project_id`, `vendor_id`, `recurring_id`, `design_id`, `invoice_id`, `number`, `discount`, `is_amount_discount`, `po_number`, `date`, `last_sent_date`, `due_date`, `is_deleted`, `line_items`, `backup`, `footer`, `public_notes`, `private_notes`, `terms`, `tax_name1`, `tax_rate1`, `tax_name2`, `tax_rate2`, `tax_name3`, `tax_rate3`, `total_taxes`, `uses_inclusive_taxes`, `custom_value1`, `custom_value2`, `custom_value3`, `custom_value4`, `next_send_date`, `custom_surcharge1`, `custom_surcharge2`, `custom_surcharge3`, `custom_surcharge4`, `custom_surcharge_tax1`, `custom_surcharge_tax2`, `custom_surcharge_tax3`, `custom_surcharge_tax4`, `exchange_rate`, `amount`, `balance`, `partial`, `partial_due_date`, `last_viewed`, `created_at`, `updated_at`, `deleted_at`, `reminder1_sent`, `reminder2_sent`, `reminder3_sent`, `reminder_last_sent`, `paid_to_date`, `subscription_id`, `tax_data`, `e_invoice`) VALUES
(1, 1, 1, NULL, 1, 2, NULL, NULL, NULL, NULL, NULL, '0001', 7.000000, 0, 'Vitae est.', '2025-05-04', NULL, '2016-03-11', 0, '[{\"quantity\":1,\"cost\":457,\"product_key\":\"Sed.\",\"notes\":\"Illum quia non.\",\"discount\":0,\"is_amount_discount\":false,\"tax_name1\":\"VAT\",\"tax_rate1\":17.5,\"tax_name2\":\"\",\"tax_rate2\":0,\"tax_name3\":\"\",\"tax_rate3\":0,\"sort_id\":0,\"line_total\":457,\"gross_line_total\":531.38,\"custom_value1\":\"https:\\/\\/picsum.photos\\/200\",\"custom_value2\":\"10\",\"custom_value3\":\"Accusamus molestiae.\",\"custom_value4\":\"Et possimus debitis.\",\"type_id\":\"1\",\"tax_id\":\"1\",\"product_cost\":0,\"tax_amount\":74.38,\"date\":\"\",\"task_id\":\"\",\"expense_id\":\"\",\"unit_code\":\"C62\"}]', NULL, NULL, NULL, NULL, 'Nihil sit aut similique ullam voluptate molestias maiores. Recusandae officia esse et soluta. Occaecati optio occaecati quae et esse ea labore. Quis accusamus fugit vero praesentium. Necessitatibus laboriosam id sapiente sed consequuntur pariatur quidem. Autem impedit doloribus laborum velit quisquam delectus rerum. Ut necessitatibus natus nemo odit exercitationem.', 'GST', 10.000000, 'VAT', 17.500000, NULL, 0.000000, 191.260000, 0, '', '', '', '', NULL, NULL, NULL, NULL, NULL, 0, 0, 0, 0, 0.000000, 616.270000, 616.270000, 0.000000, NULL, NULL, '2025-07-30 01:40:56.313495', '2025-07-30 01:40:56.423980', NULL, NULL, NULL, NULL, NULL, 0.000000, NULL, NULL, NULL),
(2, 6, 2, NULL, 2, 2, NULL, NULL, NULL, NULL, NULL, '0001', 8.000000, 1, 'Sunt non.', '2025-06-09', NULL, '2018-01-26', 0, '[{\"quantity\":1,\"cost\":11,\"product_key\":\"Dolore.\",\"notes\":\"Sed quae qui.\",\"discount\":0,\"is_amount_discount\":true,\"tax_name1\":\"GST\",\"tax_rate1\":10,\"tax_name2\":\"\",\"tax_rate2\":0,\"tax_name3\":\"\",\"tax_rate3\":0,\"sort_id\":0,\"line_total\":11,\"gross_line_total\":12.1,\"custom_value1\":\"https:\\/\\/picsum.photos\\/200\",\"custom_value2\":\"73\",\"custom_value3\":\"Quae omnis et.\",\"custom_value4\":\"Fugit quam dolorem.\",\"type_id\":\"1\",\"tax_id\":\"1\",\"product_cost\":0,\"tax_amount\":1.1,\"date\":\"\",\"task_id\":\"\",\"expense_id\":\"\",\"unit_code\":\"C62\"},{\"quantity\":1,\"cost\":733,\"product_key\":\"Fugit.\",\"notes\":\"Sequi tempore.\",\"discount\":0,\"is_amount_discount\":true,\"tax_name1\":\"GST\",\"tax_rate1\":10,\"tax_name2\":\"\",\"tax_rate2\":0,\"tax_name3\":\"\",\"tax_rate3\":0,\"sort_id\":0,\"line_total\":733,\"gross_line_total\":806.14,\"custom_value1\":\"https:\\/\\/picsum.photos\\/200\",\"custom_value2\":\"29\",\"custom_value3\":\"Et porro quia omnis.\",\"custom_value4\":\"Nihil nihil dicta.\",\"type_id\":\"1\",\"tax_id\":\"1\",\"product_cost\":0,\"tax_amount\":73.14,\"date\":\"\",\"task_id\":\"\",\"expense_id\":\"\",\"unit_code\":\"C62\"},{\"quantity\":1,\"cost\":383,\"product_key\":\"Odio.\",\"notes\":\"Sapiente sint totam.\",\"discount\":0,\"is_amount_discount\":true,\"tax_name1\":\"VAT\",\"tax_rate1\":17.5,\"tax_name2\":\"\",\"tax_rate2\":0,\"tax_name3\":\"\",\"tax_rate3\":0,\"sort_id\":0,\"line_total\":383,\"gross_line_total\":449.88,\"custom_value1\":\"https:\\/\\/picsum.photos\\/200\",\"custom_value2\":\"73\",\"custom_value3\":\"Vero harum deleniti.\",\"custom_value4\":\"Id autem sit.\",\"type_id\":\"1\",\"tax_id\":\"1\",\"product_cost\":0,\"tax_amount\":66.88,\"date\":\"\",\"task_id\":\"\",\"expense_id\":\"\",\"unit_code\":\"C62\"},{\"quantity\":1,\"cost\":190,\"product_key\":\"Sed.\",\"notes\":\"Quaerat quo nisi.\",\"discount\":0,\"is_amount_discount\":true,\"tax_name1\":\"Sales Tax\",\"tax_rate1\":5,\"tax_name2\":\"\",\"tax_rate2\":0,\"tax_name3\":\"\",\"tax_rate3\":0,\"sort_id\":0,\"line_total\":190,\"gross_line_total\":199.48,\"custom_value1\":\"https:\\/\\/picsum.photos\\/200\",\"custom_value2\":\"90\",\"custom_value3\":\"Quo enim aliquid.\",\"custom_value4\":\"Minima consequuntur.\",\"type_id\":\"1\",\"tax_id\":\"1\",\"product_cost\":0,\"tax_amount\":9.48,\"date\":\"\",\"task_id\":\"\",\"expense_id\":\"\",\"unit_code\":\"C62\"},{\"quantity\":1,\"cost\":398,\"product_key\":\"Aut.\",\"notes\":\"Sed quis delectus.\",\"discount\":0,\"is_amount_discount\":true,\"tax_name1\":\"Sales Tax\",\"tax_rate1\":5,\"tax_name2\":\"\",\"tax_rate2\":0,\"tax_name3\":\"\",\"tax_rate3\":0,\"sort_id\":0,\"line_total\":398,\"gross_line_total\":417.86,\"custom_value1\":\"https:\\/\\/picsum.photos\\/200\",\"custom_value2\":\"26\",\"custom_value3\":\"Voluptatem facere.\",\"custom_value4\":\"Rerum et fugit quas.\",\"type_id\":\"1\",\"tax_id\":\"1\",\"product_cost\":0,\"tax_amount\":19.86,\"date\":\"\",\"task_id\":\"\",\"expense_id\":\"\",\"unit_code\":\"C62\"},{\"quantity\":1,\"cost\":697,\"product_key\":\"Et ea.\",\"notes\":\"Culpa qui voluptate.\",\"discount\":0,\"is_amount_discount\":true,\"tax_name1\":\"GST\",\"tax_rate1\":10,\"tax_name2\":\"\",\"tax_rate2\":0,\"tax_name3\":\"\",\"tax_rate3\":0,\"sort_id\":0,\"line_total\":697,\"gross_line_total\":766.55,\"custom_value1\":\"https:\\/\\/picsum.photos\\/200\",\"custom_value2\":\"26\",\"custom_value3\":\"Quis et ipsa.\",\"custom_value4\":\"Harum possimus enim.\",\"type_id\":\"1\",\"tax_id\":\"1\",\"product_cost\":0,\"tax_amount\":69.55,\"date\":\"\",\"task_id\":\"\",\"expense_id\":\"\",\"unit_code\":\"C62\"},{\"quantity\":1,\"cost\":480,\"product_key\":\"Et.\",\"notes\":\"Eaque sit.\",\"discount\":0,\"is_amount_discount\":true,\"tax_name1\":\"Sales Tax\",\"tax_rate1\":5,\"tax_name2\":\"\",\"tax_rate2\":0,\"tax_name3\":\"\",\"tax_rate3\":0,\"sort_id\":0,\"line_total\":480,\"gross_line_total\":503.95,\"custom_value1\":\"https:\\/\\/picsum.photos\\/200\",\"custom_value2\":\"45\",\"custom_value3\":\"Accusamus ratione.\",\"custom_value4\":\"Consectetur.\",\"type_id\":\"1\",\"tax_id\":\"1\",\"product_cost\":0,\"tax_amount\":23.95,\"date\":\"\",\"task_id\":\"\",\"expense_id\":\"\",\"unit_code\":\"C62\"},{\"quantity\":1,\"cost\":125,\"product_key\":\"Eum.\",\"notes\":\"Aut laudantium at.\",\"discount\":0,\"is_amount_discount\":true,\"tax_name1\":\"Sales Tax\",\"tax_rate1\":5,\"tax_name2\":\"\",\"tax_rate2\":0,\"tax_name3\":\"\",\"tax_rate3\":0,\"sort_id\":0,\"line_total\":125,\"gross_line_total\":131.24,\"custom_value1\":\"https:\\/\\/picsum.photos\\/200\",\"custom_value2\":\"74\",\"custom_value3\":\"Officiis dolores.\",\"custom_value4\":\"Eos consequatur.\",\"type_id\":\"1\",\"tax_id\":\"1\",\"product_cost\":0,\"tax_amount\":6.24,\"date\":\"\",\"task_id\":\"\",\"expense_id\":\"\",\"unit_code\":\"C62\"},{\"quantity\":1,\"cost\":589,\"product_key\":\"Odio.\",\"notes\":\"Autem officia nihil.\",\"discount\":0,\"is_amount_discount\":true,\"tax_name1\":\"Sales Tax\",\"tax_rate1\":5,\"tax_name2\":\"\",\"tax_rate2\":0,\"tax_name3\":\"\",\"tax_rate3\":0,\"sort_id\":0,\"line_total\":589,\"gross_line_total\":618.38,\"custom_value1\":\"https:\\/\\/picsum.photos\\/200\",\"custom_value2\":\"95\",\"custom_value3\":\"Veniam in.\",\"custom_value4\":\"Beatae fuga.\",\"type_id\":\"1\",\"tax_id\":\"1\",\"product_cost\":0,\"tax_amount\":29.38,\"date\":\"\",\"task_id\":\"\",\"expense_id\":\"\",\"unit_code\":\"C62\"}]', NULL, NULL, NULL, NULL, 'Aut possimus corporis consectetur laboriosam eveniet. Doloribus fuga autem occaecati dolorum laborum. Cupiditate explicabo sed impedit. Alias quia sint labore. Minus rerum voluptatum et. Aspernatur dolorem et voluptatem. Velit dolorum sunt sint et laudantium aspernatur. Quis repudiandae magnam veritatis voluptas unde molestiae ut. Illum temporibus quae in quaerat.', 'GST', 10.000000, 'VAT', 17.500000, NULL, 0.000000, 1289.030000, 0, '', '', '', '', NULL, NULL, NULL, NULL, NULL, 0, 0, 0, 0, 0.000000, 4887.030000, 4887.030000, 0.000000, NULL, NULL, '2025-07-30 01:41:04.507524', '2025-07-30 01:41:04.688370', NULL, NULL, NULL, NULL, NULL, 0.000000, NULL, NULL, NULL),
(3, 6, 2, NULL, 2, 2, NULL, NULL, NULL, NULL, NULL, '0002', 3.000000, 0, 'Beatae id.', '2025-07-23', NULL, '1979-07-22', 0, '[{\"quantity\":1,\"cost\":945,\"product_key\":\"Et.\",\"notes\":\"Est voluptatem.\",\"discount\":0,\"is_amount_discount\":false,\"tax_name1\":\"VAT\",\"tax_rate1\":17.5,\"tax_name2\":\"\",\"tax_rate2\":0,\"tax_name3\":\"\",\"tax_rate3\":0,\"sort_id\":0,\"line_total\":945,\"gross_line_total\":1105.41,\"custom_value1\":\"https:\\/\\/picsum.photos\\/200\",\"custom_value2\":\"72\",\"custom_value3\":\"Quibusdam eum quam.\",\"custom_value4\":\"Deserunt voluptate.\",\"type_id\":\"1\",\"tax_id\":\"1\",\"product_cost\":0,\"tax_amount\":160.41,\"date\":\"\",\"task_id\":\"\",\"expense_id\":\"\",\"unit_code\":\"C62\"}]', NULL, NULL, NULL, NULL, 'Dolor saepe sit voluptatem quas quod ut autem. Nihil sequi nulla non quas facere. Eum in voluptatibus neque ullam ut minus similique. Aut sed nam nesciunt qui excepturi nam. Porro voluptatem dignissimos deleniti distinctio suscipit. Accusantium impedit quo architecto necessitatibus omnis explicabo magnam dolorum. Consequuntur dolorem enim in ullam repudiandae natus nulla. Sapiente voluptatem non mollitia aspernatur. Nemo iure quae et doloremque quo voluptatibus.', 'GST', 10.000000, 'VAT', 17.500000, 'CA Sales Tax', 5.000000, 458.320000, 0, '', '', '', '', NULL, NULL, NULL, NULL, NULL, 0, 0, 0, 0, 0.000000, 1374.970000, 1374.970000, 0.000000, NULL, NULL, '2025-07-30 01:41:08.835143', '2025-07-30 01:41:08.933845', NULL, NULL, NULL, NULL, NULL, 0.000000, NULL, NULL, NULL),
(4, 5, 2, NULL, 2, 2, NULL, NULL, NULL, NULL, NULL, '0003', 3.000000, 0, 'Adipisci.', '2025-05-08', NULL, '2003-01-07', 0, '[{\"quantity\":1,\"cost\":869,\"product_key\":\"Quam.\",\"notes\":\"Nisi fugiat qui nam.\",\"discount\":0,\"is_amount_discount\":false,\"tax_name1\":\"Sales Tax\",\"tax_rate1\":5,\"tax_name2\":\"\",\"tax_rate2\":0,\"tax_name3\":\"\",\"tax_rate3\":0,\"sort_id\":0,\"line_total\":869,\"gross_line_total\":911.15,\"custom_value1\":\"https:\\/\\/picsum.photos\\/200\",\"custom_value2\":\"76\",\"custom_value3\":\"Aut optio.\",\"custom_value4\":\"Nesciunt dolores.\",\"type_id\":\"1\",\"tax_id\":\"1\",\"product_cost\":0,\"tax_amount\":42.15,\"date\":\"\",\"task_id\":\"\",\"expense_id\":\"\",\"unit_code\":\"C62\"}]', NULL, NULL, NULL, NULL, 'Explicabo excepturi veritatis voluptatum veniam doloremque ducimus et aut. Et dolor in ut voluptate praesentium. Voluptas cupiditate dicta nihil aut est. Vel ducimus dignissimos sed ea sed perspiciatis. Harum fuga velit sint tempore cum aut. Eligendi error qui non inventore. Doloribus sapiente assumenda dolores. Atque in eos aliquam non. Saepe nisi veritatis omnis repellendus sit deserunt accusantium. Aliquid excepturi deleniti voluptas dolore.', 'GST', 10.000000, 'VAT', 17.500000, 'CA Sales Tax', 5.000000, 316.100000, 0, '', '', '', '', NULL, NULL, NULL, NULL, NULL, 0, 0, 0, 0, 0.000000, 1159.030000, 1159.030000, 0.000000, NULL, NULL, '2025-07-30 01:41:11.379263', '2025-07-30 01:41:11.515950', NULL, NULL, NULL, NULL, NULL, 0.000000, NULL, NULL, NULL),
(5, 7, 2, NULL, 2, 2, NULL, NULL, NULL, NULL, NULL, '0004', 1.000000, 0, 'Itaque.', '2025-06-04', NULL, '1971-03-20', 0, '[{\"quantity\":1,\"cost\":190,\"product_key\":\"Sed.\",\"notes\":\"Quaerat quo nisi.\",\"discount\":0,\"is_amount_discount\":false,\"tax_name1\":\"\",\"tax_rate1\":0,\"tax_name2\":\"\",\"tax_rate2\":0,\"tax_name3\":\"\",\"tax_rate3\":0,\"sort_id\":0,\"line_total\":190,\"gross_line_total\":190,\"custom_value1\":\"https:\\/\\/picsum.photos\\/200\",\"custom_value2\":\"90\",\"custom_value3\":\"Quo enim aliquid.\",\"custom_value4\":\"Minima consequuntur.\",\"type_id\":\"1\",\"tax_id\":\"1\",\"product_cost\":0,\"tax_amount\":0,\"date\":\"\",\"task_id\":\"\",\"expense_id\":\"\",\"unit_code\":\"C62\"},{\"quantity\":1,\"cost\":488,\"product_key\":\"Et aut.\",\"notes\":\"Consectetur itaque.\",\"discount\":0,\"is_amount_discount\":false,\"tax_name1\":\"Sales Tax\",\"tax_rate1\":5,\"tax_name2\":\"\",\"tax_rate2\":0,\"tax_name3\":\"\",\"tax_rate3\":0,\"sort_id\":0,\"line_total\":488,\"gross_line_total\":512.16,\"custom_value1\":\"https:\\/\\/picsum.photos\\/200\",\"custom_value2\":\"17\",\"custom_value3\":\"Voluptatibus.\",\"custom_value4\":\"Sit dolores dolorum.\",\"type_id\":\"1\",\"tax_id\":\"1\",\"product_cost\":0,\"tax_amount\":24.16,\"date\":\"\",\"task_id\":\"\",\"expense_id\":\"\",\"unit_code\":\"C62\"}]', NULL, NULL, NULL, NULL, 'Reprehenderit inventore voluptatibus repellendus soluta ex reprehenderit reprehenderit. Praesentium praesentium similique distinctio qui magni. Exercitationem qui repudiandae amet earum nihil sed. Et quos quisquam perferendis velit suscipit nam sit. Tempora corporis et sed. Mollitia quis velit aut et delectus eos enim. Ut unde sit illo alias et adipisci illum. Expedita omnis impedit officiis quas et unde quo. Quas omnis illum vel officia possimus minus.', 'GST', 10.000000, 'VAT', 17.500000, NULL, 0.000000, 208.740000, 0, '', '', '', '', NULL, NULL, NULL, NULL, NULL, 0, 0, 0, 0, 0.000000, 879.960000, 879.960000, 0.000000, NULL, NULL, '2025-07-30 01:41:17.556931', '2025-07-30 01:41:17.688527', NULL, NULL, NULL, NULL, NULL, 0.000000, NULL, NULL, NULL),
(6, 3, 2, NULL, 2, 2, NULL, NULL, NULL, NULL, NULL, '0005', 9.000000, 0, 'Officia.', '2025-05-09', NULL, '2023-10-14', 0, '[{\"quantity\":1,\"cost\":823,\"product_key\":\"Fugit.\",\"notes\":\"Magni quo.\",\"discount\":0,\"is_amount_discount\":false,\"tax_name1\":\"Sales Tax\",\"tax_rate1\":5,\"tax_name2\":\"\",\"tax_rate2\":0,\"tax_name3\":\"\",\"tax_rate3\":0,\"sort_id\":0,\"line_total\":823,\"gross_line_total\":860.45,\"custom_value1\":\"https:\\/\\/picsum.photos\\/200\",\"custom_value2\":\"82\",\"custom_value3\":\"Voluptas.\",\"custom_value4\":\"Repellendus saepe.\",\"type_id\":\"1\",\"tax_id\":\"1\",\"product_cost\":0,\"tax_amount\":37.45,\"date\":\"\",\"task_id\":\"\",\"expense_id\":\"\",\"unit_code\":\"C62\"},{\"quantity\":1,\"cost\":457,\"product_key\":\"Sed.\",\"notes\":\"Illum quia non.\",\"discount\":0,\"is_amount_discount\":false,\"tax_name1\":\"Sales Tax\",\"tax_rate1\":5,\"tax_name2\":\"\",\"tax_rate2\":0,\"tax_name3\":\"\",\"tax_rate3\":0,\"sort_id\":0,\"line_total\":457,\"gross_line_total\":477.79,\"custom_value1\":\"https:\\/\\/picsum.photos\\/200\",\"custom_value2\":\"10\",\"custom_value3\":\"Accusamus molestiae.\",\"custom_value4\":\"Et possimus debitis.\",\"type_id\":\"1\",\"tax_id\":\"1\",\"product_cost\":0,\"tax_amount\":20.79,\"date\":\"\",\"task_id\":\"\",\"expense_id\":\"\",\"unit_code\":\"C62\"},{\"quantity\":1,\"cost\":443,\"product_key\":\"Quidem.\",\"notes\":\"Quibusdam earum.\",\"discount\":0,\"is_amount_discount\":false,\"tax_name1\":\"VAT\",\"tax_rate1\":17.5,\"tax_name2\":\"\",\"tax_rate2\":0,\"tax_name3\":\"\",\"tax_rate3\":0,\"sort_id\":0,\"line_total\":443,\"gross_line_total\":513.55,\"custom_value1\":\"https:\\/\\/picsum.photos\\/200\",\"custom_value2\":\"4\",\"custom_value3\":\"Aut sunt vel.\",\"custom_value4\":\"Natus veniam rerum.\",\"type_id\":\"1\",\"tax_id\":\"1\",\"product_cost\":0,\"tax_amount\":70.55,\"date\":\"\",\"task_id\":\"\",\"expense_id\":\"\",\"unit_code\":\"C62\"},{\"quantity\":1,\"cost\":652,\"product_key\":\"Cum.\",\"notes\":\"Maiores placeat.\",\"discount\":0,\"is_amount_discount\":false,\"tax_name1\":\"Sales Tax\",\"tax_rate1\":5,\"tax_name2\":\"\",\"tax_rate2\":0,\"tax_name3\":\"\",\"tax_rate3\":0,\"sort_id\":0,\"line_total\":652,\"gross_line_total\":681.67,\"custom_value1\":\"https:\\/\\/picsum.photos\\/200\",\"custom_value2\":\"56\",\"custom_value3\":\"Cumque eos.\",\"custom_value4\":\"Eius accusantium id.\",\"type_id\":\"1\",\"tax_id\":\"1\",\"product_cost\":0,\"tax_amount\":29.67,\"date\":\"\",\"task_id\":\"\",\"expense_id\":\"\",\"unit_code\":\"C62\"},{\"quantity\":1,\"cost\":534,\"product_key\":\"Ut sed.\",\"notes\":\"Amet aut doloremque.\",\"discount\":0,\"is_amount_discount\":false,\"tax_name1\":\"Sales Tax\",\"tax_rate1\":5,\"tax_name2\":\"\",\"tax_rate2\":0,\"tax_name3\":\"\",\"tax_rate3\":0,\"sort_id\":0,\"line_total\":534,\"gross_line_total\":558.3,\"custom_value1\":\"https:\\/\\/picsum.photos\\/200\",\"custom_value2\":\"91\",\"custom_value3\":\"Atque aliquam.\",\"custom_value4\":\"Repellendus magni.\",\"type_id\":\"1\",\"tax_id\":\"1\",\"product_cost\":0,\"tax_amount\":24.3,\"date\":\"\",\"task_id\":\"\",\"expense_id\":\"\",\"unit_code\":\"C62\"},{\"quantity\":1,\"cost\":303,\"product_key\":\"Porro.\",\"notes\":\"Quae numquam.\",\"discount\":0,\"is_amount_discount\":false,\"tax_name1\":\"GST\",\"tax_rate1\":10,\"tax_name2\":\"\",\"tax_rate2\":0,\"tax_name3\":\"\",\"tax_rate3\":0,\"sort_id\":0,\"line_total\":303,\"gross_line_total\":330.57,\"custom_value1\":\"https:\\/\\/picsum.photos\\/200\",\"custom_value2\":\"93\",\"custom_value3\":\"Corrupti.\",\"custom_value4\":\"Rerum hic et est.\",\"type_id\":\"1\",\"tax_id\":\"1\",\"product_cost\":0,\"tax_amount\":27.57,\"date\":\"\",\"task_id\":\"\",\"expense_id\":\"\",\"unit_code\":\"C62\"},{\"quantity\":1,\"cost\":265,\"product_key\":\"Sed.\",\"notes\":\"Dolorem sapiente.\",\"discount\":0,\"is_amount_discount\":false,\"tax_name1\":\"Sales Tax\",\"tax_rate1\":5,\"tax_name2\":\"\",\"tax_rate2\":0,\"tax_name3\":\"\",\"tax_rate3\":0,\"sort_id\":0,\"line_total\":265,\"gross_line_total\":277.06,\"custom_value1\":\"https:\\/\\/picsum.photos\\/200\",\"custom_value2\":\"80\",\"custom_value3\":\"Porro omnis sunt ab.\",\"custom_value4\":\"Nam autem voluptas.\",\"type_id\":\"1\",\"tax_id\":\"1\",\"product_cost\":0,\"tax_amount\":12.06,\"date\":\"\",\"task_id\":\"\",\"expense_id\":\"\",\"unit_code\":\"C62\"},{\"quantity\":1,\"cost\":739,\"product_key\":\"Et cum.\",\"notes\":\"Voluptatem est ad.\",\"discount\":0,\"is_amount_discount\":false,\"tax_name1\":\"Sales Tax\",\"tax_rate1\":5,\"tax_name2\":\"\",\"tax_rate2\":0,\"tax_name3\":\"\",\"tax_rate3\":0,\"sort_id\":0,\"line_total\":739,\"gross_line_total\":772.62,\"custom_value1\":\"https:\\/\\/picsum.photos\\/200\",\"custom_value2\":\"68\",\"custom_value3\":\"Ea sit ex assumenda.\",\"custom_value4\":\"Et nihil ut.\",\"type_id\":\"1\",\"tax_id\":\"1\",\"product_cost\":0,\"tax_amount\":33.62,\"date\":\"\",\"task_id\":\"\",\"expense_id\":\"\",\"unit_code\":\"C62\"}]', NULL, NULL, NULL, NULL, 'Eos non quaerat quasi laboriosam. Sed aliquid voluptas sed voluptatum assumenda vel pariatur. Praesentium dolor ratione vel ipsa. Eveniet quis in quia vel. Corporis voluptatem sed delectus nostrum ut ipsa. Debitis ut ea beatae qui voluptatem architecto voluptas id. Omnis velit est recusandae esse cumque numquam.', 'GST', 10.000000, 'VAT', 17.500000, NULL, 0.000000, 1311.070000, 0, '', '', '', '', NULL, NULL, NULL, NULL, NULL, 0, 0, 0, 0, 0.000000, 5147.630000, 5147.630000, 0.000000, NULL, NULL, '2025-07-30 01:41:19.944072', '2025-07-30 01:41:20.131498', NULL, NULL, NULL, NULL, NULL, 0.000000, NULL, NULL, NULL),
(7, 5, 2, NULL, 2, 2, NULL, NULL, NULL, NULL, NULL, '0006', 3.000000, 1, 'Ratione.', '2025-07-18', NULL, '1997-02-25', 0, '[{\"quantity\":1,\"cost\":735,\"product_key\":\"Sit.\",\"notes\":\"Voluptatibus eos.\",\"discount\":0,\"is_amount_discount\":true,\"tax_name1\":\"Sales Tax\",\"tax_rate1\":5,\"tax_name2\":\"\",\"tax_rate2\":0,\"tax_name3\":\"\",\"tax_rate3\":0,\"sort_id\":0,\"line_total\":735,\"gross_line_total\":771.68,\"custom_value1\":\"https:\\/\\/picsum.photos\\/200\",\"custom_value2\":\"47\",\"custom_value3\":\"Placeat quia fugiat.\",\"custom_value4\":\"Saepe et aut in.\",\"type_id\":\"1\",\"tax_id\":\"1\",\"product_cost\":0,\"tax_amount\":36.68,\"date\":\"\",\"task_id\":\"\",\"expense_id\":\"\",\"unit_code\":\"C62\"},{\"quantity\":1,\"cost\":795,\"product_key\":\"A eius.\",\"notes\":\"Quibusdam.\",\"discount\":0,\"is_amount_discount\":true,\"tax_name1\":\"VAT\",\"tax_rate1\":17.5,\"tax_name2\":\"\",\"tax_rate2\":0,\"tax_name3\":\"\",\"tax_rate3\":0,\"sort_id\":0,\"line_total\":795,\"gross_line_total\":933.85,\"custom_value1\":\"https:\\/\\/picsum.photos\\/200\",\"custom_value2\":\"38\",\"custom_value3\":\"Aut maxime eos.\",\"custom_value4\":\"Sed voluptatum et.\",\"type_id\":\"1\",\"tax_id\":\"1\",\"product_cost\":0,\"tax_amount\":138.85,\"date\":\"\",\"task_id\":\"\",\"expense_id\":\"\",\"unit_code\":\"C62\"}]', NULL, NULL, NULL, NULL, 'Rerum molestiae omnis in placeat dolorem nihil et. Ipsam laboriosam qui officia quia debitis doloribus ut. Ratione et laboriosam non accusantium. Omnis enim est modi. Pariatur natus omnis et reprehenderit et. Maxime facilis incidunt distinctio libero tenetur quia tempora. Sed ad est veniam velit quisquam. Quod sequi voluptas consequatur dolores. Quia nulla qui magnam est quae aliquid. Neque quas nostrum maxime doloribus consectetur fugit. Amet blanditiis voluptas repellendus molestias ipsa.', 'GST', 10.000000, 'VAT', 17.500000, 'CA Sales Tax', 5.000000, 671.810000, 0, '', '', '', '', NULL, NULL, NULL, NULL, NULL, 0, 0, 0, 0, 0.000000, 2198.810000, 2198.810000, 0.000000, NULL, NULL, '2025-07-30 01:41:24.269279', '2025-07-30 01:41:24.427423', NULL, NULL, NULL, NULL, NULL, 0.000000, NULL, NULL, NULL),
(8, 11, 2, NULL, 2, 2, NULL, NULL, NULL, NULL, NULL, '0007', 4.000000, 0, 'Aut sit.', '2025-07-03', NULL, '1984-03-26', 0, '[{\"quantity\":1,\"cost\":293,\"product_key\":\"Amet.\",\"notes\":\"Ipsam cumque.\",\"discount\":0,\"is_amount_discount\":false,\"tax_name1\":\"Sales Tax\",\"tax_rate1\":5,\"tax_name2\":\"\",\"tax_rate2\":0,\"tax_name3\":\"\",\"tax_rate3\":0,\"sort_id\":0,\"line_total\":293,\"gross_line_total\":307.06,\"custom_value1\":\"https:\\/\\/picsum.photos\\/200\",\"custom_value2\":\"98\",\"custom_value3\":\"Laborum mollitia.\",\"custom_value4\":\"Qui et ratione est.\",\"type_id\":\"1\",\"tax_id\":\"1\",\"product_cost\":0,\"tax_amount\":14.06,\"date\":\"\",\"task_id\":\"\",\"expense_id\":\"\",\"unit_code\":\"C62\"},{\"quantity\":1,\"cost\":580,\"product_key\":\"Magni.\",\"notes\":\"Qui quia hic.\",\"discount\":0,\"is_amount_discount\":false,\"tax_name1\":\"VAT\",\"tax_rate1\":17.5,\"tax_name2\":\"\",\"tax_rate2\":0,\"tax_name3\":\"\",\"tax_rate3\":0,\"sort_id\":0,\"line_total\":580,\"gross_line_total\":677.44,\"custom_value1\":\"https:\\/\\/picsum.photos\\/200\",\"custom_value2\":\"55\",\"custom_value3\":\"Eveniet aut dolorum.\",\"custom_value4\":\"Sunt labore ipsam.\",\"type_id\":\"1\",\"tax_id\":\"1\",\"product_cost\":0,\"tax_amount\":97.44,\"date\":\"\",\"task_id\":\"\",\"expense_id\":\"\",\"unit_code\":\"C62\"},{\"quantity\":1,\"cost\":605,\"product_key\":\"Quia.\",\"notes\":\"Asperiores qui ipsa.\",\"discount\":0,\"is_amount_discount\":false,\"tax_name1\":\"Sales Tax\",\"tax_rate1\":5,\"tax_name2\":\"\",\"tax_rate2\":0,\"tax_name3\":\"\",\"tax_rate3\":0,\"sort_id\":0,\"line_total\":605,\"gross_line_total\":634.04,\"custom_value1\":\"https:\\/\\/picsum.photos\\/200\",\"custom_value2\":\"53\",\"custom_value3\":\"Quo rerum velit.\",\"custom_value4\":\"Qui vero natus.\",\"type_id\":\"1\",\"tax_id\":\"1\",\"product_cost\":0,\"tax_amount\":29.04,\"date\":\"\",\"task_id\":\"\",\"expense_id\":\"\",\"unit_code\":\"C62\"},{\"quantity\":1,\"cost\":18,\"product_key\":\"Saepe.\",\"notes\":\"Quia tenetur.\",\"discount\":0,\"is_amount_discount\":false,\"tax_name1\":\"VAT\",\"tax_rate1\":17.5,\"tax_name2\":\"\",\"tax_rate2\":0,\"tax_name3\":\"\",\"tax_rate3\":0,\"sort_id\":0,\"line_total\":18,\"gross_line_total\":21.02,\"custom_value1\":\"https:\\/\\/picsum.photos\\/200\",\"custom_value2\":\"75\",\"custom_value3\":\"Debitis saepe quia.\",\"custom_value4\":\"Est voluptatibus.\",\"type_id\":\"1\",\"tax_id\":\"1\",\"product_cost\":0,\"tax_amount\":3.02,\"date\":\"\",\"task_id\":\"\",\"expense_id\":\"\",\"unit_code\":\"C62\"},{\"quantity\":1,\"cost\":584,\"product_key\":\"Rem.\",\"notes\":\"Et quaerat sed.\",\"discount\":0,\"is_amount_discount\":false,\"tax_name1\":\"Sales Tax\",\"tax_rate1\":5,\"tax_name2\":\"\",\"tax_rate2\":0,\"tax_name3\":\"\",\"tax_rate3\":0,\"sort_id\":0,\"line_total\":584,\"gross_line_total\":612.03,\"custom_value1\":\"https:\\/\\/picsum.photos\\/200\",\"custom_value2\":\"92\",\"custom_value3\":\"Temporibus voluptas.\",\"custom_value4\":\"Veniam consequuntur.\",\"type_id\":\"1\",\"tax_id\":\"1\",\"product_cost\":0,\"tax_amount\":28.03,\"date\":\"\",\"task_id\":\"\",\"expense_id\":\"\",\"unit_code\":\"C62\"},{\"quantity\":1,\"cost\":383,\"product_key\":\"Odio.\",\"notes\":\"Sapiente sint totam.\",\"discount\":0,\"is_amount_discount\":false,\"tax_name1\":\"Sales Tax\",\"tax_rate1\":5,\"tax_name2\":\"\",\"tax_rate2\":0,\"tax_name3\":\"\",\"tax_rate3\":0,\"sort_id\":0,\"line_total\":383,\"gross_line_total\":401.38,\"custom_value1\":\"https:\\/\\/picsum.photos\\/200\",\"custom_value2\":\"73\",\"custom_value3\":\"Vero harum deleniti.\",\"custom_value4\":\"Id autem sit.\",\"type_id\":\"1\",\"tax_id\":\"1\",\"product_cost\":0,\"tax_amount\":18.38,\"date\":\"\",\"task_id\":\"\",\"expense_id\":\"\",\"unit_code\":\"C62\"},{\"quantity\":1,\"cost\":394,\"product_key\":\"Est ad.\",\"notes\":\"Odit facere qui sit.\",\"discount\":0,\"is_amount_discount\":false,\"tax_name1\":\"VAT\",\"tax_rate1\":17.5,\"tax_name2\":\"\",\"tax_rate2\":0,\"tax_name3\":\"\",\"tax_rate3\":0,\"sort_id\":0,\"line_total\":394,\"gross_line_total\":460.19,\"custom_value1\":\"https:\\/\\/picsum.photos\\/200\",\"custom_value2\":\"54\",\"custom_value3\":\"Veniam qui beatae.\",\"custom_value4\":\"Et et ea aut.\",\"type_id\":\"1\",\"tax_id\":\"1\",\"product_cost\":0,\"tax_amount\":66.19,\"date\":\"\",\"task_id\":\"\",\"expense_id\":\"\",\"unit_code\":\"C62\"}]', NULL, NULL, NULL, NULL, 'Voluptas ullam aut laudantium iure. Est nostrum corporis qui ut voluptatibus asperiores. Assumenda nemo repellendus asperiores dicta et ut. Corporis et neque dolores aut id. Sit quidem perferendis officia eveniet. Qui vero ipsam voluptatem adipisci. Cumque accusamus pariatur suscipit dolores ipsam asperiores in omnis. Impedit sint aliquam fuga odio non hic amet consequatur. Libero rerum eos accusantium laborum rem.', 'GST', 10.000000, 'VAT', 17.500000, 'CA Sales Tax', 5.000000, 1147.550000, 0, '', '', '', '', NULL, NULL, NULL, NULL, NULL, 0, 0, 0, 0, 0.000000, 3890.270000, 3890.270000, 0.000000, NULL, NULL, '2025-07-30 01:41:31.100171', '2025-07-30 01:41:31.304806', NULL, NULL, NULL, NULL, NULL, 0.000000, NULL, NULL, NULL),
(9, 11, 2, NULL, 2, 2, NULL, NULL, NULL, NULL, NULL, '0008', 7.000000, 0, 'Aut quae.', '2025-07-29', NULL, '1972-05-14', 0, '[{\"quantity\":1,\"cost\":776,\"product_key\":\"Nisi.\",\"notes\":\"Est et cum quam.\",\"discount\":0,\"is_amount_discount\":false,\"tax_name1\":\"VAT\",\"tax_rate1\":17.5,\"tax_name2\":\"\",\"tax_rate2\":0,\"tax_name3\":\"\",\"tax_rate3\":0,\"sort_id\":0,\"line_total\":776,\"gross_line_total\":902.29,\"custom_value1\":\"https:\\/\\/picsum.photos\\/200\",\"custom_value2\":\"9\",\"custom_value3\":\"Quo recusandae.\",\"custom_value4\":\"Sit illo vel aut.\",\"type_id\":\"1\",\"tax_id\":\"1\",\"product_cost\":0,\"tax_amount\":126.29,\"date\":\"\",\"task_id\":\"\",\"expense_id\":\"\",\"unit_code\":\"C62\"}]', NULL, NULL, NULL, NULL, 'Eos et quod aliquid eum eligendi est dolores autem. Repudiandae aut quod voluptate perspiciatis nostrum aliquid. Deserunt commodi provident molestiae qui in odio. Quam aspernatur ex omnis. Non eveniet odit doloribus. Rerum temporibus expedita eaque eaque vero. Saepe totam dolorem saepe eos et perspiciatis. Unde voluptas et eveniet animi autem.', 'GST', 10.000000, 'VAT', 17.500000, 'CA Sales Tax', 5.000000, 360.830000, 0, '', '', '', '', NULL, NULL, NULL, NULL, NULL, 0, 0, 0, 0, 0.000000, 1082.510000, 1082.510000, 0.000000, NULL, NULL, '2025-07-30 01:41:34.110865', '2025-07-30 01:41:34.242185', NULL, NULL, NULL, NULL, NULL, 0.000000, NULL, NULL, NULL),
(10, 11, 2, NULL, 2, 2, NULL, NULL, NULL, NULL, NULL, '0009', 3.000000, 0, 'Expedita.', '2025-07-02', NULL, '1981-09-05', 0, '[{\"quantity\":1,\"cost\":69,\"product_key\":\"Ut.\",\"notes\":\"Minima minus quam.\",\"discount\":0,\"is_amount_discount\":false,\"tax_name1\":\"Sales Tax\",\"tax_rate1\":5,\"tax_name2\":\"\",\"tax_rate2\":0,\"tax_name3\":\"\",\"tax_rate3\":0,\"sort_id\":0,\"line_total\":69,\"gross_line_total\":72.35,\"custom_value1\":\"https:\\/\\/picsum.photos\\/200\",\"custom_value2\":\"52\",\"custom_value3\":\"Laudantium.\",\"custom_value4\":\"Unde ad perferendis.\",\"type_id\":\"1\",\"tax_id\":\"1\",\"product_cost\":0,\"tax_amount\":3.35,\"date\":\"\",\"task_id\":\"\",\"expense_id\":\"\",\"unit_code\":\"C62\"},{\"quantity\":1,\"cost\":50,\"product_key\":\"Sed.\",\"notes\":\"Dolores officiis.\",\"discount\":0,\"is_amount_discount\":false,\"tax_name1\":\"Sales Tax\",\"tax_rate1\":5,\"tax_name2\":\"\",\"tax_rate2\":0,\"tax_name3\":\"\",\"tax_rate3\":0,\"sort_id\":0,\"line_total\":50,\"gross_line_total\":52.43,\"custom_value1\":\"https:\\/\\/picsum.photos\\/200\",\"custom_value2\":\"64\",\"custom_value3\":\"Quam ratione vitae.\",\"custom_value4\":\"Aut quo aliquam ad.\",\"type_id\":\"1\",\"tax_id\":\"1\",\"product_cost\":0,\"tax_amount\":2.43,\"date\":\"\",\"task_id\":\"\",\"expense_id\":\"\",\"unit_code\":\"C62\"},{\"quantity\":1,\"cost\":362,\"product_key\":\"Dolor.\",\"notes\":\"Dignissimos unde.\",\"discount\":0,\"is_amount_discount\":false,\"tax_name1\":\"Sales Tax\",\"tax_rate1\":5,\"tax_name2\":\"\",\"tax_rate2\":0,\"tax_name3\":\"\",\"tax_rate3\":0,\"sort_id\":0,\"line_total\":362,\"gross_line_total\":379.56,\"custom_value1\":\"https:\\/\\/picsum.photos\\/200\",\"custom_value2\":\"85\",\"custom_value3\":\"Consequatur quo.\",\"custom_value4\":\"Voluptatum.\",\"type_id\":\"1\",\"tax_id\":\"1\",\"product_cost\":0,\"tax_amount\":17.56,\"date\":\"\",\"task_id\":\"\",\"expense_id\":\"\",\"unit_code\":\"C62\"}]', NULL, NULL, NULL, NULL, 'Assumenda qui dolor dolor veniam magni eveniet non. Aspernatur quibusdam reiciendis odit repudiandae quidem a. Ratione est assumenda ut nostrum totam assumenda mollitia. Eaque accusantium autem ut quia quas. Mollitia minima ut architecto rerum minima. Vero laudantium autem eum aliquid. Quia provident ullam ea voluptas explicabo quasi. Quia possimus explicabo voluptatem accusantium qui a perspiciatis.', 'GST', 10.000000, 'VAT', 17.500000, 'CA Sales Tax', 5.000000, 174.980000, 0, '', '', '', '', NULL, NULL, NULL, NULL, NULL, 0, 0, 0, 0, 0.000000, 641.550000, 641.550000, 0.000000, NULL, NULL, '2025-07-30 01:41:37.007960', '2025-07-30 01:41:37.188267', NULL, NULL, NULL, NULL, NULL, 0.000000, NULL, NULL, NULL),
(11, 5, 2, NULL, 2, 2, NULL, NULL, NULL, NULL, NULL, '0010', 5.000000, 0, 'Natus.', '2025-06-25', NULL, '1999-10-08', 0, '[{\"quantity\":1,\"cost\":11,\"product_key\":\"Dolore.\",\"notes\":\"Sed quae qui.\",\"discount\":0,\"is_amount_discount\":false,\"tax_name1\":\"Sales Tax\",\"tax_rate1\":5,\"tax_name2\":\"\",\"tax_rate2\":0,\"tax_name3\":\"\",\"tax_rate3\":0,\"sort_id\":0,\"line_total\":11,\"gross_line_total\":11.52,\"custom_value1\":\"https:\\/\\/picsum.photos\\/200\",\"custom_value2\":\"73\",\"custom_value3\":\"Quae omnis et.\",\"custom_value4\":\"Fugit quam dolorem.\",\"type_id\":\"1\",\"tax_id\":\"1\",\"product_cost\":0,\"tax_amount\":0.52,\"date\":\"\",\"task_id\":\"\",\"expense_id\":\"\",\"unit_code\":\"C62\"}]', NULL, NULL, NULL, NULL, 'Deleniti nihil pariatur in perferendis. Quas maiores omnis non. Quia amet a aspernatur saepe ab libero et. Sed illum sunt quae veritatis quis ducimus ut ut. Quia ut nisi iure unde nemo nulla. Accusamus est deserunt deleniti quaerat. Vel consequuntur at officiis officiis possimus. Quasi et aut quidem necessitatibus nihil praesentium animi. Velit quam sint non tempora quia soluta.', 'GST', 10.000000, 'VAT', 17.500000, 'CA Sales Tax', 5.000000, 3.920000, 0, '', '', '', '', NULL, NULL, NULL, NULL, NULL, 0, 0, 0, 0, 0.000000, 14.370000, 14.370000, 0.000000, NULL, NULL, '2025-07-30 01:41:44.600225', '2025-07-30 01:41:44.743046', NULL, NULL, NULL, NULL, NULL, 0.000000, NULL, NULL, NULL),
(12, 11, 2, NULL, 2, 2, NULL, NULL, NULL, NULL, NULL, '0011', 1.000000, 1, 'Et.', '2025-06-23', NULL, '2019-09-18', 0, '[{\"quantity\":1,\"cost\":804,\"product_key\":\"Est.\",\"notes\":\"Vitae ex aut quia.\",\"discount\":0,\"is_amount_discount\":true,\"tax_name1\":\"Sales Tax\",\"tax_rate1\":5,\"tax_name2\":\"\",\"tax_rate2\":0,\"tax_name3\":\"\",\"tax_rate3\":0,\"sort_id\":0,\"line_total\":804,\"gross_line_total\":844.19,\"custom_value1\":\"https:\\/\\/picsum.photos\\/200\",\"custom_value2\":\"97\",\"custom_value3\":\"Tempora tempora eos.\",\"custom_value4\":\"Sit eveniet quis.\",\"type_id\":\"1\",\"tax_id\":\"1\",\"product_cost\":0,\"tax_amount\":40.19,\"date\":\"\",\"task_id\":\"\",\"expense_id\":\"\",\"unit_code\":\"C62\"},{\"quantity\":1,\"cost\":626,\"product_key\":\"Alias.\",\"notes\":\"Rerum quisquam ad.\",\"discount\":0,\"is_amount_discount\":true,\"tax_name1\":\"VAT\",\"tax_rate1\":17.5,\"tax_name2\":\"\",\"tax_rate2\":0,\"tax_name3\":\"\",\"tax_rate3\":0,\"sort_id\":0,\"line_total\":626,\"gross_line_total\":735.51,\"custom_value1\":\"https:\\/\\/picsum.photos\\/200\",\"custom_value2\":\"25\",\"custom_value3\":\"Nemo voluptatibus.\",\"custom_value4\":\"Nulla sapiente.\",\"type_id\":\"1\",\"tax_id\":\"1\",\"product_cost\":0,\"tax_amount\":109.51,\"date\":\"\",\"task_id\":\"\",\"expense_id\":\"\",\"unit_code\":\"C62\"},{\"quantity\":1,\"cost\":240,\"product_key\":\"Et.\",\"notes\":\"Cumque aspernatur.\",\"discount\":0,\"is_amount_discount\":true,\"tax_name1\":\"\",\"tax_rate1\":0,\"tax_name2\":\"\",\"tax_rate2\":0,\"tax_name3\":\"\",\"tax_rate3\":0,\"sort_id\":0,\"line_total\":240,\"gross_line_total\":240,\"custom_value1\":\"https:\\/\\/picsum.photos\\/200\",\"custom_value2\":\"54\",\"custom_value3\":\"Cumque et ut rerum.\",\"custom_value4\":\"Eum nobis quis est.\",\"type_id\":\"1\",\"tax_id\":\"1\",\"product_cost\":0,\"tax_amount\":0,\"date\":\"\",\"task_id\":\"\",\"expense_id\":\"\",\"unit_code\":\"C62\"},{\"quantity\":1,\"cost\":340,\"product_key\":\"Atque.\",\"notes\":\"Quis assumenda.\",\"discount\":0,\"is_amount_discount\":true,\"tax_name1\":\"Sales Tax\",\"tax_rate1\":5,\"tax_name2\":\"\",\"tax_rate2\":0,\"tax_name3\":\"\",\"tax_rate3\":0,\"sort_id\":0,\"line_total\":340,\"gross_line_total\":356.99,\"custom_value1\":\"https:\\/\\/picsum.photos\\/200\",\"custom_value2\":\"19\",\"custom_value3\":\"Aut et tempore.\",\"custom_value4\":\"Cum iusto.\",\"type_id\":\"1\",\"tax_id\":\"1\",\"product_cost\":0,\"tax_amount\":16.99,\"date\":\"\",\"task_id\":\"\",\"expense_id\":\"\",\"unit_code\":\"C62\"},{\"quantity\":1,\"cost\":398,\"product_key\":\"Aut.\",\"notes\":\"Sed quis delectus.\",\"discount\":0,\"is_amount_discount\":true,\"tax_name1\":\"Sales Tax\",\"tax_rate1\":5,\"tax_name2\":\"\",\"tax_rate2\":0,\"tax_name3\":\"\",\"tax_rate3\":0,\"sort_id\":0,\"line_total\":398,\"gross_line_total\":417.89,\"custom_value1\":\"https:\\/\\/picsum.photos\\/200\",\"custom_value2\":\"26\",\"custom_value3\":\"Voluptatem facere.\",\"custom_value4\":\"Rerum et fugit quas.\",\"type_id\":\"1\",\"tax_id\":\"1\",\"product_cost\":0,\"tax_amount\":19.89,\"date\":\"\",\"task_id\":\"\",\"expense_id\":\"\",\"unit_code\":\"C62\"},{\"quantity\":1,\"cost\":443,\"product_key\":\"Quidem.\",\"notes\":\"Quibusdam earum.\",\"discount\":0,\"is_amount_discount\":true,\"tax_name1\":\"Sales Tax\",\"tax_rate1\":5,\"tax_name2\":\"\",\"tax_rate2\":0,\"tax_name3\":\"\",\"tax_rate3\":0,\"sort_id\":0,\"line_total\":443,\"gross_line_total\":465.14,\"custom_value1\":\"https:\\/\\/picsum.photos\\/200\",\"custom_value2\":\"4\",\"custom_value3\":\"Aut sunt vel.\",\"custom_value4\":\"Natus veniam rerum.\",\"type_id\":\"1\",\"tax_id\":\"1\",\"product_cost\":0,\"tax_amount\":22.14,\"date\":\"\",\"task_id\":\"\",\"expense_id\":\"\",\"unit_code\":\"C62\"},{\"quantity\":1,\"cost\":11,\"product_key\":\"Dolore.\",\"notes\":\"Sed quae qui.\",\"discount\":0,\"is_amount_discount\":true,\"tax_name1\":\"Sales Tax\",\"tax_rate1\":5,\"tax_name2\":\"\",\"tax_rate2\":0,\"tax_name3\":\"\",\"tax_rate3\":0,\"sort_id\":0,\"line_total\":11,\"gross_line_total\":11.55,\"custom_value1\":\"https:\\/\\/picsum.photos\\/200\",\"custom_value2\":\"73\",\"custom_value3\":\"Quae omnis et.\",\"custom_value4\":\"Fugit quam dolorem.\",\"type_id\":\"1\",\"tax_id\":\"1\",\"product_cost\":0,\"tax_amount\":0.55,\"date\":\"\",\"task_id\":\"\",\"expense_id\":\"\",\"unit_code\":\"C62\"},{\"quantity\":1,\"cost\":18,\"product_key\":\"Saepe.\",\"notes\":\"Quia tenetur.\",\"discount\":0,\"is_amount_discount\":true,\"tax_name1\":\"Sales Tax\",\"tax_rate1\":5,\"tax_name2\":\"\",\"tax_rate2\":0,\"tax_name3\":\"\",\"tax_rate3\":0,\"sort_id\":0,\"line_total\":18,\"gross_line_total\":18.9,\"custom_value1\":\"https:\\/\\/picsum.photos\\/200\",\"custom_value2\":\"75\",\"custom_value3\":\"Debitis saepe quia.\",\"custom_value4\":\"Est voluptatibus.\",\"type_id\":\"1\",\"tax_id\":\"1\",\"product_cost\":0,\"tax_amount\":0.9,\"date\":\"\",\"task_id\":\"\",\"expense_id\":\"\",\"unit_code\":\"C62\"}]', NULL, NULL, NULL, NULL, 'Maxime quibusdam cupiditate nisi ullam sed magnam ea. Tempora ipsum tempora qui. Ut adipisci sint a neque. Nihil qui nobis sunt possimus omnis quo. Error voluptatibus cumque aut quis inventore earum. Dolores quod sit quas occaecati nihil quae ut. Nisi ullam repellendus sed provident. Hic blanditiis consequatur harum aliquam porro. Quam praesentium distinctio dolor veniam quo eveniet. Quasi debitis explicabo modi quo. Dolorum vel itaque temporibus quia qui non.', 'GST', 10.000000, 'VAT', 17.500000, NULL, 0.000000, 1001.900000, 0, '', '', '', '', NULL, NULL, NULL, NULL, NULL, 0, 0, 0, 0, 0.000000, 3880.900000, 3880.900000, 0.000000, NULL, NULL, '2025-07-30 01:41:47.157223', '2025-07-30 01:41:47.398171', NULL, NULL, NULL, NULL, NULL, 0.000000, NULL, NULL, NULL),
(13, 3, 2, NULL, 2, 2, NULL, NULL, NULL, NULL, NULL, '0012', 3.000000, 0, 'Et.', '2025-06-11', NULL, '1992-04-17', 0, '[{\"quantity\":1,\"cost\":374,\"product_key\":\"Hic ut.\",\"notes\":\"Autem autem sint.\",\"discount\":0,\"is_amount_discount\":false,\"tax_name1\":\"GST\",\"tax_rate1\":10,\"tax_name2\":\"\",\"tax_rate2\":0,\"tax_name3\":\"\",\"tax_rate3\":0,\"sort_id\":0,\"line_total\":374,\"gross_line_total\":410.28,\"custom_value1\":\"https:\\/\\/picsum.photos\\/200\",\"custom_value2\":\"85\",\"custom_value3\":\"Totam accusantium.\",\"custom_value4\":\"Voluptates quos.\",\"type_id\":\"1\",\"tax_id\":\"1\",\"product_cost\":0,\"tax_amount\":36.28,\"date\":\"\",\"task_id\":\"\",\"expense_id\":\"\",\"unit_code\":\"C62\"},{\"quantity\":1,\"cost\":735,\"product_key\":\"Sit.\",\"notes\":\"Voluptatibus eos.\",\"discount\":0,\"is_amount_discount\":false,\"tax_name1\":\"VAT\",\"tax_rate1\":17.5,\"tax_name2\":\"\",\"tax_rate2\":0,\"tax_name3\":\"\",\"tax_rate3\":0,\"sort_id\":0,\"line_total\":735,\"gross_line_total\":859.77,\"custom_value1\":\"https:\\/\\/picsum.photos\\/200\",\"custom_value2\":\"47\",\"custom_value3\":\"Placeat quia fugiat.\",\"custom_value4\":\"Saepe et aut in.\",\"type_id\":\"1\",\"tax_id\":\"1\",\"product_cost\":0,\"tax_amount\":124.77,\"date\":\"\",\"task_id\":\"\",\"expense_id\":\"\",\"unit_code\":\"C62\"},{\"quantity\":1,\"cost\":218,\"product_key\":\"Sequi.\",\"notes\":\"Id delectus.\",\"discount\":0,\"is_amount_discount\":false,\"tax_name1\":\"VAT\",\"tax_rate1\":17.5,\"tax_name2\":\"\",\"tax_rate2\":0,\"tax_name3\":\"\",\"tax_rate3\":0,\"sort_id\":0,\"line_total\":218,\"gross_line_total\":255.01,\"custom_value1\":\"https:\\/\\/picsum.photos\\/200\",\"custom_value2\":\"43\",\"custom_value3\":\"Molestias at ipsa.\",\"custom_value4\":\"Architecto.\",\"type_id\":\"1\",\"tax_id\":\"1\",\"product_cost\":0,\"tax_amount\":37.01,\"date\":\"\",\"task_id\":\"\",\"expense_id\":\"\",\"unit_code\":\"C62\"},{\"quantity\":1,\"cost\":252,\"product_key\":\"Sequi.\",\"notes\":\"Modi dolor commodi.\",\"discount\":0,\"is_amount_discount\":false,\"tax_name1\":\"Sales Tax\",\"tax_rate1\":5,\"tax_name2\":\"\",\"tax_rate2\":0,\"tax_name3\":\"\",\"tax_rate3\":0,\"sort_id\":0,\"line_total\":252,\"gross_line_total\":264.22,\"custom_value1\":\"https:\\/\\/picsum.photos\\/200\",\"custom_value2\":\"2\",\"custom_value3\":\"Omnis voluptatem.\",\"custom_value4\":\"Non omnis aut optio.\",\"type_id\":\"1\",\"tax_id\":\"1\",\"product_cost\":0,\"tax_amount\":12.22,\"date\":\"\",\"task_id\":\"\",\"expense_id\":\"\",\"unit_code\":\"C62\"}]', NULL, NULL, NULL, NULL, 'Ut officia aut unde quia eos similique. Sunt est beatae dolorum eos nam vel. Sed facilis provident qui officiis vero. Tenetur ad minus cupiditate ea ut neque quae. Omnis rerum aut excepturi rerum asperiores quia. Sit dolore illum quisquam animi optio labore. Veritatis modi aut voluptates. Quae similique enim aut expedita reprehenderit. Nostrum iure molestias quo ad delectus in. Non ipsa suscipit id eaque architecto libero nam.', 'GST', 10.000000, 'VAT', 17.500000, 'CA Sales Tax', 5.000000, 708.060000, 0, '', '', '', '', NULL, NULL, NULL, NULL, NULL, 0, 0, 0, 0, 0.000000, 2239.690000, 2239.690000, 0.000000, NULL, NULL, '2025-07-30 01:41:51.423031', '2025-07-30 01:41:51.569749', NULL, NULL, NULL, NULL, NULL, 0.000000, NULL, NULL, NULL),
(14, 3, 2, NULL, 2, 2, NULL, NULL, NULL, NULL, NULL, '0013', 10.000000, 1, 'Nesciunt.', '2025-07-13', NULL, '2006-09-10', 0, '[{\"quantity\":1,\"cost\":607,\"product_key\":\"Maxime.\",\"notes\":\"Sunt rerum.\",\"discount\":0,\"is_amount_discount\":true,\"tax_name1\":\"Sales Tax\",\"tax_rate1\":5,\"tax_name2\":\"\",\"tax_rate2\":0,\"tax_name3\":\"\",\"tax_rate3\":0,\"sort_id\":0,\"line_total\":607,\"gross_line_total\":637.12,\"custom_value1\":\"https:\\/\\/picsum.photos\\/200\",\"custom_value2\":\"18\",\"custom_value3\":\"Quam explicabo.\",\"custom_value4\":\"Deleniti quis ullam.\",\"type_id\":\"1\",\"tax_id\":\"1\",\"product_cost\":0,\"tax_amount\":30.12,\"date\":\"\",\"task_id\":\"\",\"expense_id\":\"\",\"unit_code\":\"C62\"},{\"quantity\":1,\"cost\":64,\"product_key\":\"Quis.\",\"notes\":\"Soluta maxime ea.\",\"discount\":0,\"is_amount_discount\":true,\"tax_name1\":\"Sales Tax\",\"tax_rate1\":5,\"tax_name2\":\"\",\"tax_rate2\":0,\"tax_name3\":\"\",\"tax_rate3\":0,\"sort_id\":0,\"line_total\":64,\"gross_line_total\":67.18,\"custom_value1\":\"https:\\/\\/picsum.photos\\/200\",\"custom_value2\":\"81\",\"custom_value3\":\"Laudantium aut.\",\"custom_value4\":\"Provident.\",\"type_id\":\"1\",\"tax_id\":\"1\",\"product_cost\":0,\"tax_amount\":3.18,\"date\":\"\",\"task_id\":\"\",\"expense_id\":\"\",\"unit_code\":\"C62\"},{\"quantity\":1,\"cost\":18,\"product_key\":\"Saepe.\",\"notes\":\"Quia tenetur.\",\"discount\":0,\"is_amount_discount\":true,\"tax_name1\":\"Sales Tax\",\"tax_rate1\":5,\"tax_name2\":\"\",\"tax_rate2\":0,\"tax_name3\":\"\",\"tax_rate3\":0,\"sort_id\":0,\"line_total\":18,\"gross_line_total\":18.89,\"custom_value1\":\"https:\\/\\/picsum.photos\\/200\",\"custom_value2\":\"75\",\"custom_value3\":\"Debitis saepe quia.\",\"custom_value4\":\"Est voluptatibus.\",\"type_id\":\"1\",\"tax_id\":\"1\",\"product_cost\":0,\"tax_amount\":0.89,\"date\":\"\",\"task_id\":\"\",\"expense_id\":\"\",\"unit_code\":\"C62\"},{\"quantity\":1,\"cost\":614,\"product_key\":\"Ipsa.\",\"notes\":\"Tempore quaerat.\",\"discount\":0,\"is_amount_discount\":true,\"tax_name1\":\"Sales Tax\",\"tax_rate1\":5,\"tax_name2\":\"\",\"tax_rate2\":0,\"tax_name3\":\"\",\"tax_rate3\":0,\"sort_id\":0,\"line_total\":614,\"gross_line_total\":644.46,\"custom_value1\":\"https:\\/\\/picsum.photos\\/200\",\"custom_value2\":\"35\",\"custom_value3\":\"Perferendis nobis.\",\"custom_value4\":\"Consequatur.\",\"type_id\":\"1\",\"tax_id\":\"1\",\"product_cost\":0,\"tax_amount\":30.46,\"date\":\"\",\"task_id\":\"\",\"expense_id\":\"\",\"unit_code\":\"C62\"}]', NULL, NULL, NULL, NULL, 'Enim commodi repudiandae consectetur. Dolor optio quibusdam cupiditate quod eius eaque. Ab quia magnam in est eligendi ut. Eum qui magnam et culpa labore in. Optio veniam perferendis omnis. Ipsa sit non modi natus voluptatem. Et et deleniti esse quis velit quod dolores. Reiciendis est est aut. Sunt rem molestiae nostrum harum dolore iure saepe provident.', 'GST', 10.000000, 'VAT', 17.500000, NULL, 0.000000, 420.230000, 0, '', '', '', '', NULL, NULL, NULL, NULL, NULL, 0, 0, 0, 0, 0.000000, 1713.230000, 1713.230000, 0.000000, NULL, NULL, '2025-07-30 01:41:54.638382', '2025-07-30 01:41:54.800239', NULL, NULL, NULL, NULL, NULL, 0.000000, NULL, NULL, NULL),
(15, 8, 2, NULL, 2, 2, NULL, NULL, NULL, NULL, NULL, '0014', 9.000000, 1, 'Dolorum.', '2025-05-06', NULL, '2010-10-17', 0, '[{\"quantity\":1,\"cost\":97,\"product_key\":\"Non.\",\"notes\":\"Qui nemo explicabo.\",\"discount\":0,\"is_amount_discount\":true,\"tax_name1\":\"VAT\",\"tax_rate1\":17.5,\"tax_name2\":\"\",\"tax_rate2\":0,\"tax_name3\":\"\",\"tax_rate3\":0,\"sort_id\":0,\"line_total\":97,\"gross_line_total\":113.88,\"custom_value1\":\"https:\\/\\/picsum.photos\\/200\",\"custom_value2\":\"47\",\"custom_value3\":\"Facere modi eaque.\",\"custom_value4\":\"Dicta quam tempora.\",\"type_id\":\"1\",\"tax_id\":\"1\",\"product_cost\":0,\"tax_amount\":16.88,\"date\":\"\",\"task_id\":\"\",\"expense_id\":\"\",\"unit_code\":\"C62\"},{\"quantity\":1,\"cost\":333,\"product_key\":\"Fuga.\",\"notes\":\"Sunt nihil voluptas.\",\"discount\":0,\"is_amount_discount\":true,\"tax_name1\":\"Sales Tax\",\"tax_rate1\":5,\"tax_name2\":\"\",\"tax_rate2\":0,\"tax_name3\":\"\",\"tax_rate3\":0,\"sort_id\":0,\"line_total\":333,\"gross_line_total\":349.56,\"custom_value1\":\"https:\\/\\/picsum.photos\\/200\",\"custom_value2\":\"42\",\"custom_value3\":\"Sunt nisi minima.\",\"custom_value4\":\"Consequatur fuga.\",\"type_id\":\"1\",\"tax_id\":\"1\",\"product_cost\":0,\"tax_amount\":16.56,\"date\":\"\",\"task_id\":\"\",\"expense_id\":\"\",\"unit_code\":\"C62\"},{\"quantity\":1,\"cost\":240,\"product_key\":\"Et.\",\"notes\":\"Cumque aspernatur.\",\"discount\":0,\"is_amount_discount\":true,\"tax_name1\":\"Sales Tax\",\"tax_rate1\":5,\"tax_name2\":\"\",\"tax_rate2\":0,\"tax_name3\":\"\",\"tax_rate3\":0,\"sort_id\":0,\"line_total\":240,\"gross_line_total\":251.93,\"custom_value1\":\"https:\\/\\/picsum.photos\\/200\",\"custom_value2\":\"54\",\"custom_value3\":\"Cumque et ut rerum.\",\"custom_value4\":\"Eum nobis quis est.\",\"type_id\":\"1\",\"tax_id\":\"1\",\"product_cost\":0,\"tax_amount\":11.93,\"date\":\"\",\"task_id\":\"\",\"expense_id\":\"\",\"unit_code\":\"C62\"},{\"quantity\":1,\"cost\":640,\"product_key\":\"Fugiat.\",\"notes\":\"Autem in est vitae.\",\"discount\":0,\"is_amount_discount\":true,\"tax_name1\":\"Sales Tax\",\"tax_rate1\":5,\"tax_name2\":\"\",\"tax_rate2\":0,\"tax_name3\":\"\",\"tax_rate3\":0,\"sort_id\":0,\"line_total\":640,\"gross_line_total\":671.83,\"custom_value1\":\"https:\\/\\/picsum.photos\\/200\",\"custom_value2\":\"62\",\"custom_value3\":\"Numquam nihil minus.\",\"custom_value4\":\"Explicabo nisi et.\",\"type_id\":\"1\",\"tax_id\":\"1\",\"product_cost\":0,\"tax_amount\":31.83,\"date\":\"\",\"task_id\":\"\",\"expense_id\":\"\",\"unit_code\":\"C62\"},{\"quantity\":1,\"cost\":167,\"product_key\":\"Est.\",\"notes\":\"Sint numquam.\",\"discount\":0,\"is_amount_discount\":true,\"tax_name1\":\"VAT\",\"tax_rate1\":17.5,\"tax_name2\":\"\",\"tax_rate2\":0,\"tax_name3\":\"\",\"tax_rate3\":0,\"sort_id\":0,\"line_total\":167,\"gross_line_total\":196.07,\"custom_value1\":\"https:\\/\\/picsum.photos\\/200\",\"custom_value2\":\"55\",\"custom_value3\":\"Quia non.\",\"custom_value4\":\"Eum aut non est ut.\",\"type_id\":\"1\",\"tax_id\":\"1\",\"product_cost\":0,\"tax_amount\":29.07,\"date\":\"\",\"task_id\":\"\",\"expense_id\":\"\",\"unit_code\":\"C62\"},{\"quantity\":1,\"cost\":170,\"product_key\":\"Iusto.\",\"notes\":\"Dolores odit est.\",\"discount\":0,\"is_amount_discount\":true,\"tax_name1\":\"GST\",\"tax_rate1\":10,\"tax_name2\":\"\",\"tax_rate2\":0,\"tax_name3\":\"\",\"tax_rate3\":0,\"sort_id\":0,\"line_total\":170,\"gross_line_total\":186.91,\"custom_value1\":\"https:\\/\\/picsum.photos\\/200\",\"custom_value2\":\"36\",\"custom_value3\":\"Ea est quia enim.\",\"custom_value4\":\"Nobis tenetur.\",\"type_id\":\"1\",\"tax_id\":\"1\",\"product_cost\":0,\"tax_amount\":16.91,\"date\":\"\",\"task_id\":\"\",\"expense_id\":\"\",\"unit_code\":\"C62\"}]', NULL, NULL, NULL, NULL, 'Et ut cupiditate numquam nihil qui. Quia exercitationem enim sequi assumenda. Unde ratione explicabo eum architecto veritatis. Quo iure ut placeat. Quibusdam nemo officiis quae dicta. Qui quis aut modi et sunt ipsam. Explicabo pariatur assumenda temporibus. Reprehenderit rerum sed enim veniam labore excepturi ad. Molestiae sed assumenda quaerat ex ea suscipit qui eum. Commodi explicabo eum reiciendis ut possimus sed. Repellat beatae repellendus velit illo sit et at.', 'GST', 10.000000, 'VAT', 17.500000, 'CA Sales Tax', 5.000000, 655.530000, 0, '', '', '', '', NULL, NULL, NULL, NULL, NULL, 0, 0, 0, 0, 0.000000, 2293.530000, 2293.530000, 0.000000, NULL, NULL, '2025-07-30 01:41:57.897442', '2025-07-30 01:41:58.132630', NULL, NULL, NULL, NULL, NULL, 0.000000, NULL, NULL, NULL);
INSERT INTO `credits` (`id`, `client_id`, `user_id`, `assigned_user_id`, `company_id`, `status_id`, `project_id`, `vendor_id`, `recurring_id`, `design_id`, `invoice_id`, `number`, `discount`, `is_amount_discount`, `po_number`, `date`, `last_sent_date`, `due_date`, `is_deleted`, `line_items`, `backup`, `footer`, `public_notes`, `private_notes`, `terms`, `tax_name1`, `tax_rate1`, `tax_name2`, `tax_rate2`, `tax_name3`, `tax_rate3`, `total_taxes`, `uses_inclusive_taxes`, `custom_value1`, `custom_value2`, `custom_value3`, `custom_value4`, `next_send_date`, `custom_surcharge1`, `custom_surcharge2`, `custom_surcharge3`, `custom_surcharge4`, `custom_surcharge_tax1`, `custom_surcharge_tax2`, `custom_surcharge_tax3`, `custom_surcharge_tax4`, `exchange_rate`, `amount`, `balance`, `partial`, `partial_due_date`, `last_viewed`, `created_at`, `updated_at`, `deleted_at`, `reminder1_sent`, `reminder2_sent`, `reminder3_sent`, `reminder_last_sent`, `paid_to_date`, `subscription_id`, `tax_data`, `e_invoice`) VALUES
(16, 10, 2, NULL, 2, 2, NULL, NULL, NULL, NULL, NULL, '0015', 4.000000, 0, 'Quod eius.', '2025-07-16', NULL, '2017-11-28', 0, '[{\"quantity\":1,\"cost\":776,\"product_key\":\"Nisi.\",\"notes\":\"Est et cum quam.\",\"discount\":0,\"is_amount_discount\":false,\"tax_name1\":\"GST\",\"tax_rate1\":10,\"tax_name2\":\"\",\"tax_rate2\":0,\"tax_name3\":\"\",\"tax_rate3\":0,\"sort_id\":0,\"line_total\":776,\"gross_line_total\":850.5,\"custom_value1\":\"https:\\/\\/picsum.photos\\/200\",\"custom_value2\":\"9\",\"custom_value3\":\"Quo recusandae.\",\"custom_value4\":\"Sit illo vel aut.\",\"type_id\":\"1\",\"tax_id\":\"1\",\"product_cost\":0,\"tax_amount\":74.5,\"date\":\"\",\"task_id\":\"\",\"expense_id\":\"\",\"unit_code\":\"C62\"},{\"quantity\":1,\"cost\":240,\"product_key\":\"Et.\",\"notes\":\"Cumque aspernatur.\",\"discount\":0,\"is_amount_discount\":false,\"tax_name1\":\"Sales Tax\",\"tax_rate1\":5,\"tax_name2\":\"\",\"tax_rate2\":0,\"tax_name3\":\"\",\"tax_rate3\":0,\"sort_id\":0,\"line_total\":240,\"gross_line_total\":251.52,\"custom_value1\":\"https:\\/\\/picsum.photos\\/200\",\"custom_value2\":\"54\",\"custom_value3\":\"Cumque et ut rerum.\",\"custom_value4\":\"Eum nobis quis est.\",\"type_id\":\"1\",\"tax_id\":\"1\",\"product_cost\":0,\"tax_amount\":11.52,\"date\":\"\",\"task_id\":\"\",\"expense_id\":\"\",\"unit_code\":\"C62\"},{\"quantity\":1,\"cost\":611,\"product_key\":\"Qui.\",\"notes\":\"Est cum eligendi ab.\",\"discount\":0,\"is_amount_discount\":false,\"tax_name1\":\"GST\",\"tax_rate1\":10,\"tax_name2\":\"\",\"tax_rate2\":0,\"tax_name3\":\"\",\"tax_rate3\":0,\"sort_id\":0,\"line_total\":611,\"gross_line_total\":669.66,\"custom_value1\":\"https:\\/\\/picsum.photos\\/200\",\"custom_value2\":\"28\",\"custom_value3\":\"Veritatis.\",\"custom_value4\":\"Culpa ut ratione.\",\"type_id\":\"1\",\"tax_id\":\"1\",\"product_cost\":0,\"tax_amount\":58.66,\"date\":\"\",\"task_id\":\"\",\"expense_id\":\"\",\"unit_code\":\"C62\"},{\"quantity\":1,\"cost\":208,\"product_key\":\"Nihil.\",\"notes\":\"Eveniet enim aut.\",\"discount\":0,\"is_amount_discount\":false,\"tax_name1\":\"GST\",\"tax_rate1\":10,\"tax_name2\":\"\",\"tax_rate2\":0,\"tax_name3\":\"\",\"tax_rate3\":0,\"sort_id\":0,\"line_total\":208,\"gross_line_total\":227.97,\"custom_value1\":\"https:\\/\\/picsum.photos\\/200\",\"custom_value2\":\"45\",\"custom_value3\":\"Aliquam error aut.\",\"custom_value4\":\"Et voluptas tenetur.\",\"type_id\":\"1\",\"tax_id\":\"1\",\"product_cost\":0,\"tax_amount\":19.97,\"date\":\"\",\"task_id\":\"\",\"expense_id\":\"\",\"unit_code\":\"C62\"},{\"quantity\":1,\"cost\":167,\"product_key\":\"Est.\",\"notes\":\"Sint numquam.\",\"discount\":0,\"is_amount_discount\":false,\"tax_name1\":\"Sales Tax\",\"tax_rate1\":5,\"tax_name2\":\"\",\"tax_rate2\":0,\"tax_name3\":\"\",\"tax_rate3\":0,\"sort_id\":0,\"line_total\":167,\"gross_line_total\":175.02,\"custom_value1\":\"https:\\/\\/picsum.photos\\/200\",\"custom_value2\":\"55\",\"custom_value3\":\"Quia non.\",\"custom_value4\":\"Eum aut non est ut.\",\"type_id\":\"1\",\"tax_id\":\"1\",\"product_cost\":0,\"tax_amount\":8.02,\"date\":\"\",\"task_id\":\"\",\"expense_id\":\"\",\"unit_code\":\"C62\"}]', NULL, NULL, NULL, NULL, 'Maxime id ut iure. Dolores maiores quas vitae in. Qui exercitationem est expedita. Vero illo repellat laborum ut modi ut. Voluptatem quidem aut sapiente molestias quo. Architecto quis ex cum. In possimus ea reiciendis dignissimos. Consectetur quasi ipsa rerum earum. Quo est et doloribus voluptatem vitae. Dignissimos maiores reiciendis ut qui. Omnis quidem sit voluptate sit ut ea. Consequuntur enim dolorem fuga quia veritatis. Et dignissimos beatae ex facilis occaecati pariatur.', 'GST', 10.000000, 'VAT', 17.500000, 'CA Sales Tax', 5.000000, 797.300000, 0, '', '', '', '', NULL, NULL, NULL, NULL, NULL, 0, 0, 0, 0, 0.000000, 2719.220000, 2719.220000, 0.000000, NULL, NULL, '2025-07-30 01:42:02.243833', '2025-07-30 01:42:02.450717', NULL, NULL, NULL, NULL, NULL, 0.000000, NULL, NULL, NULL),
(17, 6, 2, NULL, 2, 2, NULL, NULL, NULL, NULL, NULL, '0016', 5.000000, 0, 'Ut.', '2025-05-02', NULL, '1989-06-20', 0, '[{\"quantity\":1,\"cost\":650,\"product_key\":\"Nihil.\",\"notes\":\"Rem nulla nisi fuga.\",\"discount\":0,\"is_amount_discount\":false,\"tax_name1\":\"\",\"tax_rate1\":0,\"tax_name2\":\"\",\"tax_rate2\":0,\"tax_name3\":\"\",\"tax_rate3\":0,\"sort_id\":0,\"line_total\":650,\"gross_line_total\":650,\"custom_value1\":\"https:\\/\\/picsum.photos\\/200\",\"custom_value2\":\"67\",\"custom_value3\":\"Cum mollitia ipsam.\",\"custom_value4\":\"Eius itaque ut ut.\",\"type_id\":\"1\",\"tax_id\":\"1\",\"product_cost\":0,\"tax_amount\":0,\"date\":\"\",\"task_id\":\"\",\"expense_id\":\"\",\"unit_code\":\"C62\"},{\"quantity\":1,\"cost\":677,\"product_key\":\"Est.\",\"notes\":\"Aut voluptatem.\",\"discount\":0,\"is_amount_discount\":false,\"tax_name1\":\"Sales Tax\",\"tax_rate1\":5,\"tax_name2\":\"\",\"tax_rate2\":0,\"tax_name3\":\"\",\"tax_rate3\":0,\"sort_id\":0,\"line_total\":677,\"gross_line_total\":709.16,\"custom_value1\":\"https:\\/\\/picsum.photos\\/200\",\"custom_value2\":\"42\",\"custom_value3\":\"Commodi animi et.\",\"custom_value4\":\"Nulla et eaque.\",\"type_id\":\"1\",\"tax_id\":\"1\",\"product_cost\":0,\"tax_amount\":32.16,\"date\":\"\",\"task_id\":\"\",\"expense_id\":\"\",\"unit_code\":\"C62\"},{\"quantity\":1,\"cost\":873,\"product_key\":\"Labore.\",\"notes\":\"Rem et explicabo in.\",\"discount\":0,\"is_amount_discount\":false,\"tax_name1\":\"\",\"tax_rate1\":0,\"tax_name2\":\"\",\"tax_rate2\":0,\"tax_name3\":\"\",\"tax_rate3\":0,\"sort_id\":0,\"line_total\":873,\"gross_line_total\":873,\"custom_value1\":\"https:\\/\\/picsum.photos\\/200\",\"custom_value2\":\"81\",\"custom_value3\":\"Quos distinctio.\",\"custom_value4\":\"Inventore quos.\",\"type_id\":\"1\",\"tax_id\":\"1\",\"product_cost\":0,\"tax_amount\":0,\"date\":\"\",\"task_id\":\"\",\"expense_id\":\"\",\"unit_code\":\"C62\"},{\"quantity\":1,\"cost\":983,\"product_key\":\"Magnam.\",\"notes\":\"Aperiam occaecati.\",\"discount\":0,\"is_amount_discount\":false,\"tax_name1\":\"GST\",\"tax_rate1\":10,\"tax_name2\":\"\",\"tax_rate2\":0,\"tax_name3\":\"\",\"tax_rate3\":0,\"sort_id\":0,\"line_total\":983,\"gross_line_total\":1076.39,\"custom_value1\":\"https:\\/\\/picsum.photos\\/200\",\"custom_value2\":\"81\",\"custom_value3\":\"Eos eum vero omnis.\",\"custom_value4\":\"Dolores repellendus.\",\"type_id\":\"1\",\"tax_id\":\"1\",\"product_cost\":0,\"tax_amount\":93.39,\"date\":\"\",\"task_id\":\"\",\"expense_id\":\"\",\"unit_code\":\"C62\"}]', NULL, NULL, NULL, NULL, 'Quia non et velit doloribus tempore id distinctio. Numquam aut rerum qui expedita et quos deleniti. Nobis aut similique sit fuga quo vel. Dolorem esse possimus ducimus non nam. Modi voluptatibus sed accusamus aliquam. Non optio at et qui ex. Aspernatur iure consequatur qui. Dolore esse qui molestiae porro sit expedita labore. Quisquam sequi nobis autem non.', 'GST', 10.000000, 'VAT', 17.500000, 'CA Sales Tax', 5.000000, 1108.300000, 0, '', '', '', '', NULL, NULL, NULL, NULL, NULL, 0, 0, 0, 0, 0.000000, 4132.150000, 4132.150000, 0.000000, NULL, NULL, '2025-07-30 01:42:09.189478', '2025-07-30 01:42:09.327707', NULL, NULL, NULL, NULL, NULL, 0.000000, NULL, NULL, NULL),
(18, 2, 2, NULL, 2, 2, NULL, NULL, NULL, NULL, NULL, '0017', 8.000000, 0, 'Doloribus.', '2025-06-16', NULL, '1989-08-09', 0, '[{\"quantity\":1,\"cost\":340,\"product_key\":\"Atque.\",\"notes\":\"Quis assumenda.\",\"discount\":0,\"is_amount_discount\":false,\"tax_name1\":\"Sales Tax\",\"tax_rate1\":5,\"tax_name2\":\"\",\"tax_rate2\":0,\"tax_name3\":\"\",\"tax_rate3\":0,\"sort_id\":0,\"line_total\":340,\"gross_line_total\":355.64,\"custom_value1\":\"https:\\/\\/picsum.photos\\/200\",\"custom_value2\":\"19\",\"custom_value3\":\"Aut et tempore.\",\"custom_value4\":\"Cum iusto.\",\"type_id\":\"1\",\"tax_id\":\"1\",\"product_cost\":0,\"tax_amount\":15.64,\"date\":\"\",\"task_id\":\"\",\"expense_id\":\"\",\"unit_code\":\"C62\"},{\"quantity\":1,\"cost\":393,\"product_key\":\"Qui.\",\"notes\":\"Quia praesentium.\",\"discount\":0,\"is_amount_discount\":false,\"tax_name1\":\"Sales Tax\",\"tax_rate1\":5,\"tax_name2\":\"\",\"tax_rate2\":0,\"tax_name3\":\"\",\"tax_rate3\":0,\"sort_id\":0,\"line_total\":393,\"gross_line_total\":411.08,\"custom_value1\":\"https:\\/\\/picsum.photos\\/200\",\"custom_value2\":\"51\",\"custom_value3\":\"Accusantium placeat.\",\"custom_value4\":\"Non eligendi dolor.\",\"type_id\":\"1\",\"tax_id\":\"1\",\"product_cost\":0,\"tax_amount\":18.08,\"date\":\"\",\"task_id\":\"\",\"expense_id\":\"\",\"unit_code\":\"C62\"},{\"quantity\":1,\"cost\":480,\"product_key\":\"Et.\",\"notes\":\"Eaque sit.\",\"discount\":0,\"is_amount_discount\":false,\"tax_name1\":\"VAT\",\"tax_rate1\":17.5,\"tax_name2\":\"\",\"tax_rate2\":0,\"tax_name3\":\"\",\"tax_rate3\":0,\"sort_id\":0,\"line_total\":480,\"gross_line_total\":557.28,\"custom_value1\":\"https:\\/\\/picsum.photos\\/200\",\"custom_value2\":\"45\",\"custom_value3\":\"Accusamus ratione.\",\"custom_value4\":\"Consectetur.\",\"type_id\":\"1\",\"tax_id\":\"1\",\"product_cost\":0,\"tax_amount\":77.28,\"date\":\"\",\"task_id\":\"\",\"expense_id\":\"\",\"unit_code\":\"C62\"},{\"quantity\":1,\"cost\":873,\"product_key\":\"In qui.\",\"notes\":\"Dolores id ullam et.\",\"discount\":0,\"is_amount_discount\":false,\"tax_name1\":\"Sales Tax\",\"tax_rate1\":5,\"tax_name2\":\"\",\"tax_rate2\":0,\"tax_name3\":\"\",\"tax_rate3\":0,\"sort_id\":0,\"line_total\":873,\"gross_line_total\":913.16,\"custom_value1\":\"https:\\/\\/picsum.photos\\/200\",\"custom_value2\":\"67\",\"custom_value3\":\"Aut optio est sed.\",\"custom_value4\":\"Nihil et qui fuga.\",\"type_id\":\"1\",\"tax_id\":\"1\",\"product_cost\":0,\"tax_amount\":40.16,\"date\":\"\",\"task_id\":\"\",\"expense_id\":\"\",\"unit_code\":\"C62\"},{\"quantity\":1,\"cost\":340,\"product_key\":\"Atque.\",\"notes\":\"Quis assumenda.\",\"discount\":0,\"is_amount_discount\":false,\"tax_name1\":\"Sales Tax\",\"tax_rate1\":5,\"tax_name2\":\"\",\"tax_rate2\":0,\"tax_name3\":\"\",\"tax_rate3\":0,\"sort_id\":0,\"line_total\":340,\"gross_line_total\":355.64,\"custom_value1\":\"https:\\/\\/picsum.photos\\/200\",\"custom_value2\":\"19\",\"custom_value3\":\"Aut et tempore.\",\"custom_value4\":\"Cum iusto.\",\"type_id\":\"1\",\"tax_id\":\"1\",\"product_cost\":0,\"tax_amount\":15.64,\"date\":\"\",\"task_id\":\"\",\"expense_id\":\"\",\"unit_code\":\"C62\"},{\"quantity\":1,\"cost\":584,\"product_key\":\"Rem.\",\"notes\":\"Et quaerat sed.\",\"discount\":0,\"is_amount_discount\":false,\"tax_name1\":\"Sales Tax\",\"tax_rate1\":5,\"tax_name2\":\"\",\"tax_rate2\":0,\"tax_name3\":\"\",\"tax_rate3\":0,\"sort_id\":0,\"line_total\":584,\"gross_line_total\":610.86,\"custom_value1\":\"https:\\/\\/picsum.photos\\/200\",\"custom_value2\":\"92\",\"custom_value3\":\"Temporibus voluptas.\",\"custom_value4\":\"Veniam consequuntur.\",\"type_id\":\"1\",\"tax_id\":\"1\",\"product_cost\":0,\"tax_amount\":26.86,\"date\":\"\",\"task_id\":\"\",\"expense_id\":\"\",\"unit_code\":\"C62\"}]', NULL, NULL, NULL, NULL, 'Autem voluptatibus et in aut. Quae molestiae voluptates quia animi. Repellat temporibus aperiam ut ea molestiae. Odit iste nihil aut consectetur dolores. Blanditiis quo sit sint exercitationem aut laudantium omnis. At quis placeat repellendus illo ea cumque ipsum. Deserunt nulla doloribus deserunt cum numquam voluptatem qui excepturi. Dicta et recusandae in consequuntur. Incidunt doloremque non ratione deleniti quis. Vero qui quaerat dolore numquam doloremque sed eveniet.', 'GST', 10.000000, 'VAT', 17.500000, NULL, 0.000000, 955.190000, 0, '', '', '', '', NULL, NULL, NULL, NULL, NULL, 0, 0, 0, 0, 0.000000, 3724.390000, 3724.390000, 0.000000, NULL, NULL, '2025-07-30 01:42:13.935627', '2025-07-30 01:42:14.059460', NULL, NULL, NULL, NULL, NULL, 0.000000, NULL, NULL, NULL),
(19, 6, 2, NULL, 2, 2, NULL, NULL, NULL, NULL, NULL, '0018', 9.000000, 1, 'Sint.', '2025-07-04', NULL, '1970-05-28', 0, '[{\"quantity\":1,\"cost\":746,\"product_key\":\"Sequi.\",\"notes\":\"Ratione voluptatum.\",\"discount\":0,\"is_amount_discount\":true,\"tax_name1\":\"Sales Tax\",\"tax_rate1\":5,\"tax_name2\":\"\",\"tax_rate2\":0,\"tax_name3\":\"\",\"tax_rate3\":0,\"sort_id\":0,\"line_total\":746,\"gross_line_total\":783.24,\"custom_value1\":\"https:\\/\\/picsum.photos\\/200\",\"custom_value2\":\"58\",\"custom_value3\":\"Et omnis ipsa.\",\"custom_value4\":\"Iste inventore.\",\"type_id\":\"1\",\"tax_id\":\"1\",\"product_cost\":0,\"tax_amount\":37.24,\"date\":\"\",\"task_id\":\"\",\"expense_id\":\"\",\"unit_code\":\"C62\"},{\"quantity\":1,\"cost\":543,\"product_key\":\"Totam.\",\"notes\":\"Et rerum vitae.\",\"discount\":0,\"is_amount_discount\":true,\"tax_name1\":\"Sales Tax\",\"tax_rate1\":5,\"tax_name2\":\"\",\"tax_rate2\":0,\"tax_name3\":\"\",\"tax_rate3\":0,\"sort_id\":0,\"line_total\":543,\"gross_line_total\":570.11,\"custom_value1\":\"https:\\/\\/picsum.photos\\/200\",\"custom_value2\":\"55\",\"custom_value3\":\"Placeat dolorum.\",\"custom_value4\":\"Exercitationem.\",\"type_id\":\"1\",\"tax_id\":\"1\",\"product_cost\":0,\"tax_amount\":27.11,\"date\":\"\",\"task_id\":\"\",\"expense_id\":\"\",\"unit_code\":\"C62\"},{\"quantity\":1,\"cost\":804,\"product_key\":\"Est.\",\"notes\":\"Vitae ex aut quia.\",\"discount\":0,\"is_amount_discount\":true,\"tax_name1\":\"VAT\",\"tax_rate1\":17.5,\"tax_name2\":\"\",\"tax_rate2\":0,\"tax_name3\":\"\",\"tax_rate3\":0,\"sort_id\":0,\"line_total\":804,\"gross_line_total\":944.47,\"custom_value1\":\"https:\\/\\/picsum.photos\\/200\",\"custom_value2\":\"97\",\"custom_value3\":\"Tempora tempora eos.\",\"custom_value4\":\"Sit eveniet quis.\",\"type_id\":\"1\",\"tax_id\":\"1\",\"product_cost\":0,\"tax_amount\":140.47,\"date\":\"\",\"task_id\":\"\",\"expense_id\":\"\",\"unit_code\":\"C62\"},{\"quantity\":1,\"cost\":559,\"product_key\":\"Enim.\",\"notes\":\"Nihil sed nam.\",\"discount\":0,\"is_amount_discount\":true,\"tax_name1\":\"Sales Tax\",\"tax_rate1\":5,\"tax_name2\":\"\",\"tax_rate2\":0,\"tax_name3\":\"\",\"tax_rate3\":0,\"sort_id\":0,\"line_total\":559,\"gross_line_total\":586.9,\"custom_value1\":\"https:\\/\\/picsum.photos\\/200\",\"custom_value2\":\"3\",\"custom_value3\":\"Reprehenderit nisi.\",\"custom_value4\":\"Et delectus quaerat.\",\"type_id\":\"1\",\"tax_id\":\"1\",\"product_cost\":0,\"tax_amount\":27.9,\"date\":\"\",\"task_id\":\"\",\"expense_id\":\"\",\"unit_code\":\"C62\"},{\"quantity\":1,\"cost\":611,\"product_key\":\"Qui.\",\"notes\":\"Est cum eligendi ab.\",\"discount\":0,\"is_amount_discount\":true,\"tax_name1\":\"\",\"tax_rate1\":0,\"tax_name2\":\"\",\"tax_rate2\":0,\"tax_name3\":\"\",\"tax_rate3\":0,\"sort_id\":0,\"line_total\":611,\"gross_line_total\":611,\"custom_value1\":\"https:\\/\\/picsum.photos\\/200\",\"custom_value2\":\"28\",\"custom_value3\":\"Veritatis.\",\"custom_value4\":\"Culpa ut ratione.\",\"type_id\":\"1\",\"tax_id\":\"1\",\"product_cost\":0,\"tax_amount\":0,\"date\":\"\",\"task_id\":\"\",\"expense_id\":\"\",\"unit_code\":\"C62\"},{\"quantity\":1,\"cost\":494,\"product_key\":\"Sed.\",\"notes\":\"Et non hic.\",\"discount\":0,\"is_amount_discount\":true,\"tax_name1\":\"\",\"tax_rate1\":0,\"tax_name2\":\"\",\"tax_rate2\":0,\"tax_name3\":\"\",\"tax_rate3\":0,\"sort_id\":0,\"line_total\":494,\"gross_line_total\":494,\"custom_value1\":\"https:\\/\\/picsum.photos\\/200\",\"custom_value2\":\"1\",\"custom_value3\":\"Omnis magni.\",\"custom_value4\":\"Neque beatae sint.\",\"type_id\":\"1\",\"tax_id\":\"1\",\"product_cost\":0,\"tax_amount\":0,\"date\":\"\",\"task_id\":\"\",\"expense_id\":\"\",\"unit_code\":\"C62\"},{\"quantity\":1,\"cost\":208,\"product_key\":\"Nihil.\",\"notes\":\"Eveniet enim aut.\",\"discount\":0,\"is_amount_discount\":true,\"tax_name1\":\"GST\",\"tax_rate1\":10,\"tax_name2\":\"\",\"tax_rate2\":0,\"tax_name3\":\"\",\"tax_rate3\":0,\"sort_id\":0,\"line_total\":208,\"gross_line_total\":228.77,\"custom_value1\":\"https:\\/\\/picsum.photos\\/200\",\"custom_value2\":\"45\",\"custom_value3\":\"Aliquam error aut.\",\"custom_value4\":\"Et voluptas tenetur.\",\"type_id\":\"1\",\"tax_id\":\"1\",\"product_cost\":0,\"tax_amount\":20.77,\"date\":\"\",\"task_id\":\"\",\"expense_id\":\"\",\"unit_code\":\"C62\"},{\"quantity\":1,\"cost\":626,\"product_key\":\"Aut.\",\"notes\":\"Consequatur.\",\"discount\":0,\"is_amount_discount\":true,\"tax_name1\":\"Sales Tax\",\"tax_rate1\":5,\"tax_name2\":\"\",\"tax_rate2\":0,\"tax_name3\":\"\",\"tax_rate3\":0,\"sort_id\":0,\"line_total\":626,\"gross_line_total\":657.25,\"custom_value1\":\"https:\\/\\/picsum.photos\\/200\",\"custom_value2\":\"81\",\"custom_value3\":\"Ut sunt ut.\",\"custom_value4\":\"Nemo voluptatem ut.\",\"type_id\":\"1\",\"tax_id\":\"1\",\"product_cost\":0,\"tax_amount\":31.25,\"date\":\"\",\"task_id\":\"\",\"expense_id\":\"\",\"unit_code\":\"C62\"},{\"quantity\":1,\"cost\":252,\"product_key\":\"Sequi.\",\"notes\":\"Modi dolor commodi.\",\"discount\":0,\"is_amount_discount\":true,\"tax_name1\":\"\",\"tax_rate1\":0,\"tax_name2\":\"\",\"tax_rate2\":0,\"tax_name3\":\"\",\"tax_rate3\":0,\"sort_id\":0,\"line_total\":252,\"gross_line_total\":252,\"custom_value1\":\"https:\\/\\/picsum.photos\\/200\",\"custom_value2\":\"2\",\"custom_value3\":\"Omnis voluptatem.\",\"custom_value4\":\"Non omnis aut optio.\",\"type_id\":\"1\",\"tax_id\":\"1\",\"product_cost\":0,\"tax_amount\":0,\"date\":\"\",\"task_id\":\"\",\"expense_id\":\"\",\"unit_code\":\"C62\"},{\"quantity\":1,\"cost\":640,\"product_key\":\"Fugiat.\",\"notes\":\"Autem in est vitae.\",\"discount\":0,\"is_amount_discount\":true,\"tax_name1\":\"VAT\",\"tax_rate1\":17.5,\"tax_name2\":\"\",\"tax_rate2\":0,\"tax_name3\":\"\",\"tax_rate3\":0,\"sort_id\":0,\"line_total\":640,\"gross_line_total\":751.8199999999999,\"custom_value1\":\"https:\\/\\/picsum.photos\\/200\",\"custom_value2\":\"62\",\"custom_value3\":\"Numquam nihil minus.\",\"custom_value4\":\"Explicabo nisi et.\",\"type_id\":\"1\",\"tax_id\":\"1\",\"product_cost\":0,\"tax_amount\":111.82,\"date\":\"\",\"task_id\":\"\",\"expense_id\":\"\",\"unit_code\":\"C62\"}]', NULL, NULL, NULL, NULL, 'Qui in nisi quas vel. Ut non omnis non quasi nobis placeat qui. Vero vitae culpa dolores omnis ipsum rerum sit. Minima adipisci voluptas rem aut nihil sit tempora vitae. Aut autem sunt optio illo in. Odit tempora dolorum nihil corporis. Voluptas magni animi sed molestiae et dolor. Et quasi quibusdam ut aut. Eveniet dolor sit deleniti. Voluptas voluptas a officia. Occaecati perspiciatis maxime sint aperiam soluta rem accusamus. Rerum possimus autem ullam.', 'GST', 10.000000, 'VAT', 17.500000, NULL, 0.000000, 1901.910000, 0, '', '', '', '', NULL, NULL, NULL, NULL, NULL, 0, 0, 0, 0, 0.000000, 7375.910000, 7375.910000, 0.000000, NULL, NULL, '2025-07-30 01:42:16.232667', '2025-07-30 01:42:16.394163', NULL, NULL, NULL, NULL, NULL, 0.000000, NULL, NULL, NULL),
(20, 6, 2, NULL, 2, 2, NULL, NULL, NULL, NULL, NULL, '0019', 9.000000, 1, 'Eum et.', '2025-07-23', NULL, '1970-11-05', 0, '[{\"quantity\":1,\"cost\":739,\"product_key\":\"Et cum.\",\"notes\":\"Voluptatem est ad.\",\"discount\":0,\"is_amount_discount\":true,\"tax_name1\":\"\",\"tax_rate1\":0,\"tax_name2\":\"\",\"tax_rate2\":0,\"tax_name3\":\"\",\"tax_rate3\":0,\"sort_id\":0,\"line_total\":739,\"gross_line_total\":739,\"custom_value1\":\"https:\\/\\/picsum.photos\\/200\",\"custom_value2\":\"68\",\"custom_value3\":\"Ea sit ex assumenda.\",\"custom_value4\":\"Et nihil ut.\",\"type_id\":\"1\",\"tax_id\":\"1\",\"product_cost\":0,\"tax_amount\":0,\"date\":\"\",\"task_id\":\"\",\"expense_id\":\"\",\"unit_code\":\"C62\"},{\"quantity\":1,\"cost\":776,\"product_key\":\"Nisi.\",\"notes\":\"Est et cum quam.\",\"discount\":0,\"is_amount_discount\":true,\"tax_name1\":\"Sales Tax\",\"tax_rate1\":5,\"tax_name2\":\"\",\"tax_rate2\":0,\"tax_name3\":\"\",\"tax_rate3\":0,\"sort_id\":0,\"line_total\":776,\"gross_line_total\":814.66,\"custom_value1\":\"https:\\/\\/picsum.photos\\/200\",\"custom_value2\":\"9\",\"custom_value3\":\"Quo recusandae.\",\"custom_value4\":\"Sit illo vel aut.\",\"type_id\":\"1\",\"tax_id\":\"1\",\"product_cost\":0,\"tax_amount\":38.66,\"date\":\"\",\"task_id\":\"\",\"expense_id\":\"\",\"unit_code\":\"C62\"},{\"quantity\":1,\"cost\":945,\"product_key\":\"Et.\",\"notes\":\"Est voluptatem.\",\"discount\":0,\"is_amount_discount\":true,\"tax_name1\":\"Sales Tax\",\"tax_rate1\":5,\"tax_name2\":\"\",\"tax_rate2\":0,\"tax_name3\":\"\",\"tax_rate3\":0,\"sort_id\":0,\"line_total\":945,\"gross_line_total\":992.08,\"custom_value1\":\"https:\\/\\/picsum.photos\\/200\",\"custom_value2\":\"72\",\"custom_value3\":\"Quibusdam eum quam.\",\"custom_value4\":\"Deserunt voluptate.\",\"type_id\":\"1\",\"tax_id\":\"1\",\"product_cost\":0,\"tax_amount\":47.08,\"date\":\"\",\"task_id\":\"\",\"expense_id\":\"\",\"unit_code\":\"C62\"}]', NULL, NULL, NULL, NULL, 'Vel ut libero libero vel assumenda. Voluptatem sint culpa excepturi quae nihil asperiores praesentium sit. Odit nobis officiis omnis vero. Ea nobis qui quibusdam doloribus qui aut dolorum. Blanditiis enim tempora inventore illum delectus magnam dolor dolorum. Nihil quo perferendis est repellat officia. Facere eligendi laborum libero voluptas. Laborum a ut consequatur aliquid. Ut omnis iure incidunt maiores molestiae.', 'GST', 10.000000, 'VAT', 17.500000, 'CA Sales Tax', 5.000000, 882.320000, 0, '', '', '', '', NULL, NULL, NULL, NULL, NULL, 0, 0, 0, 0, 0.000000, 3333.320000, 3333.320000, 0.000000, NULL, NULL, '2025-07-30 01:42:20.444392', '2025-07-30 01:42:20.563256', NULL, NULL, NULL, NULL, NULL, 0.000000, NULL, NULL, NULL);

-- --------------------------------------------------------

--
-- Table structure for table `credit_invitations`
--

CREATE TABLE `credit_invitations` (
  `id` int(10) UNSIGNED NOT NULL,
  `company_id` int(10) UNSIGNED NOT NULL,
  `user_id` int(10) UNSIGNED NOT NULL,
  `client_contact_id` int(10) UNSIGNED NOT NULL,
  `credit_id` int(10) UNSIGNED NOT NULL,
  `key` varchar(191) NOT NULL,
  `transaction_reference` varchar(191) DEFAULT NULL,
  `message_id` varchar(191) DEFAULT NULL,
  `email_error` mediumtext DEFAULT NULL,
  `signature_base64` text DEFAULT NULL,
  `signature_date` datetime DEFAULT NULL,
  `sent_date` datetime DEFAULT NULL,
  `viewed_date` datetime DEFAULT NULL,
  `opened_date` datetime DEFAULT NULL,
  `created_at` timestamp(6) NULL DEFAULT NULL,
  `updated_at` timestamp(6) NULL DEFAULT NULL,
  `deleted_at` timestamp(6) NULL DEFAULT NULL,
  `signature_ip` text DEFAULT NULL,
  `email_status` enum('delivered','bounced','spam') DEFAULT NULL
) ENGINE=InnoDB DEFAULT CHARSET=utf8mb4 COLLATE=utf8mb4_unicode_ci;

--
-- Dumping data for table `credit_invitations`
--

INSERT INTO `credit_invitations` (`id`, `company_id`, `user_id`, `client_contact_id`, `credit_id`, `key`, `transaction_reference`, `message_id`, `email_error`, `signature_base64`, `signature_date`, `sent_date`, `viewed_date`, `opened_date`, `created_at`, `updated_at`, `deleted_at`, `signature_ip`, `email_status`) VALUES
(1, 1, 1, 1, 1, 'VL4At9B8ogbO1AkOKHFrc3MZ8HM8sXgi', NULL, NULL, '', '', NULL, NULL, NULL, NULL, '2025-07-30 01:40:56.415773', '2025-07-30 01:40:56.415773', NULL, NULL, NULL),
(2, 1, 1, 2, 1, 's8UfhHed9jzeC58kxKV494ni77iJeb5N', NULL, NULL, '', '', NULL, NULL, NULL, NULL, '2025-07-30 01:40:56.422574', '2025-07-30 01:40:56.422574', NULL, NULL, NULL),
(3, 2, 2, 19, 2, '2jhgyLnbpMk4tQnsPd4WCCwPfY2amDBr', NULL, NULL, '', '', NULL, NULL, NULL, NULL, '2025-07-30 01:41:04.680131', '2025-07-30 01:41:04.680131', NULL, NULL, NULL),
(4, 2, 2, 20, 2, '6kVcZq3GLsuaoXSK1K2B44RMdKJPtU0t', NULL, NULL, '', '', NULL, NULL, NULL, NULL, '2025-07-30 01:41:04.687165', '2025-07-30 01:41:04.687165', NULL, NULL, NULL),
(5, 2, 2, 19, 3, 'zKvQNdKMNDxaKbn9Mo7pT58oxpH3jECA', NULL, NULL, '', '', NULL, NULL, NULL, NULL, '2025-07-30 01:41:08.923524', '2025-07-30 01:41:08.923524', NULL, NULL, NULL),
(6, 2, 2, 20, 3, 'Pj1xF8PxTovTjOhq8jVWcnGBZ45AZhxS', NULL, NULL, '', '', NULL, NULL, NULL, NULL, '2025-07-30 01:41:08.932219', '2025-07-30 01:41:08.932219', NULL, NULL, NULL),
(7, 2, 2, 14, 4, 'BzuQLeSYMttYFw7Zac5ADzO7pyNCIRD8', NULL, NULL, '', '', NULL, NULL, NULL, NULL, '2025-07-30 01:41:11.486462', '2025-07-30 01:41:11.486462', NULL, NULL, NULL),
(8, 2, 2, 15, 4, 'bufEa7XTAPjSKlYJicQmvTjZ8GjSSksm', NULL, NULL, '', '', NULL, NULL, NULL, NULL, '2025-07-30 01:41:11.494210', '2025-07-30 01:41:11.494210', NULL, NULL, NULL),
(9, 2, 2, 16, 4, 's7Rz2i8TlGJppCr0lINeQzZVoY68r2n2', NULL, NULL, '', '', NULL, NULL, NULL, NULL, '2025-07-30 01:41:11.501490', '2025-07-30 01:41:11.501490', NULL, NULL, NULL),
(10, 2, 2, 17, 4, '5cRl3VREiUjffWFXauGy6BRXn5LmdVE2', NULL, NULL, '', '', NULL, NULL, NULL, NULL, '2025-07-30 01:41:11.507995', '2025-07-30 01:41:11.507995', NULL, NULL, NULL),
(11, 2, 2, 18, 4, 'Ngp4SC01Jjv6mxrKEmoI2kfuUSKcvoyr', NULL, NULL, '', '', NULL, NULL, NULL, NULL, '2025-07-30 01:41:11.514643', '2025-07-30 01:41:11.514643', NULL, NULL, NULL),
(12, 2, 2, 21, 5, 'OeolsjvMH1PZjWFeu8RV6ObLUARxRXob', NULL, NULL, '', '', NULL, NULL, NULL, NULL, '2025-07-30 01:41:17.676804', '2025-07-30 01:41:17.676804', NULL, NULL, NULL),
(13, 2, 2, 22, 5, 't82DxuMdV2k9TZlb9IDtESQvjZV20K4P', NULL, NULL, '', '', NULL, NULL, NULL, NULL, '2025-07-30 01:41:17.686481', '2025-07-30 01:41:17.686481', NULL, NULL, NULL),
(14, 2, 2, 8, 6, 'ORmDHgZWa9QZFlquUzoDodHG6IR5YGJP', NULL, NULL, '', '', NULL, NULL, NULL, NULL, '2025-07-30 01:41:20.108908', '2025-07-30 01:41:20.108908', NULL, NULL, NULL),
(15, 2, 2, 9, 6, '2joEhiMimijFX6jJtbfRZDy0nY1kSAAJ', NULL, NULL, '', '', NULL, NULL, NULL, NULL, '2025-07-30 01:41:20.116094', '2025-07-30 01:41:20.116094', NULL, NULL, NULL),
(16, 2, 2, 10, 6, '9Oc9vHAIrh4BfK8kADJ5Ho4kstgWuUCt', NULL, NULL, '', '', NULL, NULL, NULL, NULL, '2025-07-30 01:41:20.123137', '2025-07-30 01:41:20.123137', NULL, NULL, NULL),
(17, 2, 2, 11, 6, 'xwS9Dnr8PO07cdmVKASVv0pw86wwroZx', NULL, NULL, '', '', NULL, NULL, NULL, NULL, '2025-07-30 01:41:20.130206', '2025-07-30 01:41:20.130206', NULL, NULL, NULL),
(18, 2, 2, 14, 7, 'EdlRSAWpS0bNdIoXSxQppdEXRGqEFO54', NULL, NULL, '', '', NULL, NULL, NULL, NULL, '2025-07-30 01:41:24.396167', '2025-07-30 01:41:24.396167', NULL, NULL, NULL),
(19, 2, 2, 15, 7, 'NlbiHcjmn33kAy9Ft7gbeB5V38GZFhh4', NULL, NULL, '', '', NULL, NULL, NULL, NULL, '2025-07-30 01:41:24.404987', '2025-07-30 01:41:24.404987', NULL, NULL, NULL),
(20, 2, 2, 16, 7, 'ChOSs82RgQXMyUMWPpzJ4piw9ezZFGOT', NULL, NULL, '', '', NULL, NULL, NULL, NULL, '2025-07-30 01:41:24.411881', '2025-07-30 01:41:24.411881', NULL, NULL, NULL),
(21, 2, 2, 17, 7, 'Ae3ickzZTZRJWc1RO32VBRzfnDPFCAhE', NULL, NULL, '', '', NULL, NULL, NULL, NULL, '2025-07-30 01:41:24.419203', '2025-07-30 01:41:24.419203', NULL, NULL, NULL),
(22, 2, 2, 18, 7, 'Ymo9uhQYcCsAQotkii3r20kSSiufWqcD', NULL, NULL, '', '', NULL, NULL, NULL, NULL, '2025-07-30 01:41:24.426118', '2025-07-30 01:41:24.426118', NULL, NULL, NULL),
(23, 2, 2, 34, 8, 'iQu7r7w1nV9XLjwdsaPxbgcscl8PP9R2', NULL, NULL, '', '', NULL, NULL, NULL, NULL, '2025-07-30 01:41:31.292740', '2025-07-30 01:41:31.292740', NULL, NULL, NULL),
(24, 2, 2, 35, 8, 'SZnxPTwh0KWPM8OHCmLtpRFidklw6Izb', NULL, NULL, '', '', NULL, NULL, NULL, NULL, '2025-07-30 01:41:31.303042', '2025-07-30 01:41:31.303042', NULL, NULL, NULL),
(25, 2, 2, 34, 9, 'pJllqqZWZH08OX8CGSOYjB29bO0f6uBN', NULL, NULL, '', '', NULL, NULL, NULL, NULL, '2025-07-30 01:41:34.231756', '2025-07-30 01:41:34.231756', NULL, NULL, NULL),
(26, 2, 2, 35, 9, 'Vqv9jl8ObB3vRylFKQgtznYRu9UYrGYw', NULL, NULL, '', '', NULL, NULL, NULL, NULL, '2025-07-30 01:41:34.240773', '2025-07-30 01:41:34.240773', NULL, NULL, NULL),
(27, 2, 2, 34, 10, '5n7yv0Qj3NFXNtLGGAYjXH1dEIiAoerH', NULL, NULL, '', '', NULL, NULL, NULL, NULL, '2025-07-30 01:41:37.178739', '2025-07-30 01:41:37.178739', NULL, NULL, NULL),
(28, 2, 2, 35, 10, 'OWu21KiOsiTrDDcy7sx434mAnDAzTQZ0', NULL, NULL, '', '', NULL, NULL, NULL, NULL, '2025-07-30 01:41:37.186593', '2025-07-30 01:41:37.186593', NULL, NULL, NULL),
(29, 2, 2, 14, 11, '9XQ6UbMFvCgpLPoLufJD8gif1rFG1Ar1', NULL, NULL, '', '', NULL, NULL, NULL, NULL, '2025-07-30 01:41:44.712819', '2025-07-30 01:41:44.712819', NULL, NULL, NULL),
(30, 2, 2, 15, 11, '76VU7AVOMk5510KVFyWl0jTn2scxryZ5', NULL, NULL, '', '', NULL, NULL, NULL, NULL, '2025-07-30 01:41:44.719990', '2025-07-30 01:41:44.719990', NULL, NULL, NULL),
(31, 2, 2, 16, 11, '70c7wSzNWEOfklKo0VtLwtB299jPpXIN', NULL, NULL, '', '', NULL, NULL, NULL, NULL, '2025-07-30 01:41:44.727139', '2025-07-30 01:41:44.727139', NULL, NULL, NULL),
(32, 2, 2, 17, 11, 'bZ48lSMEL5wXYCJ2fSXaTFjm8e6QWcEe', NULL, NULL, '', '', NULL, NULL, NULL, NULL, '2025-07-30 01:41:44.734867', '2025-07-30 01:41:44.734867', NULL, NULL, NULL),
(33, 2, 2, 18, 11, 'KkGw0uHKqJnbjZSX5FXWv2gkwJvPwy5M', NULL, NULL, '', '', NULL, NULL, NULL, NULL, '2025-07-30 01:41:44.741255', '2025-07-30 01:41:44.741255', NULL, NULL, NULL),
(34, 2, 2, 34, 12, 'NqoOCgUfkTU5f3vqCJGefohEK1zbzJob', NULL, NULL, '', '', NULL, NULL, NULL, NULL, '2025-07-30 01:41:47.388352', '2025-07-30 01:41:47.388352', NULL, NULL, NULL),
(35, 2, 2, 35, 12, 'fyM6Na3LvZwiQyOpCLjzXHEqnIinkN0M', NULL, NULL, '', '', NULL, NULL, NULL, NULL, '2025-07-30 01:41:47.396440', '2025-07-30 01:41:47.396440', NULL, NULL, NULL),
(36, 2, 2, 8, 13, 'WithAl8L5BBD9ZwvQtp5wI0FcMPMERdA', NULL, NULL, '', '', NULL, NULL, NULL, NULL, '2025-07-30 01:41:51.545303', '2025-07-30 01:41:51.545303', NULL, NULL, NULL),
(37, 2, 2, 9, 13, 'GDL0XXEKSuCD6gYKdqWUJYxCquZp9D4G', NULL, NULL, '', '', NULL, NULL, NULL, NULL, '2025-07-30 01:41:51.552785', '2025-07-30 01:41:51.552785', NULL, NULL, NULL),
(38, 2, 2, 10, 13, 'twfb7PQ7wouRqtwXyIpo8o86A0E8iohb', NULL, NULL, '', '', NULL, NULL, NULL, NULL, '2025-07-30 01:41:51.561456', '2025-07-30 01:41:51.561456', NULL, NULL, NULL),
(39, 2, 2, 11, 13, 'WdMTmUYjqPn0BL07Y4NeaXc2Dk7en6gE', NULL, NULL, '', '', NULL, NULL, NULL, NULL, '2025-07-30 01:41:51.568244', '2025-07-30 01:41:51.568244', NULL, NULL, NULL),
(40, 2, 2, 8, 14, 'ytC7E7WnsY3F5MMYHXhZNOdJbPlh6BXu', NULL, NULL, '', '', NULL, NULL, NULL, NULL, '2025-07-30 01:41:54.776297', '2025-07-30 01:41:54.776297', NULL, NULL, NULL),
(41, 2, 2, 9, 14, 'vTff2OkPlEzPKbAjUK6rvlwfZtPcMvFW', NULL, NULL, '', '', NULL, NULL, NULL, NULL, '2025-07-30 01:41:54.784238', '2025-07-30 01:41:54.784238', NULL, NULL, NULL),
(42, 2, 2, 10, 14, 'RatXF1hrd22B3t3gOvN8PcTPEuweJkix', NULL, NULL, '', '', NULL, NULL, NULL, NULL, '2025-07-30 01:41:54.790958', '2025-07-30 01:41:54.790958', NULL, NULL, NULL),
(43, 2, 2, 11, 14, '32QTskS18tsDsjhK3FWwUNmgmLd8tmUl', NULL, NULL, '', '', NULL, NULL, NULL, NULL, '2025-07-30 01:41:54.798510', '2025-07-30 01:41:54.798510', NULL, NULL, NULL),
(44, 2, 2, 23, 15, '8xM0hQodnRz4nuauVCJCxNpNT6rKR9gH', NULL, NULL, '', '', NULL, NULL, NULL, NULL, '2025-07-30 01:41:58.114162', '2025-07-30 01:41:58.114162', NULL, NULL, NULL),
(45, 2, 2, 24, 15, 'R7AUaFYkUfKmQDPaCAbPjOa8wkQExHl1', NULL, NULL, '', '', NULL, NULL, NULL, NULL, '2025-07-30 01:41:58.122743', '2025-07-30 01:41:58.122743', NULL, NULL, NULL),
(46, 2, 2, 25, 15, 'tx1kTAnXaC3sGdSEgn46QPIGRtKf4N5Z', NULL, NULL, '', '', NULL, NULL, NULL, NULL, '2025-07-30 01:41:58.130969', '2025-07-30 01:41:58.130969', NULL, NULL, NULL),
(47, 2, 2, 30, 16, 'JK0iPttPr3XVD0dxVWyqiIZMrpM9ytyp', NULL, NULL, '', '', NULL, NULL, NULL, NULL, '2025-07-30 01:42:02.422801', '2025-07-30 01:42:02.422801', NULL, NULL, NULL),
(48, 2, 2, 31, 16, 'o4laP1C3OnuZmqBLsBMLmxHVOyPAn7jJ', NULL, NULL, '', '', NULL, NULL, NULL, NULL, '2025-07-30 01:42:02.431331', '2025-07-30 01:42:02.431331', NULL, NULL, NULL),
(49, 2, 2, 32, 16, 'd7dTyVxrU77mlYh3HPBKxKRZZ7W2pI8M', NULL, NULL, '', '', NULL, NULL, NULL, NULL, '2025-07-30 01:42:02.440007', '2025-07-30 01:42:02.440007', NULL, NULL, NULL),
(50, 2, 2, 33, 16, 's17V2BiteO2X1HR6PZS4HHKuHkQ4hunM', NULL, NULL, '', '', NULL, NULL, NULL, NULL, '2025-07-30 01:42:02.448747', '2025-07-30 01:42:02.448747', NULL, NULL, NULL),
(51, 2, 2, 19, 17, 'NKCKabYlqGHzFq6WTTmeC5lmYuekxQTN', NULL, NULL, '', '', NULL, NULL, NULL, NULL, '2025-07-30 01:42:09.314868', '2025-07-30 01:42:09.314868', NULL, NULL, NULL),
(52, 2, 2, 20, 17, 'zAyUqkTVZkGLt1XhVSjdkX1qB49rWDxi', NULL, NULL, '', '', NULL, NULL, NULL, NULL, '2025-07-30 01:42:09.325859', '2025-07-30 01:42:09.325859', NULL, NULL, NULL),
(53, 2, 2, 3, 18, 'qDQsSiQMOIy2k1Pn8yQtt9Q2NFq5fXF4', NULL, NULL, '', '', NULL, NULL, NULL, NULL, '2025-07-30 01:42:14.031836', '2025-07-30 01:42:14.031836', NULL, NULL, NULL),
(54, 2, 2, 4, 18, 'glVnMnbliHNORXyAirEScduv28C0mmbl', NULL, NULL, '', '', NULL, NULL, NULL, NULL, '2025-07-30 01:42:14.037920', '2025-07-30 01:42:14.037920', NULL, NULL, NULL),
(55, 2, 2, 5, 18, '435gU0kAZk4G3KE2BxaibAaLBJnOMKkY', NULL, NULL, '', '', NULL, NULL, NULL, NULL, '2025-07-30 01:42:14.043479', '2025-07-30 01:42:14.043479', NULL, NULL, NULL),
(56, 2, 2, 6, 18, 'iB99l0jp2UxOicMre6tnFPqdCeDJTysu', NULL, NULL, '', '', NULL, NULL, NULL, NULL, '2025-07-30 01:42:14.050767', '2025-07-30 01:42:14.050767', NULL, NULL, NULL),
(57, 2, 2, 7, 18, 's7SeWclrEc5LXcBCy7FeqC6K4rBSbpu0', NULL, NULL, '', '', NULL, NULL, NULL, NULL, '2025-07-30 01:42:14.057868', '2025-07-30 01:42:14.057868', NULL, NULL, NULL),
(58, 2, 2, 19, 19, 'WWho4DLlCnEvrF1QJPSEiwA7B17n2Npd', NULL, NULL, '', '', NULL, NULL, NULL, NULL, '2025-07-30 01:42:16.386380', '2025-07-30 01:42:16.386380', NULL, NULL, NULL),
(59, 2, 2, 20, 19, 'OFm7bhTAE0x4gQntCeVMYfS71F4tCsAz', NULL, NULL, '', '', NULL, NULL, NULL, NULL, '2025-07-30 01:42:16.392543', '2025-07-30 01:42:16.392543', NULL, NULL, NULL),
(60, 2, 2, 19, 20, 'ferIgPX30ThTMoFYYmfyUYogR1AR77uL', NULL, NULL, '', '', NULL, NULL, NULL, NULL, '2025-07-30 01:42:20.551872', '2025-07-30 01:42:20.551872', NULL, NULL, NULL),
(61, 2, 2, 20, 20, 'ks3ODfgzNRIo19xnqn6XHY6CvnjrLgpH', NULL, NULL, '', '', NULL, NULL, NULL, NULL, '2025-07-30 01:42:20.561397', '2025-07-30 01:42:20.561397', NULL, NULL, NULL);

-- --------------------------------------------------------

--
-- Table structure for table `currencies`
--

CREATE TABLE `currencies` (
  `id` int(10) UNSIGNED NOT NULL,
  `name` varchar(191) NOT NULL,
  `symbol` varchar(191) NOT NULL,
  `precision` varchar(191) NOT NULL,
  `thousand_separator` varchar(191) NOT NULL,
  `decimal_separator` varchar(191) NOT NULL,
  `code` varchar(191) NOT NULL,
  `swap_currency_symbol` tinyint(1) NOT NULL DEFAULT 0,
  `exchange_rate` decimal(13,6) NOT NULL DEFAULT 1.000000
) ENGINE=InnoDB DEFAULT CHARSET=utf8mb4 COLLATE=utf8mb4_unicode_ci;

--
-- Dumping data for table `currencies`
--

INSERT INTO `currencies` (`id`, `name`, `symbol`, `precision`, `thousand_separator`, `decimal_separator`, `code`, `swap_currency_symbol`, `exchange_rate`) VALUES
(1, 'US Dollar', '$', '2', ',', '.', 'USD', 0, 1.000000),
(2, 'British Pound', '', '2', ',', '.', 'GBP', 0, 1.000000),
(3, 'Euro', '', '2', '.', ',', 'EUR', 0, 1.000000),
(4, 'South African Rand', 'R', '2', ',', '.', 'ZAR', 0, 1.000000),
(5, 'Danish Krone', 'kr', '2', '.', ',', 'DKK', 1, 1.000000),
(6, 'Israeli Shekel', 'NIS ', '2', ',', '.', 'ILS', 0, 1.000000),
(7, 'Swedish Krona', 'kr', '2', '.', ',', 'SEK', 1, 1.000000),
(8, 'Kenyan Shilling', 'KSh ', '2', ',', '.', 'KES', 0, 1.000000),
(9, 'Canadian Dollar', '$', '2', ',', '.', 'CAD', 0, 1.000000),
(10, 'Philippine Peso', 'P ', '2', ',', '.', 'PHP', 0, 1.000000),
(11, 'Indian Rupee', 'Rs. ', '2', ',', '.', 'INR', 0, 1.000000),
(12, 'Australian Dollar', '$', '2', ',', '.', 'AUD', 0, 1.000000),
(13, 'Singapore Dollar', '', '2', ',', '.', 'SGD', 0, 1.000000),
(14, 'Norske Kroner', 'kr', '2', '.', ',', 'NOK', 1, 1.000000),
(15, 'New Zealand Dollar', '$', '2', ',', '.', 'NZD', 0, 1.000000),
(16, 'Vietnamese Dong', '', '0', '.', ',', 'VND', 0, 1.000000),
(17, 'Swiss Franc', 'CHF', '2', '\'', '.', 'CHF', 0, 1.000000),
(18, 'Guatemalan Quetzal', 'Q', '2', ',', '.', 'GTQ', 0, 1.000000),
(19, 'Malaysian Ringgit', 'RM', '2', ',', '.', 'MYR', 0, 1.000000),
(20, 'Brazilian Real', 'R$', '2', '.', ',', 'BRL', 0, 1.000000),
(21, 'Thai Baht', '', '2', ',', '.', 'THB', 0, 1.000000),
(22, 'Nigerian Naira', '', '2', ',', '.', 'NGN', 0, 1.000000),
(23, 'Argentine Peso', '$', '2', '.', ',', 'ARS', 0, 1.000000),
(24, 'Bangladeshi Taka', 'Tk', '2', ',', '.', 'BDT', 0, 1.000000),
(25, 'United Arab Emirates Dirham', 'DH ', '2', ',', '.', 'AED', 0, 1.000000),
(26, 'Hong Kong Dollar', '', '2', ',', '.', 'HKD', 0, 1.000000),
(27, 'Indonesian Rupiah', 'Rp', '2', '.', ',', 'IDR', 0, 1.000000),
(28, 'Mexican Peso', '$', '2', ',', '.', 'MXN', 0, 1.000000),
(29, 'Egyptian Pound', 'E', '2', ',', '.', 'EGP', 0, 1.000000),
(30, 'Colombian Peso', '$', '2', '.', ',', 'COP', 0, 1.000000),
(31, 'West African Franc', 'CFA ', '2', ',', '.', 'XOF', 0, 1.000000),
(32, 'Chinese Renminbi', 'RMB ', '2', ',', '.', 'CNY', 0, 1.000000),
(33, 'Rwandan Franc', 'RF ', '2', ',', '.', 'RWF', 0, 1.000000),
(34, 'Tanzanian Shilling', 'TSh ', '2', ',', '.', 'TZS', 0, 1.000000),
(35, 'Netherlands Antillean Guilder', '', '2', '.', ',', 'ANG', 0, 1.000000),
(36, 'Trinidad and Tobago Dollar', 'TT$', '2', ',', '.', 'TTD', 0, 1.000000),
(37, 'East Caribbean Dollar', 'EC$', '2', ',', '.', 'XCD', 0, 1.000000),
(38, 'Ghanaian Cedi', '', '2', ',', '.', 'GHS', 0, 1.000000),
(39, 'Bulgarian Lev', '', '2', ' ', '.', 'BGN', 0, 1.000000),
(40, 'Aruban Florin', 'Afl. ', '2', ' ', '.', 'AWG', 0, 1.000000),
(41, 'Turkish Lira', 'TL ', '2', '.', ',', 'TRY', 0, 1.000000),
(42, 'Romanian New Leu', '', '2', ',', '.', 'RON', 0, 1.000000),
(43, 'Croatian Kuna', 'kn', '2', '.', ',', 'HRK', 0, 1.000000),
(44, 'Saudi Riyal', '', '2', ',', '.', 'SAR', 0, 1.000000),
(45, 'Japanese Yen', '', '0', ',', '.', 'JPY', 0, 1.000000),
(46, 'Maldivian Rufiyaa', '', '2', ',', '.', 'MVR', 0, 1.000000),
(47, 'Costa Rican Coln', '', '2', ',', '.', 'CRC', 0, 1.000000),
(48, 'Pakistani Rupee', 'Rs ', '0', ',', '.', 'PKR', 0, 1.000000),
(49, 'Polish Zloty', 'z', '2', ' ', ',', 'PLN', 1, 1.000000),
(50, 'Sri Lankan Rupee', 'LKR', '2', ',', '.', 'LKR', 1, 1.000000),
(51, 'Czech Koruna', 'K', '2', ' ', ',', 'CZK', 1, 1.000000),
(52, 'Uruguayan Peso', '$', '2', '.', ',', 'UYU', 0, 1.000000),
(53, 'Namibian Dollar', '$', '2', ',', '.', 'NAD', 0, 1.000000),
(54, 'Tunisian Dinar', '', '2', ',', '.', 'TND', 0, 1.000000),
(55, 'Russian Ruble', '', '2', ',', '.', 'RUB', 0, 1.000000),
(56, 'Mozambican Metical', 'MT', '2', '.', ',', 'MZN', 1, 1.000000),
(57, 'Omani Rial', '', '2', ',', '.', 'OMR', 0, 1.000000),
(58, 'Ukrainian Hryvnia', '', '2', ',', '.', 'UAH', 0, 1.000000),
(59, 'Macanese Pataca', 'MOP$', '2', ',', '.', 'MOP', 0, 1.000000),
(60, 'Taiwan New Dollar', 'NT$', '2', ',', '.', 'TWD', 0, 1.000000),
(61, 'Dominican Peso', 'RD$', '2', ',', '.', 'DOP', 0, 1.000000),
(62, 'Chilean Peso', '$', '0', '.', ',', 'CLP', 0, 1.000000),
(63, 'Icelandic Krna', 'kr', '0', '.', ',', 'ISK', 1, 1.000000),
(64, 'Papua New Guinean Kina', 'K', '2', ',', '.', 'PGK', 0, 1.000000),
(65, 'Jordanian Dinar', '', '2', ',', '.', 'JOD', 0, 1.000000),
(66, 'Myanmar Kyat', 'K', '2', ',', '.', 'MMK', 0, 1.000000),
(67, 'Peruvian Sol', 'S/ ', '2', ',', '.', 'PEN', 0, 1.000000),
(68, 'Botswana Pula', 'P', '2', ',', '.', 'BWP', 0, 1.000000),
(69, 'Hungarian Forint', 'Ft', '0', '.', ',', 'HUF', 1, 1.000000),
(70, 'Ugandan Shilling', 'USh ', '2', ',', '.', 'UGX', 0, 1.000000),
(71, 'Barbadian Dollar', '$', '2', ',', '.', 'BBD', 0, 1.000000),
(72, 'Brunei Dollar', 'B$', '2', ',', '.', 'BND', 0, 1.000000),
(73, 'Georgian Lari', '', '2', ' ', ',', 'GEL', 0, 1.000000),
(74, 'Qatari Riyal', 'QR', '2', ',', '.', 'QAR', 0, 1.000000),
(75, 'Honduran Lempira', 'L', '2', ',', '.', 'HNL', 0, 1.000000),
(76, 'Surinamese Dollar', 'SRD', '2', '.', ',', 'SRD', 0, 1.000000),
(77, 'Bahraini Dinar', 'BD ', '2', ',', '.', 'BHD', 0, 1.000000),
(78, 'Venezuelan Bolivars', 'Bs.', '2', '.', ',', 'VES', 0, 1.000000),
(79, 'South Korean Won', 'W ', '2', ',', '.', 'KRW', 0, 1.000000),
(80, 'Moroccan Dirham', 'MAD ', '2', ',', '.', 'MAD', 0, 1.000000),
(81, 'Jamaican Dollar', '$', '2', ',', '.', 'JMD', 0, 1.000000),
(82, 'Angolan Kwanza', 'Kz', '2', '.', ',', 'AOA', 0, 1.000000),
(83, 'Haitian Gourde', 'G', '2', ',', '.', 'HTG', 0, 1.000000),
(84, 'Zambian Kwacha', 'ZK', '2', ',', '.', 'ZMW', 0, 1.000000),
(85, 'Nepalese Rupee', 'Rs. ', '2', ',', '.', 'NPR', 0, 1.000000),
(86, 'CFP Franc', '', '2', ',', '.', 'XPF', 0, 1.000000),
(87, 'Mauritian Rupee', 'Rs', '2', ',', '.', 'MUR', 0, 1.000000),
(88, 'Cape Verdean Escudo', '', '2', '.', '$', 'CVE', 0, 1.000000),
(89, 'Kuwaiti Dinar', 'KD', '3', ',', '.', 'KWD', 0, 1.000000),
(90, 'Algerian Dinar', 'DA', '2', ',', '.', 'DZD', 0, 1.000000),
(91, 'Macedonian Denar', '', '2', ',', '.', 'MKD', 0, 1.000000),
(92, 'Fijian Dollar', 'FJ$', '2', ',', '.', 'FJD', 0, 1.000000),
(93, 'Bolivian Boliviano', 'Bs', '2', ',', '.', 'BOB', 0, 1.000000),
(94, 'Albanian Lek', 'L ', '2', '.', ',', 'ALL', 0, 1.000000),
(95, 'Serbian Dinar', 'din', '2', '.', ',', 'RSD', 0, 1.000000),
(96, 'Lebanese Pound', 'LL ', '2', ',', '.', 'LBP', 0, 1.000000),
(97, 'Armenian Dram', '', '2', ',', '.', 'AMD', 0, 1.000000),
(98, 'Azerbaijan Manat', '', '2', ',', '.', 'AZN', 0, 1.000000),
(99, 'Bosnia and Herzegovina Convertible Mark', '', '2', ',', '.', 'BAM', 0, 1.000000),
(100, 'Belarusian Ruble', '', '2', ',', '.', 'BYN', 0, 1.000000),
(101, 'Gibraltar Pound', '', '2', ',', '.', 'GIP', 0, 1.000000),
(102, 'Moldovan Leu', '', '2', ',', '.', 'MDL', 0, 1.000000),
(103, 'Kazakhstani Tenge', '', '2', ',', '.', 'KZT', 0, 1.000000),
(104, 'Ethiopian Birr', '', '2', ',', '.', 'ETB', 0, 1.000000),
(105, 'Gambia Dalasi', 'D', '2', ',', '.', 'GMD', 0, 1.000000),
(106, 'Paraguayan Guarani', '', '0', ',', '.', 'PYG', 0, 1.000000),
(107, 'Malawi Kwacha', 'MK', '2', ',', '.', 'MWK', 0, 1.000000),
(108, 'Zimbabwean Dollar', 'Z$', '2', ',', '.', 'ZWL', 0, 1.000000),
(109, 'Cambodian Riel', '', '2', ',', '.', 'KHR', 0, 1.000000),
(110, 'Vanuatu Vatu', 'VT', '0', ',', '.', 'VUV', 0, 1.000000),
(111, 'Cuban Peso', '', '2', ',', '.', 'CUP', 0, 1.000000),
(112, 'Cayman Island Dollar', '', '2', ',', '.', 'KYD', 0, 1.000000),
(113, 'Swazi lilangeni', 'E', '2', ',', '.', 'SZL', 0, 1.000000),
(114, 'BZ Dollar', '$', '2', ',', '.', 'BZD', 0, 1.000000),
(115, 'Libyan Dinar', 'LD', '3', ',', '.', 'LYD', 0, 1.000000),
(116, 'Silver Troy Ounce', 'XAG', '2', ',', '.', 'XAG', 0, 1.000000),
(117, 'Gold Troy Ounce', 'XAU', '3', ',', '.', 'XAU', 0, 1.000000),
(118, 'Nicaraguan Crdoba', 'C$', '2', ',', '.', 'NIO', 0, 1.000000),
(119, 'Malagasy ariary', 'Ar', '0', ',', '.', 'MGA', 0, 1.000000),
(120, 'Tongan Pa anga', 'T$', '2', ',', '.', 'TOP', 0, 1.000000),
(121, 'Lao kip', '', '2', ',', '.', 'LAK', 0, 1.000000),
(122, 'Bhutan Ngultrum', 'Nu', '2', ',', '.', 'BTN', 0, 1.000000),
(123, 'Mauritanian Ouguiya', 'UM', '2', ',', '.', 'MRU', 0, 1.000000),
(124, 'Bermudian Dollar', '$', '2', ',', '.', 'BMD', 0, 1.000000),
(125, 'Central African CFA Franc', 'Fr', '0', ',', '.', 'XAF', 0, 1.000000),
(126, 'Congolese Franc', 'Fr', '2', ',', '.', 'CDF', 0, 1.000000),
(127, 'Djiboutian Franc', 'Fr', '0', ',', '.', 'DJF', 0, 1.000000),
(128, 'Eritrean Nakfa', 'Nfk', '2', ',', '.', 'ERN', 0, 1.000000),
(129, 'Falkland Islands Pound', '', '2', ',', '.', 'FKP', 0, 1.000000),
(130, 'Guinean Franc', 'Fr', '0', ',', '', 'GNF', 0, 1.000000),
(131, 'Iraqi Dinar', '.', '3', ',', '.', 'IQD', 0, 1.000000),
(132, 'Lesotho Loti', 'L', '2', ',', '.', 'LSL', 0, 1.000000),
(133, 'Mongolian Tugrik', '', '2', ',', '.', 'MNT', 0, 1.000000),
(134, 'Seychellois Rupee', '', '2', ',', '.', 'SCR', 0, 1.000000),
(135, 'Solomon Islands Dollar', '$', '2', ',', '.', 'SBD', 0, 1.000000),
(136, 'Somali Shilling', 'Sh', '2', ',', '.', 'SOS', 0, 1.000000),
(137, 'South Sudanese Pound', '', '2', ',', '.', 'SSP', 0, 1.000000),
(138, 'Sudanese Pound', '', '2', ',', '.', 'SDG', 0, 1.000000),
(139, 'Tajikistani Somoni', 'M', '2', ',', '.', 'TJS', 0, 1.000000),
(140, 'Turkmenistani Manat', 'T', '2', ',', '.', 'TMT', 0, 1.000000),
(141, 'Uzbekistani Som', 'so\'m', '2', ',', '.', 'UZS', 0, 1.000000);

-- --------------------------------------------------------

--
-- Table structure for table `datetime_formats`
--

CREATE TABLE `datetime_formats` (
  `id` int(10) UNSIGNED NOT NULL,
  `format` varchar(191) NOT NULL,
  `format_moment` varchar(191) NOT NULL,
  `format_dart` varchar(191) NOT NULL
) ENGINE=InnoDB DEFAULT CHARSET=utf8mb4 COLLATE=utf8mb4_unicode_ci;

--
-- Dumping data for table `datetime_formats`
--

INSERT INTO `datetime_formats` (`id`, `format`, `format_moment`, `format_dart`) VALUES
(1, 'd/M/Y g:i a', 'DD/MMM/YYYY h:mm:ss a', 'dd/MMM/yyyy h:mm a'),
(2, 'd-M-Y g:i a', 'DD-MMM-YYYY h:mm:ss a', 'dd-MMM-yyyy h:mm a'),
(3, 'd/F/Y g:i a', 'DD/MMMM/YYYY h:mm:ss a', 'dd/MMMM/yyyy h:mm a'),
(4, 'd-F-Y g:i a', 'DD-MMMM-YYYY h:mm:ss a', 'dd-MMMM-yyyy h:mm a'),
(5, 'M j, Y g:i a', 'MMM D, YYYY h:mm:ss a', 'MMM d, yyyy h:mm a'),
(6, 'F j, Y g:i a', 'MMMM D, YYYY h:mm:ss a', 'MMMM d, yyyy h:mm a'),
(7, 'D M jS, Y g:i a', 'ddd MMM Do, YYYY h:mm:ss a', 'EEE MMM d, yyyy h:mm a'),
(8, 'Y-m-d g:i a', 'YYYY-MM-DD h:mm:ss a', 'yyyy-MM-dd h:mm a'),
(9, 'd-m-Y g:i a', 'DD-MM-YYYY h:mm:ss a', 'dd-MM-yyyy h:mm a'),
(10, 'm/d/Y g:i a', 'MM/DD/YYYY h:mm:ss a', 'MM/dd/yyyy h:mm a'),
(11, 'd.m.Y g:i a', 'D.MM.YYYY h:mm:ss a', 'dd.MM.yyyy h:mm a'),
(12, 'j. M. Y g:i a', 'DD. MMM. YYYY h:mm:ss a', 'd. MMM. yyyy h:mm a'),
(13, 'j. F Y g:i a', 'DD. MMMM YYYY h:mm:ss a', 'd. MMMM yyyy h:mm a'),
(14, 'd/m/Y g:i a', 'DD/MM/YYYY h:mm:ss a', 'dd/MM/yyyy h:mm a');

-- --------------------------------------------------------

--
-- Table structure for table `date_formats`
--

CREATE TABLE `date_formats` (
  `id` int(10) UNSIGNED NOT NULL,
  `format` varchar(191) NOT NULL,
  `format_moment` varchar(191) NOT NULL,
  `format_dart` varchar(191) NOT NULL
) ENGINE=InnoDB DEFAULT CHARSET=utf8mb4 COLLATE=utf8mb4_unicode_ci;

--
-- Dumping data for table `date_formats`
--

INSERT INTO `date_formats` (`id`, `format`, `format_moment`, `format_dart`) VALUES
(1, 'd/M/Y', 'DD/MMM/YYYY', 'dd/MMM/yyyy'),
(2, 'd-M-Y', 'DD-MMM-YYYY', 'dd-MMM-yyyy'),
(3, 'd/F/Y', 'DD/MMMM/YYYY', 'dd/MMMM/yyyy'),
(4, 'd-F-Y', 'DD-MMMM-YYYY', 'dd-MMMM-yyyy'),
(5, 'M j, Y', 'MMM D, YYYY', 'MMM d, yyyy'),
(6, 'F j, Y', 'MMMM D, YYYY', 'MMMM d, yyyy'),
(7, 'D M j, Y', 'ddd MMM D, YYYY', 'EEE MMM d, yyyy'),
(8, 'Y-m-d', 'YYYY-MM-DD', 'yyyy-MM-dd'),
(9, 'd-m-Y', 'DD-MM-YYYY', 'dd-MM-yyyy'),
(10, 'm/d/Y', 'MM/DD/YYYY', 'MM/dd/yyyy'),
(11, 'd.m.Y', 'D.MM.YYYY', 'dd.MM.yyyy'),
(12, 'j. M. Y', 'DD. MMM. YYYY', 'd. MMM. yyyy'),
(13, 'j. F Y', 'DD. MMMM YYYY', 'd. MMMM yyyy'),
(14, 'd/m/Y', 'DD/MM/YYYY', 'dd/MM/yyyy');

-- --------------------------------------------------------

--
-- Table structure for table `designs`
--

CREATE TABLE `designs` (
  `id` int(10) UNSIGNED NOT NULL,
  `user_id` int(10) UNSIGNED DEFAULT NULL,
  `company_id` int(10) UNSIGNED DEFAULT NULL,
  `name` varchar(191) NOT NULL,
  `is_custom` tinyint(1) NOT NULL DEFAULT 1,
  `is_active` tinyint(1) NOT NULL DEFAULT 1,
  `design` mediumtext DEFAULT NULL,
  `is_deleted` tinyint(1) NOT NULL DEFAULT 0,
  `created_at` timestamp(6) NULL DEFAULT NULL,
  `updated_at` timestamp(6) NULL DEFAULT NULL,
  `deleted_at` timestamp(6) NULL DEFAULT NULL,
  `is_template` tinyint(1) NOT NULL DEFAULT 0,
  `entities` text DEFAULT NULL
) ENGINE=InnoDB DEFAULT CHARSET=utf8mb4 COLLATE=utf8mb4_unicode_ci;

--
-- Dumping data for table `designs`
--

INSERT INTO `designs` (`id`, `user_id`, `company_id`, `name`, `is_custom`, `is_active`, `design`, `is_deleted`, `created_at`, `updated_at`, `deleted_at`, `is_template`, `entities`) VALUES
(1, NULL, NULL, 'Plain', 0, 1, '{\"includes\":\"<style id=\\\"style\\\">\\r\\n    @import url($font_url);\\r\\n\\r\\n    :root {\\r\\n        --primary-color: $primary_color;\\r\\n        --secondary-color: $secondary_color;\\r\\n        --line-height: 1.6;\\r\\n    }\\r\\n\\r\\n    body {\\r\\n        -webkit-font-smoothing: antialiased;\\r\\n        -moz-osx-font-smoothing: grayscale;\\r\\n        font-family: $font_name, Helvetica, sans-serif;\\r\\n        font-size: $font_size !important;\\r\\n        zoom: 80%;\\r\\n    }\\r\\n\\r\\n    table tr td,\\r\\n    table tr,\\r\\n    th {\\r\\n        font-size: $font_size !important;\\r\\n    }\\r\\n\\r\\n    html {\\r\\n        width: 210mm;\\r\\n        height: 200mm;\\r\\n    }\\r\\n\\r\\n    @page {\\r\\n        margin-left: $global_margin;\\r\\n        margin-right: $global_margin;\\r\\n        margin-top: 0;\\r\\n        margin-bottom: 0;\\r\\n        size: $page_size $page_layout;\\r\\n    }\\r\\n\\r\\n    p {\\r\\n        margin: 0;\\r\\n        padding: 0;\\r\\n    }\\r\\n\\r\\n    .header-wrapper {\\r\\n        display: grid;\\r\\n        grid-template-columns: 1fr 1fr 1fr;\\r\\n        line-height: var(--line-height);\\r\\n        margin-bottom: 10px;\\r\\n    }\\r\\n\\r\\n    .client-wrapper {\\r\\n        display: grid;\\r\\n        grid-template-columns: 1fr auto 1fr;\\r\\n        border: 0px solid #000;\\r\\n    }\\r\\n\\r\\n    .company-logo {\\r\\n        max-width: $company_logo_size;\\r\\n    }\\r\\n\\r\\n    .header-wrapper #company-address {\\r\\n        display: flex;\\r\\n        flex-direction: column;\\r\\n        line-height: var(--line-height);\\r\\n    }\\r\\n\\r\\n    #entity-container {\\r\\n        border: 0px solid #000;\\r\\n        width: 100%;\\r\\n    }\\r\\n\\r\\n    #entity-details {\\r\\n        text-align: left;\\r\\n        line-height: var(--line-height) !important;\\r\\n        white-space: nowrap;\\r\\n        border: 0px solid #000;\\r\\n        margin-right: 0;\\r\\n        margin-left: auto;\\r\\n    }\\r\\n\\r\\n    #entity-details>tr,\\r\\n    #entity-details th {\\r\\n        font-weight: normal;\\r\\n        padding-right: 3rem;\\r\\n        line-height: var(--line-height) !important;\\r\\n    }\\r\\n\\r\\n    .header-wrapper #entity-details [data-element=\'entity-balance-due-label\'],\\r\\n    .header-wrapper #entity-details [data-element=\'entity-balance-due\'] {\\r\\n        background-color: #e6e6e6;\\r\\n    }\\r\\n\\r\\n    #client-details {\\r\\n        display: flex;\\r\\n        flex-direction: column;\\r\\n        line-height: var(--line-height);\\r\\n        \\/* white-space: nowrap; *\\/\\r\\n        border: 0px solid #000;\\r\\n    }\\r\\n\\r\\n    #shipping-details {\\r\\n        opacity: $show_shipping_address_visibility;\\r\\n        flex-direction: column;\\r\\n        line-height: var(--line-height);\\r\\n        white-space: nowrap;\\r\\n        border: 0px solid #000;\\r\\n    }\\r\\n\\r\\n    [data-ref=\\\"table\\\"] {\\r\\n        margin-top: 1rem;\\r\\n        min-width: 100%;\\r\\n        table-layout: fixed;\\r\\n        overflow-wrap: break-word;\\r\\n        margin-bottom: 5px;\\r\\n    }\\r\\n\\r\\n    .task-time-details {\\r\\n        display: block;\\r\\n        margin-top: 5px;\\r\\n        color: grey;\\r\\n    }\\r\\n\\r\\n    [data-ref=\\\"table\\\"]>thead {\\r\\n        text-align: left;\\r\\n    }\\r\\n\\r\\n    [data-ref=\\\"table\\\"]>thead>tr>th {\\r\\n        padding: 0.5rem;\\r\\n        background-color: #e6e6e6;\\r\\n    }\\r\\n\\r\\n    [data-ref=\\\"table\\\"]>thead>tr>th:last-child {\\r\\n        text-align: right;\\r\\n    }\\r\\n\\r\\n    [data-ref=\\\"table\\\"]>tbody>tr>td {\\r\\n        border-bottom: 1px solid #e6e6e6;\\r\\n        padding: 0.75rem;\\r\\n    }\\r\\n\\r\\n    [data-ref=\\\"table\\\"]>tbody>tr>td:last-child {\\r\\n        text-align: right;\\r\\n    }\\r\\n\\r\\n    #table-totals {\\r\\n        margin-top: 0rem;\\r\\n        display: grid;\\r\\n        grid-template-columns: 2fr 1fr;\\r\\n        padding-top: .5rem;\\r\\n        padding-left: .5rem;\\r\\n        margin-right: .75rem;\\r\\n        gap: 80px;\\r\\n        page-break-inside: auto;\\r\\n        overflow: visible !important;\\r\\n    }\\r\\n\\r\\n    #table-totals .totals-table-right-side>* {\\r\\n        display: grid;\\r\\n        grid-template-columns: 1fr 1fr;\\r\\n    }\\r\\n\\r\\n    #table-totals>.totals-table-right-side>*> :nth-child(1) {\\r\\n        text-align: $dir_text_align;\\r\\n        margin-top: .25rem;\\r\\n        padding-left: 7px;\\r\\n    }\\r\\n\\r\\n    #table-totals>.totals-table-right-side>*> :not([hidden])~ :not([hidden]) {\\r\\n        --tw-space-y-reverse: 0;\\r\\n        margin-top: calc(.25rem * calc(1 - var(--tw-space-y-reverse)));\\r\\n        margin-bottom: calc(.25rem * var(--tw-space-y-reverse));\\r\\n    }\\r\\n\\r\\n    #table-totals>.totals-table-right-side>*> :nth-child(2) {\\r\\n        text-align: right;\\r\\n        padding-right: 0px;\\r\\n    }\\r\\n\\r\\n    #table-totals>* [data-element=\'total-table-balance-due-label\'],\\r\\n    #table-totals>* [data-element=\'total-table-balance-due\'] {\\r\\n        font-weight: bold;\\r\\n    }\\r\\n\\r\\n    #table-totals>*> :last-child {\\r\\n        text-align: right;\\r\\n        padding-right: 1rem;\\r\\n    }\\r\\n\\r\\n    [data-ref=\\\"total_table-footer\\\"] {\\r\\n        padding-left: 1rem\\r\\n    }\\r\\n\\r\\n    #footer {\\r\\n        margin-top: 30px;\\r\\n    }\\r\\n\\r\\n    [data-ref=\\\"totals_table-outstanding\\\"] {\\r\\n        color: var(--primary-color)\\r\\n    }\\r\\n\\r\\n    \\/** Markdown-specific styles. **\\/\\r\\n    [data-ref=\\\"table\\\"] h3 {\\r\\n        font-size: 1rem;\\r\\n        margin-bottom: 0;\\r\\n    }\\r\\n\\r\\n    [data-ref=\\\"totals_table-outstanding-label\\\"],\\r\\n    [data-ref=\\\"totals_table-outstanding\\\"] {\\r\\n        background-color: #e6e6e6;\\r\\n        color: black;\\r\\n        padding-top: 7px;\\r\\n        padding-bottom: 7px;\\r\\n        padding-right: 7px;\\r\\n    }\\r\\n\\r\\n    [data-ref=\\\"statement-totals\\\"] {\\r\\n        margin-top: 1rem;\\r\\n        text-align: right;\\r\\n        margin-right: .75rem;\\r\\n    }\\r\\n\\r\\n    [data-ref*=\\\".line_total-td\\\"] {\\r\\n        white-space: nowrap;\\r\\n    }\\r\\n\\r\\n    \\/** .repeating-header,\\r\\n    .repeating-header-space, **\\/\\r\\n    .repeating-footer,\\r\\n    .repeating-footer-space {\\r\\n        height: 10px;\\r\\n    }\\r\\n\\r\\n    .repeating-header {\\r\\n        position: fixed;\\r\\n        top: 0;\\r\\n    }\\r\\n\\r\\n    .repeating-footer {\\r\\n        position: fixed;\\r\\n        bottom: 0;\\r\\n    }\\r\\n\\r\\n    [data-element=\'product_table-product.description-td\'],\\r\\n    td {\\r\\n        min-width: 100%;\\r\\n        max-width: 300px;\\r\\n        overflow-wrap: break-word;\\r\\n    }\\r\\n\\r\\n    .stamp {\\r\\n        transform: rotate(12deg);\\r\\n        color: #555;\\r\\n        font-size: 3rem;\\r\\n        font-weight: 700;\\r\\n        border: 0.25rem solid #555;\\r\\n        display: inline-block;\\r\\n        padding: 0.25rem 1rem;\\r\\n        text-transform: uppercase;\\r\\n        border-radius: 1rem;\\r\\n        font-family: \'Courier\';\\r\\n        mix-blend-mode: multiply;\\r\\n        z-index: 200 !important;\\r\\n        position: fixed;\\r\\n        text-align: center;\\r\\n    }\\r\\n\\r\\n    .is-paid {\\r\\n        color: #D23;\\r\\n        border: 1rem double #D23;\\r\\n        transform: rotate(-5deg);\\r\\n        font-size: 6rem;\\r\\n        font-family: \\\"Open sans\\\", Helvetica, Arial, sans-serif;\\r\\n        border-radius: 0;\\r\\n        padding: 0.5rem;\\r\\n        opacity: 0.2;\\r\\n        z-index: 200 !important;\\r\\n        position: fixed;\\r\\n        display: $show_paid_stamp;\\r\\n    }\\r\\n\\r\\n    .project-header {\\r\\n        font-size: 1.2em;\\r\\n        margin-top: 0.1em;\\r\\n        margin-bottom: 0;\\r\\n        padding-bottom: 0;\\r\\n        margin-left: 0;\\r\\n        margin-right: 0;\\r\\n        font-weight: bold;\\r\\n        color: #505050;\\r\\n    }\\r\\n\\r\\n    #logo-container {\\r\\n        margin-right: 0;\\r\\n        margin-left: auto;\\r\\n        text-align: right;\\r\\n        border: 0px solid #000;\\r\\n    }\\r\\n\\r\\n    .pqrcode {}\\r\\n\\r\\n    \\/** Useful snippets, uncomment to enable. **\\/\\r\\n\\r\\n    \\/** Hide company logo **\\/\\r\\n    \\/* .company-logo { display: none } *\\/\\r\\n\\r\\n    \\/* Hide company details *\\/\\r\\n    \\/* #company-details > * { display: none } *\\/\\r\\n\\r\\n    \\/* Hide company address *\\/\\r\\n    \\/* #company-address > * { display: none } *\\/\\r\\n\\r\\n    \\/* Hide public notes *\\/\\r\\n    \\/* [data-ref=\\\"total_table-public_notes\\\"] { display: none } *\\/\\r\\n\\r\\n    \\/* Hide terms label *\\/\\r\\n    \\/* [data-ref=\\\"total_table-terms-label\\\"] { display: none } *\\/\\r\\n\\r\\n    \\/* Hide totals table *\\/\\r\\n    \\/* #table-totals { display: none } *\\/\\r\\n\\r\\n    \\/* Hide totals table left side *\\/\\r\\n    \\/* #table-totals div:first-child > * { display: none !important } *\\/\\r\\n\\r\\n    \\/* Hide totals table right side *\\/\\r\\n    \\/* .totals-table-right-side { display: none } *\\/\\r\\n\\r\\n    \\/** For more info, please check our docs: https:\\/\\/invoiceninja.github.io **\\/\\r\\n    \\/** To find out selectors on your own: https:\\/\\/invoiceninja.github.io\\/docs\\/custom-fields\\/#snippets **\\/\\r\\n<\\/style>\\n\",\"header\":\"<div class=\\\"repeating-header\\\" id=\\\"header\\\"><\\/div>\\n\",\"body\":\"<div id=\\\"body\\\">\\r\\n                    <div class=\\\"header-wrapper\\\">\\r\\n                        <div id=\\\"company-details\\\"><\\/div>\\r\\n                        <div id=\\\"company-address\\\"><\\/div>\\r\\n                        <div id=\\\"logo-container\\\">\\r\\n                            <img class=\\\"company-logo\\\" src=\\\"$company.logo\\\" alt=\\\"$company.name logo\\\">\\r\\n                        <\\/div>\\r\\n                    <\\/div>\\r\\n                    <div class=\\\"client-wrapper\\\">\\r\\n                        <div id=\\\"client-details\\\"><\\/div>\\r\\n                        <div id=\\\"vendor-details\\\"><\\/div>\\r\\n                        <div id=\\\"shipping-details\\\"><\\/div>\\r\\n                        <div id=\\\"entity-container\\\">\\r\\n                            <table id=\\\"entity-details\\\" cellspacing=\\\"0\\\" cellpadding=\\\"0\\\" dir=\\\"$dir\\\"><\\/table>\\r\\n                        <\\/div>\\r\\n                    <\\/div>\\r\\n                    <table id=\\\"product-table\\\" cellspacing=\\\"0\\\" data-ref=\\\"table\\\"><\\/table>\\r\\n                    <table id=\\\"task-table\\\" cellspacing=\\\"0\\\" data-ref=\\\"table\\\"><\\/table>\\r\\n                    <table id=\\\"delivery-note-table\\\" cellspacing=\\\"0\\\" data-ref=\\\"table\\\"><\\/table>\\r\\n                    <table id=\\\"statement-invoice-table\\\" cellspacing=\\\"0\\\" data-ref=\\\"table\\\"><\\/table>\\r\\n                    <div id=\\\"statement-invoice-table-totals\\\" data-ref=\\\"statement-totals\\\"><\\/div>\\r\\n                    <table id=\\\"statement-payment-table\\\" cellspacing=\\\"0\\\" data-ref=\\\"table\\\"><\\/table>\\r\\n                    <div id=\\\"statement-payment-table-totals\\\" data-ref=\\\"statement-totals\\\"><\\/div>\\r\\n                    <table id=\\\"statement-unapplied-payment-table\\\" cellspacing=\\\"0\\\" data-ref=\\\"table\\\"><\\/table>\\r\\n                    <div id=\\\"statement-unapplied-payment-table-totals\\\" data-ref=\\\"statement-totals\\\"><\\/div>\\r\\n                    <table id=\\\"statement-credit-table\\\" cellspacing=\\\"0\\\" data-ref=\\\"table\\\"><\\/table>\\r\\n                    <div id=\\\"statement-credit-table-totals\\\" data-ref=\\\"statement-totals\\\"><\\/div>\\r\\n                    <table id=\\\"statement-aging-table\\\" cellspacing=\\\"0\\\" data-ref=\\\"table\\\"><\\/table>\\r\\n                    <div id=\\\"statement-aging-table-totals\\\" data-ref=\\\"statement-totals\\\"><\\/div>\\r\\n                    <div id=\\\"table-totals\\\" cellspacing=\\\"0\\\">$status_logo<\\/div>\\r\\n                <\\/div>\\n\",\"product\":\"\",\"task\":\"\",\"footer\":\"<div class=\\\"repeating-footerx\\\" id=\\\"footer\\\">\\r\\n    <p data-ref=\\\"total_table-footer\\\">$entity_footer<\\/p>\\r\\n\\r\\n    <script>\\r\\n        \\/\\/ Clear up space a bit, if [product-table, tasks-table, delivery-note-table] isn\'t present.\\r\\n        document.addEventListener(\'DOMContentLoaded\', () => {\\r\\n            let tables = [\\r\\n                \'product-table\', \'task-table\', \'delivery-note-table\',\\r\\n                \'statement-invoice-table\', \'statement-payment-table\', \'statement-unapplied-payment-table\',\'statement-aging-table-totals\',\\r\\n                \'statement-invoice-table-totals\', \'statement-payment-table-totals\', \'statement-unapplied-payment-table-totals\', \'statement-aging-table\',\\r\\n                \'client-details\', \'vendor-details\', \'swiss-qr\', \'shipping-details\', \'statement-credit-table\', \'statement-credit-table-totals\',\\r\\n            ];\\r\\n\\r\\n            tables.forEach((tableIdentifier) => {\\r\\n                document.getElementById(tableIdentifier) && document.getElementById(tableIdentifier).childElementCount === 0\\r\\n                    ? document.getElementById(tableIdentifier).style.display = \'none\'\\r\\n                    : \'\';\\r\\n            });\\r\\n        });\\r\\n    <\\/script>\\r\\n<\\/div>\\n\"}', 0, '2025-07-30 01:39:37.694092', '2025-07-30 01:39:37.719703', NULL, 0, NULL),
(2, NULL, NULL, 'Clean', 0, 1, '{\"includes\":\"<style id=\\\"style\\\">\\r\\n    @import url($font_url);\\r\\n\\r\\n    :root {\\r\\n        --primary-color: $primary_color;\\r\\n        --secondary-color: $secondary_color;\\r\\n        --line-height: 1.6;\\r\\n    }\\r\\n\\r\\n    html {\\r\\n        width: 210mm;\\r\\n        height: 200mm;     \\r\\n    }\\r\\n\\r\\n    body {\\r\\n        -webkit-font-smoothing: antialiased;\\r\\n        -moz-osx-font-smoothing: grayscale;\\r\\n        font-family: $font_name, Helvetica, sans-serif;\\r\\n        font-size: $font_size !important;\\r\\n        zoom: 80%;\\r\\n    }\\r\\n\\r\\n    table tr td, table tr, th {\\r\\n        font-size: $font_size !important;\\r\\n    }\\r\\n\\r\\n    @page {\\r\\n        margin-left: $global_margin;\\r\\n        margin-right: $global_margin;\\r\\n        margin-top: 5;\\r\\n        margin-bottom: 5;\\r\\n        size: $page_size $page_layout;\\r\\n    }\\r\\n\\r\\n\\r\\n    p {\\r\\n        margin: 0;\\r\\n        padding: 0;\\r\\n    }\\r\\n    \\r\\n    #qr-bill {\\r\\n        width:100% !important;\\r\\n        box-sizing: border-box;\\r\\n        border-collapse: collapse;\\r\\n        color: #000;\\r\\n    }\\r\\n\\r\\n    #qr-bill td {\\r\\n        max-width: none;\\r\\n    }\\r\\n\\r\\n    .header-container {\\r\\n        display: grid;\\r\\n        grid-template-columns: 1fr 1fr 1fr;\\r\\n        gap: 20px;\\r\\n    }\\r\\n\\r\\n    .company-logo-container {\\r\\n        display: inline-block;\\r\\n    }\\r\\n\\r\\n    .company-logo {\\r\\n        max-width: $company_logo_size;\\r\\n    }\\r\\n\\r\\n    #company-details {\\r\\n        display: flex;\\r\\n        flex-direction: column;\\r\\n        line-height: var(--line-height);\\r\\n    }\\r\\n\\r\\n    #company-details > p:first-child {\\r\\n        color: var(--primary-color);\\r\\n    }\\r\\n\\r\\n    #company-address {\\r\\n        display: flex;\\r\\n        flex-direction: column;\\r\\n        line-height: var(--line-height);\\r\\n    }\\r\\n\\r\\n    .entity-label {\\r\\n        margin-top: 2.5rem;\\r\\n        text-transform: uppercase;\\r\\n        padding-left: 1rem;\\r\\n        margin-bottom: 1rem;\\r\\n        font-weight: bold;\\r\\n        color: var(--primary-color);\\r\\n    }\\r\\n\\r\\n    .client-and-entity-wrapper {\\r\\n\\/*        display: flex;*\\/\\r\\n        padding: 1rem;\\r\\n        display: grid;\\r\\n        grid-template-columns: 1fr 1fr 1fr;\\r\\n        border-top: 1px solid #d8d8d8;\\r\\n        border-bottom: 1px solid #d8d8d8;\\r\\n    }\\r\\n\\r\\n    #entity-details {\\r\\n        display:flex;\\r\\n        text-align: left;\\r\\n        margin-right: 20px;\\r\\n        line-height: var(--line-height) !important;\\r\\n    }\\r\\n\\r\\n    #entity-details > tr,\\r\\n    #entity-details th {\\r\\n        font-weight: normal;\\r\\n        padding-right: 15px;\\r\\n        line-height: var(--line-height) !important;\\r\\n    }\\r\\n\\r\\n    #client-details {\\r\\n        display: flex;\\r\\n        flex-direction: column;\\r\\n        line-height: var(--line-height);\\r\\n        padding-right:30px;\\r\\n    }\\r\\n\\r\\n    #client-details > :first-child {\\r\\n        font-weight: bold;\\r\\n    }\\r\\n\\r\\n    #shipping-details {\\r\\n        display: $show_shipping_address;\\r\\n        flex-direction: column;\\r\\n        line-height: var(--line-height);\\r\\n    }\\r\\n\\r\\n    [data-ref=\\\"table\\\"] {\\r\\n        margin-top: 1rem;\\r\\n        margin-bottom: 5px;\\r\\n        min-width: 100%;\\r\\n        table-layout: fixed;\\r\\n        overflow-wrap: break-word;\\r\\n    }\\r\\n\\r\\n    .task-time-details {\\r\\n        display: block;\\r\\n        margin-top: 5px;\\r\\n        color: grey;\\r\\n    }\\r\\n\\r\\n    [data-ref=\\\"table\\\"] > thead {\\r\\n        text-align: left;\\r\\n    }\\r\\n\\r\\n    [data-ref=\\\"table\\\"] > thead > tr > th {\\r\\n        font-size: 1.1rem;\\r\\n        padding-bottom: 1.5rem;\\r\\n        padding-left: 1rem;\\r\\n    }\\r\\n\\r\\n    [data-ref=\\\"table\\\"] > tbody > tr > td {\\r\\n        border-top: 1px solid #d8d8d8;\\r\\n        border-bottom: 1px solid #d8d8d8;\\r\\n        padding: 1rem 1rem;\\r\\n    }\\r\\n\\r\\n    [data-ref=\\\"table\\\"] > tbody > tr > td:first-child {\\r\\n        color: var(--primary-color);\\r\\n    }\\r\\n\\r\\n    [data-ref=\\\"table\\\"] > thead > tr > th:last-child,\\r\\n    [data-ref=\\\"table\\\"] > tbody > tr > td:last-child {\\r\\n        text-align: right;\\r\\n    }\\r\\n\\r\\n    [data-ref=\\\"table\\\"] > thead > tr > th:last-child {\\r\\n        padding-right: 1rem;\\r\\n    }\\r\\n\\r\\n    [data-ref=\\\"table\\\"] > tbody > tr:nth-child(odd) {\\r\\n        background-color: #f5f5f5;\\r\\n    }\\r\\n\\r\\n    #table-totals {\\r\\n        margin-top: 0rem;\\r\\n        display: grid;\\r\\n        grid-template-columns: 2fr 1fr;\\r\\n        padding-top: 0rem;\\r\\n        padding-right: 1rem;\\r\\n        padding-left: 1rem;\\r\\n        gap: 80px;\\r\\n        page-break-inside:avoid;\\r\\n        overflow: visible !important;\\r\\n    }\\r\\n\\r\\n    #table-totals .totals-table-right-side > * {\\r\\n        display: grid;\\r\\n        grid-template-columns: 1fr 1fr;\\r\\n    }\\r\\n\\r\\n    #table-totals>.totals-table-right-side>*> :nth-child(1) {\\r\\n        text-align: $dir_text_align;\\r\\n        margin-top: .75rem;\\r\\n    }\\r\\n\\r\\n    #table-totals>.totals-table-right-side>*> :nth-child(2) {\\r\\n        text-align: right;\\r\\n    }\\r\\n\\r\\n    #table-totals>.totals-table-right-side> * > :not([hidden]) ~ :not([hidden]) {\\r\\n        --tw-space-y-reverse: 0;\\r\\n        margin-top: calc(.75rem * calc(1 - var(--tw-space-y-reverse)));\\r\\n        margin-bottom: calc(.75rem * var(--tw-space-y-reverse));\\r\\n    }\\r\\n\\r\\n    #table-totals\\r\\n    > *\\r\\n    [data-element=\'product-table-balance-due-label\'],\\r\\n    #table-totals\\r\\n    > *\\r\\n    [data-element=\'product-table-balance-due\'] {\\r\\n        font-weight: bold;\\r\\n    }\\r\\n\\r\\n    #table-totals\\r\\n    > *\\r\\n    [data-element=\'product-table-balance-due\'] {\\r\\n        color: var(--primary-color);\\r\\n    }\\r\\n\\r\\n    #table-totals > * > :last-child {\\r\\n        text-align: right;\\r\\n        padding-right: 0.5rem;\\r\\n    }\\r\\n\\r\\n    #footer {\\r\\n        margin-top: 10px;\\r\\n        margin-left: 1rem;\\r\\n    }\\r\\n\\r\\n    \\/** Markdown-specific styles. **\\/\\r\\n    #product-table h3,\\r\\n    #task-table h3,\\r\\n    #delivery-note-table h3 {\\r\\n        font-size: 1rem;\\r\\n        margin-bottom: 0;\\r\\n    }\\r\\n\\r\\n    [data-ref=\\\"total_table-public_notes\\\"] {\\r\\n        margin-top: 1rem;\\r\\n    }\\r\\n\\r\\n    [data-ref=\\\"statement-totals\\\"] {\\r\\n        margin-top: 1rem;\\r\\n        text-align: right;\\r\\n        margin-right: .75rem;\\r\\n    }\\r\\n    \\r\\n    [data-ref*=\\\".line_total-td\\\"] {\\r\\n        white-space: nowrap;\\r\\n    }\\r\\n\\r\\n    \\/** .repeating-header,\\r\\n    .repeating-header-space, **\\/\\r\\n    .repeating-footer,\\r\\n    .repeating-footer-space {\\r\\n        height: 10px;\\r\\n    }\\r\\n    .repeating-header {\\r\\n        position: fixed;\\r\\n        top: 0;\\r\\n    }\\r\\n    .repeating-footer {\\r\\n        position: fixed;\\r\\n        bottom: 0;\\r\\n    }\\r\\n\\r\\n    [data-element=\'product_table-product.description-td\'], td {\\r\\n        min-width:100%;\\r\\n        max-width: 300px;\\r\\n        overflow-wrap: break-word; \\r\\n    }\\r\\n    \\r\\n    .stamp {\\r\\n      transform: rotate(12deg);\\r\\n        color: #555;\\r\\n        font-size: 3rem;\\r\\n        font-weight: 700;\\r\\n        border: 0.25rem solid #555;\\r\\n        display: inline-block;\\r\\n        padding: 0.25rem 1rem;\\r\\n        text-transform: uppercase;\\r\\n        border-radius: 1rem;\\r\\n        font-family: \'Courier\';\\r\\n        mix-blend-mode: multiply;\\r\\n        z-index:200 !important;\\r\\n        position:  fixed;\\r\\n        text-align: center;\\r\\n        float:right;\\r\\n\\r\\n    }\\r\\n\\r\\n    .is-paid {\\r\\n        color:  #D23;\\r\\n        border: 1rem double  #D23;\\r\\n        transform: rotate(-5deg);\\r\\n        font-size: 6rem;\\r\\n        font-family: \\\"Open sans\\\", Helvetica, Arial, sans-serif;\\r\\n        border-radius: 0;\\r\\n        padding: 0.5rem;\\r\\n        opacity: 0.2;\\r\\n        z-index:200 !important;\\r\\n        position:  fixed;\\r\\n        display: $show_paid_stamp;\\r\\n    } \\r\\n\\r\\n    .project-header {\\r\\n        font-size: 1.2em;\\r\\n        margin-top: 0.1em;\\r\\n        margin-bottom: 0;\\r\\n        padding-bottom: 0;\\r\\n        margin-left: 0;\\r\\n        margin-right: 0;\\r\\n        font-weight: bold;\\r\\n        color: #505050;\\r\\n    } \\r\\n\\r\\n    .pqrcode {\\r\\n        \\r\\n    }\\r\\n        \\r\\n    \\/** Useful snippets, uncomment to enable. **\\/\\r\\n\\r\\n    \\/** Hide company logo **\\/\\r\\n    \\/* .company-logo { display: none } *\\/\\r\\n\\r\\n    \\/* Hide company details *\\/\\r\\n    \\/* #company-details > * { display: none } *\\/\\r\\n\\r\\n    \\/* Hide company address *\\/\\r\\n    \\/* #company-address > * { display: none } *\\/\\r\\n\\r\\n    \\/* Hide public notes *\\/\\r\\n    \\/* [data-ref=\\\"total_table-public_notes\\\"] { display: none } *\\/\\r\\n\\r\\n    \\/* Hide terms label *\\/\\r\\n    \\/* [data-ref=\\\"total_table-terms-label\\\"] { display: none } *\\/\\r\\n\\r\\n    \\/* Hide totals table *\\/\\r\\n    \\/* #table-totals { display: none } *\\/\\r\\n\\r\\n    \\/* Hide totals table left side *\\/\\r\\n    \\/* #table-totals div:first-child > * { display: none !important } *\\/\\r\\n\\r\\n    \\/* Hide totals table right side *\\/\\r\\n    \\/* .totals-table-right-side { display: none } *\\/\\r\\n\\r\\n    \\/** For more info, please check our docs: https:\\/\\/invoiceninja.github.io **\\/\\r\\n    \\/** To find out selectors on your own: https:\\/\\/invoiceninja.github.io\\/docs\\/custom-fields\\/#snippets **\\/\\r\\n<\\/style>\\n\",\"header\":\"<div class=\\\"repeating-header\\\" id=\\\"header\\\"><\\/div>\\n\",\"body\":\"<div id=\\\"body\\\">\\r\\n               <div class=\\\"header-container\\\">\\r\\n                  <div class=\\\"company-logo-container\\\">\\r\\n                     <img class=\\\"company-logo\\\" src=\\\"$company.logo\\\" alt=\\\"$company.name logo\\\">\\r\\n                  <\\/div>\\r\\n                  <div id=\\\"company-details\\\"><\\/div>\\r\\n                  <div id=\\\"company-address\\\"><\\/div>\\r\\n               <\\/div>\\r\\n               <p class=\\\"entity-label\\\">$entity_label<\\/p>\\r\\n               <div class=\\\"client-and-entity-wrapper\\\">\\r\\n                  <div>\\r\\n                     <table id=\\\"entity-details\\\" cellspacing=\\\"0\\\" cellpadding=\\\"0\\\" dir=\\\"$dir\\\"><\\/table>\\r\\n                  <\\/div>\\r\\n                  <div id=\\\"client-details\\\"><\\/div>\\r\\n                  <div id=\\\"vendor-details\\\"><\\/div>\\r\\n                  <div id=\\\"shipping-details\\\"><\\/div>\\r\\n               <\\/div>\\r\\n               <table id=\\\"product-table\\\" cellspacing=\\\"0\\\" data-ref=\\\"table\\\"><\\/table>\\r\\n               <table id=\\\"task-table\\\" cellspacing=\\\"0\\\" data-ref=\\\"table\\\"><\\/table>\\r\\n               <table id=\\\"delivery-note-table\\\" cellspacing=\\\"0\\\" data-ref=\\\"table\\\"><\\/table>\\r\\n               <table id=\\\"statement-invoice-table\\\" cellspacing=\\\"0\\\" data-ref=\\\"table\\\"><\\/table>\\r\\n               <div id=\\\"statement-invoice-table-totals\\\" data-ref=\\\"statement-totals\\\"><\\/div>\\r\\n               <table id=\\\"statement-payment-table\\\" cellspacing=\\\"0\\\" data-ref=\\\"table\\\"><\\/table>\\r\\n               <div id=\\\"statement-payment-table-totals\\\" data-ref=\\\"statement-totals\\\"><\\/div>\\r\\n                <table id=\\\"statement-credit-table\\\" cellspacing=\\\"0\\\" data-ref=\\\"table\\\"><\\/table>\\r\\n                <div id=\\\"statement-credit-table-totals\\\" data-ref=\\\"statement-totals\\\"><\\/div>\\r\\n               <table id=\\\"statement-aging-table\\\" cellspacing=\\\"0\\\" data-ref=\\\"table\\\"><\\/table>\\r\\n               <div id=\\\"statement-aging-table-totals\\\" data-ref=\\\"statement-totals\\\"><\\/div>\\r\\n               <div id=\\\"table-totals\\\" cellspacing=\\\"0\\\">$status_logo<\\/div>\\r\\n            <\\/div>\\n\",\"product\":\"\",\"task\":\"\",\"footer\":\"<div class=\\\"repeating-footerx\\\" id=\\\"footer\\\">\\r\\n   <p data-ref=\\\"total_table-footer\\\">$entity_footer<\\/p>\\r\\n\\r\\n\\r\\n        <script>\\r\\n            \\/\\/ Clear up space a bit, if [product-table, tasks-table, delivery-note-table] isn\'t present.\\r\\n            document.addEventListener(\'DOMContentLoaded\', () => {\\r\\n                let tables = [\\r\\n                    \'product-table\', \'task-table\', \'delivery-note-table\',\\r\\n                    \'statement-invoice-table\', \'statement-payment-table\', \'statement-aging-table-totals\',\\r\\n                    \'statement-invoice-table-totals\', \'statement-payment-table-totals\', \'statement-aging-table\',\\r\\n                    \'client-details\',\'vendor-details\', \'swiss-qr\',\'shipping-details\', \'statement-credit-table\', \'statement-credit-table-totals\',\\r\\n                ];\\r\\n\\r\\n                tables.forEach((tableIdentifier) => {\\r\\n                    console.log(document.getElementById(tableIdentifier));\\r\\n\\r\\n                    document.getElementById(tableIdentifier)?.childElementCount === 0\\r\\n                        ? document.getElementById(tableIdentifier).style.setProperty(\'display\', \'none\', \'important\')\\r\\n                        : \'\';\\r\\n                });\\r\\n            });\\r\\n        <\\/script>\\r\\n\\r\\n<\\/div>\\n\"}', 0, '2025-07-30 01:39:37.695929', '2025-07-30 01:39:37.723457', NULL, 0, NULL),
(3, NULL, NULL, 'Bold', 0, 1, '{\"includes\":\"<style id=\\\"style\\\">\\r\\n    @import url($font_url);\\r\\n\\r\\n    :root {\\r\\n        --primary-color: $primary_color;\\r\\n        --secondary-color: $secondary_color;\\r\\n        --line-height: 1.4;\\r\\n    }\\r\\n\\r\\n    body {\\r\\n        -webkit-font-smoothing: antialiased;\\r\\n        -moz-osx-font-smoothing: grayscale;\\r\\n        font-family: $font_name, Helvetica, sans-serif;\\r\\n        font-size: $font_size !important;\\r\\n        zoom: 80%;\\r\\n    }\\r\\n\\r\\n    table tr td, table tr, th {\\r\\n        font-size: $font_size !important;\\r\\n    }\\r\\n\\r\\n\\r\\n    body, html {\\r\\n        margin: 0;\\r\\n        padding: 0;\\r\\n    }\\r\\n\\r\\n    @page {\\r\\n        margin: 0 !important;\\r\\n        size: $page_size $page_layout;\\r\\n    }\\r\\n\\r\\n    p {\\r\\n        margin: 0;\\r\\n        padding: 0;\\r\\n    }\\r\\n\\r\\n    #spacer-table > * > tr > td {\\r\\n        padding: 0;\\r\\n    }\\r\\n\\r\\n    #spacer-table{\\r\\n        width: 100%;\\r\\n    }\\r\\n\\r\\n    #header {\\r\\n        display: grid;\\r\\n        grid-template-columns: 1.5fr 1fr 1fr;\\r\\n        gap: 20px;\\r\\n        background-color: #2d2c2a;\\r\\n        color: white;\\r\\n        line-height: var(--line-height);\\r\\n        position: fixed;\\r\\n        top: 0;\\r\\n        width: 100%;\\r\\n    }\\r\\n\\r\\n\\r\\n    #header, #header-spacer {\\r\\n        height: 160px;\\r\\n        padding: 2rem;\\r\\n        margin-bottom: 1rem;\\r\\n    }\\r\\n    .company-logo {\\r\\n\\/*        height: 100%;*\\/\\r\\n\\/*        max-width: 100%;*\\/\\r\\n        max-width: $company_logo_size;\\r\\n        object-fit: contain;\\r\\n        object-position: left center;\\r\\n    }\\r\\n\\r\\n    #company-details,\\r\\n    #company-address {\\r\\n        display: flex;\\r\\n        flex-direction: column;\\r\\n    }\\r\\n\\r\\n    #company-details,\\r\\n    #company-address,\\r\\n    .logo-container {\\r\\n        max-height: 160px;\\r\\n    }\\r\\n\\r\\n    #client-details {\\r\\n        padding-right:1rem;\\r\\n        display: flex;\\r\\n        flex-direction: column;\\r\\n        line-height: var(--line-height) !important;\\r\\n        padding-left: 2rem;\\r\\n    }\\r\\n\\r\\n    #shipping-details {\\r\\n        display: $show_shipping_address;\\r\\n        flex-direction: column;\\r\\n        line-height: var(--line-height) !important;\\r\\n    }\\r\\n\\r\\n    #client-details > :first-child {\\r\\n        font-weight: bold;\\r\\n    }\\r\\n\\r\\n    .client-entity-wrapper {\\r\\n        display: grid;\\r\\n        grid-template-columns: 2fr 1fr;\\r\\n        padding-left: 1rem;\\r\\n    }\\r\\n    \\r\\n    .client-wrapper-left-side {\\r\\n        display: flex;\\r\\n    }\\r\\n\\r\\n    .entity-details-wrapper {\\r\\n        background-color: var(--primary-color);\\r\\n        padding: 1rem;\\r\\n    }\\r\\n\\r\\n    #entity-details {\\r\\n        width: 100%;\\r\\n        text-align: left;\\r\\n        color: white !important;\\r\\n    }\\r\\n\\r\\n    #entity-details > tr,\\r\\n    #entity-details th {\\r\\n        font-weight: normal;\\r\\n        line-height: var(--line-height) !important;\\r\\n    }\\r\\n\\r\\n    [data-ref=\\\"table\\\"] {\\r\\n        min-width: 100%;\\r\\n        table-layout: fixed;\\r\\n        overflow-wrap: break-word;\\r\\n        margin-top: 0rem;\\r\\n        margin-bottom: 0px;\\r\\n    }\\r\\n\\r\\n    [data-ref=\\\"table\\\"]:last-child{\\r\\n        margin-bottom:0;\\r\\n    }\\r\\n\\r\\n    .task-time-details {\\r\\n        display: block;\\r\\n        margin-top: 5px;\\r\\n        color: grey;\\r\\n    }\\r\\n\\r\\n    [data-ref=\\\"table\\\"] > thead {\\r\\n        text-align: left;\\r\\n    }\\r\\n\\r\\n    [data-ref=\\\"table\\\"] > thead > tr > th {\\r\\n        padding: 1.5rem 3rem;\\r\\n        font-size: 1rem;\\r\\n    }\\r\\n\\r\\n    [data-ref=\\\"table\\\"] > thead > tr > th:last-child {\\r\\n        text-align: right;\\r\\n    }\\r\\n\\r\\n    [data-ref=\\\"table\\\"] > tbody > tr > td {\\r\\n        padding: 1.5rem 3rem;\\r\\n    }\\r\\n\\r\\n    [data-ref=\\\"table\\\"] > tbody > tr > td:last-child {\\r\\n        text-align: right;\\r\\n    }\\r\\n\\r\\n    [data-ref=\\\"table\\\"] > tbody > tr > td:first-child {\\r\\n        font-weight: bold;\\r\\n    }\\r\\n\\r\\n    [data-ref=\\\"table\\\"] > tbody > tr:nth-child(odd) {\\r\\n        background-color: #ebebeb;\\r\\n    }\\r\\n\\r\\n    #table-totals {\\r\\n        page-break-inside: avoid;\\r\\n    }\\r\\n\\r\\n    #table-totals {\\r\\n        margin-top: 0rem;\\r\\n        display: grid;\\r\\n        grid-template-columns: 2fr 1fr;\\r\\n        padding-top: .5rem;\\r\\n        padding-left: 3rem;\\r\\n        padding-right: 3rem;\\r\\n        gap: 80px;\\r\\n    }\\r\\n\\r\\n    #table-totals .totals-table-right-side > * {\\r\\n        display: grid;\\r\\n        grid-template-columns: 1fr 1fr;\\r\\n    }\\r\\n\\r\\n    #table-totals > .totals-table-right-side > * > :nth-child(1) {\\r\\n        text-align: $dir_text_align;\\r\\n        margin-top: .75rem;\\r\\n    }\\r\\n\\r\\n    #table-totals > .totals-table-right-side > * > :not([hidden]) ~ :not([hidden]) {\\r\\n        --tw-space-y-reverse: 0;\\r\\n        margin-top: calc(.75rem * calc(1 - var(--tw-space-y-reverse)));\\r\\n        margin-bottom: calc(.75rem * var(--tw-space-y-reverse));\\r\\n    }\\r\\n\\r\\n    #table-totals > .totals-table-right-side > * > :nth-child(2) {\\r\\n        text-align: right;\\r\\n    }\\r\\n\\r\\n    #table-totals\\r\\n    > *\\r\\n    [data-element=\'product-table-balance-due-label\'],\\r\\n    #table-totals\\r\\n    > *\\r\\n    [data-element=\'product-table-balance-due\'] {\\r\\n        font-weight: bold;\\r\\n        font-size: 1.4rem;\\r\\n    }\\r\\n\\r\\n    #table-totals\\r\\n    > *\\r\\n    [data-element=\'product-table-balance-due\'] {\\r\\n        color: var(--primary-color);\\r\\n    }\\r\\n\\r\\n    #table-totals > * > :last-child {\\r\\n        text-align: right;\\r\\n        padding-right: 1.5rem;\\r\\n    }\\r\\n\\r\\n    .entity-label {\\r\\n        text-transform: uppercase;\\r\\n        color: var(--primary-color);\\r\\n        padding-left: 2rem;\\r\\n        font-size: 1.5rem;\\r\\n    }\\r\\n\\r\\n    #footer {\\r\\n        margin-top: 1rem;\\r\\n        background-color: #2d2c2a;\\r\\n        min-width: 100%;\\r\\n        position: fixed;\\r\\n        bottom: 0;\\r\\n        display: grid;\\r\\n        grid-template-columns: 1fr;\\r\\n        gap: 15px;\\r\\n        color: white;\\r\\n    }\\r\\n\\r\\n    #footer, #footer-spacer {\\r\\n        height: 160px;\\r\\n        padding: 1rem 3rem;\\r\\n        margin-top: 1rem;\\r\\n    }\\r\\n\\r\\n    [data-ref=\\\"total_table-footer\\\"] {\\r\\n        padding-top: 0.5rem\\r\\n    }\\r\\n\\r\\n    [data-ref=\\\"footer_content\\\"]{\\r\\n        padding-right: 2rem;\\r\\n        margin-right: 2rem;\\r\\n    }\\r\\n\\r\\n    table {\\r\\n        width: 100%;\\r\\n    }\\r\\n\\r\\n    table[data-ref=\\\"table\\\"] th,\\r\\n    table[data-ref=\\\"table\\\"] td {\\r\\n        padding: .2rem .4rem;\\r\\n        text-align: left;\\r\\n        vertical-align: top;\\r\\n        border-top: 1px solid #dee2e6;\\r\\n    }\\r\\n\\r\\n    \\/** Markdown-specific styles. **\\/\\r\\n    #product-table h3,\\r\\n    #task-table h3,\\r\\n    #delivery-note-table h3 {\\r\\n        font-size: 1rem;\\r\\n        margin-bottom: 0;\\r\\n    }\\r\\n\\r\\n    [data-ref=\\\"product_table-product.description-th\\\"] {\\r\\n        width: 23%;\\r\\n    }\\r\\n\\r\\n    [data-ref=\\\"statement-totals\\\"] {\\r\\n        margin-top: 1rem;\\r\\n        text-align: right;\\r\\n        margin-right: .75rem;\\r\\n    }\\r\\n\\r\\n    [data-ref*=\\\".line_total-td\\\"] {\\r\\n        white-space: nowrap;\\r\\n    }\\r\\n\\r\\n    #statement-invoice-table-totals > p {\\r\\n        margin-right: 2rem;\\r\\n        margin-top: 1rem;\\r\\n    }\\r\\n\\r\\n\\r\\n    [data-element=\'product_table-product.description-td\'], td {\\r\\n        min-width:100%;\\r\\n        max-width: 300px;\\r\\n        overflow-wrap: break-word; \\r\\n    }\\r\\n\\r\\n    .stamp {\\r\\n      transform: rotate(12deg);\\r\\n        color: #555;\\r\\n        font-size: 3rem;\\r\\n        font-weight: 700;\\r\\n        border: 0.25rem solid #555;\\r\\n        display: inline-block;\\r\\n        padding: 0.25rem 1rem;\\r\\n        text-transform: uppercase;\\r\\n        border-radius: 1rem;\\r\\n        font-family: \'Courier\';\\r\\n        mix-blend-mode: multiply;\\r\\n        z-index:200 !important;\\r\\n        position:  fixed;\\r\\n        text-align: center;\\r\\n    }\\r\\n\\r\\n    .is-paid {\\r\\n        color:  #D23;\\r\\n        border: 1rem double  #D23;\\r\\n        transform: rotate(-5deg);\\r\\n        font-size: 6rem;\\r\\n        font-family: \\\"Open sans\\\", Helvetica, Arial, sans-serif;\\r\\n        border-radius: 0;\\r\\n        padding: 0.5rem;\\r\\n        opacity: 0.2;\\r\\n        z-index:200 !important;\\r\\n        position:  fixed;\\r\\n        display: $show_paid_stamp;\\r\\n    } \\r\\n\\r\\n    .project-header {\\r\\n        font-size: 1.2em;\\r\\n        margin-top: 0.1em;\\r\\n        margin-bottom: 0;\\r\\n        padding-bottom: 0;\\r\\n        margin-left: 0;\\r\\n        margin-right: 0;\\r\\n        font-weight: bold;\\r\\n        color: #505050;\\r\\n    } \\r\\n\\r\\n    .pqrcode {\\r\\n        \\r\\n    }\\r\\n\\r\\n    \\/** Useful snippets, uncomment to enable. **\\/\\r\\n\\r\\n    \\/** Hide company logo **\\/\\r\\n    \\/* .company-logo { display: none } *\\/\\r\\n\\r\\n    \\/* Hide company details *\\/\\r\\n    \\/* #company-details > * { display: none } *\\/\\r\\n\\r\\n    \\/* Hide company address *\\/\\r\\n    \\/* #company-address > * { display: none } *\\/\\r\\n\\r\\n    \\/* Hide public notes *\\/\\r\\n    \\/* [data-ref=\\\"total_table-public_notes\\\"] { display: none } *\\/\\r\\n\\r\\n    \\/* Hide terms label *\\/\\r\\n    \\/* [data-ref=\\\"total_table-terms-label\\\"] { display: none } *\\/\\r\\n\\r\\n    \\/* Hide totals table *\\/\\r\\n    \\/* #table-totals { display: none } *\\/\\r\\n\\r\\n    \\/* Hide totals table left side *\\/\\r\\n    \\/* #table-totals div:first-child > * { display: none !important } *\\/\\r\\n\\r\\n    \\/* Hide totals table right side *\\/\\r\\n    \\/* .totals-table-right-side { display: none } *\\/\\r\\n\\r\\n    \\/** For more info, please check our docs: https:\\/\\/invoiceninja.github.io **\\/\\r\\n    \\/** To find out selectors on your own: https:\\/\\/invoiceninja.github.io\\/docs\\/custom-fields\\/#snippets **\\/\\r\\n<\\/style>\\n\",\"header\":\"<div id=\\\"header\\\">\\r\\n    <div class=\\\"logo-container\\\">\\r\\n        <img class=\\\"company-logo\\\" src=\\\"$company.logo\\\" alt=\\\"$company.name logo\\\">\\r\\n    <\\/div>\\r\\n    <div id=\\\"company-details\\\"><\\/div>\\r\\n    <div id=\\\"company-address\\\"><\\/div>\\r\\n<\\/div>\\n\",\"body\":\"<div id=\\\"body\\\">\\r\\n    <table id=\\\"spacer-table\\\" cellspacing=\\\"0\\\">\\r\\n        <thead>\\r\\n        <tr>\\r\\n            <td>\\r\\n                <div id=\\\"header-spacer\\\"><\\/div>\\r\\n            <\\/td>\\r\\n        <\\/tr>\\r\\n        <\\/thead>\\r\\n        <tbody>\\r\\n        <tr>\\r\\n            <td>\\r\\n                <div class=\\\"client-entity-wrapper\\\">\\r\\n                    <div class=\\\"client-wrapper-left-side\\\">\\r\\n                        <div>                    \\r\\n                            <h4 class=\\\"entity-label\\\" style=\\\"margin-top:0px; margin-bottom:10px;\\\">$entity_label<\\/h4>\\r\\n                            <div id=\\\"client-details\\\" cellspacing=\\\"0\\\" cellpadding=\\\"0\\\"><\\/div>\\r\\n                            <div id=\\\"vendor-details\\\" cellspacing=\\\"0\\\" cellpadding=\\\"0\\\"><\\/div>\\r\\n                        <\\/div>\\r\\n                        <div>\\r\\n                            <h4 class=\\\"entity-label\\\" style=\\\"opacity: 0; margin-top:0px; margin-bottom:10px;\\\">&amp;<\\/h4>\\r\\n                            <div id=\\\"shipping-details\\\" cellspacing=\\\"0\\\" cellpadding=\\\"0\\\"><\\/div>\\r\\n                        <\\/div>\\r\\n                    <\\/div>\\r\\n\\r\\n                    <div class=\\\"entity-details-wrapper-right-side\\\">\\r\\n                        <h4 class=\\\"entity-label\\\" style=\\\"margin-top:0px; margin-bottom:10px; color:transparent;\\\">$entity_label<\\/h4>\\r\\n                        <div class=\\\"entity-details-wrapper\\\">\\r\\n                            <table id=\\\"entity-details\\\" dir=\\\"$dir\\\" cellspacing=\\\"0\\\" cellpadding=\\\"0\\\"><\\/table>\\r\\n                        <\\/div>\\r\\n                    <\\/div>\\r\\n                <\\/div>\\r\\n\\r\\n                <table id=\\\"product-table\\\" cellspacing=\\\"0\\\" data-ref=\\\"table\\\"><\\/table>\\r\\n\\r\\n                <table id=\\\"task-table\\\" cellspacing=\\\"0\\\" data-ref=\\\"table\\\"><\\/table>\\r\\n\\r\\n                <table id=\\\"delivery-note-table\\\" cellspacing=\\\"0\\\" data-ref=\\\"table\\\"><\\/table>\\r\\n\\r\\n                <table id=\\\"statement-invoice-table\\\" cellspacing=\\\"0\\\" data-ref=\\\"table\\\"><\\/table>\\r\\n                <div id=\\\"statement-invoice-table-totals\\\" data-ref=\\\"statement-totals\\\"><\\/div>\\r\\n\\r\\n                <table id=\\\"statement-payment-table\\\" cellspacing=\\\"0\\\" data-ref=\\\"table\\\"><\\/table>\\r\\n                <div id=\\\"statement-payment-table-totals\\\" data-ref=\\\"statement-totals\\\"><\\/div>\\r\\n                <table id=\\\"statement-credit-table\\\" cellspacing=\\\"0\\\" data-ref=\\\"table\\\"><\\/table>\\r\\n                <div id=\\\"statement-credit-table-totals\\\" data-ref=\\\"statement-totals\\\"><\\/div>\\r\\n                <table id=\\\"statement-aging-table\\\" cellspacing=\\\"0\\\" data-ref=\\\"table\\\"><\\/table>\\r\\n                <div id=\\\"statement-aging-table-totals\\\" data-ref=\\\"statement-totals\\\"><\\/div>\\r\\n                <div id=\\\"table-totals\\\" cellspacing=\\\"0\\\">$status_logo<\\/div>\\r\\n            <\\/td>\\r\\n        <\\/tr>\\r\\n        <\\/tbody>\\r\\n        <tfoot>\\r\\n        <tr>\\r\\n            <td>\\r\\n                <div id=\\\"footer-spacer\\\"><\\/div>\\r\\n            <\\/td>\\r\\n        <\\/tr>\\r\\n        <\\/tfoot>\\r\\n    <\\/table>\\r\\n<\\/div>\\n\",\"product\":\"\",\"task\":\"\",\"footer\":\"<div id=\\\"footer\\\">\\r\\n    <div style=\\\"width: 100%;\\\">\\r\\n        <p data-ref=\\\"footer_content\\\">$entity_footer<\\/p>\\r\\n\\r\\n        <script>\\r\\n            \\/\\/ Clear up space a bit, if [product-table, tasks-table, delivery-note-table] isn\'t present.\\r\\n            document.addEventListener(\'DOMContentLoaded\', () => {\\r\\n                let tables = [\\r\\n                    \'product-table\', \'task-table\', \'delivery-note-table\',\\r\\n                    \'statement-invoice-table\', \'statement-payment-table\', \'statement-aging-table-totals\',\\r\\n                    \'statement-invoice-table-totals\', \'statement-payment-table-totals\', \'statement-aging-table\',\\r\\n                    \'client-details\', \'vendor-details\', \'swiss-qr\', \'shipping-details\', \'statement-credit-table\', \'statement-credit-table-totals\',\\r\\n                ];\\r\\n\\r\\n                tables.forEach((tableIdentifier) => {\\r\\n                    console.log(document.getElementById(tableIdentifier));\\r\\n\\r\\n                    document.getElementById(tableIdentifier)?.childElementCount === 0\\r\\n                        ? document.getElementById(tableIdentifier).style.setProperty(\'display\', \'none\', \'important\')\\r\\n                        : \'\';\\r\\n                });\\r\\n            });\\r\\n        <\\/script>\\r\\n    <\\/div>\\r\\n<\\/div>\\n\"}', 0, '2025-07-30 01:39:37.697910', '2025-07-30 01:39:37.726520', NULL, 0, NULL);
INSERT INTO `designs` (`id`, `user_id`, `company_id`, `name`, `is_custom`, `is_active`, `design`, `is_deleted`, `created_at`, `updated_at`, `deleted_at`, `is_template`, `entities`) VALUES
(4, NULL, NULL, 'Modern', 0, 1, '{\"includes\":\"<style id=\\\"style\\\">\\r\\n      @import url($font_url);\\r\\n\\r\\n      :root {\\r\\n        --primary-color: $primary_color;\\r\\n        --secondary-color: $secondary_color;\\r\\n      }\\r\\n\\r\\n      html {\\r\\n          width: 210mm;\\r\\n          height: 200mm;     \\r\\n      }\\r\\n\\r\\n      body {\\r\\n        -webkit-font-smoothing: antialiased;\\r\\n        -moz-osx-font-smoothing: grayscale;\\r\\n        font-family: $font_name, Helvetica, sans-serif;\\r\\n        font-size: $font_size !important;\\r\\n        zoom: 80%;\\r\\n      }\\r\\n\\r\\n      table tr td, table tr, th {\\r\\n          font-size: $font_size !important;\\r\\n      }\\r\\n\\r\\n      body, html {\\r\\n          margin: 0;\\r\\n          padding: 0;\\r\\n      }\\r\\n\\r\\n      @page {\\r\\n          margin: 0 !important;\\r\\n          size: $page_size $page_layout;\\r\\n      }\\r\\n\\r\\n      p {\\r\\n        margin: 0;\\r\\n        padding: 0;\\r\\n      }\\r\\n\\r\\n      #spacer-table > * > tr > td {\\r\\n          padding: 0;\\r\\n      }\\r\\n\\r\\n      #spacer-table{\\r\\n          width: 100%;\\r\\n      }\\r\\n\\r\\n      #header {\\r\\n          background-color: var(--primary-color);\\r\\n          color: white;\\r\\n          display: grid;\\r\\n          grid-template-columns: 1.5fr 1fr;\\r\\n          position:fixed;\\r\\n          top: 0;\\r\\n          width: 100%;\\r\\n      }\\r\\n\\r\\n      #header, #header-spacer {\\r\\n          height: 160px;\\r\\n          padding: 1rem;\\r\\n          margin-bottom: 1rem;\\r\\n      }\\r\\n\\r\\n      .company-name {\\r\\n        text-align: left;\\r\\n        margin-left: 1rem;\\r\\n      }\\r\\n\\r\\n      #header .company-name {\\r\\n          font-size: 2rem;\\r\\n      }\\r\\n\\r\\n      #entity-details {\\r\\n        text-align: left;\\r\\n        color: #fff4e9 !important;\\r\\n        line-height: 1.6;\\r\\n      }\\r\\n\\r\\n      #entity-details > tr,\\r\\n      #entity-details th {\\r\\n        font-weight: normal;\\r\\n      }\\r\\n\\r\\n      .logo-client-wrapper {\\r\\n        margin-left: 2rem;\\r\\n        display: grid;\\r\\n        grid-template-columns: 1fr auto auto;\\r\\n        margin-top: 1rem;\\r\\n        margin-bottom: 1rem;\\r\\n      }\\r\\n\\r\\n      .company-logo {\\r\\n          max-width: $company_logo_size;\\r\\n      }\\r\\n\\r\\n      #client-details {\\r\\n        display: flex;\\r\\n        flex-direction: column;\\r\\n        margin-left: 10px;\\r\\n        margin-right: 10px;\\r\\n\\r\\n      }\\r\\n\\r\\n      #shipping-details {\\r\\n          display: $show_shipping_address;\\r\\n          flex-direction: column;\\r\\n          margin-left: 10px;\\r\\n          margin-right: 10px;\\r\\n      }\\r\\n\\r\\n      #client-details > * {\\r\\n        margin-bottom: 0.5rem;\\r\\n      }\\r\\n\\r\\n      .table-wrapper {\\r\\n        margin: 0rem 2rem;\\r\\n      }\\r\\n\\r\\n      [data-ref=\\\"table\\\"] {\\r\\n        min-width: 100%;\\r\\n        table-layout: fixed;\\r\\n        overflow-wrap: break-word;\\r\\n      }\\r\\n\\r\\n      .task-time-details {\\r\\n        display: block;\\r\\n        margin-top: 5px;\\r\\n        color: grey;\\r\\n      }\\r\\n\\r\\n      [data-ref=\\\"table\\\"] > thead {\\r\\n        text-align: left;\\r\\n        width: 100%;\\r\\n      }\\r\\n\\r\\n      [data-ref=\\\"table\\\"] th + th {\\r\\n        border-left: 2px solid white;\\r\\n      }\\r\\n\\r\\n      [data-ref=\\\"table\\\"] > thead > tr > th {\\r\\n        padding: 0.8rem;\\r\\n        background-color: var(--secondary-color);\\r\\n        color: white;\\r\\n      }\\r\\n\\r\\n      [data-ref=\\\"table\\\"] > thead > tr > th:last-child {\\r\\n        text-align: right;\\r\\n      }\\r\\n\\r\\n      [data-ref=\\\"table\\\"] > tbody > tr > td {\\r\\n        border-bottom: 1px solid var(--secondary-color);\\r\\n        padding: 0.8rem;\\r\\n      }\\r\\n\\r\\n      [data-ref=\\\"table\\\"] > tbody > tr > td:first-child {\\r\\n        font-weight: bold;\\r\\n      }\\r\\n\\r\\n      [data-ref=\\\"table\\\"] > tbody > tr > td:last-child {\\r\\n        text-align: right;\\r\\n      }\\r\\n\\r\\n      #footer {\\r\\n          background-color: var(--primary-color);\\r\\n          width: 100%;\\r\\n          position: fixed;\\r\\n          bottom: 0;\\r\\n          padding-left: 1rem;\\r\\n      }\\r\\n\\r\\n\\r\\n      #footer, #footer-spacer {\\r\\n          height: 220px;\\r\\n          padding: 0rem 0rem;\\r\\n          margin-top: 0rem;\\r\\n      }\\r\\n\\r\\n      .footer-content {\\r\\n        display: flex;\\r\\n        gap: 10px;\\r\\n        width: 100%;\\r\\n        \\/* grid-template-columns: 1fr 1fr 1fr; *\\/\\r\\n        color: #fff4e9;\\r\\n        max-height: 140px;\\r\\n        justify-content: space-between;\\r\\n        margin-top: 0.5rem;\\r\\n        margin-left: 0.5rem;\\r\\n      }\\r\\n\\r\\n      .footer-company-details-address-wrapper {\\r\\n        display: flex;\\r\\n        gap: 0px;\\r\\n        margin-right: 60px;\\r\\n      }\\r\\n\\r\\n      #company-address,\\r\\n      #company-details {\\r\\n        display: flex;\\r\\n        flex-direction: column;\\r\\n        margin-top: 0.5rem;\\r\\n        margin-bottom: 0rem;\\r\\n      }\\r\\n\\r\\n      #company-address > *,\\r\\n      #company-details > * {\\r\\n        margin-bottom: 0.5rem;\\r\\n      }\\r\\n\\r\\n      #table-totals {\\r\\n        page-break-inside: avoid;\\r\\n      }\\r\\n\\r\\n      #table-totals {\\r\\n        display: grid;\\r\\n        grid-template-columns: 2fr 1fr;\\r\\n        padding-top: 0.5rem;\\r\\n        padding-left: 2.5rem;\\r\\n        padding-right: 3rem;\\r\\n        gap: 80px;\\r\\n      }\\r\\n\\r\\n      #table-totals .totals-table-right-side > * {\\r\\n        display: grid;\\r\\n        grid-template-columns: 1fr 1fr;\\r\\n      }\\r\\n\\r\\n      #table-totals > .totals-table-right-side > * > :nth-child(1) {\\r\\n        text-align: \\\"left\\\";\\r\\n        margin-top: 0.75rem;\\r\\n      }\\r\\n\\r\\n      #table-totals\\r\\n        > .totals-table-right-side\\r\\n        > *\\r\\n        > :not([hidden])\\r\\n        ~ :not([hidden]) {\\r\\n        --tw-space-y-reverse: 0;\\r\\n        margin-top: calc(0.75rem * calc(1 - var(--tw-space-y-reverse)));\\r\\n        margin-bottom: calc(0.75rem * var(--tw-space-y-reverse));\\r\\n      }\\r\\n\\r\\n      #table-totals > .totals-table-right-side > * > :nth-child(2) {\\r\\n        text-align: right;\\r\\n      }\\r\\n\\r\\n      #table-totals > * [data-element=\\\"product-table-balance-due-label\\\"],\\r\\n      #table-totals > * [data-element=\\\"product-table-balance-due\\\"] {\\r\\n        font-weight: bold;\\r\\n        font-size: 1.3rem;\\r\\n      }\\r\\n\\r\\n      [data-ref=\\\"total_table-footer\\\"] {\\r\\n          margin-top: 1rem;\\r\\n          margin-bottom: 1rem;\\r\\n      }\\r\\n\\r\\n      table {\\r\\n          width: 100%;\\r\\n      }\\r\\n\\r\\n      table[data-ref=\\\"table\\\"] th,\\r\\n      table[data-ref=\\\"table\\\"] td {\\r\\n          padding: 0.2rem 0.4rem;\\r\\n          text-align: left;\\r\\n          vertical-align: top;\\r\\n          border-top: 1px solid #dee2e6;\\r\\n      }\\r\\n\\r\\n      \\/** Markdown-specific styles. **\\/\\r\\n      #product-table h3,\\r\\n      #task-table h3,\\r\\n      #delivery-note-table h3 {\\r\\n        font-size: 1rem;\\r\\n        margin-bottom: 0;\\r\\n      }\\r\\n\\r\\n      [data-ref=\\\"product_table-product.description-th\\\"] {\\r\\n        width: 23%;\\r\\n      }\\r\\n\\r\\n      [data-ref=\\\"statement-totals\\\"] {\\r\\n          margin-top: 1rem;\\r\\n          margin-bottom: 1rem;\\r\\n          text-align: right;\\r\\n          margin-right: .75rem;\\r\\n      }\\r\\n\\r\\n      [data-ref*=\\\".line_total-td\\\"] {\\r\\n        white-space: nowrap;\\r\\n      }\\r\\n\\r\\n      [data-element=\'product_table-product.description-td\'], td {\\r\\n        min-width:100%;\\r\\n        max-width: 300px;\\r\\n        overflow-wrap: break-word; \\r\\n      }\\r\\n\\r\\n    .stamp {\\r\\n      transform: rotate(12deg);\\r\\n        color: #555;\\r\\n        font-size: 3rem;\\r\\n        font-weight: 700;\\r\\n        border: 0.25rem solid #555;\\r\\n        display: inline-block;\\r\\n        padding: 0.25rem 1rem;\\r\\n        text-transform: uppercase;\\r\\n        border-radius: 1rem;\\r\\n        font-family: \'Courier\';\\r\\n        mix-blend-mode: multiply;\\r\\n        z-index:200 !important;\\r\\n        position:  fixed;\\r\\n        text-align: center;\\r\\n    }\\r\\n\\r\\n    .is-paid {\\r\\n        color:  #D23;\\r\\n        border: 1rem double  #D23;\\r\\n        transform: rotate(-5deg);\\r\\n        font-size: 6rem;\\r\\n        font-family: \\\"Open sans\\\", Helvetica, Arial, sans-serif;\\r\\n        border-radius: 0;\\r\\n        padding: 0.5rem;\\r\\n        opacity: 0.2;\\r\\n        z-index:200 !important;\\r\\n        position:  fixed;\\r\\n        display: $show_paid_stamp;\\r\\n\\r\\n    } \\r\\n\\r\\n    .project-header {\\r\\n        font-size: 1.2em;\\r\\n        margin-top: 0.1em;\\r\\n        margin-bottom: 0;\\r\\n        padding-bottom: 0;\\r\\n        margin-left: 0;\\r\\n        margin-right: 0;\\r\\n        font-weight: bold;\\r\\n        color: #505050;\\r\\n    } \\r\\n\\r\\n    .pqrcode {\\r\\n        \\r\\n    }\\r\\n      \\/** Useful snippets, uncomment to enable. **\\/\\r\\n\\r\\n      \\/** Hide company logo **\\/\\r\\n      \\/* .company-logo { display: none } *\\/\\r\\n\\r\\n      \\/* Hide company details *\\/\\r\\n      \\/* #company-details > * { display: none } *\\/\\r\\n\\r\\n      \\/* Hide company address *\\/\\r\\n      \\/* #company-address > * { display: none } *\\/\\r\\n\\r\\n      \\/* Hide public notes *\\/\\r\\n      \\/* [data-ref=\\\"total_table-public_notes\\\"] { display: none } *\\/\\r\\n\\r\\n      \\/* Hide terms label *\\/\\r\\n      \\/* [data-ref=\\\"total_table-terms-label\\\"] { display: none } *\\/\\r\\n\\r\\n      \\/* Hide totals table *\\/\\r\\n      \\/* #table-totals { display: none } *\\/\\r\\n\\r\\n      \\/* Hide totals table left side *\\/\\r\\n      \\/* #table-totals div:first-child > * { display: none !important } *\\/\\r\\n\\r\\n      \\/* Hide totals table right side *\\/\\r\\n      \\/* .totals-table-right-side { display: none } *\\/\\r\\n\\r\\n      \\/** For more info, please check our docs: https:\\/\\/invoiceninja.github.io **\\/\\r\\n      \\/** To find out selectors on your own: https:\\/\\/invoiceninja.github.io\\/docs\\/custom-fields\\/#snippets **\\/\\r\\n<\\/style>\\n\",\"header\":\"<div id=\\\"header\\\">\\r\\n    <h1 class=\\\"company-name\\\">$company.name<\\/h1>\\r\\n    <table id=\\\"entity-details\\\" cellspacing=\\\"0\\\" cellpadding=\\\"0\\\" dir=\\\"$dir\\\"><\\/table>\\r\\n<\\/div>\\n\",\"body\":\"<div id=\\\"body\\\">\\r\\n    <table id=\\\"spacer-table\\\" cellspacing=\\\"0\\\">\\r\\n        <thead>\\r\\n        <tr>\\r\\n            <td>\\r\\n                <div id=\\\"header-spacer\\\"><\\/div>\\r\\n            <\\/td>\\r\\n        <\\/tr>\\r\\n        <\\/thead>\\r\\n        <tbody>\\r\\n        <tr>\\r\\n            <td>\\r\\n                <div class=\\\"logo-client-wrapper\\\">\\r\\n                    <img class=\\\"company-logo\\\" src=\\\"$company.logo\\\" alt=\\\"$company.name logo\\\">\\r\\n                    <div id=\\\"client-details\\\"><\\/div>\\r\\n                    <div id=\\\"vendor-details\\\"><\\/div>\\r\\n                    <div id=\\\"shipping-details\\\"><\\/div>\\r\\n                <\\/div>\\r\\n                <div class=\\\"table-wrapper\\\">\\r\\n                    <table id=\\\"product-table\\\" cellspacing=\\\"0\\\" data-ref=\\\"table\\\"><\\/table>\\r\\n\\r\\n                    <table id=\\\"task-table\\\" cellspacing=\\\"0\\\" data-ref=\\\"table\\\"><\\/table>\\r\\n\\r\\n                    <table id=\\\"delivery-note-table\\\" cellspacing=\\\"0\\\" data-ref=\\\"table\\\"><\\/table>\\r\\n\\r\\n                    <table id=\\\"statement-invoice-table\\\" cellspacing=\\\"0\\\" data-ref=\\\"table\\\"><\\/table>\\r\\n                    <div id=\\\"statement-invoice-table-totals\\\" data-ref=\\\"statement-totals\\\"><\\/div>\\r\\n\\r\\n                    <table id=\\\"statement-payment-table\\\" cellspacing=\\\"0\\\" data-ref=\\\"table\\\"><\\/table>\\r\\n                    <div id=\\\"statement-payment-table-totals\\\" data-ref=\\\"statement-totals\\\"><\\/div>\\r\\n                <table id=\\\"statement-credit-table\\\" cellspacing=\\\"0\\\" data-ref=\\\"table\\\"><\\/table>\\r\\n                <div id=\\\"statement-credit-table-totals\\\" data-ref=\\\"statement-totals\\\"><\\/div>\\r\\n                    <table id=\\\"statement-aging-table\\\" cellspacing=\\\"0\\\" data-ref=\\\"table\\\"><\\/table>\\r\\n                    <div id=\\\"statement-aging-table-totals\\\" data-ref=\\\"statement-totals\\\"><\\/div>\\r\\n                <\\/div>\\r\\n                <div id=\\\"table-totals\\\" cellspacing=\\\"0\\\">$status_logo<\\/div>\\r\\n            <\\/td>\\r\\n        <\\/tr>\\r\\n        <\\/tbody>\\r\\n        <tfoot>\\r\\n        <tr>\\r\\n            <td>\\r\\n                <div id=\\\"footer-spacer\\\"><\\/div>\\r\\n            <\\/td>\\r\\n        <\\/tr>\\r\\n        <\\/tfoot>\\r\\n    <\\/table>\\r\\n<\\/div>\\n\",\"product\":\"\",\"task\":\"\",\"footer\":\"<div id=\\\"footer\\\">\\r\\n    <div class=\\\"footer-content\\\">\\r\\n        <div style=\\\"width: 70%; margin-left: 2rem;\\\">\\r\\n            <p data-ref=\\\"total_table-footer\\\">$entity_footer<\\/p>\\r\\n\\r\\n        <script>\\r\\n            \\/\\/ Clear up space a bit, if [product-table, tasks-table, delivery-note-table] isn\'t present.\\r\\n            document.addEventListener(\'DOMContentLoaded\', () => {\\r\\n                let tables = [\\r\\n                  \'product-table\', \'task-table\', \'delivery-note-table\',\\r\\n                  \'statement-invoice-table\', \'statement-payment-table\', \'statement-aging-table-totals\',\\r\\n                  \'statement-invoice-table-totals\', \'statement-payment-table-totals\', \'statement-aging-table\',\\r\\n                  \'client-details\', \'vendor-details\', \'swiss-qr\', \'shipping-details\', \'statement-credit-table\', \'statement-credit-table-totals\',\\r\\n                ];\\r\\n\\r\\n                tables.forEach((tableIdentifier) => {\\r\\n                    console.log(document.getElementById(tableIdentifier));\\r\\n\\r\\n                    document.getElementById(tableIdentifier)?.childElementCount === 0\\r\\n                        ? document.getElementById(tableIdentifier).style.setProperty(\'display\', \'none\', \'important\')\\r\\n                        : \'\';\\r\\n                });\\r\\n            });\\r\\n        <\\/script>\\r\\n            \\r\\n        <\\/div>\\r\\n        <div class=\\\"footer-company-details-address-wrapper\\\">\\r\\n            <div id=\\\"company-details\\\"><\\/div>\\r\\n            <div id=\\\"company-address\\\"><\\/div>\\r\\n        <\\/div>\\r\\n    <\\/div>\\r\\n<\\/div>\\n\"}', 0, '2025-07-30 01:39:37.699927', '2025-07-30 01:39:37.729384', NULL, 0, NULL),
(5, NULL, NULL, 'Business', 0, 1, '{\"includes\":\"<style id=\\\"style\\\">\\r\\n    @import url($font_url);\\r\\n    \\r\\n    :root {\\r\\n        --primary-color: $primary_color;\\r\\n        --secondary-color: $secondary_color;\\r\\n        --line-height: 1.6;\\r\\n    }\\r\\n\\r\\n    html {\\r\\n        width: 210mm;\\r\\n        height: 200mm;     \\r\\n    }\\r\\n\\r\\n    body {\\r\\n        -webkit-font-smoothing: antialiased;\\r\\n        -moz-osx-font-smoothing: grayscale;\\r\\n        font-family: $font_name, Helvetica, sans-serif;\\r\\n        font-size: $font_size !important;\\r\\n        zoom: 80%;\\r\\n    }\\r\\n\\r\\n\\r\\n    table tr td, table tr, th {\\r\\n        font-size: $font_size !important;\\r\\n    }\\r\\n\\r\\n    @page {\\r\\n        margin-left: $global_margin;\\r\\n        margin-right: $global_margin;\\r\\n        margin-top: 0;\\r\\n        margin-bottom: 0;\\r\\n        size: $page_size $page_layout;\\r\\n    }\\r\\n\\r\\n    p {\\r\\n        margin: 0;\\r\\n        padding: 0;\\r\\n    }\\r\\n\\r\\n    .header-container {\\r\\n        display: grid;\\r\\n        grid-template-columns: 1.8fr 1fr 1fr;\\r\\n        grid-gap: 20px;\\r\\n        margin-bottom: 2rem;\\r\\n    }\\r\\n\\r\\n    .company-logo {\\r\\n\\/*        max-width: 65%;*\\/        \\r\\n        max-width: $company_logo_size;\\r\\n    }\\r\\n\\r\\n    .header-container > span {\\r\\n        display: block;\\r\\n    }\\r\\n\\r\\n    #company-details {\\r\\n        display: flex;\\r\\n        flex-direction: column;\\r\\n        color: #AAA9A9;\\r\\n        line-height: var(--line-height);\\r\\n    }\\r\\n\\r\\n    #company-address {\\r\\n        display: flex;\\r\\n        flex-direction: column;\\r\\n        color: #b1b1b1;\\r\\n        line-height: var(--line-height);\\r\\n    }\\r\\n\\r\\n    .entity-issued-to {\\r\\n        \\/* margin-top: 2rem; *\\/\\r\\n        font-weight: bold;\\r\\n    }\\r\\n\\r\\n    .client-and-entity-wrapper {\\r\\n        display: flex;\\r\\n        justify-content: space-between;\\r\\n        gap: 20px;\\r\\n        margin-bottom: 2rem;\\r\\n    }\\r\\n\\r\\n    #client-details {\\r\\n        display: flex;\\r\\n        flex-direction: column;\\r\\n        line-height: var(--line-height);\\r\\n        vertical-align: top;\\r\\n        margin-left: 1rem;\\r\\n    }\\r\\n\\r\\n    #client-details > p:nth-child(2) {\\r\\n        color: var(--primary-color);\\r\\n        font-size: 120%;\\r\\n    }\\r\\n\\r\\n    #shipping-details {\\r\\n        display: $show_shipping_address;\\r\\n        flex-direction: column;\\r\\n        line-height: var(--line-height);\\r\\n    }\\r\\n\\r\\n    #entity-details {\\r\\n        background-color: var(--primary-color);\\r\\n        padding: 1.2rem;\\r\\n        border-radius: 1rem;\\r\\n        width: 100%;\\r\\n        color: white;\\r\\n        text-align: left;\\r\\n    }\\r\\n\\r\\n    #entity-details p { margin-right: 20px; }\\r\\n\\r\\n    #entity-details th {\\r\\n        font-weight: normal;\\r\\n        padding-bottom: .5rem;\\r\\n    }\\r\\n\\r\\n    #entity-details > tbody > tr > th:nth-child(2) {\\r\\n        text-align: right;\\r\\n    }\\r\\n\\r\\n    [data-ref=\\\"table\\\"] {\\r\\n        margin-top: 0.5rem;\\r\\n        margin-bottom: 5px; \\r\\n        min-width: 100%;\\r\\n        table-layout: fixed;\\r\\n        overflow-wrap: break-word;\\r\\n    }\\r\\n\\r\\n    .task-time-details {\\r\\n        display: block;\\r\\n        margin-top: 5px;\\r\\n        color: grey;\\r\\n    }\\r\\n\\r\\n    [data-ref=\\\"table\\\"] > thead {\\r\\n        text-align: left;\\r\\n        background: var(--secondary-color);\\r\\n    }\\r\\n\\r\\n    [data-ref=\\\"table\\\"] > thead > tr > th {\\r\\n        padding: 1rem;\\r\\n        color: white;\\r\\n        font-weight: semibold;\\r\\n    }\\r\\n\\r\\n    [data-ref=\\\"table\\\"] > thead > tr > th:first-child {\\r\\n        border-top-left-radius: 1rem;\\r\\n    }\\r\\n\\r\\n    [data-ref=\\\"table\\\"] > thead > tr > th:last-child {\\r\\n        border-top-right-radius: 1rem;\\r\\n        text-align: right;\\r\\n    }\\r\\n\\r\\n    [data-ref=\\\"table\\\"] > tbody > tr > td {\\r\\n        padding: 1rem;\\r\\n    }\\r\\n\\r\\n    [data-ref=\\\"table\\\"] > tbody > tr > td:last-child {\\r\\n        text-align: right;\\r\\n    }\\r\\n\\r\\n    [data-ref=\\\"table\\\"] > tbody > tr:nth-child(odd) > td {\\r\\n        background: #F7F7F7;\\r\\n    }\\r\\n\\r\\n    [data-ref=\\\"table\\\"] > tbody > tr:nth-child(even) > td {\\r\\n        background: #f7f7f7;\\r\\n    }\\r\\n\\r\\n    [data-element=\'product-table-balance-due-label\'],\\r\\n    [data-element=\'product-table-balance-due\'],\\r\\n    [data-element=\'task-table-balance-due-label\'],\\r\\n    [data-element=\'task-table-balance-due\'] {\\r\\n        color: var(--secondary-color) !important;\\r\\n        font-weight: bold !important;\\r\\n    }\\r\\n\\r\\n    #table-totals > *:last-child {\\r\\n        border-bottom-left-radius: 1rem;\\r\\n        border-bottom-right-radius: 1rem;\\r\\n    }\\r\\n\\r\\n    #table-totals {\\r\\n        margin-top: 0rem;\\r\\n        display: grid;\\r\\n        grid-template-columns: 2fr 1fr;\\r\\n        gap: 80px;\\r\\n        padding-top: 0.5rem;\\r\\n        padding-bottom: 0.8rem;\\r\\n        padding-left: 0.7rem;\\r\\n        \\/*page-break-inside:auto; this may cause weird breaking*\\/\\r\\n        overflow: visible !important;\\r\\n    }\\r\\n\\r\\n    #table-totals .totals-table-right-side>* {\\r\\n        display: grid;\\r\\n        grid-template-columns: 1fr 1fr;\\r\\n    }\\r\\n\\r\\n    #table-totals>.totals-table-right-side>*> :nth-child(1) {\\r\\n        text-align: $dir_text_align;\\r\\n        margin-top: .75rem;\\r\\n        padding-left: 7px;\\r\\n    }\\r\\n\\r\\n    #table-totals>.totals-table-right-side> * > :not([hidden]) ~ :not([hidden]) {\\r\\n        --tw-space-y-reverse: 0;\\r\\n        margin-top: calc(.75rem * calc(1 - var(--tw-space-y-reverse)));\\r\\n        margin-bottom: calc(.75rem * var(--tw-space-y-reverse));\\r\\n    }\\r\\n\\r\\n    #table-totals>.totals-table-right-side>*> :nth-child(2) {\\r\\n        text-align: right;\\r\\n        padding-right: 17px;\\r\\n    }\\r\\n\\r\\n    #table-totals\\r\\n    > *\\r\\n    [data-element=\'product-table-balance-due-label\'],\\r\\n    #table-totals\\r\\n    > *\\r\\n    [data-element=\'product-table-balance-due\'] {\\r\\n        font-weight: bold;\\r\\n        font-size: 1.2rem;\\r\\n    }\\r\\n\\r\\n    #table-totals\\r\\n    > *\\r\\n    [data-element=\'product-table-balance-due\'] {\\r\\n        color: red;\\r\\n    }\\r\\n\\r\\n    #table-totals > * > :last-child {\\r\\n        text-align: right;\\r\\n        padding-right: 1rem;\\r\\n    }\\r\\n\\r\\n    [data-ref=\\\"total_table-footer\\\"] {\\r\\n        padding-left: 0.8rem\\r\\n    }\\r\\n\\r\\n    #footer {\\r\\n        margin-top: 30px;\\r\\n    }\\r\\n\\r\\n    \\/** Markdown-specific styles. **\\/\\r\\n    [data-ref=\\\"table\\\"] h3 {\\r\\n        font-size: 1rem;\\r\\n        margin-bottom: 0;\\r\\n    }\\r\\n\\r\\n    [data-ref=\\\"totals_table-outstanding-label\\\"],\\r\\n    [data-ref=\\\"totals_table-outstanding\\\"] {\\r\\n        background-color: var(--secondary-color);\\r\\n        color: white;\\r\\n        padding-top: 7px;\\r\\n        padding-bottom: 7px;\\r\\n        padding-right: 7px;\\r\\n    }\\r\\n\\r\\n    [data-ref=\\\"statement-totals\\\"] {\\r\\n        margin-top: 1rem;\\r\\n        text-align: right;\\r\\n        margin-right: .75rem;\\r\\n    }\\r\\n\\r\\n    [data-ref*=\\\".line_total-td\\\"] {\\r\\n        white-space: nowrap;\\r\\n    }\\r\\n\\r\\n    \\/** .repeating-header,\\r\\n    .repeating-header-space, **\\/\\r\\n    .repeating-footer,\\r\\n    .repeating-footer-space {\\r\\n        height: 10px;\\r\\n    }\\r\\n    .repeating-header {\\r\\n        position: fixed;\\r\\n        top: 0;\\r\\n    }\\r\\n    .repeating-footer {\\r\\n        position: fixed;\\r\\n        bottom: 0;\\r\\n    }\\r\\n\\r\\n    [data-element=\'product_table-product.description-td\'], td {\\r\\n        min-width:100%;\\r\\n        max-width: 300px;\\r\\n        overflow-wrap: break-word; \\r\\n    }\\r\\n\\r\\n    .stamp {\\r\\n      transform: rotate(12deg);\\r\\n        color: #555;\\r\\n        font-size: 3rem;\\r\\n        font-weight: 700;\\r\\n        border: 0.25rem solid #555;\\r\\n        display: inline-block;\\r\\n        padding: 0.25rem 1rem;\\r\\n        text-transform: uppercase;\\r\\n        border-radius: 1rem;\\r\\n        font-family: \'Courier\';\\r\\n        mix-blend-mode: multiply;\\r\\n        z-index:200 !important;\\r\\n        position:  fixed;\\r\\n        text-align: center;\\r\\n    }\\r\\n\\r\\n    .is-paid {\\r\\n        color:  #D23;\\r\\n        border: 1rem double  #D23;\\r\\n        transform: rotate(-5deg);\\r\\n        font-size: 6rem;\\r\\n        font-family: \\\"Open sans\\\", Helvetica, Arial, sans-serif;\\r\\n        border-radius: 0;\\r\\n        padding: 0.5rem;\\r\\n        opacity: 0.2;\\r\\n        z-index:200 !important;\\r\\n        position:  fixed;\\r\\n        display: $show_paid_stamp;\\r\\n    } \\r\\n    \\r\\n    .project-header {\\r\\n        font-size: 1.2em;\\r\\n        margin-top: 0.1em;\\r\\n        margin-bottom: 0;\\r\\n        padding-bottom: 0;\\r\\n        margin-left: 0;\\r\\n        margin-right: 0;\\r\\n        font-weight: bold;\\r\\n        color: #505050;\\r\\n    } \\r\\n\\r\\n    .pqrcode {\\r\\n        \\r\\n    }\\r\\n    \\/** Useful snippets, uncomment to enable. **\\/\\r\\n\\r\\n    \\/** Hide company logo **\\/\\r\\n    \\/* .company-logo { display: none } *\\/\\r\\n\\r\\n    \\/* Hide company details *\\/\\r\\n    \\/* #company-details > * { display: none } *\\/\\r\\n\\r\\n    \\/* Hide company address *\\/\\r\\n    \\/* #company-address > * { display: none } *\\/\\r\\n\\r\\n    \\/* Hide public notes *\\/\\r\\n    \\/* [data-ref=\\\"total_table-public_notes\\\"] { display: none } *\\/\\r\\n\\r\\n    \\/* Hide terms label *\\/\\r\\n    \\/* [data-ref=\\\"total_table-terms-label\\\"] { display: none } *\\/\\r\\n\\r\\n    \\/* Hide totals table *\\/\\r\\n    \\/* #table-totals { display: none } *\\/\\r\\n\\r\\n    \\/* Hide totals table left side *\\/\\r\\n    \\/* #table-totals div:first-child > * { display: none !important } *\\/\\r\\n\\r\\n    \\/* Hide totals table right side *\\/\\r\\n    \\/* .totals-table-right-side { display: none } *\\/\\r\\n\\r\\n    \\/** For more info, please check our docs: https:\\/\\/invoiceninja.github.io **\\/\\r\\n    \\/** To find out selectors on your own: https:\\/\\/invoiceninja.github.io\\/docs\\/custom-fields\\/#snippets **\\/\\r\\n<\\/style>\\n\",\"header\":\"<div class=\\\"repeating-header\\\" id=\\\"header\\\"><\\/div>\\n\",\"body\":\"<div id=\\\"body\\\">\\r\\n               <div class=\\\"header-container\\\">\\r\\n                  <img src=\\\"$company.logo\\\" class=\\\"company-logo\\\" alt=\\\"$company.name logo\\\">\\r\\n                  <div id=\\\"company-details\\\"><\\/div>\\r\\n                  <div id=\\\"company-address\\\"><\\/div>\\r\\n               <\\/div>\\r\\n               <div class=\\\"client-and-entity-wrapper\\\">\\r\\n                <div id=\\\"client-details\\\"><p class=\\\"entity-issued-to\\\">$entity_issued_to_label:<\\/p><\\/div>\\r\\n                  <div id=\\\"vendor-details\\\"><\\/div>\\r\\n                <div id=\\\"shipping-details\\\"><\\/div>\\r\\n                  <div class=\\\"entity-details-wrapper\\\">\\r\\n                     <table id=\\\"entity-details\\\" cellspacing=\\\"0\\\" dir=\\\"$dir\\\"><\\/table>\\r\\n                  <\\/div>\\r\\n               <\\/div>\\r\\n               <table id=\\\"product-table\\\" cellspacing=\\\"0\\\" data-ref=\\\"table\\\"><\\/table>\\r\\n               <table id=\\\"task-table\\\" cellspacing=\\\"0\\\" data-ref=\\\"table\\\"><\\/table>\\r\\n               <table id=\\\"delivery-note-table\\\" cellspacing=\\\"0\\\" data-ref=\\\"table\\\"><\\/table>\\r\\n               <table id=\\\"statement-invoice-table\\\" cellspacing=\\\"0\\\" data-ref=\\\"table\\\"><\\/table>\\r\\n               <div id=\\\"statement-invoice-table-totals\\\" data-ref=\\\"statement-totals\\\"><\\/div>\\r\\n               <table id=\\\"statement-payment-table\\\" cellspacing=\\\"0\\\" data-ref=\\\"table\\\"><\\/table>\\r\\n               <div id=\\\"statement-payment-table-totals\\\" data-ref=\\\"statement-totals\\\"><\\/div>\\r\\n                            <table id=\\\"statement-credit-table\\\" cellspacing=\\\"0\\\" data-ref=\\\"table\\\"><\\/table>\\r\\n                            <div id=\\\"statement-credit-table-totals\\\" data-ref=\\\"statement-totals\\\"><\\/div>\\r\\n               <table id=\\\"statement-aging-table\\\" cellspacing=\\\"0\\\" data-ref=\\\"table\\\"><\\/table>\\r\\n               <div id=\\\"statement-aging-table-totals\\\" data-ref=\\\"statement-totals\\\"><\\/div>\\r\\n               <div id=\\\"table-totals\\\" cellspacing=\\\"0\\\">$status_logo<\\/div>\\r\\n            <\\/div>\\n\",\"product\":\"\",\"task\":\"\",\"footer\":\"<div class=\\\"repeating-footerx\\\" id=\\\"footer\\\">\\r\\n    <p data-ref=\\\"total_table-footer\\\">$entity_footer<\\/p>\\r\\n\\r\\n\\r\\n<script>\\r\\n    \\/\\/ Clear up space a bit, if [product-table, tasks-table, delivery-note-table] isn\'t present.\\r\\n    document.addEventListener(\'DOMContentLoaded\', () => {\\r\\n        let tables = [\\r\\n            \'product-table\', \'task-table\', \'delivery-note-table\',\\r\\n            \'statement-invoice-table\', \'statement-payment-table\', \'statement-aging-table-totals\',\\r\\n            \'statement-invoice-table-totals\', \'statement-payment-table-totals\', \'statement-aging-table\',\\r\\n            \'client-details\', \'vendor-details\', \'swiss-qr\', \'shipping-details\', \'statement-credit-table\', \'statement-credit-table-totals\',\\r\\n        ];\\r\\n\\r\\n        tables.forEach((tableIdentifier) => {\\r\\n            document.getElementById(tableIdentifier).childElementCount === 0\\r\\n                ? document.getElementById(tableIdentifier).style.display = \'none\'\\r\\n                : \'\';\\r\\n        });\\r\\n    });\\r\\n<\\/script>\\r\\n\\r\\n<\\/div>\\n\"}', 0, '2025-07-30 01:39:37.701997', '2025-07-30 01:39:37.731947', NULL, 0, NULL),
(6, NULL, NULL, 'Creative', 0, 1, '{\"includes\":\"<style id=\\\"style\\\">\\r\\n    @import url($font_url);\\r\\n\\r\\n    :root {\\r\\n        --primary-color: $primary_color;\\r\\n        --secondary-color: $secondary_color;\\r\\n        --line-height: 1.6;\\r\\n    }\\r\\n\\r\\n    html {\\r\\n        width: 210mm;\\r\\n        height: 200mm;     \\r\\n    }\\r\\n\\r\\n    body {\\r\\n        -webkit-font-smoothing: antialiased;\\r\\n        -moz-osx-font-smoothing: grayscale;\\r\\n        font-family: $font_name, Helvetica, sans-serif;\\r\\n        font-size: $font_size !important;\\r\\n        zoom: 80%;\\r\\n    }\\r\\n\\r\\n\\r\\n    table tr td, table tr, th {\\r\\n        font-size: $font_size !important;\\r\\n    }\\r\\n\\r\\n    @page {\\r\\n        margin-left: $global_margin;\\r\\n        margin-right: $global_margin;\\r\\n        margin-top: 0;\\r\\n        margin-bottom: 0;\\r\\n        size: $page_size $page_layout;\\r\\n    }\\r\\n\\r\\n    p {\\r\\n        margin: 0;\\r\\n        padding: 0;\\r\\n    }\\r\\n\\r\\n    .header-wrapper {\\r\\n        display: grid;\\r\\n        grid-template-rows:0.5fr;\\r\\n        grid-template-columns: auto auto auto auto;\\r\\n        grid-template-areas: \\\"a b c d e\\\";\\r\\n        grid-auto-columns: minmax(0, 1fr);\\r\\n        grid-auto-flow: column;\\r\\n        justify-content:left;\\r\\n        gap: 20px;\\r\\n        line-height: var(--line-height);\\r\\n    }\\r\\n\\r\\n    .company-logo {\\r\\n        max-width: $company_logo_size;  \\r\\n        float:right;  \\r\\n    }\\r\\n\\r\\n    ,logo-wrapper {\\r\\n        grid-area: e; \\r\\n        align-content: right; \\r\\n        border:1px solid #000;\\r\\n    }\\r\\n\\r\\n    #entity-details {\\r\\n        width: 100%;\\r\\n        white-space: nowrap;\\r\\n        margin-right: 3rem;\\r\\n    }\\r\\n\\r\\n    #entity-details p { \\r\\n        margin-top: 5px; \\r\\n    }\\r\\n\\r\\n    .header-wrapper #client-details,\\r\\n    .header-wrapper #company-details,\\r\\n    .header-wrapper #company-address {\\r\\n        display: flex;\\r\\n        flex-direction: column;\\r\\n        line-height: var(--line-height) !important;\\r\\n    }\\r\\n\\r\\n    [data-ref=\\\"company_details-company.name\\\"] {\\r\\n        color: var(--primary-color);\\r\\n        font-weight: bold;\\r\\n    }\\r\\n\\r\\n    .header-wrapper #client-details > *:first-child {\\r\\n        font-weight: bold;\\r\\n    }\\r\\n\\r\\n    .header-wrapper .company-info-wrapper > * {\\r\\n        margin-bottom: 1rem;\\r\\n        grid-row-end: 4;\\r\\n    }\\r\\n\\r\\n    .entity-label-wrapper {\\r\\n        display: grid;\\r\\n        grid-template-columns: 3fr 1fr;\\r\\n        margin-top: 1rem;\\r\\n    }\\r\\n\\r\\n    .entity-label-wrapper .entity-label > * {\\r\\n        font-size: 3rem;\\r\\n    }\\r\\n\\r\\n    .entity-label-wrapper .entity-label > *:first-child {\\r\\n        text-transform: uppercase;\\r\\n    }\\r\\n\\r\\n    .entity-label-wrapper .entity-label > *:last-child {\\r\\n        color: var(--primary-color);\\r\\n        font-style: italic;\\r\\n    }\\r\\n\\r\\n    .entity-label-wrapper #entity-details {\\r\\n        text-align: left;\\r\\n    }\\r\\n\\r\\n    #shipping-details {\\r\\n        display: $show_shipping_address;\\r\\n        flex-direction: column;\\r\\n        line-height: var(--line-height) !important;\\r\\n    }\\r\\n\\r\\n    .entity-label-wrapper #entity-details > tr,\\r\\n    .entity-label-wrapper #entity-details th {\\r\\n        font-weight: normal;\\r\\n    }\\r\\n\\r\\n    [data-ref=\\\"table\\\"] {\\r\\n        margin-bottom: 5px; \\r\\n        min-width: 100%;\\r\\n        table-layout: fixed;\\r\\n        overflow-wrap: break-word;\\r\\n    }\\r\\n\\r\\n    [data-ref=\\\"table\\\"]:not(:empty) {\\r\\n        border-top: 5px solid var(--primary-color);\\r\\n        margin-top: 3rem;\\r\\n    }\\r\\n\\r\\n    .task-time-details {\\r\\n        display: block;\\r\\n        margin-top: 5px;\\r\\n        color: grey;\\r\\n    }\\r\\n\\r\\n    [data-ref=\\\"table\\\"] > thead {\\r\\n        text-align: left;\\r\\n    }\\r\\n\\r\\n    [data-ref=\\\"table\\\"] > thead > tr > th {\\r\\n        font-size: 1.1rem;\\r\\n        padding: 1rem;\\r\\n    }\\r\\n\\r\\n    [data-ref=\\\"table\\\"] > thead > tr > th:last-child {\\r\\n        text-align: right;\\r\\n    }\\r\\n\\r\\n    [data-ref=\\\"table\\\"] > tbody > tr > td:last-child {\\r\\n        text-align: right;\\r\\n    }\\r\\n\\r\\n    [data-ref=\\\"table\\\"] > tbody > tr > td {\\r\\n        padding: 1rem;\\r\\n    }\\r\\n\\r\\n    [data-ref=\\\"table\\\"] > tbody > tr:nth-child(odd) {\\r\\n        background-color: #e8e8e8;\\r\\n    }\\r\\n\\r\\n    #table-totals {\\r\\n        margin-top: 0rem;\\r\\n        display: grid;\\r\\n        grid-template-columns: 2fr 1fr;\\r\\n        padding-top: 1rem;\\r\\n        margin-right: .75rem;\\r\\n        gap: 80px;\\r\\n        page-break-inside:auto;\\r\\n        overflow: visible !important;\\r\\n    }\\r\\n\\r\\n    #table-totals .totals-table-right-side>* {\\r\\n        display: grid;\\r\\n        grid-template-columns: 1fr 1fr;\\r\\n    }\\r\\n\\r\\n    #table-totals>.totals-table-right-side>*> :nth-child(1) {\\r\\n        text-align: $dir_text_align;\\r\\n        margin-top: .75rem;\\r\\n    }\\r\\n\\r\\n    #table-totals>.totals-table-right-side> * > :not([hidden]) ~ :not([hidden]) {\\r\\n        --tw-space-y-reverse: 0;\\r\\n        margin-top: calc(.75rem * calc(1 - var(--tw-space-y-reverse)));\\r\\n        margin-bottom: calc(.75rem * var(--tw-space-y-reverse));\\r\\n    }\\r\\n\\r\\n    #table-totals>.totals-table-right-side>*> :nth-child(2) {\\r\\n        text-align: right;\\r\\n    }\\r\\n\\r\\n    #table-totals\\r\\n    > *\\r\\n    [data-element=\'product-table-balance-due\'] {\\r\\n        font-weight: bold;\\r\\n        color: var(--primary-color);\\r\\n    }\\r\\n\\r\\n    #table-totals > * > * {\\r\\n        padding-left: 0.5rem;\\r\\n    }\\r\\n\\r\\n    #table-totals > * > :last-child {\\r\\n        text-align: right;\\r\\n        padding-right: 1rem;\\r\\n    }\\r\\n\\r\\n    [data-ref=\\\"total_table-footer\\\"] {\\r\\n        padding-left: 0.5rem;\\r\\n        padding-right:0.8rem;\\r\\n    }\\r\\n\\r\\n    #footer {\\r\\n        margin-top: 30px;\\r\\n    }\\r\\n\\r\\n    \\/** Markdown-specific styles. **\\/\\r\\n    [data-ref=\\\"table\\\"] h3 {\\r\\n        font-size: 1rem;\\r\\n        margin-bottom: 0;\\r\\n    }\\r\\n\\r\\n    [data-ref=\\\"statement-totals\\\"] {\\r\\n        margin-top: 1rem;\\r\\n        text-align: right;\\r\\n        margin-right: .75rem;\\r\\n    }\\r\\n\\r\\n    [data-ref*=\\\".line_total-td\\\"] {\\r\\n        white-space: nowrap;\\r\\n    }\\r\\n\\r\\n    \\/** .repeating-header,\\r\\n    .repeating-header-space, **\\/\\r\\n    .repeating-footer,\\r\\n    .repeating-footer-space {\\r\\n        height: 10px;\\r\\n    }\\r\\n    .repeating-header {\\r\\n        position: fixed;\\r\\n        top: 0;\\r\\n    }\\r\\n    .repeating-footer {\\r\\n        position: fixed;\\r\\n        bottom: 0;\\r\\n    }\\r\\n    \\r\\n    [data-element=\'product_table-product.description-td\'], td {\\r\\n        min-width:100%;\\r\\n        max-width: 300px;\\r\\n        overflow-wrap: break-word; \\r\\n    }\\r\\n\\r\\n    .stamp {\\r\\n      transform: rotate(12deg);\\r\\n        color: #555;\\r\\n        font-size: 3rem;\\r\\n        font-weight: 700;\\r\\n        border: 0.25rem solid #555;\\r\\n        display: inline-block;\\r\\n        padding: 0.25rem 1rem;\\r\\n        text-transform: uppercase;\\r\\n        border-radius: 1rem;\\r\\n        font-family: \'Courier\';\\r\\n        mix-blend-mode: multiply;\\r\\n        z-index:200 !important;\\r\\n        position:  fixed;\\r\\n        text-align: center;\\r\\n    }\\r\\n\\r\\n    .is-paid {\\r\\n        color:  #D23;\\r\\n        border: 1rem double  #D23;\\r\\n        transform: rotate(-5deg);\\r\\n        font-size: 6rem;\\r\\n        font-family: \\\"Open sans\\\", Helvetica, Arial, sans-serif;\\r\\n        border-radius: 0;\\r\\n        padding: 0.5rem;\\r\\n        opacity: 0.2;\\r\\n        z-index:200 !important;\\r\\n        position:  fixed;\\r\\n        display: $show_paid_stamp;\\r\\n\\r\\n    } \\r\\n\\r\\n    .project-header {\\r\\n        font-size: 1.2em;\\r\\n        margin-top: 0.1em;\\r\\n        margin-bottom: 0;\\r\\n        padding-bottom: 0;\\r\\n        margin-left: 0;\\r\\n        margin-right: 0;\\r\\n        font-weight: bold;\\r\\n        color: #505050;\\r\\n    } \\r\\n\\r\\n    .pqrcode {\\r\\n        \\r\\n    }\\r\\n    \\r\\n    \\/** Useful snippets, uncomment to enable. **\\/\\r\\n\\r\\n    \\/** Hide company logo **\\/\\r\\n    \\/* .company-logo { display: none } *\\/\\r\\n\\r\\n    \\/* Hide company details *\\/\\r\\n    \\/* #company-details > * { display: none } *\\/\\r\\n\\r\\n    \\/* Hide company address *\\/\\r\\n    \\/* #company-address > * { display: none } *\\/\\r\\n\\r\\n    \\/* Hide public notes *\\/\\r\\n    \\/* [data-ref=\\\"total_table-public_notes\\\"] { display: none } *\\/\\r\\n\\r\\n    \\/* Hide terms label *\\/\\r\\n    \\/* [data-ref=\\\"total_table-terms-label\\\"] { display: none } *\\/\\r\\n\\r\\n    \\/* Hide totals table *\\/\\r\\n    \\/* #table-totals { display: none } *\\/\\r\\n\\r\\n    \\/* Hide totals table left side *\\/\\r\\n    \\/* #table-totals div:first-child > * { display: none !important } *\\/\\r\\n\\r\\n    \\/* Hide totals table right side *\\/\\r\\n    \\/* .totals-table-right-side { display: none } *\\/\\r\\n\\r\\n    \\/** For more info, please check our docs: https:\\/\\/invoiceninja.github.io **\\/\\r\\n    \\/** To find out selectors on your own: https:\\/\\/invoiceninja.github.io\\/docs\\/custom-fields\\/#snippets **\\/\\r\\n<\\/style>\\n\",\"header\":\"<div class=\\\"repeating-header\\\" id=\\\"header\\\"><\\/div>\\n\",\"body\":\"<div id=\\\"body\\\">\\r\\n               <div class=\\\"header-wrapper\\\">\\r\\n                  <div id=\\\"client-details\\\"><\\/div>\\r\\n                  <div id=\\\"vendor-details\\\"><\\/div>\\r\\n                  <div id=\\\"shipping-details\\\"><\\/div>\\r\\n\\r\\n                  <div class=\\\"company-info-wrapper\\\">\\r\\n                     <div id=\\\"company-details\\\"><\\/div>\\r\\n                     <div id=\\\"company-address\\\"><\\/div>\\r\\n                  <\\/div>\\r\\n                  <div class=\\\"logo-wrapper\\\">\\r\\n                  <img class=\\\"company-logo\\\" src=\\\"$company.logo\\\" alt=\\\"$company.name logo\\\">\\r\\n                  <\\/div>\\r\\n               <\\/div>\\r\\n               <div class=\\\"entity-label-wrapper\\\">\\r\\n                  <h1 class=\\\"entity-label\\\">\\r\\n                     <span>$entity_label<\\/span>&nbsp;\\r\\n                     <span>#$entity_number<\\/span>\\r\\n                  <\\/h1>\\r\\n                    <div class=\\\"entity-details-wrapper\\\">\\r\\n                        <table id=\\\"entity-details\\\" cellspacing=\\\"0\\\" dir=\\\"$dir\\\"><\\/table>\\r\\n                    <\\/div>\\r\\n               <\\/div>\\r\\n               <table id=\\\"product-table\\\" cellspacing=\\\"0\\\" data-ref=\\\"table\\\"><\\/table>\\r\\n               <table id=\\\"task-table\\\" cellspacing=\\\"0\\\" data-ref=\\\"table\\\"><\\/table>\\r\\n               <table id=\\\"delivery-note-table\\\" cellspacing=\\\"0\\\" data-ref=\\\"table\\\"><\\/table>\\r\\n               <table id=\\\"statement-invoice-table\\\" cellspacing=\\\"0\\\" data-ref=\\\"table\\\"><\\/table>\\r\\n               <div id=\\\"statement-invoice-table-totals\\\" data-ref=\\\"statement-totals\\\"><\\/div>\\r\\n               <table id=\\\"statement-payment-table\\\" cellspacing=\\\"0\\\" data-ref=\\\"table\\\"><\\/table>\\r\\n               <div id=\\\"statement-payment-table-totals\\\" data-ref=\\\"statement-totals\\\"><\\/div>\\r\\n                            <table id=\\\"statement-credit-table\\\" cellspacing=\\\"0\\\" data-ref=\\\"table\\\"><\\/table>\\r\\n                            <div id=\\\"statement-credit-table-totals\\\" data-ref=\\\"statement-totals\\\"><\\/div>\\r\\n               <table id=\\\"statement-aging-table\\\" cellspacing=\\\"0\\\" data-ref=\\\"table\\\"><\\/table>\\r\\n               <div id=\\\"statement-aging-table-totals\\\" data-ref=\\\"statement-totals\\\"><\\/div>\\r\\n               <div id=\\\"table-totals\\\" cellspacing=\\\"0\\\">$status_logo<\\/div>\\r\\n            <\\/div>\\n\",\"product\":\"\",\"task\":\"\",\"footer\":\"<div class=\\\"repeating-footerx\\\" id=\\\"footer\\\">\\r\\n   <p data-ref=\\\"total_table-footer\\\">$entity_footer<\\/p>\\r\\n\\r\\n\\r\\n        <script>\\r\\n            \\/\\/ Clear up space a bit, if [product-table, tasks-table, delivery-note-table] isn\'t present.\\r\\n            document.addEventListener(\'DOMContentLoaded\', () => {\\r\\n                let tables = [\\r\\n                    \'product-table\', \'task-table\', \'delivery-note-table\',\\r\\n                    \'statement-invoice-table\', \'statement-payment-table\', \'statement-aging-table-totals\',\\r\\n                    \'statement-invoice-table-totals\', \'statement-payment-table-totals\', \'statement-aging-table\',\\r\\n                    \'client-details\', \'vendor-details\', \'swiss-qr\', \'shipping-details\', \'statement-credit-table\', \'statement-credit-table-totals\',\\r\\n                ];\\r\\n\\r\\n                tables.forEach((tableIdentifier) => {\\r\\n                    console.log(document.getElementById(tableIdentifier));\\r\\n\\r\\n                    document.getElementById(tableIdentifier)?.childElementCount === 0\\r\\n                        ? document.getElementById(tableIdentifier).style.setProperty(\'display\', \'none\', \'important\')\\r\\n                        : \'\';\\r\\n                });\\r\\n            });\\r\\n        <\\/script>\\r\\n<\\/div>\\n\"}', 0, '2025-07-30 01:39:37.703775', '2025-07-30 01:39:37.735262', NULL, 0, NULL);
INSERT INTO `designs` (`id`, `user_id`, `company_id`, `name`, `is_custom`, `is_active`, `design`, `is_deleted`, `created_at`, `updated_at`, `deleted_at`, `is_template`, `entities`) VALUES
(7, NULL, NULL, 'Elegant', 0, 1, '{\"includes\":\"<style id=\\\"style\\\">\\r\\n    @import url($font_url);\\r\\n\\r\\n    :root {\\r\\n        --primary-color: $primary_color;\\r\\n        --secondary-color: $secondary_color;\\r\\n        --line-height: 1.6;\\r\\n    }\\r\\n\\r\\n    html {\\r\\n        width: 210mm;\\r\\n        height: 200mm;     \\r\\n    }    \\r\\n\\r\\n    body {\\r\\n        -webkit-font-smoothing: antialiased;\\r\\n        -moz-osx-font-smoothing: grayscale;\\r\\n        font-family: $font_name, Helvetica, sans-serif;\\r\\n        font-size: $font_size !important;\\r\\n        zoom: 80%;\\r\\n    }\\r\\n\\r\\n    table tr td, table tr, th {\\r\\n        font-size: $font_size !important;\\r\\n    }\\r\\n\\r\\n    @page {\\r\\n        margin: $global_margin;\\r\\n        size: $page_size $page_layout;\\r\\n    }\\r\\n\\r\\n    p {\\r\\n        margin: 0;\\r\\n        padding: 0;\\r\\n    }\\r\\n\\r\\n    .company-logo {\\r\\n\\/*        max-width: 55%;*\\/\\r\\n        max-width: $company_logo_size;\\r\\n        margin-left: auto;\\r\\n        margin-right: auto;\\r\\n        display: block;\\r\\n    }\\r\\n\\r\\n    .company-logo-wrapper {\\r\\n        padding-bottom: 60px;\\r\\n        border-bottom: 4px solid;\\r\\n    }\\r\\n\\r\\n    .company-logo-wrapper {\\r\\n        height: 5rem;\\r\\n    }\\r\\n\\r\\n    .client-entity-wrapper {\\r\\n        display: flex;\\r\\n        margin-top: 1rem;\\r\\n        gap: 20px;\\r\\n        margin-left: 0px;\\r\\n        line-height: var(--line-height) !important;\\r\\n    }\\r\\n\\r\\n    #entity-details p { \\r\\n        margin-right: 0px;\\r\\n        margin-top: 0px; \\r\\n        white-space: nowrap;\\r\\n        line-height: var(--line-height) !important;\\r\\n    }\\r\\n    \\r\\n    .client-entity-wrapper .wrapper-info-text {\\r\\n        display: block;\\r\\n        font-size: 1.5rem;\\r\\n        font-weight: normal;\\r\\n    }\\r\\n    \\r\\n    .client-entity-wrapper .shipping-info-text {\\r\\n        display: block;\\r\\n        font-size: 1.5rem;\\r\\n        font-weight: normal;\\r\\n        display: $show_shipping_address;\\r\\n    }\\r\\n\\r\\n    .client-entity-wrapper .wrapper-left-side {\\r\\n        display: grid;\\r\\n        grid-template-columns: auto auto ;\\r\\n        grid-template-areas: \\\"a b c d\\\";\\r\\n        grid-auto-columns: minmax(0, 1fr);\\r\\n        grid-auto-flow: column;\\r\\n        justify-content:left;\\r\\n    }\\r\\n\\r\\n     .text-with-client  { margin-right: 1px; }\\r\\n\\r\\n    .client-entity-wrapper .wrapper-left-side #client-details,\\r\\n    .client-entity-wrapper .wrapper-left-side #company-details,\\r\\n    .client-entity-wrapper .wrapper-left-side #company-address {\\r\\n        display: flex;\\r\\n        flex-direction: column;\\r\\n        margin-right: 5px;\\r\\n    }\\r\\n\\r\\n    .client-entity-wrapper .wrapper-left-side #shipping-details {\\r\\n        display: $show_shipping_address;\\r\\n        flex-direction: column;\\r\\n        margin-right: 5px;\\r\\n    }\\r\\n\\r\\n    .client-entity-wrapper .wrapper-left-side .company-info {\\r\\n        border-left: 1px solid;\\r\\n        padding-left: 1rem;\\r\\n    }\\r\\n\\r\\n    .client-entity-wrapper #entity-details {\\r\\n        text-align: left;\\r\\n        min-width: 100%;\\r\\n        line-height: var(--line-height) !important;\\r\\n    }\\r\\n\\r\\n    .client-entity-wrapper #entity-details > tr,\\r\\n    .client-entity-wrapper #entity-details th {\\r\\n        font-weight: normal;\\r\\n        padding-right:8px;\\r\\n        line-height: var(--line-height) !important;\\r\\n    }\\r\\n\\r\\n    [data-ref=\\\"table\\\"] {\\r\\n        margin-top: 3rem;\\r\\n        margin-bottom: 5\\r\\n        px;\\r\\n        min-width: 100%;\\r\\n        table-layout: fixed;\\r\\n        overflow-wrap: break-word;\\r\\n    }\\r\\n\\r\\n    .task-time-details {\\r\\n        display: block;\\r\\n        margin-top: 5px;\\r\\n        color: grey;\\r\\n    }\\r\\n\\r\\n    [data-ref=\\\"table\\\"] > thead {\\r\\n        text-align: left;\\r\\n    }\\r\\n\\r\\n    [data-ref=\\\"table\\\"] > thead > tr > th {\\r\\n        font-size: 1.1rem;\\r\\n        padding-bottom: 1.5rem;\\r\\n        padding-left: 1rem;\\r\\n        color: var(--primary-color);\\r\\n        font-weight: bold;\\r\\n    }\\r\\n\\r\\n    [data-ref=\\\"table\\\"] > thead > tr > th:last-child {\\r\\n        text-align: right;\\r\\n        padding-right: 1rem;\\r\\n    }\\r\\n\\r\\n    [data-ref=\\\"table\\\"] > tbody > tr > td {\\r\\n        border-bottom: 1pt solid;\\r\\n        padding: 1rem;\\r\\n    }\\r\\n\\r\\n    [data-ref=\\\"table\\\"] > tbody > tr:first-child > td {\\r\\n        border-top: 1pt solid !important;\\r\\n        padding: 1rem;\\r\\n    }\\r\\n\\r\\n    [data-ref=\\\"table\\\"] > tbody > tr > td:last-child {\\r\\n        text-align: right;\\r\\n        padding-right: 1rem;\\r\\n    }\\r\\n\\r\\n    [data-ref=\\\"shipping_address-label\\\"] {\\r\\n        display: none;\\r\\n    }\\r\\n\\r\\n    #table-totals {\\r\\n        margin-top: 0.5rem;\\r\\n        display: grid;\\r\\n        grid-template-columns: 2fr 1fr;\\r\\n        padding-top: 0.5rem;\\r\\n        padding-left: 1rem;\\r\\n        margin-right: .75rem;\\r\\n        gap: 80px;\\r\\n        page-break-inside:auto;\\r\\n        overflow: visible !important;\\r\\n    }\\r\\n\\r\\n    #table-totals .totals-table-right-side>* {\\r\\n        display: grid;\\r\\n        grid-template-columns: 1fr 1fr;\\r\\n    }\\r\\n\\r\\n    #table-totals>.totals-table-right-side>*> :nth-child(1) {\\r\\n        text-align: $dir_text_align;\\r\\n        margin-top: .75rem;\\r\\n    }\\r\\n\\r\\n    #table-totals>.totals-table-right-side> * > :not([hidden]) ~ :not([hidden]) {\\r\\n        --tw-space-y-reverse: 0;\\r\\n        margin-top: calc(.75rem * calc(1 - var(--tw-space-y-reverse)));\\r\\n        margin-bottom: calc(.75rem * var(--tw-space-y-reverse));\\r\\n    }\\r\\n\\r\\n    #table-totals>.totals-table-right-side>*> :nth-child(2) {\\r\\n        text-align: right;\\r\\n    }\\r\\n\\r\\n    #table-totals\\r\\n    > *\\r\\n    [data-element=\'product-table-balance-due-label\'],\\r\\n    #table-totals\\r\\n    > *\\r\\n    [data-element=\'product-table-balance-due\'] {\\r\\n        font-weight: bold;\\r\\n    }\\r\\n\\r\\n    #table-totals\\r\\n    > *\\r\\n    [data-element=\'product-table-balance-due\'] {\\r\\n        color: var(--primary-color);\\r\\n    }\\r\\n\\r\\n    #table-totals > * > :last-child {\\r\\n        text-align: right;\\r\\n        padding-right: 0.5rem;\\r\\n    }\\r\\n\\r\\n    [data-ref=\\\"total_table-footer\\\"] {\\r\\n        padding-left: 1rem\\r\\n    }\\r\\n\\r\\n    #footer {\\r\\n        margin-top: 30px;\\r\\n    }\\r\\n\\r\\n    \\/** Markdown-specific styles. **\\/\\r\\n    [data-ref=\\\"table\\\"] h3 {\\r\\n        font-size: 1rem;\\r\\n        margin-bottom: 0;\\r\\n    }\\r\\n\\r\\n    [data-ref=\\\"statement-totals\\\"] {\\r\\n        margin-top: 1rem;\\r\\n        text-align: right;\\r\\n        margin-right: .75rem;\\r\\n    }\\r\\n\\r\\n    [data-ref*=\\\".line_total-td\\\"] {\\r\\n        white-space: nowrap;\\r\\n    }\\r\\n\\r\\n    \\/** .repeating-header,\\r\\n    .repeating-header-space, **\\/\\r\\n    .repeating-footer,\\r\\n    .repeating-footer-space {\\r\\n        height: 10px;\\r\\n    }\\r\\n    .repeating-header {\\r\\n        position: fixed;\\r\\n        top: 0;\\r\\n    }\\r\\n    .repeating-footer {\\r\\n        position: fixed;\\r\\n        bottom: 0;\\r\\n    }\\r\\n\\r\\n    [data-element=\'product_table-product.description-td\'], td {\\r\\n        min-width:100%;\\r\\n        max-width: 300px;\\r\\n        overflow-wrap: break-word; \\r\\n    }\\r\\n\\r\\n    .stamp {\\r\\n      transform: rotate(12deg);\\r\\n        color: #555;\\r\\n        font-size: 3rem;\\r\\n        font-weight: 700;\\r\\n        border: 0.25rem solid #555;\\r\\n        display: inline-block;\\r\\n        padding: 0.25rem 1rem;\\r\\n        text-transform: uppercase;\\r\\n        border-radius: 1rem;\\r\\n        font-family: \'Courier\';\\r\\n        mix-blend-mode: multiply;\\r\\n        z-index:200 !important;\\r\\n        position:  fixed;\\r\\n        text-align: center;\\r\\n    }\\r\\n\\r\\n    .is-paid {\\r\\n        color:  #D23;\\r\\n        border: 1rem double  #D23;\\r\\n        transform: rotate(-5deg);\\r\\n        font-size: 6rem;\\r\\n        font-family: \\\"Open sans\\\", Helvetica, Arial, sans-serif;\\r\\n        border-radius: 0;\\r\\n        padding: 0.5rem;\\r\\n        opacity: 0.2;\\r\\n        z-index:200 !important;\\r\\n        position:  fixed;\\r\\n        display: $show_paid_stamp;\\r\\n\\r\\n    } \\r\\n\\r\\n    .project-header {\\r\\n        font-size: 1.2em;\\r\\n        margin-top: 0.1em;\\r\\n        margin-bottom: 0;\\r\\n        padding-bottom: 0;\\r\\n        margin-left: 0;\\r\\n        margin-right: 0;\\r\\n        font-weight: bold;\\r\\n        color: #505050;\\r\\n    }     \\r\\n\\r\\n    .pqrcode {\\r\\n        \\r\\n    }\\r\\n    \\/** Useful snippets, uncomment to enable. **\\/\\r\\n\\r\\n    \\/** Hide company logo **\\/\\r\\n    \\/* .company-logo { display: none } *\\/\\r\\n\\r\\n    \\/* Hide company details *\\/\\r\\n    \\/* #company-details > * { display: none } *\\/\\r\\n\\r\\n    \\/* Hide company address *\\/\\r\\n    \\/* #company-address > * { display: none } *\\/\\r\\n\\r\\n    \\/* Hide public notes *\\/\\r\\n    \\/* [data-ref=\\\"total_table-public_notes\\\"] { display: none } *\\/\\r\\n\\r\\n    \\/* Hide terms label *\\/\\r\\n    \\/* [data-ref=\\\"total_table-terms-label\\\"] { display: none } *\\/\\r\\n\\r\\n    \\/* Hide totals table *\\/\\r\\n    \\/* #table-totals { display: none } *\\/\\r\\n\\r\\n    \\/* Hide totals table left side *\\/\\r\\n    \\/* #table-totals div:first-child > * { display: none !important } *\\/\\r\\n\\r\\n    \\/* Hide totals table right side *\\/\\r\\n    \\/* .totals-table-right-side { display: none } *\\/\\r\\n\\r\\n    \\/** For more info, please check our docs: https:\\/\\/invoiceninja.github.io **\\/\\r\\n    \\/** To find out selectors on your own: https:\\/\\/invoiceninja.github.io\\/docs\\/custom-fields\\/#snippets **\\/\\r\\n<\\/style>\\n\",\"header\":\"<div class=\\\"repeating-header\\\" id=\\\"header\\\"><\\/div>\\n\",\"body\":\"<div id=\\\"body\\\">\\r\\n               <div class=\\\"company-logo-wrapper\\\">\\r\\n                  <img class=\\\"company-logo\\\" src=\\\"$company.logo\\\" alt=\\\"$company.name logo\\\">\\r\\n               <\\/div>\\r\\n               <hr class=\\\"double-border\\\">\\r\\n               <div class=\\\"client-entity-wrapper\\\" style=\\\"\\\">\\r\\n                  <div class=\\\"wrapper-left-side\\\">\\r\\n                     <div class=\\\"text-with-client\\\">\\r\\n                        <h2 class=\\\"wrapper-info-text\\\">$to_label<\\/h2>\\r\\n                        <div id=\\\"client-details\\\"><\\/div>\\r\\n                        <div id=\\\"vendor-details\\\"><\\/div>\\r\\n                     <\\/div>\\r\\n                     <div class=\\\"shipping-info\\\" style=\\\"\\\">\\r\\n                        <h2 class=\\\"shipping-info-text\\\">$shipping_label<\\/h2>\\r\\n                        <div id=\\\"shipping-details\\\"><\\/div>\\r\\n                     <\\/div>\\r\\n                     <div class=\\\"company-info\\\" style=\\\"\\\">\\r\\n                        <h2 class=\\\"wrapper-info-text\\\">$from_label<\\/h2>\\r\\n                        <div id=\\\"company-details\\\"><\\/div>\\r\\n                        <div id=\\\"company-address\\\"><\\/div>\\r\\n                     <\\/div>\\r\\n                    <div class=\\\"wrapper-right-side\\\">\\r\\n                        <h2 class=\\\"wrapper-info-text\\\">$details_label<\\/h2>\\r\\n                        <table id=\\\"entity-details\\\" cellspacing=\\\"0\\\" cellpadding=\\\"0\\\" dir=\\\"$dir\\\"><\\/table>\\r\\n                    <\\/div>\\r\\n                <\\/div>\\r\\n               <\\/div>\\r\\n               <table id=\\\"product-table\\\" cellspacing=\\\"0\\\" data-ref=\\\"table\\\"><\\/table>\\r\\n               <table id=\\\"task-table\\\" cellspacing=\\\"0\\\" data-ref=\\\"table\\\"><\\/table>\\r\\n               <table id=\\\"delivery-note-table\\\" cellspacing=\\\"0\\\" data-ref=\\\"table\\\"><\\/table>\\r\\n               <table id=\\\"statement-invoice-table\\\" cellspacing=\\\"0\\\" data-ref=\\\"table\\\"><\\/table>\\r\\n               <div id=\\\"statement-invoice-table-totals\\\" data-ref=\\\"statement-totals\\\"><\\/div>\\r\\n               <table id=\\\"statement-payment-table\\\" cellspacing=\\\"0\\\" data-ref=\\\"table\\\"><\\/table>\\r\\n               <div id=\\\"statement-payment-table-totals\\\" data-ref=\\\"statement-totals\\\"><\\/div>\\r\\n                            <table id=\\\"statement-credit-table\\\" cellspacing=\\\"0\\\" data-ref=\\\"table\\\"><\\/table>\\r\\n                            <div id=\\\"statement-credit-table-totals\\\" data-ref=\\\"statement-totals\\\"><\\/div>\\r\\n               <table id=\\\"statement-aging-table\\\" cellspacing=\\\"0\\\" data-ref=\\\"table\\\"><\\/table>\\r\\n               <div id=\\\"statement-aging-table-totals\\\" data-ref=\\\"statement-totals\\\"><\\/div>\\r\\n               <div id=\\\"table-totals\\\" cellspacing=\\\"0\\\">$status_logo<\\/div>\\r\\n            <\\/div>\\n\",\"product\":\"\",\"task\":\"\",\"footer\":\"<div class=\\\"repeating-footerx\\\" id=\\\"footer\\\">\\r\\n   <p data-ref=\\\"total_table-footer\\\">$entity_footer<\\/p>\\r\\n\\r\\n        <script>\\r\\n            \\/\\/ Clear up space a bit, if [product-table, tasks-table, delivery-note-table] isn\'t present.\\r\\n            document.addEventListener(\'DOMContentLoaded\', () => {\\r\\n                let tables = [\\r\\n                    \'product-table\', \'task-table\', \'delivery-note-table\',\\r\\n                    \'statement-invoice-table\', \'statement-payment-table\', \'statement-aging-table-totals\',\\r\\n                    \'statement-invoice-table-totals\', \'statement-payment-table-totals\', \'statement-aging-table\',\\r\\n                    \'client-details\', \'vendor-details\', \'swiss-qr\', \'shipping-details\', \'statement-credit-table\', \'statement-credit-table-totals\',\\r\\n                ];\\r\\n\\r\\n                tables.forEach((tableIdentifier) => {\\r\\n                    console.log(document.getElementById(tableIdentifier));\\r\\n\\r\\n                    document.getElementById(tableIdentifier)?.childElementCount === 0\\r\\n                        ? document.getElementById(tableIdentifier).style.setProperty(\'display\', \'none\', \'important\')\\r\\n                        : \'\';\\r\\n                });\\r\\n            });\\r\\n        <\\/script>\\r\\n<\\/div>\\n\"}', 0, '2025-07-30 01:39:37.705550', '2025-07-30 01:39:37.738453', NULL, 0, NULL),
(8, NULL, NULL, 'Hipster', 0, 1, '{\"includes\":\"<style id=\\\"style\\\">\\r\\n    @import url($font_url);\\r\\n\\r\\n    :root {\\r\\n        --primary-color: $primary_color;\\r\\n        --secondary-color: $secondary_color;\\r\\n       --line-height: 1.6;\\r\\n    }\\r\\n\\r\\n    html {\\r\\n        width: 210mm;\\r\\n        height: 200mm;     \\r\\n    }\\r\\n\\r\\n    body {\\r\\n        -webkit-font-smoothing: antialiased;\\r\\n        -moz-osx-font-smoothing: grayscale;\\r\\n        font-family: $font_name, Helvetica, sans-serif;\\r\\n        font-size: $font_size !important;\\r\\n        zoom: 80%;\\r\\n    }\\r\\n\\r\\n    table tr td, table tr, th {\\r\\n        font-size: $font_size !important;\\r\\n    }\\r\\n\\r\\n    @page {\\r\\n        margin: $global_margin;\\r\\n        size: $page_size $page_layout;\\r\\n    }\\r\\n\\r\\n    p {\\r\\n        margin: 0;\\r\\n        padding: 0;\\r\\n    }\\r\\n\\r\\n    .header-wrapper {\\r\\n        display: grid;\\r\\n        grid-template-columns: 0.5fr 1.5fr;\\r\\n        gap: 20px;\\r\\n        line-height: var(--line-height);\\r\\n    }\\r\\n\\r\\n    .header-wrapper .header-text-label {\\r\\n        font-size: 1.1rem;\\r\\n        color: var(--primary-color);\\r\\n        text-transform: uppercase;\\r\\n        font-weight: bold;\\r\\n    }\\r\\n\\r\\n    .header-wrapper .header-left-side-wrapper {\\r\\n        grid-template-columns: 1fr 1fr;\\r\\n        gap: 10px;\\r\\n        border-left: 1px solid #303030;\\r\\n        padding-left: 1rem;\\r\\n    }\\r\\n\\r\\n    .header-wrapper .header-left-side-wrapper > * {\\r\\n        margin-bottom: 0.8rem;\\r\\n    }\\r\\n\\r\\n    .header-wrapper .header-left-side-wrapper #company-details,\\r\\n    .header-wrapper .header-left-side-wrapper #company-address {\\r\\n        display: flex;\\r\\n        flex-direction: column;\\r\\n    }\\r\\n\\r\\n    .header-wrapper .header-right-side-wrapper {\\r\\n        display: grid;\\r\\n        \\/* grid-template-columns: 1fr 1fr; *\\/\\r\\n        gap: 10px;\\r\\n        border-left: 1px solid #303030;\\r\\n        padding-left: 1rem;\\r\\n\\r\\n        grid-template-columns: auto auto auto;\\r\\n        grid-template-areas: \\\"a b c\\\";\\r\\n        grid-auto-columns: minmax(0, 1fr);\\r\\n        grid-auto-flow: column;\\r\\n        justify-content:left;\\r\\n\\r\\n    }\\r\\n\\r\\n    .header-wrapper .header-right-side-wrapper #client-details {\\r\\n        display: flex;\\r\\n        flex-direction: column;\\r\\n        margin-top: 0.8rem;\\r\\n    }\\r\\n\\r\\n    .header-wrapper .header-right-side-wrapper #shipping-details {\\r\\n        display: $show_shipping_address;\\r\\n        flex-direction: column;\\r\\n        margin-top: 0.8rem;\\r\\n    }\\r\\n\\r\\n    .shipping-text-label {\\r\\n        font-size: 1.1rem;\\r\\n        color: var(--primary-color);\\r\\n        text-transform: uppercase;\\r\\n        font-weight: bold;\\r\\n        display: $show_shipping_address;\\r\\n    }\\r\\n\\r\\n    .header-wrapper {\\r\\n        margin-left: auto;\\r\\n    }\\r\\n\\r\\n    .company-logo {\\r\\n        max-width: $company_logo_size;\\r\\n    }\\r\\n\\r\\n    .entity-label {\\r\\n        font-size: 3rem;\\r\\n        text-transform: uppercase;\\r\\n        margin: 2rem 0;\\r\\n    }\\r\\n\\r\\n    .entity-details-wrapper > * {\\r\\n        margin-right: 1.5rem;\\r\\n        direction: $dir;\\r\\n    }\\r\\n\\r\\n    .entity-details-wrapper {\\r\\n        display: flex;\\r\\n        flex-wrap: wrap;\\r\\n        direction: $dir;\\r\\n        justify-content: space-between;\\r\\n    }\\r\\n\\r\\n    .entity-details-wrapper .entity-property-label {\\r\\n        text-transform: uppercase;\\r\\n    }\\r\\n\\r\\n    .entity-details-wrapper\\r\\n    [data-element=\'entity-details-wrapper-invoice-number-label\'],\\r\\n    .entity-details-wrapper\\r\\n    [data-element=\'entity-details-wrapper-amount-due\'] {\\r\\n        color: var(--primary-color);\\r\\n        font-weight: bold;\\r\\n    }\\r\\n\\r\\n    [data-ref=\\\"shipping_address-label\\\"] {\\r\\n        display: none;\\r\\n    }\\r\\n\\r\\n    [data-ref=\\\"table\\\"] {\\r\\n        margin-top: 1rem;\\r\\n        margin-bottom: 5px;\\r\\n        min-width: 100%;\\r\\n        table-layout: fixed;\\r\\n        overflow-wrap: break-word;\\r\\n    }\\r\\n\\r\\n    .task-time-details {\\r\\n        display: block;\\r\\n        margin-top: 5px;\\r\\n        color: grey;\\r\\n    }\\r\\n\\r\\n    [data-ref=\\\"table\\\"] > thead {\\r\\n        text-align: left;\\r\\n        text-transform: uppercase;\\r\\n        font-weight: bold;\\r\\n    }\\r\\n\\r\\n    [data-ref=\\\"table\\\"] > thead > tr > th {\\r\\n        font-size: 1.1rem;\\r\\n        padding-bottom: 1.5rem;\\r\\n        padding-left: 1rem;\\r\\n        border-left: 1px solid;\\r\\n    }\\r\\n\\r\\n    [data-ref=\\\"table\\\"] > thead > tr > th:last-child {\\r\\n        text-align: right;\\r\\n        padding-right: 1rem;\\r\\n    }\\r\\n\\r\\n    [data-ref=\\\"table\\\"] > thead > tr > th:nth-last-child(2) {\\r\\n        text-align: right;\\r\\n        padding-right: 1rem;\\r\\n    }\\r\\n\\r\\n    [data-ref=\\\"table\\\"] > tbody > tr > td {\\r\\n        padding: 1rem;\\r\\n        border-left: 1px solid;\\r\\n    }\\r\\n\\r\\n    [data-ref=\\\"table\\\"] > tbody > tr td:last-child {\\r\\n        text-align: right;\\r\\n    }\\r\\n\\r\\n    #table-totals {\\r\\n        margin-top: 1rem;\\r\\n        display: grid;\\r\\n        grid-template-columns: 2fr 1fr;\\r\\n        padding-top: 0.5rem;\\r\\n        margin-right: 1rem;\\r\\n        gap: 80px;\\r\\n        page-break-inside:auto;\\r\\n        overflow: visible !important;\\r\\n    }\\r\\n\\r\\n    #table-totals .totals-table-right-side>* {\\r\\n        display: grid;\\r\\n        grid-template-columns: 1fr 1fr;\\r\\n    }\\r\\n\\r\\n    #table-totals>.totals-table-right-side>*> :nth-child(1) {\\r\\n        text-align: $dir_text_align;\\r\\n        margin-top: .75rem;\\r\\n    }\\r\\n\\r\\n    #table-totals>.totals-table-right-side> * > :not([hidden]) ~ :not([hidden]) {\\r\\n        --tw-space-y-reverse: 0;\\r\\n        margin-top: calc(.75rem * calc(1 - var(--tw-space-y-reverse)));\\r\\n        margin-bottom: calc(.75rem * var(--tw-space-y-reverse));\\r\\n    }\\r\\n\\r\\n    #table-totals>.totals-table-right-side>*> :nth-child(2) {\\r\\n        text-align: right;\\r\\n    }\\r\\n\\r\\n    #table-totals\\r\\n    > *\\r\\n    [data-element=\'product-table-balance-due-label\'],\\r\\n    #table-totals\\r\\n    > *\\r\\n    [data-element=\'product-table-balance-due\'] {\\r\\n        font-weight: bold;\\r\\n    }\\r\\n\\r\\n    #table-totals\\r\\n    > *\\r\\n    [data-element=\'product-table-balance-due\'] {\\r\\n        color: var(--primary-color);\\r\\n    }\\r\\n\\r\\n    #table-totals > * > :last-child {\\r\\n        text-align: right;\\r\\n        padding-right: 1rem;\\r\\n    }\\r\\n\\r\\n    #footer {\\r\\n        margin-top: 30px;\\r\\n    }\\r\\n\\r\\n    \\/** Markdown-specific styles. **\\/\\r\\n    [data-ref=\\\"table\\\"] h3 {\\r\\n        font-size: 1rem;\\r\\n        margin-bottom: 0;\\r\\n    }\\r\\n\\r\\n    [data-ref=\\\"product_table-product.unit_cost-td\\\"] { text-align: right; }\\r\\n\\r\\n    [data-ref=\\\"totals_table-outstanding\\\"] { color: var(--primary-color); }\\r\\n\\r\\n    [data-ref=\\\"statement-totals\\\"] {\\r\\n        margin-top: 1rem;\\r\\n        text-align: right;\\r\\n        margin-right: .75rem;\\r\\n    }\\r\\n\\r\\n    [data-ref*=\\\".line_total-td\\\"] {\\r\\n        white-space: nowrap;\\r\\n    }\\r\\n\\r\\n    \\/** .repeating-header,\\r\\n    .repeating-header-space, **\\/\\r\\n    .repeating-footer,\\r\\n    .repeating-footer-space {\\r\\n        height: 0;\\r\\n    }\\r\\n    .repeating-header {\\r\\n        position: fixed;\\r\\n        top: 0;\\r\\n    }\\r\\n    .repeating-footer {\\r\\n        position: fixed;\\r\\n        bottom: 0;\\r\\n    }\\r\\n\\r\\n    [data-element=\'product_table-product.description-td\'], td {\\r\\n        min-width:100%;\\r\\n        max-width: 300px;\\r\\n        overflow-wrap: break-word; \\r\\n    }\\r\\n    \\r\\n    .stamp {\\r\\n      transform: rotate(12deg);\\r\\n        color: #555;\\r\\n        font-size: 3rem;\\r\\n        font-weight: 700;\\r\\n        border: 0.25rem solid #555;\\r\\n        display: inline-block;\\r\\n        padding: 0.25rem 1rem;\\r\\n        text-transform: uppercase;\\r\\n        border-radius: 1rem;\\r\\n        font-family: \'Courier\';\\r\\n        mix-blend-mode: multiply;\\r\\n        z-index:200 !important;\\r\\n        position:  fixed;\\r\\n        text-align: center;\\r\\n    }\\r\\n\\r\\n    .is-paid {\\r\\n        color:  #D23;\\r\\n        border: 1rem double  #D23;\\r\\n        transform: rotate(-5deg);\\r\\n        font-size: 6rem;\\r\\n        font-family: \\\"Open sans\\\", Helvetica, Arial, sans-serif;\\r\\n        border-radius: 0;\\r\\n        padding: 0.5rem;\\r\\n        opacity: 0.2;\\r\\n        z-index:200 !important;\\r\\n        position:  fixed;\\r\\n        display: $show_paid_stamp;\\r\\n    } \\r\\n\\r\\n    .project-header {\\r\\n        font-size: 1.2em;\\r\\n        margin-top: 0.1em;\\r\\n        margin-bottom: 0;\\r\\n        padding-bottom: 0;\\r\\n        margin-left: 0;\\r\\n        margin-right: 0;\\r\\n        font-weight: bold;\\r\\n        color: #505050;\\r\\n    } \\r\\n\\r\\n    .pqrcode {\\r\\n        \\r\\n    }\\r\\n    \\/** Useful snippets, uncomment to enable. **\\/\\r\\n\\r\\n    \\/** Hide company logo **\\/\\r\\n    \\/* .company-logo { display: none } *\\/\\r\\n\\r\\n    \\/* Hide company details *\\/\\r\\n    \\/* #company-details > * { display: none } *\\/\\r\\n\\r\\n    \\/* Hide company address *\\/\\r\\n    \\/* #company-address > * { display: none } *\\/\\r\\n\\r\\n    \\/* Hide public notes *\\/\\r\\n    \\/* [data-ref=\\\"total_table-public_notes\\\"] { display: none } *\\/\\r\\n\\r\\n    \\/* Hide terms label *\\/\\r\\n    \\/* [data-ref=\\\"total_table-terms-label\\\"] { display: none } *\\/\\r\\n\\r\\n    \\/* Hide totals table *\\/\\r\\n    \\/* #table-totals { display: none } *\\/\\r\\n\\r\\n    \\/* Hide totals table left side *\\/\\r\\n    \\/* #table-totals div:first-child > * { display: none !important } *\\/\\r\\n\\r\\n    \\/* Hide totals table right side *\\/\\r\\n    \\/* .totals-table-right-side { display: none } *\\/\\r\\n\\r\\n    \\/** For more info, please check our docs: https:\\/\\/invoiceninja.github.io **\\/\\r\\n    \\/** To find out selectors on your own: https:\\/\\/invoiceninja.github.io\\/docs\\/custom-fields\\/#snippets **\\/\\r\\n<\\/style>\\n\",\"header\":\"<div class=\\\"repeating-header\\\" id=\\\"header\\\"><\\/div>\\n\",\"body\":\"<div id=\\\"body\\\">\\r\\n               <div class=\\\"header-wrapper\\\">\\r\\n                  <div class=\\\"header-left-side-wrapper\\\">\\r\\n                     <p class=\\\"header-text-label\\\">$from_label:<\\/p>\\r\\n                     <div id=\\\"company-details\\\"><\\/div>\\r\\n                     <div id=\\\"company-address\\\"><\\/div>\\r\\n                  <\\/div>\\r\\n                  <div class=\\\"header-right-side-wrapper\\\">\\r\\n                     <div class=\\\"header-right-side-wrapper-left\\\">\\r\\n                        <p class=\\\"header-text-label\\\">$to_label:<\\/p>\\r\\n                        <div id=\\\"client-details\\\"><\\/div>\\r\\n                        <div id=\\\"vendor-details\\\"><\\/div>\\r\\n                     <\\/div>\\r\\n                    <div class=\\\"header-right-side-wrapper-left\\\">\\r\\n                        <p class=\\\"shipping-text-label\\\">$shipping_label:<\\/p>\\r\\n                        <div id=\\\"shipping-details\\\"><\\/div>\\r\\n                    <\\/div>\\r\\n                     <div class=\\\"header-right-side-wrapper-right\\\">\\r\\n                        <img class=\\\"company-logo\\\" src=\\\"$company.logo\\\" alt=\\\"$company.name logo\\\">\\r\\n                     <\\/div>\\r\\n                  <\\/div>\\r\\n               <\\/div>\\r\\n               <h1 class=\\\"entity-label\\\">$entity_label<\\/h1>\\r\\n               <div class=\\\"entity-details-wrapper\\\">\\r\\n                  <div>\\r\\n                     <span class=\\\"entity-property-label\\\" data-element=\\\"entity-details-wrapper-invoice-number-label\\\">\\r\\n                     $entity_number_label:\\r\\n                     <\\/span>\\r\\n                     <span class=\\\"entity-property-value\\\">$entity_number<\\/span>\\r\\n                  <\\/div>\\r\\n                  <div>\\r\\n                     <span class=\\\"entity-property-label\\\">$date_label:<\\/span>\\r\\n                     <span class=\\\"entity-property-value\\\">$date<\\/span>\\r\\n                  <\\/div>\\r\\n                  <div>\\r\\n                     <span class=\\\"entity-property-label\\\">$payment_due_label:<\\/span>\\r\\n                     <span class=\\\"entity-property-value\\\">$payment_due<\\/span>\\r\\n                  <\\/div>\\r\\n                  <div>\\r\\n                     <span class=\\\"entity-property-label\\\">$amount_due_label:<\\/span>\\r\\n                     <span class=\\\"entity-property-value\\\" data-element=\\\"entity-details-wrapper-amount-due\\\">$amount_due<\\/span>\\r\\n                  <\\/div>\\r\\n               <\\/div>\\r\\n               <table id=\\\"product-table\\\" cellspacing=\\\"0\\\" data-ref=\\\"table\\\"><\\/table>\\r\\n               <table id=\\\"task-table\\\" cellspacing=\\\"0\\\" data-ref=\\\"table\\\"><\\/table>\\r\\n               <table id=\\\"delivery-note-table\\\" cellspacing=\\\"0\\\" data-ref=\\\"table\\\"><\\/table>\\r\\n               <table id=\\\"statement-invoice-table\\\" cellspacing=\\\"0\\\" data-ref=\\\"table\\\"><\\/table>\\r\\n               <div id=\\\"statement-invoice-table-totals\\\" data-ref=\\\"statement-totals\\\"><\\/div>\\r\\n               <table id=\\\"statement-payment-table\\\" cellspacing=\\\"0\\\" data-ref=\\\"table\\\"><\\/table>\\r\\n               <div id=\\\"statement-payment-table-totals\\\" data-ref=\\\"statement-totals\\\"><\\/div>\\r\\n                            <table id=\\\"statement-credit-table\\\" cellspacing=\\\"0\\\" data-ref=\\\"table\\\"><\\/table>\\r\\n                            <div id=\\\"statement-credit-table-totals\\\" data-ref=\\\"statement-totals\\\"><\\/div>\\r\\n               <table id=\\\"statement-aging-table\\\" cellspacing=\\\"0\\\" data-ref=\\\"table\\\"><\\/table>\\r\\n               <div id=\\\"statement-aging-table-totals\\\" data-ref=\\\"statement-totals\\\"><\\/div>\\r\\n               <div id=\\\"table-totals\\\" cellspacing=\\\"0\\\">$status_logo<\\/div>\\r\\n            <\\/div>\\n\",\"product\":\"\",\"task\":\"\",\"footer\":\"<div class=\\\"repeating-footerx\\\" id=\\\"footer\\\">\\r\\n   <p data-ref=\\\"total_table-footer\\\">$entity_footer<\\/p>\\r\\n\\r\\n        <script>\\r\\n            \\/\\/ Clear up space a bit, if [product-table, tasks-table, delivery-note-table] isn\'t present.\\r\\n            document.addEventListener(\'DOMContentLoaded\', () => {\\r\\n                let tables = [\\r\\n                    \'product-table\', \'task-table\', \'delivery-note-table\',\\r\\n                    \'statement-invoice-table\', \'statement-payment-table\', \'statement-aging-table-totals\',\\r\\n                    \'statement-invoice-table-totals\', \'statement-payment-table-totals\', \'statement-aging-table\',\\r\\n                    \'client-details\', \'vendor-details\', \'swiss-qr\', \'shipping-details\', \'statement-credit-table\', \'statement-credit-table-totals\',\\r\\n                ];\\r\\n\\r\\n                tables.forEach((tableIdentifier) => {\\r\\n                    console.log(document.getElementById(tableIdentifier));\\r\\n\\r\\n                    document.getElementById(tableIdentifier)?.childElementCount === 0\\r\\n                        ? document.getElementById(tableIdentifier).style.setProperty(\'display\', \'none\', \'important\')\\r\\n                        : \'\';\\r\\n                });\\r\\n            });\\r\\n        <\\/script>\\r\\n<\\/div>\\n\"}', 0, '2025-07-30 01:39:37.707864', '2025-07-30 01:39:37.741618', NULL, 0, NULL),
(9, NULL, NULL, 'Playful', 0, 1, '{\"includes\":\"<style id=\\\"style\\\">\\r\\n    @import url($font_url);\\r\\n\\r\\n    :root {\\r\\n        --primary-color: $primary_color;\\r\\n        --secondary-color: $secondary_color;\\r\\n        --line-height: 1.6;\\r\\n    }\\r\\n\\r\\n    body {\\r\\n        -webkit-font-smoothing: antialiased;\\r\\n        -moz-osx-font-smoothing: grayscale;\\r\\n        font-family: $font_name, Helvetica, sans-serif;\\r\\n        font-size: $font_size !important;\\r\\n        zoom: 80%;\\r\\n    }\\r\\n\\r\\n    table tr td, table tr, th {\\r\\n        font-size: $font_size !important;\\r\\n    }\\r\\n\\r\\n    html {\\r\\n        width: 210mm;\\r\\n        height: 200mm;     \\r\\n    }\\r\\n\\r\\n    @page {\\r\\n        margin: -0.25cm !important;\\r\\n        size: $page_size $page_layout;\\r\\n        margin-top: 1rem;\\r\\n    }\\r\\n\\r\\n\\r\\n    p {\\r\\n        margin: 0;\\r\\n        padding: 0;\\r\\n    }\\r\\n\\r\\n    .header-wrapper {\\r\\n        display: flex;\\r\\n        justify-content: space-between;\\r\\n        gap: 20px;\\r\\n        padding: 1rem 0rem 0rem 2rem;\\r\\n    }\\r\\n\\r\\n    .header-wrapper .entity-details-wrapper {\\r\\n        background-color: var(--primary-color);\\r\\n        padding: 0.5rem;\\r\\n        border-radius: 10px;\\r\\n    }\\r\\n\\r\\n    #entity-details p { \\r\\n        margin-right: 20px; \\r\\n        white-space: nowrap;\\r\\n        --tw-space-y-reverse: 0;\\r\\n        margin-top: calc(.5rem * calc(1 - var(--tw-space-y-reverse)));\\r\\n        margin-bottom: calc(.5rem * var(--tw-space-y-reverse));\\r\\n    }\\r\\n\\r\\n    .header-wrapper #entity-details {\\r\\n        width: 100%;\\r\\n        color: white;\\r\\n        text-align: left;\\r\\n    }\\r\\n\\r\\n    .header-wrapper #entity-details > tr,\\r\\n    .header-wrapper #entity-details th {\\r\\n        font-weight: normal;\\r\\n    }\\r\\n\\r\\n    .company-logo {\\r\\n\\/*        max-width: 65%;*\\/\\r\\n        max-width: $company_logo_size;\\r\\n    }\\r\\n\\r\\n    .contacts-wrapper {\\r\\n        display: grid;\\r\\n        gap: 20px;\\r\\n        padding: 1rem 0rem 0rem 2rem;\\r\\n        grid-template-columns: 1fr 1fr auto;\\r\\n        grid-template-areas: \\\"a b c\\\";\\r\\n        grid-auto-columns: minmax(0, 5fr);\\r\\n        grid-auto-flow: column;\\r\\n        justify-content: space-between;\\r\\n\\r\\n    }\\r\\n\\r\\n    .contacts-wrapper .contact-label {\\r\\n        font-weight: bold;\\r\\n        color: var(--primary-color);\\r\\n        margin-left: 1rem;\\r\\n    }\\r\\n\\r\\n    .contacts-wrapper .shipping-label {\\r\\n        font-weight: bold;\\r\\n        color: var(--primary-color);\\r\\n        margin-left: 1rem;\\r\\n        display: $show_shipping_address;\\r\\n    }\\r\\n\\r\\n    .contacts-wrapper #company-address,\\r\\n    .contacts-wrapper #company-details,\\r\\n    .contacts-wrapper #client-details {\\r\\n        display: flex;\\r\\n        flex-direction: column;\\r\\n        margin-bottom: 0.5rem;\\r\\n    }\\r\\n\\r\\n    .contacts-wrapper #shipping-details {\\r\\n        display: $show_shipping_address;\\r\\n        flex-direction: column;\\r\\n        margin-bottom: 0.5rem;\\r\\n    }\\r\\n\\r\\n    .contacts-wrapper .company-info {\\r\\n        margin-top: 1rem;\\r\\n        padding: 1rem;\\r\\n        border-top: 1px solid var(--primary-color);\\r\\n        display: grid;\\r\\n        grid-template-columns: 1fr 1fr;\\r\\n        gap: 10px;\\r\\n    }\\r\\n\\r\\n    .contacts-wrapper #client-details {\\r\\n        margin-top: 1rem;\\r\\n        padding: 1rem;\\r\\n        border-top: 1px solid var(--primary-color);\\r\\n    }\\r\\n\\r\\n    .contacts-wrapper #shipping-details {\\r\\n        margin-top: 1rem;\\r\\n        padding: 1rem;\\r\\n        border-top: 1px solid var(--primary-color);\\r\\n    }\\r\\n\\r\\n\\r\\n    .contact-wrapper-left-side,\\r\\n    .contact-wrapper-right-side {\\r\\n        border-bottom: 1px solid var(--primary-color);\\r\\n    }\\r\\n\\r\\n    .shipping-wrapper-right-side {\\r\\n        border-bottom: 1px solid var(--primary-color);\\r\\n        display: $show_shipping_address_block;\\r\\n    }\\r\\n\\r\\n    [data-ref=\\\"table\\\"] {\\r\\n        padding-left: 2rem;\\r\\n        padding-right: 0rem;\\r\\n        margin-top: 1rem;\\r\\n        margin-bottom: 5px;\\r\\n        min-width: 100%;\\r\\n        table-layout: fixed;\\r\\n        overflow-wrap: break-word;\\r\\n    }\\r\\n\\r\\n    .task-time-details {\\r\\n        display: block;\\r\\n        margin-top: 5px;\\r\\n        color: grey;\\r\\n    }\\r\\n\\r\\n    [data-ref=\\\"table\\\"] > thead {\\r\\n        text-align: left;\\r\\n    }\\r\\n\\r\\n    [data-ref=\\\"table\\\"] > thead > tr > th {\\r\\n        font-size: 1.2rem;\\r\\n        padding: 1rem;\\r\\n        background: var(--primary-color);\\r\\n        color: white;\\r\\n    }\\r\\n\\r\\n    [data-ref=\\\"table\\\"] > thead tr > th:last-child {\\r\\n        text-align: right;\\r\\n    }\\r\\n\\r\\n    [data-ref=\\\"table\\\"] > thead tr > th:first-child {\\r\\n        border-top-left-radius: 10px;\\r\\n        border-bottom-left-radius: 10px;\\r\\n    }\\r\\n\\r\\n    [data-ref=\\\"table\\\"] > thead tr > th:last-child {\\r\\n        border-top-right-radius: 10px;\\r\\n        border-bottom-right-radius: 10px;\\r\\n    }\\r\\n\\r\\n    [data-ref=\\\"table\\\"] > tbody > tr > td {\\r\\n        background-color: #F7F7F7;\\r\\n        border-bottom: 1px solid var(--primary-color);\\r\\n        padding: 1rem;\\r\\n    }\\r\\n\\r\\n    [data-ref=\\\"table\\\"] > tbody > tr > td:first-child {\\r\\n        color: var(--primary-color);\\r\\n    }\\r\\n\\r\\n    [data-ref=\\\"table\\\"] > tbody > tr > td:last-child {\\r\\n        text-align: right;\\r\\n    }\\r\\n\\r\\n    #table-totals {\\r\\n        margin-top: 0.5rem;\\r\\n        display: grid;\\r\\n        grid-template-columns: 2fr 1fr;\\r\\n        gap: 80px;\\r\\n        padding-left: 2rem;\\r\\n        padding-right: 0rem;\\r\\n        break-inside: avoid;\\r\\n        overflow: visible !important;\\r\\n    }\\r\\n\\r\\n    #table-totals .totals-table-right-side>* {\\r\\n        display: grid;\\r\\n        grid-template-columns: 1fr 1fr;\\r\\n    }\\r\\n\\r\\n    #table-totals>.totals-table-right-side>*> :nth-child(1) {\\r\\n        text-align: $dir_text_align;\\r\\n        margin-top: .75rem;\\r\\n    }\\r\\n\\r\\n    #table-totals>.totals-table-right-side> * > :not([hidden]) ~ :not([hidden]) {\\r\\n        --tw-space-y-reverse: 0;\\r\\n        margin-top: calc(.75rem * calc(1 - var(--tw-space-y-reverse)));\\r\\n        margin-bottom: calc(.75rem * var(--tw-space-y-reverse));\\r\\n    }\\r\\n\\r\\n    #table-totals>.totals-table-right-side>*> :nth-child(2) {\\r\\n        text-align: right;\\r\\n    }\\r\\n\\r\\n    #table-totals\\r\\n    > *\\r\\n    [data-element=\'product-table-balance-due-label\'],\\r\\n    #table-totals\\r\\n    > *\\r\\n    [data-element=\'product-table-balance-due\'] {\\r\\n        font-weight: bold;\\r\\n    }\\r\\n\\r\\n    #table-totals\\r\\n    > *\\r\\n    [data-element=\'product-table-balance-due\'] {\\r\\n        color: var(--primary-color);\\r\\n    }\\r\\n\\r\\n    #table-totals > * > :last-child {\\r\\n        text-align: right;\\r\\n        padding-right: 1rem;\\r\\n    }\\r\\n\\r\\n    #header {\\r\\n        position: fixed;\\r\\n        top: 0;\\r\\n        min-width: 100%;\\r\\n        display: grid;\\r\\n        grid-template-columns: 1fr 1fr 1fr 1fr 1fr 1fr 1fr 1fr;\\r\\n        margin-left: -10px;\\r\\n    }\\r\\n\\r\\n    #header > * {\\r\\n        padding: 10px;\\r\\n    }\\r\\n\\r\\n    [data-ref=\\\"total_table-footer\\\"] {\\r\\n        text-align: left;\\r\\n        padding-left: 2rem;\\r\\n        padding-right: rem;\\r\\n    }\\r\\n\\r\\n    #footer {\\r\\n        margin-top: 1rem;\\r\\n        break-inside: avoid;\\r\\n        overflow: visible !important;\\r\\n    }\\r\\n\\r\\n    \\/** Markdown-specific styles. **\\/\\r\\n    [data-ref=\\\"table\\\"] h3 {\\r\\n        font-size: 1rem;\\r\\n        margin-bottom: 0;\\r\\n    }\\r\\n\\r\\n    #footer-colors {\\r\\n        position: fixed;\\r\\n        bottom: 0;\\r\\n        min-width: 100%;\\r\\n        display: grid;\\r\\n        grid-template-columns: 1fr 1fr 1fr 1fr 1fr 1fr 1fr 1fr;\\r\\n        margin-left: -10px;\\r\\n   }\\r\\n\\r\\n   #footer-colors > * {\\r\\n        padding: 10px;\\r\\n    }\\r\\n\\r\\n    [data-ref=\\\"statement-totals\\\"] {\\r\\n        margin-top: 1rem;\\r\\n        text-align: right;\\r\\n        padding-left: 3rem;\\r\\n        padding-right: 3rem;\\r\\n    }\\r\\n\\r\\n    [data-ref*=\\\".line_total-td\\\"] {\\r\\n        white-space: nowrap;\\r\\n    }\\r\\n\\r\\n    .repeating-header,\\r\\n    .repeating-header-space {\\r\\n        height: 20px;\\r\\n        page-break-inside:avoid;\\r\\n        page-break-before:avoid;\\r\\n        page-break-after:avoid;\\r\\n    }\\r\\n\\r\\n    .repeating-footer,\\r\\n    .repeating-footer-space {\\r\\n        height: 20px;\\r\\n    }\\r\\n    .repeating-header {\\r\\n        position: fixed;\\r\\n        top: 0;\\r\\n    }\\r\\n    .repeating-footer {\\r\\n        position: fixed;\\r\\n        bottom: 0;\\r\\n    }\\r\\n\\r\\n    [data-element=\'product_table-product.description-td\'], td {\\r\\n        min-width:100%;\\r\\n        max-width: 300px;\\r\\n        overflow-wrap: break-word; \\r\\n    }\\r\\n\\r\\n    [data-ref=\\\"shipping_address-label\\\"] {\\r\\n        display: none;\\r\\n    }\\r\\n\\r\\n    .stamp {\\r\\n      transform: rotate(12deg);\\r\\n        color: #555;\\r\\n        font-size: 3rem;\\r\\n        font-weight: 700;\\r\\n        border: 0.25rem solid #555;\\r\\n        display: inline-block;\\r\\n        padding: 0.25rem 1rem;\\r\\n        text-transform: uppercase;\\r\\n        border-radius: 1rem;\\r\\n        font-family: \'Courier\';\\r\\n        mix-blend-mode: multiply;\\r\\n        z-index:200 !important;\\r\\n        position:  fixed;\\r\\n        text-align: center;\\r\\n    }\\r\\n\\r\\n    .is-paid {\\r\\n        color:  #D23;\\r\\n        border: 1rem double  #D23;\\r\\n        transform: rotate(-5deg);\\r\\n        font-size: 6rem;\\r\\n        font-family: \\\"Open sans\\\", Helvetica, Arial, sans-serif;\\r\\n        border-radius: 0;\\r\\n        padding: 0.5rem;\\r\\n        opacity: 0.2;\\r\\n        z-index:200 !important;\\r\\n        position:  fixed;\\r\\n        display: $show_paid_stamp;\\r\\n\\r\\n    } \\r\\n\\r\\n    .project-header {\\r\\n        font-size: 1.2em;\\r\\n        margin-top: 0.1em;\\r\\n        margin-bottom: 0;\\r\\n        padding-bottom: 0;\\r\\n        margin-left: 0;\\r\\n        margin-right: 0;\\r\\n        font-weight: bold;\\r\\n        color: #505050;\\r\\n    } \\r\\n\\r\\n    .pqrcode {\\r\\n        \\r\\n    }\\r\\n    \\r\\n    \\/** Useful snippets, uncomment to enable. **\\/\\r\\n\\r\\n    \\/** Hide company logo **\\/\\r\\n    \\/* .company-logo { display: none } *\\/\\r\\n\\r\\n    \\/* Hide company details *\\/\\r\\n    \\/* #company-details > * { display: none } *\\/\\r\\n\\r\\n    \\/* Hide company address *\\/\\r\\n    \\/* #company-address > * { display: none } *\\/\\r\\n\\r\\n    \\/* Hide public notes *\\/\\r\\n    \\/* [data-ref=\\\"total_table-public_notes\\\"] { display: none } *\\/\\r\\n\\r\\n    \\/* Hide terms label *\\/\\r\\n    \\/* [data-ref=\\\"total_table-terms-label\\\"] { display: none } *\\/\\r\\n\\r\\n    \\/* Hide totals table *\\/\\r\\n    \\/* #table-totals { display: none } *\\/\\r\\n\\r\\n    \\/* Hide totals table left side *\\/\\r\\n    \\/* #table-totals div:first-child > * { display: none !important } *\\/\\r\\n\\r\\n    \\/* Hide totals table right side *\\/\\r\\n    \\/* .totals-table-right-side { display: none } *\\/\\r\\n\\r\\n    \\/** For more info, please check our docs: https:\\/\\/invoiceninja.github.io **\\/\\r\\n    \\/** To find out selectors on your own: https:\\/\\/invoiceninja.github.io\\/docs\\/custom-fields\\/#snippets **\\/\\r\\n<\\/style>\\n\",\"header\":\"<div id=\\\"header\\\">\\r\\n        <div style=\\\"background-color: #00968B\\\"><!-- 1 --><\\/div>\\r\\n        <div style=\\\"background-color: #1D756E\\\"><!-- 2 --><\\/div>\\r\\n        <div style=\\\"background-color: #FCB600\\\"><!-- 3 --><\\/div>\\r\\n        <div style=\\\"background-color: #BA932F\\\"><!-- 4 --><\\/div>\\r\\n        <div style=\\\"background-color: #A72A4E\\\"><!-- 5 --><\\/div>\\r\\n        <div style=\\\"background-color: #E20041\\\"><!-- 6 --><\\/div>\\r\\n        <div style=\\\"background-color: #F8B300\\\"><!-- 7 --><\\/div>\\r\\n        <div style=\\\"background-color: #009B8F\\\"><!-- 8 --><\\/div>\\r\\n    <\\/div>\\n\",\"body\":\"<div id=\\\"body\\\">\\r\\n<table style=\\\"min-width: 100%\\\">\\r\\n   <thead>\\r\\n      <tr>\\r\\n         <td>\\r\\n            <div class=\\\"repeating-header-space\\\">&nbsp;<\\/div>\\r\\n         <\\/td>\\r\\n      <\\/tr>\\r\\n   <\\/thead>\\r\\n   <tbody>\\r\\n      <tr>\\r\\n         <td>\\r\\n            <div class=\\\"header-wrapper\\\">\\r\\n                <div>\\r\\n                    <img class=\\\"company-logo\\\" src=\\\"$company.logo\\\" alt=\\\"$company.name logo\\\">\\r\\n                <\\/div>\\r\\n                <div class=\\\"entity-details-wrapper\\\">\\r\\n                    <table id=\\\"entity-details\\\" cellspacing=\\\"0\\\" dir=\\\"$dir\\\"><\\/table>\\r\\n                <\\/div>\\r\\n            <\\/div>\\r\\n            <div class=\\\"contacts-wrapper\\\">\\r\\n                <div class=\\\"contact-wrapper-left-side\\\">\\r\\n                    <p class=\\\"contact-label\\\">$from_label:<\\/p>\\r\\n                    <div class=\\\"company-info\\\">\\r\\n                    <div id=\\\"company-details\\\"><\\/div>\\r\\n                    <div id=\\\"company-address\\\"><\\/div>\\r\\n                    <\\/div>\\r\\n                <\\/div>\\r\\n                <div class=\\\"contact-wrapper-right-side\\\">\\r\\n                    <p class=\\\"contact-label\\\">$to_label:<\\/p>\\r\\n                    <div id=\\\"client-details\\\"><\\/div>\\r\\n                    <div id=\\\"vendor-details\\\"><\\/div>\\r\\n                <\\/div>\\r\\n\\r\\n                <div class=\\\"shipping-wrapper-right-side\\\">\\r\\n                    <p class=\\\"shipping-label\\\">$shipping_label:<\\/p>\\r\\n                    <div id=\\\"shipping-details\\\"><\\/div>\\r\\n                <\\/div>\\r\\n            <\\/div>\\r\\n            <table id=\\\"product-table\\\" cellspacing=\\\"0\\\" data-ref=\\\"table\\\"><\\/table>\\r\\n            <table id=\\\"task-table\\\" cellspacing=\\\"0\\\" data-ref=\\\"table\\\"><\\/table>\\r\\n            <table id=\\\"delivery-note-table\\\" cellspacing=\\\"0\\\" data-ref=\\\"table\\\"><\\/table>\\r\\n            <table id=\\\"statement-invoice-table\\\" cellspacing=\\\"0\\\" data-ref=\\\"table\\\"><\\/table>\\r\\n            <div id=\\\"statement-invoice-table-totals\\\" data-ref=\\\"statement-totals\\\"><\\/div>\\r\\n            <table id=\\\"statement-payment-table\\\" cellspacing=\\\"0\\\" data-ref=\\\"table\\\"><\\/table>\\r\\n            <div id=\\\"statement-payment-table-totals\\\" data-ref=\\\"statement-totals\\\"><\\/div>\\r\\n                            <table id=\\\"statement-credit-table\\\" cellspacing=\\\"0\\\" data-ref=\\\"table\\\"><\\/table>\\r\\n                            <div id=\\\"statement-credit-table-totals\\\" data-ref=\\\"statement-totals\\\"><\\/div>\\r\\n            <table id=\\\"statement-aging-table\\\" cellspacing=\\\"0\\\" data-ref=\\\"table\\\"><\\/table>\\r\\n            <div id=\\\"statement-aging-table-totals\\\" data-ref=\\\"statement-totals\\\"><\\/div>\\r\\n            <div id=\\\"table-totals\\\" cellspacing=\\\"0\\\">$status_logo<\\/div>      \\r\\n         <\\/td>\\r\\n      <\\/tr>\\r\\n   <\\/tbody>\\r\\n   <tfoot>\\r\\n      <tr>\\r\\n         <td>\\r\\n            <div class=\\\"repeating-footer-space\\\">&nbsp;<\\/div>\\r\\n         <\\/td>\\r\\n      <\\/tr>\\r\\n   <\\/tfoot>\\r\\n<\\/table>\\r\\n<\\/div>\\n\",\"product\":\"\",\"task\":\"\",\"footer\":\"<div class=\\\"repeating-footerx\\\" id=\\\"footer\\\">\\r\\n    <p data-ref=\\\"total_table-footer\\\">$entity_footer<\\/p>\\r\\n\\r\\n    <div id=\\\"footer-colors\\\">\\r\\n        <div style=\\\"background-color: #00968B\\\"><!-- 1 --><\\/div>\\r\\n        <div style=\\\"background-color: #1D756E\\\"><!-- 2 --><\\/div>\\r\\n        <div style=\\\"background-color: #FCB600\\\"><!-- 3 --><\\/div>\\r\\n        <div style=\\\"background-color: #BA932F\\\"><!-- 4 --><\\/div>\\r\\n        <div style=\\\"background-color: #A72A4E\\\"><!-- 5 --><\\/div>\\r\\n        <div style=\\\"background-color: #E20041\\\"><!-- 6 --><\\/div>\\r\\n        <div style=\\\"background-color: #F8B300\\\"><!-- 7 --><\\/div>\\r\\n        <div style=\\\"background-color: #009B8F\\\"><!-- 8 --><\\/div>\\r\\n    <\\/div>\\r\\n\\r\\n        <script>\\r\\n            \\/\\/ Clear up space a bit, if [product-table, tasks-table, delivery-note-table] isn\'t present.\\r\\n            document.addEventListener(\'DOMContentLoaded\', () => {\\r\\n                let tables = [\\r\\n                    \'product-table\', \'task-table\', \'delivery-note-table\',\\r\\n                    \'statement-invoice-table\', \'statement-payment-table\', \'statement-aging-table-totals\',\\r\\n                    \'statement-invoice-table-totals\', \'statement-payment-table-totals\', \'statement-aging-table\',\\r\\n                    \'client-details\', \'vendor-details\', \'swiss-qr\', \'shipping-details\', \'statement-credit-table\', \'statement-credit-table-totals\',\\r\\n                ];\\r\\n\\r\\n                tables.forEach((tableIdentifier) => {\\r\\n                    console.log(document.getElementById(tableIdentifier));\\r\\n\\r\\n                    document.getElementById(tableIdentifier)?.childElementCount === 0\\r\\n                        ? document.getElementById(tableIdentifier).style.setProperty(\'display\', \'none\', \'important\')\\r\\n                        : \'\';\\r\\n                });\\r\\n            });\\r\\n        <\\/script>\\r\\n<\\/div>\\n\"}', 0, '2025-07-30 01:39:37.709677', '2025-07-30 01:39:37.744970', NULL, 0, NULL);
INSERT INTO `designs` (`id`, `user_id`, `company_id`, `name`, `is_custom`, `is_active`, `design`, `is_deleted`, `created_at`, `updated_at`, `deleted_at`, `is_template`, `entities`) VALUES
(10, NULL, NULL, 'Tech', 0, 1, '{\"includes\":\"<style id=\\\"style\\\">\\r\\n    @import url($font_url);\\r\\n\\r\\n    :root {\\r\\n        --primary-color: $primary_color;\\r\\n        --secondary-color: $secondary_color;\\r\\n    }\\r\\n\\r\\n    html {\\r\\n        width: 210mm;\\r\\n        height: 200mm;     \\r\\n    }\\r\\n\\r\\n    body {\\r\\n        -webkit-font-smoothing: antialiased;\\r\\n        -moz-osx-font-smoothing: grayscale;\\r\\n        font-family: $font_name, Helvetica, sans-serif;\\r\\n        font-size: $font_size !important;\\r\\n        zoom: 80%;\\r\\n        margin: 0;\\r\\n    }\\r\\n\\r\\n    table tr td, table tr, th {\\r\\n        font-size: $font_size !important;\\r\\n    }\\r\\n    \\r\\n    @page {\\r\\n        margin: 0;\\r\\n        size: $page_size $page_layout;\\r\\n    }\\r\\n\\r\\n    @media print {\\r\\n        .header-wrapper,\\r\\n        .body-wrapper {\\r\\n            margin: $global_margin;\\r\\n        }\\r\\n    }\\r\\n\\r\\n    p {\\r\\n        margin: 0;\\r\\n        padding: 0;\\r\\n    }\\r\\n\\r\\n    \\/** End of global, standard CSS *\\/\\r\\n    .header-wrapper {\\r\\n        display: grid;\\r\\n        grid-template-columns: auto 1fr auto;\\r\\n        grid-template-areas: \\\"a b c\\\";\\r\\n        grid-auto-columns: minmax(0, 5fr);\\r\\n        grid-auto-flow: column;\\r\\n        justify-content: space-between;\\r\\n    }\\r\\n\\r\\n    .top-right-side-section {\\r\\n        display: inline-block;\\r\\n        flex-direction: column;\\r\\n        justify-content: flex-end;\\r\\n        white-space: nowrap;\\r\\n        vertical-align: top;\\r\\n    }\\r\\n\\r\\n    .logo-and-partial-entity-info {\\r\\n        display: flex;\\r\\n        flex-direction: column;\\r\\n        justify-content: space-between;\\r\\n    }\\r\\n\\r\\n    .company-logo {\\r\\n        max-width: $company_logo_size;\\r\\n    }\\r\\n\\r\\n    .header-invoice-number {\\r\\n        color: var(--primary-color);\\r\\n    }\\r\\n\\r\\n    .header-payment-due-label,\\r\\n    .header-amount-due-label {\\r\\n        text-transform: uppercase;\\r\\n    }\\r\\n\\r\\n    .header-amount-due-value {\\r\\n        color: var(--primary-color);\\r\\n    }\\r\\n\\r\\n    .hero-section {\\r\\n        margin-top: 5px;\\r\\n        min-width: 100% !important;\\r\\n        background: url(\'$tech_hero_image\'); \\/** If you want to replace the image, this is the place to do it. *\\/\\r\\n        -webkit-background-size: cover;\\r\\n        -moz-background-size: cover;\\r\\n        -o-background-size: cover;\\r\\n        background-size: cover;\\r\\n        display: grid;\\r\\n        grid-template-columns: 1fr 1.5fr;\\r\\n    }\\r\\n\\r\\n    .hero-contact-section {\\r\\n        background-color: rgba(255, 255, 255, 0.98);\\r\\n        margin: 1rem;\\r\\n        padding: 1rem;\\r\\n        border-radius: 5px;\\r\\n    }\\r\\n\\r\\n    .client-details,\\r\\n    .company-details {\\r\\n        display: flex;\\r\\n        flex-direction: row;\\r\\n        justify-items: start;\\r\\n    }\\r\\n\\r\\n    .spacer {\\r\\n        display: flex;\\r\\n    }\\r\\n\\r\\n    .client-details-to-label {\\r\\n        text-transform: uppercase;\\r\\n        font-weight: bold;\\r\\n        color: var(--primary-color);\\r\\n        margin-right: 10px;\\r\\n    }\\r\\n\\r\\n    .shipping-to-label {\\r\\n        text-transform: uppercase;\\r\\n        font-weight: bold;\\r\\n        color: var(--primary-color);\\r\\n        margin-right: 10px;\\r\\n        display: $show_shipping_address;\\r\\n    }\\r\\n\\r\\n    #shipping-details {\\r\\n        display: $show_shipping_address;\\r\\n        flex-direction: column;\\r\\n        white-space: nowrap;\\r\\n    }\\r\\n\\r\\n    [data-ref=\\\"shipping_address-label\\\"] {\\r\\n        display: none;\\r\\n    }\\r\\n\\r\\n    #client-details,\\r\\n    #company-details,\\r\\n    #company-address {\\r\\n        display: flex;\\r\\n        flex-direction: column;\\r\\n        white-space: nowrap;\\r\\n    }\\r\\n\\r\\n    .company-details-wrapper {\\r\\n        display: flex;\\r\\n        flex-direction: column;\\r\\n    }\\r\\n\\r\\n    .company-details {\\r\\n        margin-top: 20px;\\r\\n    }\\r\\n\\r\\n    .body-wrapper {}\\r\\n\\r\\n    [data-ref=\\\"table\\\"] {\\r\\n        min-width: 100%;\\r\\n        table-layout: fixed;\\r\\n        overflow-wrap: break-word;\\r\\n        margin-top: 3rem;\\r\\n    }\\r\\n\\r\\n    [data-ref=\\\"table\\\"] > thead > tr > th {\\r\\n        text-transform: uppercase;\\r\\n        font-weight: normal;\\r\\n        padding: 1rem;\\r\\n        border-bottom: 5px solid black;\\r\\n        text-align: left;\\r\\n        font-size: 1.1rem;\\r\\n    }\\r\\n\\r\\n    [data-ref=\\\"table\\\"] > thead > tr > th:last-child {\\r\\n        text-align: right;\\r\\n    }\\r\\n\\r\\n    [data-ref=\\\"table\\\"] > tbody > tr > td {\\r\\n        border-bottom: 1px solid #e6e6e6;\\r\\n        padding: 1rem;\\r\\n    }\\r\\n\\r\\n    [data-ref=\\\"table\\\"] > tbody > tr > td:first-child {\\r\\n        color: var(--primary-color);\\r\\n    }\\r\\n\\r\\n    [data-ref=\\\"table\\\"]  > tbody > tr > td:last-child {\\r\\n        text-align: right;\\r\\n    }\\r\\n\\r\\n    .task-time-details {\\r\\n        display: block;\\r\\n        margin-top: 5px;\\r\\n        color: grey;\\r\\n    }\\r\\n\\r\\n    #table-totals {\\r\\n        page-break-inside: avoid;\\r\\n    }\\r\\n\\r\\n    #table-totals {\\r\\n        margin-top: 2rem;\\r\\n        display: grid;\\r\\n        grid-template-columns: 2fr 1fr;\\r\\n        gap: 80px;\\r\\n        margin-right: .5rem;\\r\\n    }\\r\\n\\r\\n    #table-totals .totals-table-right-side > * {\\r\\n        display: grid;\\r\\n        grid-template-columns: 1fr 1fr;\\r\\n    }\\r\\n\\r\\n    #table-totals>.totals-table-right-side>*> :nth-child(1) {\\r\\n        text-align: $dir_text_align;\\r\\n        padding: 7px;\\r\\n    }\\r\\n\\r\\n    #table-totals > .totals-table-right-side > * > :nth-child(2) {\\r\\n        text-align: right;\\r\\n        padding: 7px;\\r\\n    }\\r\\n\\r\\n    #table-totals\\r\\n    > *\\r\\n    [data-element=\'total-table-balance-due-label\'],\\r\\n    #table-totals\\r\\n    > *\\r\\n    [data-element=\'total-table-balance-due\'] {\\r\\n        font-weight: bold;\\r\\n    }\\r\\n\\r\\n    #table-totals > * > :last-child {\\r\\n        text-align: right;\\r\\n        padding-right: 1rem;\\r\\n    }\\r\\n\\r\\n    [data-ref=\\\"total_table-footer\\\"] {\\r\\n        padding-left: 1.5rem;\\r\\n        padding-right: 2rem;\\r\\n    }\\r\\n\\r\\n    [data-ref=\\\"totals_table-outstanding-label\\\"],\\r\\n    [data-ref=\\\"totals_table-outstanding\\\"] {\\r\\n        background-color: var(--primary-color);\\r\\n        color: white;\\r\\n    }\\r\\n\\r\\n    #footer {\\r\\n        margin-top: 30px;\\r\\n    }\\r\\n\\r\\n    \\/** Markdown-specific styles. **\\/\\r\\n    [data-ref=\\\"table\\\"] h3 {\\r\\n        font-size: 1rem;\\r\\n        margin-bottom: 0;\\r\\n    }\\r\\n\\r\\n    [data-ref*=\\\".line_total-td\\\"] {\\r\\n        white-space: nowrap;\\r\\n    }\\r\\n\\r\\n    \\/** .repeating-header,\\r\\n    .repeating-header-space, **\\/\\r\\n    .repeating-footer,\\r\\n    .repeating-footer-space {\\r\\n        height: 10px;\\r\\n    }\\r\\n    .repeating-header {\\r\\n        position: fixed;\\r\\n        top: 0;\\r\\n    }\\r\\n    .repeating-footer {\\r\\n        position: fixed;\\r\\n        bottom: 0;\\r\\n    }\\r\\n\\r\\n    [data-element=\'product_table-product.description-td\'], td {\\r\\n        min-width:100%;\\r\\n        max-width: 300px;\\r\\n        overflow-wrap: break-word; \\r\\n    }\\r\\n\\r\\n    .stamp {\\r\\n      transform: rotate(12deg);\\r\\n        color: #555;\\r\\n        font-size: 3rem;\\r\\n        font-weight: 700;\\r\\n        border: 0.25rem solid #555;\\r\\n        display: inline-block;\\r\\n        padding: 0.25rem 1rem;\\r\\n        text-transform: uppercase;\\r\\n        border-radius: 1rem;\\r\\n        font-family: \'Courier\';\\r\\n        mix-blend-mode: multiply;\\r\\n        z-index:200 !important;\\r\\n        position:  fixed;\\r\\n        text-align: center;\\r\\n    }\\r\\n\\r\\n    .is-paid {\\r\\n        color:  #D23;\\r\\n        border: 1rem double  #D23;\\r\\n        transform: rotate(-5deg);\\r\\n        font-size: 6rem;\\r\\n        font-family: \\\"Open sans\\\", Helvetica, Arial, sans-serif;\\r\\n        border-radius: 0;\\r\\n        padding: 0.5rem;\\r\\n        opacity: 0.2;\\r\\n        z-index:200 !important;\\r\\n        position:  fixed;\\r\\n        display: $show_paid_stamp;\\r\\n\\r\\n    } \\r\\n\\r\\n    .project-header {\\r\\n        font-size: 1.2em;\\r\\n        margin-top: 0.1em;\\r\\n        margin-bottom: 0;\\r\\n        padding-bottom: 0;\\r\\n        margin-left: 0;\\r\\n        margin-right: 0;\\r\\n        font-weight: bold;\\r\\n        color: #505050;\\r\\n    } \\r\\n\\r\\n    .pqrcode {\\r\\n        \\r\\n    }\\r\\n    \\/** Useful snippets, uncomment to enable. **\\/\\r\\n\\r\\n    \\/** Hide company logo **\\/\\r\\n    \\/* .company-logo { display: none } *\\/\\r\\n\\r\\n    \\/* Hide company details *\\/\\r\\n    \\/* #company-details > * { display: none } *\\/\\r\\n\\r\\n    \\/* Hide company address *\\/\\r\\n    \\/* #company-address > * { display: none } *\\/\\r\\n\\r\\n    \\/* Hide public notes *\\/\\r\\n    \\/* [data-ref=\\\"total_table-public_notes\\\"] { display: none } *\\/\\r\\n\\r\\n    \\/* Hide terms label *\\/\\r\\n    \\/* [data-ref=\\\"total_table-terms-label\\\"] { display: none } *\\/\\r\\n\\r\\n    \\/* Hide totals table *\\/\\r\\n    \\/* #table-totals { display: none } *\\/\\r\\n\\r\\n    \\/* Hide totals table left side *\\/\\r\\n    \\/* #table-totals div:first-child > * { display: none !important } *\\/\\r\\n\\r\\n    \\/* Hide totals table right side *\\/\\r\\n    \\/* .totals-table-right-side { display: none } *\\/\\r\\n\\r\\n    \\/** For more info, please check our docs: https:\\/\\/invoiceninja.github.io **\\/\\r\\n    \\/** To find out selectors on your own: https:\\/\\/invoiceninja.github.io\\/docs\\/custom-fields\\/#snippets **\\/\\r\\n<\\/style>\\n\",\"header\":\"<div class=\\\"repeating-header\\\" id=\\\"header\\\"><\\/div>\\n\",\"body\":\"<div id=\\\"body\\\">\\r\\n                <div class=\\\"header-wrapper\\\">\\r\\n                    <div class=\\\"logo-and-partial-entity-info\\\">\\r\\n                        <div class=\\\"company-logo-wrapper\\\">\\r\\n                            <img class=\\\"company-logo\\\" src=\\\"$company.logo\\\" alt=\\\"$company.name logo\\\">\\r\\n                        <\\/div>\\r\\n                    <\\/div>\\r\\n                    <div class=\\\"spacer\\\"><\\/div>\\r\\n                    <div class=\\\"top-right-side-section\\\">\\r\\n                        <table style=\\\"white-space: nowrap;\\\" cellspacing=\\\"10\\\">\\r\\n                            <tr>\\r\\n                                <td>$entity_number_label:<\\/td>\\r\\n                                <td class=\\\"header-invoice-number\\\">$entity_number<\\/td>\\r\\n                            <\\/tr>\\r\\n                            <tr>\\r\\n                                <td>$date_label:<\\/td>\\r\\n                                <td>$date<\\/td>\\r\\n                            <\\/tr>\\r\\n                            <tr class=\\\"header-payment-due-label\\\">\\r\\n                                <td>$payment_due_label:<\\/td>\\r\\n                                <td>$due_date<\\/td>\\r\\n                            <\\/tr>\\r\\n                            <tr>\\r\\n                                <td class=\\\"header-amount-due-label\\\">$amount_due_label:<\\/td>\\r\\n                                <td class=\\\"header-amount-due-value\\\">$balance_due<\\/td>\\r\\n                            <\\/tr>\\r\\n                        <\\/table>\\r\\n                    <\\/div>\\r\\n               <\\/div>\\r\\n               <div class=\\\"hero-section\\\">\\r\\n                  <div class=\\\"hero-contact-section\\\">\\r\\n                     <div class=\\\"client-details\\\">\\r\\n                        <span class=\\\"client-details-to-label\\\">$to_label:<\\/span>\\r\\n                        <div id=\\\"client-details\\\"><\\/div>\\r\\n                        <div id=\\\"vendor-details\\\"><\\/div>\\r\\n                        <span class=\\\"shipping-to-label\\\">$shipping_label:<\\/span>\\r\\n                        <div id=\\\"shipping-details\\\"><\\/div>\\r\\n                     <\\/div>\\r\\n                     <div class=\\\"company-details\\\">\\r\\n                        <span class=\\\"client-details-to-label\\\">$from_label:<\\/span>\\r\\n                        <div class=\\\"company-details-wrapper\\\">\\r\\n                           <div id=\\\"company-details\\\"><\\/div>\\r\\n                           <div id=\\\"company-address\\\"><\\/div>\\r\\n                        <\\/div>\\r\\n                     <\\/div>\\r\\n                  <\\/div>\\r\\n               <\\/div>\\r\\n               <div class=\\\"body-wrapper\\\">\\r\\n                  <table id=\\\"product-table\\\" cellspacing=\\\"0\\\" data-ref=\\\"table\\\"><\\/table>\\r\\n                  <table id=\\\"task-table\\\" cellspacing=\\\"0\\\" data-ref=\\\"table\\\"><\\/table>\\r\\n                  <table id=\\\"delivery-note-table\\\" cellspacing=\\\"0\\\" data-ref=\\\"table\\\"><\\/table>\\r\\n                  <table id=\\\"statement-invoice-table\\\" cellspacing=\\\"0\\\" data-ref=\\\"table\\\"><\\/table>\\r\\n                  <div id=\\\"statement-invoice-table-totals\\\" data-ref=\\\"statement-totals\\\"><\\/div>\\r\\n                  <table id=\\\"statement-payment-table\\\" cellspacing=\\\"0\\\" data-ref=\\\"table\\\"><\\/table>\\r\\n                  <div id=\\\"statement-payment-table-totals\\\" data-ref=\\\"statement-totals\\\"><\\/div>\\r\\n                    <table id=\\\"statement-credit-table\\\" cellspacing=\\\"0\\\" data-ref=\\\"table\\\"><\\/table>\\r\\n                    <div id=\\\"statement-credit-table-totals\\\" data-ref=\\\"statement-totals\\\"><\\/div>\\r\\n                  <table id=\\\"statement-aging-table\\\" cellspacing=\\\"0\\\" data-ref=\\\"table\\\"><\\/table>\\r\\n                  <div id=\\\"statement-aging-table-totals\\\" data-ref=\\\"statement-totals\\\"><\\/div>\\r\\n                  <div id=\\\"table-totals\\\" cellspacing=\\\"0\\\">$status_logo<\\/div>\\r\\n               <\\/div>\\r\\n            <\\/div>\\n\",\"product\":\"\",\"task\":\"\",\"footer\":\"<div class=\\\"repeating-footerx\\\" id=\\\"footer\\\">\\r\\n   <p data-ref=\\\"total_table-footer\\\">$entity_footer<\\/p>\\r\\n\\r\\n        <script>\\r\\n            \\/\\/ Clear up space a bit, if [product-table, tasks-table, delivery-note-table] isn\'t present.\\r\\n            document.addEventListener(\'DOMContentLoaded\', () => {\\r\\n                let tables = [\\r\\n                    \'product-table\', \'task-table\', \'delivery-note-table\',\\r\\n                    \'statement-invoice-table\', \'statement-payment-table\', \'statement-aging-table-totals\',\\r\\n                    \'statement-invoice-table-totals\', \'statement-payment-table-totals\', \'statement-aging-table\',\\r\\n                    \'client-details\', \'vendor-details\', \'swiss-qr\', \'shipping-details\', \'statement-credit-table\', \'statement-credit-table-totals\',\\r\\n                ];\\r\\n\\r\\n                tables.forEach((tableIdentifier) => {\\r\\n                    console.log(document.getElementById(tableIdentifier));\\r\\n\\r\\n                    document.getElementById(tableIdentifier)?.childElementCount === 0\\r\\n                        ? document.getElementById(tableIdentifier).style.setProperty(\'display\', \'none\', \'important\')\\r\\n                        : \'\';\\r\\n                });\\r\\n            });\\r\\n        <\\/script>\\r\\n<\\/div>\\n\"}', 0, '2025-07-30 01:39:37.711448', '2025-07-30 01:39:37.747568', NULL, 0, NULL),
(11, NULL, NULL, 'Calm', 0, 1, '{\"includes\":\"<style id=\\\"style\\\">\\r\\n    @import url($font_url);\\r\\n\\r\\n    :root {\\r\\n        --primary-color: $primary_color;\\r\\n        --secondary-color: $secondary_color;\\r\\n        --line-height: 1.6;\\r\\n    }\\r\\n\\r\\n    body {\\r\\n        -webkit-font-smoothing: antialiased;\\r\\n        -moz-osx-font-smoothing: grayscale;\\r\\n        font-family: $font_name, Helvetica, sans-serif;\\r\\n        font-size: $font_size !important;\\r\\n        zoom: 80%;\\r\\n    }\\r\\n\\r\\n\\r\\n    table tr td, table tr, th {\\r\\n        font-size: $font_size !important;\\r\\n    }\\r\\n    \\r\\n    html {\\r\\n        margin: 0;\\r\\n        padding-top: 1rem;\\r\\n        padding-left: 4rem;\\r\\n\\t    padding-right: 4rem; \\r\\n    }\\r\\n\\r\\n    @page {\\r\\n        margin: 0 !important;\\r\\n        size: $page_size $page_layout;\\r\\n    }\\r\\n\\r\\n    p {\\r\\n        margin: 0;\\r\\n        padding: 0;\\r\\n    }\\r\\n\\r\\n    .header-wrapper {\\r\\n        display: grid;\\r\\n        margin-top: 2rem;\\r\\n        gap: 20px;\\r\\n        grid-template-columns: 2fr 1fr 1fr;\\r\\n        grid-template-areas: \\\"a b c\\\";\\r\\n        grid-auto-columns: minmax(0, 5fr);\\r\\n        grid-auto-flow: column;\\r\\n        justify-content: left;\\r\\n    }\\r\\n\\r\\n    .header-wrapper2 {\\r\\n        display: grid;\\r\\n        margin-top: 2rem;\\r\\n        gap: 20px;\\r\\n        grid-template-columns: 2fr 2fr auto;\\r\\n        grid-template-areas: \\\"a b c\\\";\\r\\n        grid-auto-columns: minmax(0, 5fr);\\r\\n        grid-auto-flow: column;\\r\\n        justify-content: left;\\r\\n    }\\r\\n    \\r\\n    .company-logo {\\r\\n\\/*        max-width: 65%;*\\/\\r\\n        max-width: $company_logo_size;\\r\\n    }\\r\\n\\r\\n    .logo-container {\\r\\n        display: flex;\\r\\n        flex-direction: column;\\r\\n    }\\r\\n\\r\\n    .company-container {\\r\\n        display: flex;\\r\\n        flex-direction: column;\\r\\n    }\\r\\n    .client-and-entity-wrapper {\\r\\n        display: flex;\\r\\n        padding: 1rem;\\r\\n        border-top: 1px solid #d8d8d8;\\r\\n        border-bottom: 1px solid #d8d8d8;\\r\\n    }\\r\\n\\r\\n    .header-wrapper #company-address {\\r\\n        display: flex;\\r\\n        flex-direction: column;\\r\\n        line-height: var(--line-height);\\r\\n    }\\r\\n\\r\\n    .header-wrapper #company-details {\\r\\n        display: flex;\\r\\n        flex-direction: column;\\r\\n        line-height: var(--line-height);\\r\\n    }\\r\\n\\r\\n    .header-wrapper #entity-details {\\r\\n        padding-right: 0.5rem;\\r\\n        text-align: left;\\r\\n        line-height: var(--line-height);\\r\\n        width: 100%;\\r\\n    }\\r\\n\\r\\n    .header-wrapper #entity-details > tr,\\r\\n    .header-wrapper #entity-details th {\\r\\n        font-weight: normal;\\r\\n        white-space: nowrap;\\r\\n    }\\r\\n\\t\\r\\n    .header-wrapper\\r\\n    #entity-details\\r\\n    [data-element=\'entity-balance-due-label\'],\\r\\n    .header-wrapper\\r\\n    #entity-details\\r\\n    [data-element=\'entity-balance-due\'] {\\r\\n        background-color: #e6e6e6;\\r\\n    }\\r\\n\\r\\n\\t#entity-details {\\r\\n        text-align: left;\\r\\n        width: 100%;\\r\\n\\t}\\r\\n\\t\\r\\n\\t#entity-details th {\\r\\n        font-weight:normal;\\r\\n        line-height: 1.5rem;\\r\\n        padding-right: 2rem;\\r\\n\\t}\\r\\n\\t\\r\\n    #client-details {\\r\\n        display: flex;\\r\\n        flex-direction: column;\\r\\n        line-height: var(--line-height);\\r\\n    }\\r\\n\\r\\n    #shipping-details {\\r\\n        opacity: $show_shipping_address_visibility;\\r\\n        flex-direction: column;\\r\\n        line-height: var(--line-height);\\r\\n    }\\r\\n\\r\\n    [data-ref=\\\"table\\\"] {\\r\\n        margin-top: 2rem;\\r\\n        min-width: 100%;\\r\\n        table-layout: fixed;\\r\\n        overflow-wrap: break-word;\\r\\n    }\\r\\n\\r\\n    .task-time-details {\\r\\n        display: block;\\r\\n        margin-top: 5px;\\r\\n        color: grey;\\r\\n    }\\r\\n\\r\\n    [data-ref=\\\"table\\\"] > thead {\\r\\n        text-align: left;\\r\\n    }\\r\\n\\r\\n    [data-ref=\\\"table\\\"] > thead > tr > th {\\r\\n        padding: 1rem;\\r\\n        background-color: #f5f5f5;\\r\\n    }\\r\\n\\r\\n    [data-ref=\\\"table\\\"] > thead > tr > th:last-child {\\r\\n        text-align: right;\\r\\n    }\\r\\n\\r\\n    [data-ref=\\\"table\\\"] > tbody > tr > td {\\r\\n        border-bottom: 1px solid #e6e6e6;\\r\\n        padding: 0.75rem;\\r\\n    }\\r\\n\\r\\n    [data-ref=\\\"table\\\"] > tbody > tr > td:last-child {\\r\\n        text-align: right;\\r\\n    }\\r\\n\\r\\n    [data-ref=\\\"table\\\"] > tbody > tr:nth-child(even) {\\r\\n        background-color: #f5f5f5;\\r\\n    }\\r\\n    \\r\\n    #table-totals {\\r\\n        margin-top: 0.5rem;\\r\\n        display: grid;\\r\\n        grid-template-columns: 1.5fr 1fr;\\r\\n        padding-top: .5rem;\\r\\n        gap: 80px;\\r\\n        page-break-inside:auto;\\r\\n        overflow: visible !important;\\r\\n        font-weight: bold;\\r\\n        line-height: var(--line-height);\\r\\n\\r\\n    }\\r\\n\\r\\n    #table-totals .totals-table-right-side>* {\\r\\n        display: grid;\\r\\n        grid-template-columns: 1fr 1fr;\\r\\n    }\\r\\n\\r\\n    #table-totals>.totals-table-right-side>*> :nth-child(1) {\\r\\n        text-align: left;\\r\\n        margin-top: .25rem;\\r\\n        padding-left: 7px;\\r\\n    }\\r\\n\\r\\n    #table-totals>.totals-table-right-side> * > :not([hidden]) ~ :not([hidden]) {\\r\\n        --tw-space-y-reverse: 0;\\r\\n        margin-top: calc(.25rem * calc(1 - var(--tw-space-y-reverse)));\\r\\n        margin-bottom: calc(.25rem * var(--tw-space-y-reverse));\\r\\n    }\\r\\n\\r\\n    #table-totals>.totals-table-right-side>*> :nth-child(2) {\\r\\n        text-align: right;\\r\\n        padding-right: 0px;\\r\\n    }\\r\\n\\t\\r\\n    #table-totals\\r\\n    > *\\r\\n    [data-element=\'total-table-balance-due-label\'],\\r\\n    #table-totals\\r\\n    > *\\r\\n    [data-element=\'total-table-balance-due\'] {\\r\\n        font-weight: bold;\\r\\n    }\\r\\n\\r\\n    #table-totals > * > :last-child {\\r\\n        text-align: right;\\r\\n        padding-right: 1rem;\\r\\n    }\\r\\n\\r\\n    [data-ref=\\\"total_table-footer\\\"] {\\r\\n        padding-left: 1rem;\\r\\n        padding-right: 1rem;\\r\\n    }\\r\\n\\r\\n    [data-ref=\\\"totals_table-outstanding\\\"] {\\r\\n        color: var(--primary-color)\\r\\n    }\\r\\n\\r\\n    \\/** Markdown-specific styles. **\\/\\r\\n    [data-ref=\\\"table\\\"] h3 {\\r\\n        font-size: 1rem;\\r\\n        margin-bottom: 0;\\r\\n    }\\r\\n\\r\\n    [data-ref=\\\"totals_table-outstanding-label\\\"],\\r\\n    [data-ref=\\\"totals_table-outstanding\\\"] {\\r\\n        background-color: #e6e6e6;\\r\\n        color: black;\\r\\n        padding-top: 7px;\\r\\n        padding-bottom: 7px;\\r\\n        padding-right: 7px;\\r\\n    }\\r\\n\\r\\n    [data-ref=\\\"statement-totals\\\"] {\\r\\n        margin-top: 1rem;\\r\\n        text-align: right;\\r\\n        margin-right: .75rem;\\r\\n    }\\r\\n\\r\\n    [data-ref*=\\\".line_total-td\\\"] {\\r\\n        white-space: nowrap;\\r\\n    }\\r\\n\\r\\n    .repeating-footer,\\r\\n    .repeating-footer-space {\\r\\n        height: 150px;\\r\\n    }\\r\\n\\r\\n    .repeating-header {\\r\\n        position: fixed;\\r\\n        top: 0;\\r\\n    }\\r\\n\\r\\n    .repeating-footer {\\r\\n        position: fixed;\\r\\n        bottom: 0;\\r\\n\\r\\n    }\\r\\n\\r\\n    #header {\\r\\n        position: fixed;\\r\\n        top: 0;\\r\\n    }\\r\\n\\r\\n    #footer {\\r\\n        position: fixed;\\r\\n        bottom: 0;\\r\\n        border-top: 1px solid #000;\\r\\n        width: 82%;\\r\\n        min-height:100px;\\r\\n        padding-top: 0.5rem;\\r\\n        margin-top: 40px;\\r\\n    }\\r\\n\\r\\n    [data-element=\'product_table-product.description-td\'], td {\\r\\n        min-width:100%;\\r\\n        max-width: 300px;\\r\\n        overflow-wrap: break-word; \\r\\n    }\\r\\n\\r\\n    [data-ref=\\\"total_table-public_notes\\\"] { font-weight: normal; } \\r\\n    [data-ref=\\\"total_table-terms\\\"] { font-weight: normal; } \\r\\n\\r\\n    \\/* [data-ref=\\\"shipping_address-label\\\"] {\\r\\n        display: none;\\r\\n    } *\\/\\r\\n\\r\\n    .stamp {\\r\\n      transform: rotate(12deg);\\r\\n        color: #555;\\r\\n        font-size: 3rem;\\r\\n        font-weight: 700;\\r\\n        border: 0.25rem solid #555;\\r\\n        display: inline-block;\\r\\n        padding: 0.25rem 1rem;\\r\\n        text-transform: uppercase;\\r\\n        border-radius: 1rem;\\r\\n        font-family: \'Courier\';\\r\\n        mix-blend-mode: multiply;\\r\\n        z-index:200 !important;\\r\\n        position:  fixed;\\r\\n        text-align: center;\\r\\n    }\\r\\n\\r\\n    .is-paid {\\r\\n        color:  #D23;\\r\\n        border: 1rem double  #D23;\\r\\n        transform: rotate(-5deg);\\r\\n        font-size: 6rem;\\r\\n        font-family: \\\"Open sans\\\", Helvetica, Arial, sans-serif;\\r\\n        border-radius: 0;\\r\\n        padding: 0.5rem;\\r\\n        opacity: 0.2;\\r\\n        z-index:200 !important;\\r\\n        position:  fixed;\\r\\n        display: $show_paid_stamp;\\r\\n    } \\r\\n\\r\\n    .project-header {\\r\\n        font-size: 1.2em;\\r\\n        margin-top: 0.1em;\\r\\n        margin-bottom: 0;\\r\\n        padding-bottom: 0;\\r\\n        margin-left: 0;\\r\\n        margin-right: 0;\\r\\n        font-weight: bold;\\r\\n        color: #505050;\\r\\n    } \\r\\n    \\r\\n    .pqrcode {\\r\\n        \\r\\n    }\\r\\n    \\r\\n    \\/** Useful snippets, uncomment to enable. **\\/\\r\\n\\r\\n    \\/** Hide company logo **\\/\\r\\n    \\/* .company-logo { display: none } *\\/\\r\\n\\r\\n    \\/* Hide company details *\\/\\r\\n    \\/* # > * { display: none } *\\/\\r\\n\\r\\n    \\/* Hide company address *\\/\\r\\n    \\/* #company-address > * { display: none } *\\/\\r\\n\\r\\n    \\/* Hide terms label *\\/\\r\\n    \\/* [data-ref=\\\"total_table-terms-label\\\"] { display: none } *\\/\\r\\n\\r\\n    \\/* Hide totals table *\\/\\r\\n    \\/* #table-totals { display: none } *\\/\\r\\n\\r\\n    \\/* Hide totals table left side *\\/\\r\\n    \\/* #table-totals div:first-child > * { display: none !important } *\\/\\r\\n\\r\\n    \\/* Hide totals table right side *\\/\\r\\n    \\/* .totals-table-right-side { display: none } *\\/\\r\\n\\r\\n    \\/** For more info, please check our docs: https:\\/\\/invoiceninja.github.io **\\/\\r\\n    \\/** To find out selectors on your own: https:\\/\\/invoiceninja.github.io\\/docs\\/custom-fields\\/#snippets **\\/\\r\\n<\\/style>\\n\",\"header\":\"<div class=\\\"repeating-header\\\" id=\\\"header\\\"><\\/div>\\n\",\"body\":\"<div id=\\\"body\\\">\\r\\n<table style=\\\"min-width: 100%\\\">\\r\\n   <thead>\\r\\n      <tr>\\r\\n         <td>\\r\\n            <div class=\\\"repeating-header-space\\\">&nbsp;<\\/div>\\r\\n         <\\/td>\\r\\n      <\\/tr>\\r\\n   <\\/thead>\\r\\n   <tbody>\\r\\n      <tr>\\r\\n         <td>\\r\\n            <div id=\\\"\\\">\\r\\n                <div class=\\\"header-wrapper\\\">\\r\\n                    <div class=\\\"logo-container\\\">\\r\\n                        <img class=\\\"company-logo\\\" src=\\\"$company.logo\\\" alt=\\\"$company.name logo\\\">\\r\\n                    <\\/div>\\r\\n                    <div id=\\\"company-details\\\"><\\/div>\\r\\n                    <div id=\\\"company-address\\\"><\\/div>\\r\\n                <\\/div>\\r\\n                <div class=\\\"header-wrapper2\\\">\\r\\n                    <div id=\\\"client-details\\\"><\\/div>\\r\\n                    <div id=\\\"vendor-details\\\"><\\/div>\\r\\n                    <div id=\\\"shipping-details\\\"><\\/div>\\r\\n                    <div>\\r\\n                        <p class=\\\"entity-label\\\" style=\\\"font-size:32px; font-weight: bold; color:$primary_color;\\\">$entity_label<\\/p>\\r\\n                        <table id=\\\"entity-details\\\" cellspacing=\\\"0\\\" cellpadding=\\\"0\\\" dir=\\\"ltr\\\"><\\/table>\\r\\n                    <\\/div>\\r\\n                <\\/div>\\r\\n            \\r\\n               <table id=\\\"product-table\\\" cellspacing=\\\"0\\\" data-ref=\\\"table\\\"><\\/table>\\r\\n               <table id=\\\"task-table\\\" cellspacing=\\\"0\\\" data-ref=\\\"table\\\"><\\/table>\\r\\n               <table id=\\\"delivery-note-table\\\" cellspacing=\\\"0\\\" data-ref=\\\"table\\\"><\\/table>\\r\\n               <table id=\\\"statement-invoice-table\\\" cellspacing=\\\"0\\\" data-ref=\\\"table\\\"><\\/table>\\r\\n               <div id=\\\"statement-invoice-table-totals\\\" data-ref=\\\"statement-totals\\\"><\\/div>\\r\\n               <table id=\\\"statement-payment-table\\\" cellspacing=\\\"0\\\" data-ref=\\\"table\\\"><\\/table>\\r\\n               <div id=\\\"statement-payment-table-totals\\\" data-ref=\\\"statement-totals\\\"><\\/div>\\r\\n               <table id=\\\"statement-credit-table\\\" cellspacing=\\\"0\\\" data-ref=\\\"table\\\"><\\/table>\\r\\n               <div id=\\\"statement-credit-table-totals\\\" data-ref=\\\"statement-totals\\\"><\\/div>\\r\\n               <table id=\\\"statement-aging-table\\\" cellspacing=\\\"0\\\" data-ref=\\\"table\\\"><\\/table>\\r\\n               <div id=\\\"statement-aging-table-totals\\\" data-ref=\\\"statement-totals\\\"><\\/div>\\r\\n               <div id=\\\"table-totals\\\" cellspacing=\\\"0\\\">$status_logo<\\/div>\\r\\n            <\\/div>\\r\\n         <\\/td>\\r\\n      <\\/tr>\\r\\n   <\\/tbody>\\r\\n   <tfoot>\\r\\n      <tr>\\r\\n         <td>\\r\\n            <div class=\\\"repeating-footer-space\\\">&nbsp;<\\/div>\\r\\n         <\\/td>\\r\\n      <\\/tr>\\r\\n   <\\/tfoot>\\r\\n<\\/table>\\r\\n<\\/div>\\n\",\"product\":\"\",\"task\":\"\",\"footer\":\"<div id=\\\"footer\\\" style=\\\"\\\">\\r\\n    <div style=\\\"width: 100%;\\\">\\r\\n        <p data-ref=\\\"total_table-footer\\\">$entity_footer<\\/p>\\r\\n        <script>\\r\\n            \\/\\/ Clear up space a bit, if [product-table, tasks-table, delivery-note-table] isn\'t present.\\r\\n            document.addEventListener(\'DOMContentLoaded\', () => {\\r\\n                let tables = [\\r\\n                    \'product-table\', \'task-table\', \'delivery-note-table\',\\r\\n                    \'statement-invoice-table\', \'statement-payment-table\', \'statement-aging-table-totals\',\\r\\n                    \'statement-invoice-table-totals\', \'statement-payment-table-totals\', \'statement-aging-table\',\\r\\n                    \'client-details\', \'vendor-details\', \'swiss-qr\', \'shipping-details\', \'statement-credit-table\', \'statement-credit-table-totals\',\\r\\n                ];\\r\\n\\r\\n                tables.forEach((tableIdentifier) => {\\r\\n                    console.log(document.getElementById(tableIdentifier));\\r\\n\\r\\n                    document.getElementById(tableIdentifier)?.childElementCount === 0\\r\\n                        ? document.getElementById(tableIdentifier).style.setProperty(\'display\', \'none\', \'important\')\\r\\n                        : \'\';\\r\\n                });\\r\\n            });\\r\\n        <\\/script>\\r\\n    <\\/div>\\r\\n<\\/div>\\n\"}', 0, '2025-07-30 01:39:37.713011', '2025-07-30 01:39:37.750647', NULL, 0, NULL);

-- --------------------------------------------------------

--
-- Table structure for table `devices`
--

CREATE TABLE `devices` (
  `id` bigint(20) UNSIGNED NOT NULL,
  `name` varchar(191) NOT NULL,
  `phone` varchar(191) NOT NULL,
  `url` text DEFAULT NULL,
  `status` varchar(191) NOT NULL DEFAULT 'inactive',
  `created_at` timestamp NULL DEFAULT NULL,
  `updated_at` timestamp NULL DEFAULT NULL
) ENGINE=InnoDB DEFAULT CHARSET=utf8mb4 COLLATE=utf8mb4_unicode_ci;

-- --------------------------------------------------------

--
-- Table structure for table `documents`
--

CREATE TABLE `documents` (
  `id` int(10) UNSIGNED NOT NULL,
  `user_id` int(10) UNSIGNED NOT NULL,
  `assigned_user_id` int(10) UNSIGNED DEFAULT NULL,
  `company_id` int(10) UNSIGNED NOT NULL,
  `project_id` int(10) UNSIGNED DEFAULT NULL,
  `vendor_id` int(10) UNSIGNED DEFAULT NULL,
  `url` varchar(191) DEFAULT NULL,
  `preview` varchar(191) DEFAULT NULL,
  `name` varchar(191) DEFAULT NULL,
  `type` varchar(191) DEFAULT NULL,
  `disk` varchar(191) DEFAULT NULL,
  `hash` varchar(100) DEFAULT NULL,
  `size` int(10) UNSIGNED DEFAULT NULL,
  `width` int(10) UNSIGNED DEFAULT NULL,
  `height` int(10) UNSIGNED DEFAULT NULL,
  `is_default` tinyint(1) NOT NULL DEFAULT 0,
  `custom_value1` text NOT NULL,
  `custom_value2` text NOT NULL,
  `custom_value3` text NOT NULL,
  `custom_value4` text NOT NULL,
  `deleted_at` timestamp(6) NULL DEFAULT NULL,
  `documentable_id` int(10) UNSIGNED NOT NULL,
  `documentable_type` varchar(191) NOT NULL,
  `created_at` timestamp(6) NULL DEFAULT NULL,
  `updated_at` timestamp(6) NULL DEFAULT NULL,
  `is_public` tinyint(1) NOT NULL DEFAULT 1
) ENGINE=InnoDB DEFAULT CHARSET=utf8mb4 COLLATE=utf8mb4_unicode_ci;

--
-- Dumping data for table `documents`
--

INSERT INTO `documents` (`id`, `user_id`, `assigned_user_id`, `company_id`, `project_id`, `vendor_id`, `url`, `preview`, `name`, `type`, `disk`, `hash`, `size`, `width`, `height`, `is_default`, `custom_value1`, `custom_value2`, `custom_value3`, `custom_value4`, `deleted_at`, `documentable_id`, `documentable_type`, `created_at`, `updated_at`, `is_public`) VALUES
(1, 1, NULL, 1, NULL, NULL, NULL, NULL, 'laboriosam.png', NULL, NULL, NULL, NULL, NULL, NULL, 1, '', '', '', '', NULL, 1, 'App\\Models\\Client', '2025-07-30 01:40:50.417182', '2025-07-30 01:40:50.417182', 1),
(2, 1, NULL, 1, NULL, NULL, NULL, NULL, 'eius.png', NULL, NULL, NULL, NULL, NULL, NULL, 1, '', '', '', '', NULL, 1, 'App\\Models\\Client', '2025-07-30 01:40:50.420726', '2025-07-30 01:40:50.420726', 1),
(3, 1, NULL, 1, NULL, NULL, NULL, NULL, 'accusamus.png', NULL, NULL, NULL, NULL, NULL, NULL, 1, '', '', '', '', NULL, 1, 'App\\Models\\Client', '2025-07-30 01:40:50.421839', '2025-07-30 01:40:50.421839', 1),
(4, 1, NULL, 1, NULL, NULL, NULL, NULL, 'laborum.png', NULL, NULL, NULL, NULL, NULL, NULL, 1, '', '', '', '', NULL, 1, 'App\\Models\\Client', '2025-07-30 01:40:50.422813', '2025-07-30 01:40:50.422813', 1),
(5, 1, NULL, 1, NULL, NULL, NULL, NULL, 'eaque.png', NULL, NULL, NULL, NULL, NULL, NULL, 1, '', '', '', '', NULL, 1, 'App\\Models\\Client', '2025-07-30 01:40:50.423665', '2025-07-30 01:40:50.423665', 1),
(6, 1, NULL, 1, NULL, NULL, NULL, NULL, 'quo.png', NULL, NULL, NULL, NULL, NULL, NULL, 1, '', '', '', '', NULL, 1, 'App\\Models\\Client', '2025-07-30 01:40:50.424478', '2025-07-30 01:40:50.424478', 1),
(7, 1, NULL, 1, NULL, NULL, NULL, NULL, 'aut.png', NULL, NULL, NULL, NULL, NULL, NULL, 1, '', '', '', '', NULL, 1, 'App\\Models\\Client', '2025-07-30 01:40:50.425273', '2025-07-30 01:40:50.425273', 1),
(8, 1, NULL, 1, NULL, NULL, NULL, NULL, 'voluptates.png', NULL, NULL, NULL, NULL, NULL, NULL, 1, '', '', '', '', NULL, 1, 'App\\Models\\Client', '2025-07-30 01:40:50.426102', '2025-07-30 01:40:50.426102', 1),
(9, 1, NULL, 1, NULL, NULL, NULL, NULL, 'id.png', NULL, NULL, NULL, NULL, NULL, NULL, 1, '', '', '', '', NULL, 1, 'App\\Models\\Client', '2025-07-30 01:40:50.426888', '2025-07-30 01:40:50.426888', 1),
(10, 1, NULL, 1, NULL, NULL, NULL, NULL, 'exercitationem.png', NULL, NULL, NULL, NULL, NULL, NULL, 1, '', '', '', '', NULL, 1, 'App\\Models\\Client', '2025-07-30 01:40:50.427775', '2025-07-30 01:40:50.427775', 1),
(11, 1, NULL, 1, NULL, NULL, NULL, NULL, 'sit.png', NULL, NULL, NULL, NULL, NULL, NULL, 1, '', '', '', '', NULL, 1, 'App\\Models\\Client', '2025-07-30 01:40:50.428554', '2025-07-30 01:40:50.428554', 1),
(12, 1, NULL, 1, NULL, NULL, NULL, NULL, 'veniam.png', NULL, NULL, NULL, NULL, NULL, NULL, 1, '', '', '', '', NULL, 1, 'App\\Models\\Client', '2025-07-30 01:40:50.429395', '2025-07-30 01:40:50.429395', 1),
(13, 1, NULL, 1, NULL, NULL, NULL, NULL, 'totam.png', NULL, NULL, NULL, NULL, NULL, NULL, 1, '', '', '', '', NULL, 1, 'App\\Models\\Client', '2025-07-30 01:40:50.430150', '2025-07-30 01:40:50.430150', 1),
(14, 1, NULL, 1, NULL, NULL, NULL, NULL, 'odit.png', NULL, NULL, NULL, NULL, NULL, NULL, 1, '', '', '', '', NULL, 1, 'App\\Models\\Client', '2025-07-30 01:40:50.430917', '2025-07-30 01:40:50.430917', 1),
(15, 1, NULL, 1, NULL, NULL, NULL, NULL, 'non.png', NULL, NULL, NULL, NULL, NULL, NULL, 1, '', '', '', '', NULL, 1, 'App\\Models\\Client', '2025-07-30 01:40:50.431734', '2025-07-30 01:40:50.431734', 1),
(16, 1, NULL, 1, NULL, NULL, NULL, NULL, 'hic.png', NULL, NULL, NULL, NULL, NULL, NULL, 1, '', '', '', '', NULL, 1, 'App\\Models\\Client', '2025-07-30 01:40:50.432485', '2025-07-30 01:40:50.432485', 1),
(17, 1, NULL, 1, NULL, NULL, NULL, NULL, 'magni.png', NULL, NULL, NULL, NULL, NULL, NULL, 1, '', '', '', '', NULL, 1, 'App\\Models\\Client', '2025-07-30 01:40:50.433228', '2025-07-30 01:40:50.433228', 1),
(18, 1, NULL, 1, NULL, NULL, NULL, NULL, 'voluptate.png', NULL, NULL, NULL, NULL, NULL, NULL, 1, '', '', '', '', NULL, 1, 'App\\Models\\Client', '2025-07-30 01:40:50.433910', '2025-07-30 01:40:50.433910', 1),
(19, 1, NULL, 1, NULL, NULL, NULL, NULL, 'et.png', NULL, NULL, NULL, NULL, NULL, NULL, 1, '', '', '', '', NULL, 1, 'App\\Models\\Client', '2025-07-30 01:40:50.434592', '2025-07-30 01:40:50.434592', 1),
(20, 1, NULL, 1, NULL, NULL, NULL, NULL, 'est.png', NULL, NULL, NULL, NULL, NULL, NULL, 1, '', '', '', '', NULL, 1, 'App\\Models\\Client', '2025-07-30 01:40:50.435278', '2025-07-30 01:40:50.435278', 1),
(21, 1, NULL, 1, NULL, NULL, NULL, NULL, 'voluptas.png', NULL, NULL, NULL, NULL, NULL, NULL, 1, '', '', '', '', NULL, 1, 'App\\Models\\Client', '2025-07-30 01:40:50.435999', '2025-07-30 01:40:50.435999', 1),
(22, 1, NULL, 1, NULL, NULL, NULL, NULL, 'omnis.png', NULL, NULL, NULL, NULL, NULL, NULL, 1, '', '', '', '', NULL, 1, 'App\\Models\\Client', '2025-07-30 01:40:50.436645', '2025-07-30 01:40:50.436645', 1),
(23, 1, NULL, 1, NULL, NULL, NULL, NULL, 'consequatur.png', NULL, NULL, NULL, NULL, NULL, NULL, 1, '', '', '', '', NULL, 1, 'App\\Models\\Client', '2025-07-30 01:40:50.437288', '2025-07-30 01:40:50.437288', 1),
(24, 1, NULL, 1, NULL, NULL, NULL, NULL, 'quaerat.png', NULL, NULL, NULL, NULL, NULL, NULL, 1, '', '', '', '', NULL, 1, 'App\\Models\\Client', '2025-07-30 01:40:50.437981', '2025-07-30 01:40:50.437981', 1),
(25, 1, NULL, 1, NULL, NULL, NULL, NULL, 'non.png', NULL, NULL, NULL, NULL, NULL, NULL, 1, '', '', '', '', NULL, 1, 'App\\Models\\Client', '2025-07-30 01:40:50.438690', '2025-07-30 01:40:50.438690', 1),
(26, 1, NULL, 1, NULL, NULL, NULL, NULL, 'assumenda.png', NULL, NULL, NULL, NULL, NULL, NULL, 1, '', '', '', '', NULL, 1, 'App\\Models\\Client', '2025-07-30 01:40:50.439420', '2025-07-30 01:40:50.439420', 1),
(27, 1, NULL, 1, NULL, NULL, NULL, NULL, 'nihil.png', NULL, NULL, NULL, NULL, NULL, NULL, 1, '', '', '', '', NULL, 1, 'App\\Models\\Client', '2025-07-30 01:40:50.440105', '2025-07-30 01:40:50.440105', 1),
(28, 1, NULL, 1, NULL, NULL, NULL, NULL, 'quidem.png', NULL, NULL, NULL, NULL, NULL, NULL, 1, '', '', '', '', NULL, 1, 'App\\Models\\Client', '2025-07-30 01:40:50.440755', '2025-07-30 01:40:50.440755', 1),
(29, 1, NULL, 1, NULL, NULL, NULL, NULL, 'vitae.png', NULL, NULL, NULL, NULL, NULL, NULL, 1, '', '', '', '', NULL, 1, 'App\\Models\\Client', '2025-07-30 01:40:50.441574', '2025-07-30 01:40:50.441574', 1),
(30, 1, NULL, 1, NULL, NULL, NULL, NULL, 'modi.png', NULL, NULL, NULL, NULL, NULL, NULL, 1, '', '', '', '', NULL, 1, 'App\\Models\\Client', '2025-07-30 01:40:50.442400', '2025-07-30 01:40:50.442400', 1),
(31, 1, NULL, 1, NULL, NULL, NULL, NULL, 'ducimus.png', NULL, NULL, NULL, NULL, NULL, NULL, 1, '', '', '', '', NULL, 1, 'App\\Models\\Client', '2025-07-30 01:40:50.443247', '2025-07-30 01:40:50.443247', 1),
(32, 1, NULL, 1, NULL, NULL, NULL, NULL, 'illo.png', NULL, NULL, NULL, NULL, NULL, NULL, 1, '', '', '', '', NULL, 1, 'App\\Models\\Client', '2025-07-30 01:40:50.444048', '2025-07-30 01:40:50.444048', 1),
(33, 1, NULL, 1, NULL, NULL, NULL, NULL, 'minima.png', NULL, NULL, NULL, NULL, NULL, NULL, 1, '', '', '', '', NULL, 1, 'App\\Models\\Client', '2025-07-30 01:40:50.444793', '2025-07-30 01:40:50.444793', 1),
(34, 1, NULL, 1, NULL, NULL, NULL, NULL, 'sed.png', NULL, NULL, NULL, NULL, NULL, NULL, 1, '', '', '', '', NULL, 1, 'App\\Models\\Client', '2025-07-30 01:40:50.446068', '2025-07-30 01:40:50.446068', 1),
(35, 1, NULL, 1, NULL, NULL, NULL, NULL, 'qui.png', NULL, NULL, NULL, NULL, NULL, NULL, 1, '', '', '', '', NULL, 1, 'App\\Models\\Client', '2025-07-30 01:40:50.447247', '2025-07-30 01:40:50.447247', 1),
(36, 1, NULL, 1, NULL, NULL, NULL, NULL, 'et.png', NULL, NULL, NULL, NULL, NULL, NULL, 1, '', '', '', '', NULL, 1, 'App\\Models\\Client', '2025-07-30 01:40:50.448386', '2025-07-30 01:40:50.448386', 1),
(37, 1, NULL, 1, NULL, NULL, NULL, NULL, 'neque.png', NULL, NULL, NULL, NULL, NULL, NULL, 1, '', '', '', '', NULL, 1, 'App\\Models\\Client', '2025-07-30 01:40:50.449271', '2025-07-30 01:40:50.449271', 1),
(38, 1, NULL, 1, NULL, NULL, NULL, NULL, 'nihil.png', NULL, NULL, NULL, NULL, NULL, NULL, 1, '', '', '', '', NULL, 1, 'App\\Models\\Client', '2025-07-30 01:40:50.450044', '2025-07-30 01:40:50.450044', 1),
(39, 1, NULL, 1, NULL, NULL, NULL, NULL, 'eos.png', NULL, NULL, NULL, NULL, NULL, NULL, 1, '', '', '', '', NULL, 1, 'App\\Models\\Client', '2025-07-30 01:40:50.450948', '2025-07-30 01:40:50.450948', 1),
(40, 1, NULL, 1, NULL, NULL, NULL, NULL, 'omnis.png', NULL, NULL, NULL, NULL, NULL, NULL, 1, '', '', '', '', NULL, 1, 'App\\Models\\Client', '2025-07-30 01:40:50.451924', '2025-07-30 01:40:50.451924', 1),
(41, 1, NULL, 1, NULL, NULL, NULL, NULL, 'cum.png', NULL, NULL, NULL, NULL, NULL, NULL, 1, '', '', '', '', NULL, 1, 'App\\Models\\Client', '2025-07-30 01:40:50.452886', '2025-07-30 01:40:50.452886', 1),
(42, 1, NULL, 1, NULL, NULL, NULL, NULL, 'perspiciatis.png', NULL, NULL, NULL, NULL, NULL, NULL, 1, '', '', '', '', NULL, 1, 'App\\Models\\Client', '2025-07-30 01:40:50.453817', '2025-07-30 01:40:50.453817', 1),
(43, 1, NULL, 1, NULL, NULL, NULL, NULL, 'et.png', NULL, NULL, NULL, NULL, NULL, NULL, 1, '', '', '', '', NULL, 1, 'App\\Models\\Client', '2025-07-30 01:40:50.454688', '2025-07-30 01:40:50.454688', 1),
(44, 1, NULL, 1, NULL, NULL, NULL, NULL, 'aspernatur.png', NULL, NULL, NULL, NULL, NULL, NULL, 1, '', '', '', '', NULL, 1, 'App\\Models\\Client', '2025-07-30 01:40:50.455549', '2025-07-30 01:40:50.455549', 1),
(45, 1, NULL, 1, NULL, NULL, NULL, NULL, 'consequatur.png', NULL, NULL, NULL, NULL, NULL, NULL, 1, '', '', '', '', NULL, 1, 'App\\Models\\Client', '2025-07-30 01:40:50.456307', '2025-07-30 01:40:50.456307', 1),
(46, 1, NULL, 1, NULL, NULL, NULL, NULL, 'qui.png', NULL, NULL, NULL, NULL, NULL, NULL, 1, '', '', '', '', NULL, 1, 'App\\Models\\Client', '2025-07-30 01:40:50.457021', '2025-07-30 01:40:50.457021', 1),
(47, 1, NULL, 1, NULL, NULL, NULL, NULL, 'et.png', NULL, NULL, NULL, NULL, NULL, NULL, 1, '', '', '', '', NULL, 1, 'App\\Models\\Client', '2025-07-30 01:40:50.457726', '2025-07-30 01:40:50.457726', 1),
(48, 1, NULL, 1, NULL, NULL, NULL, NULL, 'quo.png', NULL, NULL, NULL, NULL, NULL, NULL, 1, '', '', '', '', NULL, 1, 'App\\Models\\Client', '2025-07-30 01:40:50.458470', '2025-07-30 01:40:50.458470', 1),
(49, 1, NULL, 1, NULL, NULL, NULL, NULL, 'et.png', NULL, NULL, NULL, NULL, NULL, NULL, 1, '', '', '', '', NULL, 1, 'App\\Models\\Client', '2025-07-30 01:40:50.459341', '2025-07-30 01:40:50.459341', 1),
(50, 1, NULL, 1, NULL, NULL, NULL, NULL, 'est.png', NULL, NULL, NULL, NULL, NULL, NULL, 1, '', '', '', '', NULL, 1, 'App\\Models\\Client', '2025-07-30 01:40:50.460161', '2025-07-30 01:40:50.460161', 1),
(51, 1, NULL, 1, NULL, NULL, NULL, NULL, 'sint.png', NULL, NULL, NULL, NULL, NULL, NULL, 1, '', '', '', '', NULL, 1, 'App\\Console\\Commands\\Invoice', '2025-07-30 01:40:54.934426', '2025-07-30 01:40:54.934426', 1),
(52, 1, NULL, 1, NULL, NULL, NULL, NULL, 'incidunt.png', NULL, NULL, NULL, NULL, NULL, NULL, 1, '', '', '', '', NULL, 1, 'App\\Console\\Commands\\Invoice', '2025-07-30 01:40:54.935973', '2025-07-30 01:40:54.935973', 1),
(53, 1, NULL, 1, NULL, NULL, NULL, NULL, 'sunt.png', NULL, NULL, NULL, NULL, NULL, NULL, 1, '', '', '', '', NULL, 1, 'App\\Console\\Commands\\Invoice', '2025-07-30 01:40:54.936964', '2025-07-30 01:40:54.936964', 1),
(54, 1, NULL, 1, NULL, NULL, NULL, NULL, 'repellat.png', NULL, NULL, NULL, NULL, NULL, NULL, 1, '', '', '', '', NULL, 1, 'App\\Console\\Commands\\Invoice', '2025-07-30 01:40:54.937916', '2025-07-30 01:40:54.937916', 1),
(55, 1, NULL, 1, NULL, NULL, NULL, NULL, 'molestias.png', NULL, NULL, NULL, NULL, NULL, NULL, 1, '', '', '', '', NULL, 1, 'App\\Console\\Commands\\Invoice', '2025-07-30 01:40:54.938763', '2025-07-30 01:40:54.938763', 1),
(56, 1, NULL, 1, NULL, NULL, NULL, NULL, 'tempora.png', NULL, NULL, NULL, NULL, NULL, NULL, 1, '', '', '', '', NULL, 1, 'App\\Models\\Vendor', '2025-07-30 01:40:56.670923', '2025-07-30 01:40:56.670923', 1),
(57, 1, NULL, 1, NULL, NULL, NULL, NULL, 'possimus.png', NULL, NULL, NULL, NULL, NULL, NULL, 1, '', '', '', '', NULL, 1, 'App\\Models\\Task', '2025-07-30 01:40:57.067561', '2025-07-30 01:40:57.067561', 1),
(58, 1, NULL, 1, NULL, NULL, NULL, NULL, 'error.png', NULL, NULL, NULL, NULL, NULL, NULL, 1, '', '', '', '', NULL, 1, 'App\\Models\\Task', '2025-07-30 01:40:57.068926', '2025-07-30 01:40:57.068926', 1),
(59, 1, NULL, 1, NULL, NULL, NULL, NULL, 'ipsam.png', NULL, NULL, NULL, NULL, NULL, NULL, 1, '', '', '', '', NULL, 1, 'App\\Models\\Task', '2025-07-30 01:40:57.071148', '2025-07-30 01:40:57.071148', 1),
(60, 1, NULL, 1, NULL, NULL, NULL, NULL, 'velit.png', NULL, NULL, NULL, NULL, NULL, NULL, 1, '', '', '', '', NULL, 1, 'App\\Models\\Task', '2025-07-30 01:40:57.072532', '2025-07-30 01:40:57.072532', 1),
(61, 1, NULL, 1, NULL, NULL, NULL, NULL, 'eveniet.png', NULL, NULL, NULL, NULL, NULL, NULL, 1, '', '', '', '', NULL, 1, 'App\\Models\\Task', '2025-07-30 01:40:57.073804', '2025-07-30 01:40:57.073804', 1),
(62, 1, NULL, 1, NULL, NULL, NULL, NULL, 'et.png', NULL, NULL, NULL, NULL, NULL, NULL, 1, '', '', '', '', NULL, 1, 'App\\Models\\Project', '2025-07-30 01:40:57.080763', '2025-07-30 01:40:57.080763', 1),
(63, 1, NULL, 1, NULL, NULL, NULL, NULL, 'hic.png', NULL, NULL, NULL, NULL, NULL, NULL, 1, '', '', '', '', NULL, 1, 'App\\Models\\Project', '2025-07-30 01:40:57.082090', '2025-07-30 01:40:57.082090', 1),
(64, 1, NULL, 1, NULL, NULL, NULL, NULL, 'architecto.png', NULL, NULL, NULL, NULL, NULL, NULL, 1, '', '', '', '', NULL, 1, 'App\\Models\\Project', '2025-07-30 01:40:57.083275', '2025-07-30 01:40:57.083275', 1),
(65, 1, NULL, 1, NULL, NULL, NULL, NULL, 'temporibus.png', NULL, NULL, NULL, NULL, NULL, NULL, 1, '', '', '', '', NULL, 1, 'App\\Models\\Project', '2025-07-30 01:40:57.084700', '2025-07-30 01:40:57.084700', 1),
(66, 1, NULL, 1, NULL, NULL, NULL, NULL, 'ex.png', NULL, NULL, NULL, NULL, NULL, NULL, 1, '', '', '', '', NULL, 1, 'App\\Models\\Project', '2025-07-30 01:40:57.085830', '2025-07-30 01:40:57.085830', 1),
(67, 2, NULL, 2, NULL, NULL, NULL, NULL, 'sequi.png', NULL, NULL, NULL, NULL, NULL, NULL, 1, '', '', '', '', NULL, 2, 'App\\Models\\Client', '2025-07-30 01:40:57.318645', '2025-07-30 01:40:57.318645', 1),
(68, 2, NULL, 2, NULL, NULL, NULL, NULL, 'dolorem.png', NULL, NULL, NULL, NULL, NULL, NULL, 1, '', '', '', '', NULL, 2, 'App\\Models\\Client', '2025-07-30 01:40:57.320478', '2025-07-30 01:40:57.320478', 1),
(69, 2, NULL, 2, NULL, NULL, NULL, NULL, 'incidunt.png', NULL, NULL, NULL, NULL, NULL, NULL, 1, '', '', '', '', NULL, 2, 'App\\Models\\Client', '2025-07-30 01:40:57.321507', '2025-07-30 01:40:57.321507', 1),
(70, 2, NULL, 2, NULL, NULL, NULL, NULL, 'sint.png', NULL, NULL, NULL, NULL, NULL, NULL, 1, '', '', '', '', NULL, 2, 'App\\Models\\Client', '2025-07-30 01:40:57.322244', '2025-07-30 01:40:57.322244', 1),
(71, 2, NULL, 2, NULL, NULL, NULL, NULL, 'in.png', NULL, NULL, NULL, NULL, NULL, NULL, 1, '', '', '', '', NULL, 2, 'App\\Models\\Client', '2025-07-30 01:40:57.323158', '2025-07-30 01:40:57.323158', 1),
(72, 2, NULL, 2, NULL, NULL, NULL, NULL, 'ut.png', NULL, NULL, NULL, NULL, NULL, NULL, 1, '', '', '', '', NULL, 2, 'App\\Models\\Client', '2025-07-30 01:40:57.324097', '2025-07-30 01:40:57.324097', 1),
(73, 2, NULL, 2, NULL, NULL, NULL, NULL, 'rerum.png', NULL, NULL, NULL, NULL, NULL, NULL, 1, '', '', '', '', NULL, 2, 'App\\Models\\Client', '2025-07-30 01:40:57.325277', '2025-07-30 01:40:57.325277', 1),
(74, 2, NULL, 2, NULL, NULL, NULL, NULL, 'eius.png', NULL, NULL, NULL, NULL, NULL, NULL, 1, '', '', '', '', NULL, 2, 'App\\Models\\Client', '2025-07-30 01:40:57.326306', '2025-07-30 01:40:57.326306', 1),
(75, 2, NULL, 2, NULL, NULL, NULL, NULL, 'rerum.png', NULL, NULL, NULL, NULL, NULL, NULL, 1, '', '', '', '', NULL, 2, 'App\\Models\\Client', '2025-07-30 01:40:57.327289', '2025-07-30 01:40:57.327289', 1),
(76, 2, NULL, 2, NULL, NULL, NULL, NULL, 'placeat.png', NULL, NULL, NULL, NULL, NULL, NULL, 1, '', '', '', '', NULL, 2, 'App\\Models\\Client', '2025-07-30 01:40:57.328261', '2025-07-30 01:40:57.328261', 1),
(77, 2, NULL, 2, NULL, NULL, NULL, NULL, 'ipsa.png', NULL, NULL, NULL, NULL, NULL, NULL, 1, '', '', '', '', NULL, 2, 'App\\Models\\Client', '2025-07-30 01:40:57.329369', '2025-07-30 01:40:57.329369', 1),
(78, 2, NULL, 2, NULL, NULL, NULL, NULL, 'culpa.png', NULL, NULL, NULL, NULL, NULL, NULL, 1, '', '', '', '', NULL, 2, 'App\\Models\\Client', '2025-07-30 01:40:57.330334', '2025-07-30 01:40:57.330334', 1),
(79, 2, NULL, 2, NULL, NULL, NULL, NULL, 'saepe.png', NULL, NULL, NULL, NULL, NULL, NULL, 1, '', '', '', '', NULL, 2, 'App\\Models\\Client', '2025-07-30 01:40:57.331366', '2025-07-30 01:40:57.331366', 1),
(80, 2, NULL, 2, NULL, NULL, NULL, NULL, 'id.png', NULL, NULL, NULL, NULL, NULL, NULL, 1, '', '', '', '', NULL, 2, 'App\\Models\\Client', '2025-07-30 01:40:57.332295', '2025-07-30 01:40:57.332295', 1),
(81, 2, NULL, 2, NULL, NULL, NULL, NULL, 'porro.png', NULL, NULL, NULL, NULL, NULL, NULL, 1, '', '', '', '', NULL, 2, 'App\\Models\\Client', '2025-07-30 01:40:57.333277', '2025-07-30 01:40:57.333277', 1),
(82, 2, NULL, 2, NULL, NULL, NULL, NULL, 'quis.png', NULL, NULL, NULL, NULL, NULL, NULL, 1, '', '', '', '', NULL, 2, 'App\\Models\\Client', '2025-07-30 01:40:57.334476', '2025-07-30 01:40:57.334476', 1),
(83, 2, NULL, 2, NULL, NULL, NULL, NULL, 'eligendi.png', NULL, NULL, NULL, NULL, NULL, NULL, 1, '', '', '', '', NULL, 2, 'App\\Models\\Client', '2025-07-30 01:40:57.335811', '2025-07-30 01:40:57.335811', 1),
(84, 2, NULL, 2, NULL, NULL, NULL, NULL, 'numquam.png', NULL, NULL, NULL, NULL, NULL, NULL, 1, '', '', '', '', NULL, 2, 'App\\Models\\Client', '2025-07-30 01:40:57.337157', '2025-07-30 01:40:57.337157', 1),
(85, 2, NULL, 2, NULL, NULL, NULL, NULL, 'et.png', NULL, NULL, NULL, NULL, NULL, NULL, 1, '', '', '', '', NULL, 2, 'App\\Models\\Client', '2025-07-30 01:40:57.338485', '2025-07-30 01:40:57.338485', 1),
(86, 2, NULL, 2, NULL, NULL, NULL, NULL, 'consectetur.png', NULL, NULL, NULL, NULL, NULL, NULL, 1, '', '', '', '', NULL, 2, 'App\\Models\\Client', '2025-07-30 01:40:57.339777', '2025-07-30 01:40:57.339777', 1),
(87, 2, NULL, 2, NULL, NULL, NULL, NULL, 'quia.png', NULL, NULL, NULL, NULL, NULL, NULL, 1, '', '', '', '', NULL, 2, 'App\\Models\\Client', '2025-07-30 01:40:57.340648', '2025-07-30 01:40:57.340648', 1),
(88, 2, NULL, 2, NULL, NULL, NULL, NULL, 'iusto.png', NULL, NULL, NULL, NULL, NULL, NULL, 1, '', '', '', '', NULL, 2, 'App\\Models\\Client', '2025-07-30 01:40:57.341559', '2025-07-30 01:40:57.341559', 1),
(89, 2, NULL, 2, NULL, NULL, NULL, NULL, 'autem.png', NULL, NULL, NULL, NULL, NULL, NULL, 1, '', '', '', '', NULL, 2, 'App\\Models\\Client', '2025-07-30 01:40:57.342515', '2025-07-30 01:40:57.342515', 1),
(90, 2, NULL, 2, NULL, NULL, NULL, NULL, 'saepe.png', NULL, NULL, NULL, NULL, NULL, NULL, 1, '', '', '', '', NULL, 2, 'App\\Models\\Client', '2025-07-30 01:40:57.343541', '2025-07-30 01:40:57.343541', 1),
(91, 2, NULL, 2, NULL, NULL, NULL, NULL, 'quaerat.png', NULL, NULL, NULL, NULL, NULL, NULL, 1, '', '', '', '', NULL, 2, 'App\\Models\\Client', '2025-07-30 01:40:57.344542', '2025-07-30 01:40:57.344542', 1),
(92, 2, NULL, 2, NULL, NULL, NULL, NULL, 'fugit.png', NULL, NULL, NULL, NULL, NULL, NULL, 1, '', '', '', '', NULL, 2, 'App\\Models\\Client', '2025-07-30 01:40:57.345580', '2025-07-30 01:40:57.345580', 1),
(93, 2, NULL, 2, NULL, NULL, NULL, NULL, 'sit.png', NULL, NULL, NULL, NULL, NULL, NULL, 1, '', '', '', '', NULL, 2, 'App\\Models\\Client', '2025-07-30 01:40:57.346574', '2025-07-30 01:40:57.346574', 1),
(94, 2, NULL, 2, NULL, NULL, NULL, NULL, 'voluptatem.png', NULL, NULL, NULL, NULL, NULL, NULL, 1, '', '', '', '', NULL, 2, 'App\\Models\\Client', '2025-07-30 01:40:57.347338', '2025-07-30 01:40:57.347338', 1),
(95, 2, NULL, 2, NULL, NULL, NULL, NULL, 'porro.png', NULL, NULL, NULL, NULL, NULL, NULL, 1, '', '', '', '', NULL, 2, 'App\\Models\\Client', '2025-07-30 01:40:57.348073', '2025-07-30 01:40:57.348073', 1),
(96, 2, NULL, 2, NULL, NULL, NULL, NULL, 'modi.png', NULL, NULL, NULL, NULL, NULL, NULL, 1, '', '', '', '', NULL, 2, 'App\\Models\\Client', '2025-07-30 01:40:57.349043', '2025-07-30 01:40:57.349043', 1),
(97, 2, NULL, 2, NULL, NULL, NULL, NULL, 'ut.png', NULL, NULL, NULL, NULL, NULL, NULL, 1, '', '', '', '', NULL, 2, 'App\\Models\\Client', '2025-07-30 01:40:57.350144', '2025-07-30 01:40:57.350144', 1),
(98, 2, NULL, 2, NULL, NULL, NULL, NULL, 'molestias.png', NULL, NULL, NULL, NULL, NULL, NULL, 1, '', '', '', '', NULL, 2, 'App\\Models\\Client', '2025-07-30 01:40:57.351228', '2025-07-30 01:40:57.351228', 1),
(99, 2, NULL, 2, NULL, NULL, NULL, NULL, 'dolorem.png', NULL, NULL, NULL, NULL, NULL, NULL, 1, '', '', '', '', NULL, 2, 'App\\Models\\Client', '2025-07-30 01:40:57.352382', '2025-07-30 01:40:57.352382', 1),
(100, 2, NULL, 2, NULL, NULL, NULL, NULL, 'quibusdam.png', NULL, NULL, NULL, NULL, NULL, NULL, 1, '', '', '', '', NULL, 2, 'App\\Models\\Client', '2025-07-30 01:40:57.353373', '2025-07-30 01:40:57.353373', 1),
(101, 2, NULL, 2, NULL, NULL, NULL, NULL, 'fuga.png', NULL, NULL, NULL, NULL, NULL, NULL, 1, '', '', '', '', NULL, 2, 'App\\Models\\Client', '2025-07-30 01:40:57.354180', '2025-07-30 01:40:57.354180', 1),
(102, 2, NULL, 2, NULL, NULL, NULL, NULL, 'et.png', NULL, NULL, NULL, NULL, NULL, NULL, 1, '', '', '', '', NULL, 2, 'App\\Models\\Client', '2025-07-30 01:40:57.355113', '2025-07-30 01:40:57.355113', 1),
(103, 2, NULL, 2, NULL, NULL, NULL, NULL, 'quo.png', NULL, NULL, NULL, NULL, NULL, NULL, 1, '', '', '', '', NULL, 2, 'App\\Models\\Client', '2025-07-30 01:40:57.356107', '2025-07-30 01:40:57.356107', 1),
(104, 2, NULL, 2, NULL, NULL, NULL, NULL, 'debitis.png', NULL, NULL, NULL, NULL, NULL, NULL, 1, '', '', '', '', NULL, 2, 'App\\Models\\Client', '2025-07-30 01:40:57.356947', '2025-07-30 01:40:57.356947', 1),
(105, 2, NULL, 2, NULL, NULL, NULL, NULL, 'cupiditate.png', NULL, NULL, NULL, NULL, NULL, NULL, 1, '', '', '', '', NULL, 2, 'App\\Models\\Client', '2025-07-30 01:40:57.357856', '2025-07-30 01:40:57.357856', 1),
(106, 2, NULL, 2, NULL, NULL, NULL, NULL, 'ut.png', NULL, NULL, NULL, NULL, NULL, NULL, 1, '', '', '', '', NULL, 2, 'App\\Models\\Client', '2025-07-30 01:40:57.358685', '2025-07-30 01:40:57.358685', 1),
(107, 2, NULL, 2, NULL, NULL, NULL, NULL, 'quisquam.png', NULL, NULL, NULL, NULL, NULL, NULL, 1, '', '', '', '', NULL, 2, 'App\\Models\\Client', '2025-07-30 01:40:57.359431', '2025-07-30 01:40:57.359431', 1),
(108, 2, NULL, 2, NULL, NULL, NULL, NULL, 'autem.png', NULL, NULL, NULL, NULL, NULL, NULL, 1, '', '', '', '', NULL, 2, 'App\\Models\\Client', '2025-07-30 01:40:57.360231', '2025-07-30 01:40:57.360231', 1),
(109, 2, NULL, 2, NULL, NULL, NULL, NULL, 'voluptatem.png', NULL, NULL, NULL, NULL, NULL, NULL, 1, '', '', '', '', NULL, 2, 'App\\Models\\Client', '2025-07-30 01:40:57.361019', '2025-07-30 01:40:57.361019', 1),
(110, 2, NULL, 2, NULL, NULL, NULL, NULL, 'ipsa.png', NULL, NULL, NULL, NULL, NULL, NULL, 1, '', '', '', '', NULL, 2, 'App\\Models\\Client', '2025-07-30 01:40:57.361929', '2025-07-30 01:40:57.361929', 1),
(111, 2, NULL, 2, NULL, NULL, NULL, NULL, 'harum.png', NULL, NULL, NULL, NULL, NULL, NULL, 1, '', '', '', '', NULL, 2, 'App\\Models\\Client', '2025-07-30 01:40:57.362738', '2025-07-30 01:40:57.362738', 1),
(112, 2, NULL, 2, NULL, NULL, NULL, NULL, 'laborum.png', NULL, NULL, NULL, NULL, NULL, NULL, 1, '', '', '', '', NULL, 2, 'App\\Models\\Client', '2025-07-30 01:40:57.363495', '2025-07-30 01:40:57.363495', 1),
(113, 2, NULL, 2, NULL, NULL, NULL, NULL, 'quaerat.png', NULL, NULL, NULL, NULL, NULL, NULL, 1, '', '', '', '', NULL, 2, 'App\\Models\\Client', '2025-07-30 01:40:57.364287', '2025-07-30 01:40:57.364287', 1),
(114, 2, NULL, 2, NULL, NULL, NULL, NULL, 'consequuntur.png', NULL, NULL, NULL, NULL, NULL, NULL, 1, '', '', '', '', NULL, 2, 'App\\Models\\Client', '2025-07-30 01:40:57.365437', '2025-07-30 01:40:57.365437', 1),
(115, 2, NULL, 2, NULL, NULL, NULL, NULL, 'pariatur.png', NULL, NULL, NULL, NULL, NULL, NULL, 1, '', '', '', '', NULL, 2, 'App\\Models\\Client', '2025-07-30 01:40:57.366546', '2025-07-30 01:40:57.366546', 1),
(116, 2, NULL, 2, NULL, NULL, NULL, NULL, 'fugit.png', NULL, NULL, NULL, NULL, NULL, NULL, 1, '', '', '', '', NULL, 2, 'App\\Models\\Client', '2025-07-30 01:40:57.367410', '2025-07-30 01:40:57.367410', 1),
(117, 2, NULL, 2, NULL, NULL, NULL, NULL, 'dolor.png', NULL, NULL, NULL, NULL, NULL, NULL, 1, '', '', '', '', NULL, 3, 'App\\Models\\Client', '2025-07-30 01:40:57.945503', '2025-07-30 01:40:57.945503', 1),
(118, 2, NULL, 2, NULL, NULL, NULL, NULL, 'hic.png', NULL, NULL, NULL, NULL, NULL, NULL, 1, '', '', '', '', NULL, 3, 'App\\Models\\Client', '2025-07-30 01:40:57.947256', '2025-07-30 01:40:57.947256', 1),
(119, 2, NULL, 2, NULL, NULL, NULL, NULL, 'officia.png', NULL, NULL, NULL, NULL, NULL, NULL, 1, '', '', '', '', NULL, 3, 'App\\Models\\Client', '2025-07-30 01:40:57.948434', '2025-07-30 01:40:57.948434', 1),
(120, 2, NULL, 2, NULL, NULL, NULL, NULL, 'nisi.png', NULL, NULL, NULL, NULL, NULL, NULL, 1, '', '', '', '', NULL, 3, 'App\\Models\\Client', '2025-07-30 01:40:57.949358', '2025-07-30 01:40:57.949358', 1),
(121, 2, NULL, 2, NULL, NULL, NULL, NULL, 'ut.png', NULL, NULL, NULL, NULL, NULL, NULL, 1, '', '', '', '', NULL, 3, 'App\\Models\\Client', '2025-07-30 01:40:57.950405', '2025-07-30 01:40:57.950405', 1),
(122, 2, NULL, 2, NULL, NULL, NULL, NULL, 'nemo.png', NULL, NULL, NULL, NULL, NULL, NULL, 1, '', '', '', '', NULL, 3, 'App\\Models\\Client', '2025-07-30 01:40:57.951786', '2025-07-30 01:40:57.951786', 1),
(123, 2, NULL, 2, NULL, NULL, NULL, NULL, 'suscipit.png', NULL, NULL, NULL, NULL, NULL, NULL, 1, '', '', '', '', NULL, 3, 'App\\Models\\Client', '2025-07-30 01:40:57.952743', '2025-07-30 01:40:57.952743', 1),
(124, 2, NULL, 2, NULL, NULL, NULL, NULL, 'eum.png', NULL, NULL, NULL, NULL, NULL, NULL, 1, '', '', '', '', NULL, 3, 'App\\Models\\Client', '2025-07-30 01:40:57.953610', '2025-07-30 01:40:57.953610', 1),
(125, 2, NULL, 2, NULL, NULL, NULL, NULL, 'ut.png', NULL, NULL, NULL, NULL, NULL, NULL, 1, '', '', '', '', NULL, 3, 'App\\Models\\Client', '2025-07-30 01:40:57.954474', '2025-07-30 01:40:57.954474', 1),
(126, 2, NULL, 2, NULL, NULL, NULL, NULL, 'perspiciatis.png', NULL, NULL, NULL, NULL, NULL, NULL, 1, '', '', '', '', NULL, 3, 'App\\Models\\Client', '2025-07-30 01:40:57.955511', '2025-07-30 01:40:57.955511', 1),
(127, 2, NULL, 2, NULL, NULL, NULL, NULL, 'quia.png', NULL, NULL, NULL, NULL, NULL, NULL, 1, '', '', '', '', NULL, 3, 'App\\Models\\Client', '2025-07-30 01:40:57.956595', '2025-07-30 01:40:57.956595', 1),
(128, 2, NULL, 2, NULL, NULL, NULL, NULL, 'laudantium.png', NULL, NULL, NULL, NULL, NULL, NULL, 1, '', '', '', '', NULL, 3, 'App\\Models\\Client', '2025-07-30 01:40:57.957833', '2025-07-30 01:40:57.957833', 1),
(129, 2, NULL, 2, NULL, NULL, NULL, NULL, 'minus.png', NULL, NULL, NULL, NULL, NULL, NULL, 1, '', '', '', '', NULL, 3, 'App\\Models\\Client', '2025-07-30 01:40:57.958970', '2025-07-30 01:40:57.958970', 1),
(130, 2, NULL, 2, NULL, NULL, NULL, NULL, 'quas.png', NULL, NULL, NULL, NULL, NULL, NULL, 1, '', '', '', '', NULL, 3, 'App\\Models\\Client', '2025-07-30 01:40:57.960071', '2025-07-30 01:40:57.960071', 1),
(131, 2, NULL, 2, NULL, NULL, NULL, NULL, 'et.png', NULL, NULL, NULL, NULL, NULL, NULL, 1, '', '', '', '', NULL, 3, 'App\\Models\\Client', '2025-07-30 01:40:57.961081', '2025-07-30 01:40:57.961081', 1),
(132, 2, NULL, 2, NULL, NULL, NULL, NULL, 'aperiam.png', NULL, NULL, NULL, NULL, NULL, NULL, 1, '', '', '', '', NULL, 3, 'App\\Models\\Client', '2025-07-30 01:40:57.961956', '2025-07-30 01:40:57.961956', 1),
(133, 2, NULL, 2, NULL, NULL, NULL, NULL, 'eos.png', NULL, NULL, NULL, NULL, NULL, NULL, 1, '', '', '', '', NULL, 3, 'App\\Models\\Client', '2025-07-30 01:40:57.962755', '2025-07-30 01:40:57.962755', 1),
(134, 2, NULL, 2, NULL, NULL, NULL, NULL, 'officia.png', NULL, NULL, NULL, NULL, NULL, NULL, 1, '', '', '', '', NULL, 3, 'App\\Models\\Client', '2025-07-30 01:40:57.963563', '2025-07-30 01:40:57.963563', 1),
(135, 2, NULL, 2, NULL, NULL, NULL, NULL, 'quos.png', NULL, NULL, NULL, NULL, NULL, NULL, 1, '', '', '', '', NULL, 3, 'App\\Models\\Client', '2025-07-30 01:40:57.964555', '2025-07-30 01:40:57.964555', 1),
(136, 2, NULL, 2, NULL, NULL, NULL, NULL, 'incidunt.png', NULL, NULL, NULL, NULL, NULL, NULL, 1, '', '', '', '', NULL, 3, 'App\\Models\\Client', '2025-07-30 01:40:57.965416', '2025-07-30 01:40:57.965416', 1),
(137, 2, NULL, 2, NULL, NULL, NULL, NULL, 'tempora.png', NULL, NULL, NULL, NULL, NULL, NULL, 1, '', '', '', '', NULL, 3, 'App\\Models\\Client', '2025-07-30 01:40:57.966195', '2025-07-30 01:40:57.966195', 1),
(138, 2, NULL, 2, NULL, NULL, NULL, NULL, 'debitis.png', NULL, NULL, NULL, NULL, NULL, NULL, 1, '', '', '', '', NULL, 3, 'App\\Models\\Client', '2025-07-30 01:40:57.966983', '2025-07-30 01:40:57.966983', 1),
(139, 2, NULL, 2, NULL, NULL, NULL, NULL, 'est.png', NULL, NULL, NULL, NULL, NULL, NULL, 1, '', '', '', '', NULL, 3, 'App\\Models\\Client', '2025-07-30 01:40:57.967699', '2025-07-30 01:40:57.967699', 1),
(140, 2, NULL, 2, NULL, NULL, NULL, NULL, 'delectus.png', NULL, NULL, NULL, NULL, NULL, NULL, 1, '', '', '', '', NULL, 3, 'App\\Models\\Client', '2025-07-30 01:40:57.968378', '2025-07-30 01:40:57.968378', 1),
(141, 2, NULL, 2, NULL, NULL, NULL, NULL, 'rerum.png', NULL, NULL, NULL, NULL, NULL, NULL, 1, '', '', '', '', NULL, 3, 'App\\Models\\Client', '2025-07-30 01:40:57.969067', '2025-07-30 01:40:57.969067', 1),
(142, 2, NULL, 2, NULL, NULL, NULL, NULL, 'doloribus.png', NULL, NULL, NULL, NULL, NULL, NULL, 1, '', '', '', '', NULL, 3, 'App\\Models\\Client', '2025-07-30 01:40:57.969779', '2025-07-30 01:40:57.969779', 1),
(143, 2, NULL, 2, NULL, NULL, NULL, NULL, 'esse.png', NULL, NULL, NULL, NULL, NULL, NULL, 1, '', '', '', '', NULL, 3, 'App\\Models\\Client', '2025-07-30 01:40:57.970532', '2025-07-30 01:40:57.970532', 1),
(144, 2, NULL, 2, NULL, NULL, NULL, NULL, 'voluptate.png', NULL, NULL, NULL, NULL, NULL, NULL, 1, '', '', '', '', NULL, 3, 'App\\Models\\Client', '2025-07-30 01:40:57.971389', '2025-07-30 01:40:57.971389', 1),
(145, 2, NULL, 2, NULL, NULL, NULL, NULL, 'ipsa.png', NULL, NULL, NULL, NULL, NULL, NULL, 1, '', '', '', '', NULL, 3, 'App\\Models\\Client', '2025-07-30 01:40:57.972198', '2025-07-30 01:40:57.972198', 1),
(146, 2, NULL, 2, NULL, NULL, NULL, NULL, 'assumenda.png', NULL, NULL, NULL, NULL, NULL, NULL, 1, '', '', '', '', NULL, 3, 'App\\Models\\Client', '2025-07-30 01:40:57.973054', '2025-07-30 01:40:57.973054', 1),
(147, 2, NULL, 2, NULL, NULL, NULL, NULL, 'aut.png', NULL, NULL, NULL, NULL, NULL, NULL, 1, '', '', '', '', NULL, 3, 'App\\Models\\Client', '2025-07-30 01:40:57.973989', '2025-07-30 01:40:57.973989', 1),
(148, 2, NULL, 2, NULL, NULL, NULL, NULL, 'occaecati.png', NULL, NULL, NULL, NULL, NULL, NULL, 1, '', '', '', '', NULL, 3, 'App\\Models\\Client', '2025-07-30 01:40:57.975135', '2025-07-30 01:40:57.975135', 1),
(149, 2, NULL, 2, NULL, NULL, NULL, NULL, 'hic.png', NULL, NULL, NULL, NULL, NULL, NULL, 1, '', '', '', '', NULL, 3, 'App\\Models\\Client', '2025-07-30 01:40:57.976005', '2025-07-30 01:40:57.976005', 1),
(150, 2, NULL, 2, NULL, NULL, NULL, NULL, 'est.png', NULL, NULL, NULL, NULL, NULL, NULL, 1, '', '', '', '', NULL, 3, 'App\\Models\\Client', '2025-07-30 01:40:57.976820', '2025-07-30 01:40:57.976820', 1),
(151, 2, NULL, 2, NULL, NULL, NULL, NULL, 'veniam.png', NULL, NULL, NULL, NULL, NULL, NULL, 1, '', '', '', '', NULL, 3, 'App\\Models\\Client', '2025-07-30 01:40:57.977784', '2025-07-30 01:40:57.977784', 1),
(152, 2, NULL, 2, NULL, NULL, NULL, NULL, 'esse.png', NULL, NULL, NULL, NULL, NULL, NULL, 1, '', '', '', '', NULL, 3, 'App\\Models\\Client', '2025-07-30 01:40:57.978765', '2025-07-30 01:40:57.978765', 1),
(153, 2, NULL, 2, NULL, NULL, NULL, NULL, 'error.png', NULL, NULL, NULL, NULL, NULL, NULL, 1, '', '', '', '', NULL, 3, 'App\\Models\\Client', '2025-07-30 01:40:57.979618', '2025-07-30 01:40:57.979618', 1),
(154, 2, NULL, 2, NULL, NULL, NULL, NULL, 'quos.png', NULL, NULL, NULL, NULL, NULL, NULL, 1, '', '', '', '', NULL, 3, 'App\\Models\\Client', '2025-07-30 01:40:57.980349', '2025-07-30 01:40:57.980349', 1),
(155, 2, NULL, 2, NULL, NULL, NULL, NULL, 'libero.png', NULL, NULL, NULL, NULL, NULL, NULL, 1, '', '', '', '', NULL, 3, 'App\\Models\\Client', '2025-07-30 01:40:57.981077', '2025-07-30 01:40:57.981077', 1),
(156, 2, NULL, 2, NULL, NULL, NULL, NULL, 'reiciendis.png', NULL, NULL, NULL, NULL, NULL, NULL, 1, '', '', '', '', NULL, 3, 'App\\Models\\Client', '2025-07-30 01:40:57.981947', '2025-07-30 01:40:57.981947', 1),
(157, 2, NULL, 2, NULL, NULL, NULL, NULL, 'dolorem.png', NULL, NULL, NULL, NULL, NULL, NULL, 1, '', '', '', '', NULL, 3, 'App\\Models\\Client', '2025-07-30 01:40:57.982875', '2025-07-30 01:40:57.982875', 1),
(158, 2, NULL, 2, NULL, NULL, NULL, NULL, 'perferendis.png', NULL, NULL, NULL, NULL, NULL, NULL, 1, '', '', '', '', NULL, 3, 'App\\Models\\Client', '2025-07-30 01:40:57.983677', '2025-07-30 01:40:57.983677', 1),
(159, 2, NULL, 2, NULL, NULL, NULL, NULL, 'sunt.png', NULL, NULL, NULL, NULL, NULL, NULL, 1, '', '', '', '', NULL, 3, 'App\\Models\\Client', '2025-07-30 01:40:57.984370', '2025-07-30 01:40:57.984370', 1),
(160, 2, NULL, 2, NULL, NULL, NULL, NULL, 'dignissimos.png', NULL, NULL, NULL, NULL, NULL, NULL, 1, '', '', '', '', NULL, 3, 'App\\Models\\Client', '2025-07-30 01:40:57.985136', '2025-07-30 01:40:57.985136', 1),
(161, 2, NULL, 2, NULL, NULL, NULL, NULL, 'molestiae.png', NULL, NULL, NULL, NULL, NULL, NULL, 1, '', '', '', '', NULL, 3, 'App\\Models\\Client', '2025-07-30 01:40:57.985947', '2025-07-30 01:40:57.985947', 1),
(162, 2, NULL, 2, NULL, NULL, NULL, NULL, 'in.png', NULL, NULL, NULL, NULL, NULL, NULL, 1, '', '', '', '', NULL, 3, 'App\\Models\\Client', '2025-07-30 01:40:57.986832', '2025-07-30 01:40:57.986832', 1),
(163, 2, NULL, 2, NULL, NULL, NULL, NULL, 'consectetur.png', NULL, NULL, NULL, NULL, NULL, NULL, 1, '', '', '', '', NULL, 3, 'App\\Models\\Client', '2025-07-30 01:40:57.987742', '2025-07-30 01:40:57.987742', 1),
(164, 2, NULL, 2, NULL, NULL, NULL, NULL, 'recusandae.png', NULL, NULL, NULL, NULL, NULL, NULL, 1, '', '', '', '', NULL, 3, 'App\\Models\\Client', '2025-07-30 01:40:57.988613', '2025-07-30 01:40:57.988613', 1),
(165, 2, NULL, 2, NULL, NULL, NULL, NULL, 'vitae.png', NULL, NULL, NULL, NULL, NULL, NULL, 1, '', '', '', '', NULL, 3, 'App\\Models\\Client', '2025-07-30 01:40:57.989530', '2025-07-30 01:40:57.989530', 1),
(166, 2, NULL, 2, NULL, NULL, NULL, NULL, 'eos.png', NULL, NULL, NULL, NULL, NULL, NULL, 1, '', '', '', '', NULL, 3, 'App\\Models\\Client', '2025-07-30 01:40:57.990708', '2025-07-30 01:40:57.990708', 1),
(167, 2, NULL, 2, NULL, NULL, NULL, NULL, 'quibusdam.png', NULL, NULL, NULL, NULL, NULL, NULL, 1, '', '', '', '', NULL, 4, 'App\\Models\\Client', '2025-07-30 01:40:58.448597', '2025-07-30 01:40:58.448597', 1),
(168, 2, NULL, 2, NULL, NULL, NULL, NULL, 'nobis.png', NULL, NULL, NULL, NULL, NULL, NULL, 1, '', '', '', '', NULL, 4, 'App\\Models\\Client', '2025-07-30 01:40:58.449804', '2025-07-30 01:40:58.449804', 1),
(169, 2, NULL, 2, NULL, NULL, NULL, NULL, 'molestiae.png', NULL, NULL, NULL, NULL, NULL, NULL, 1, '', '', '', '', NULL, 4, 'App\\Models\\Client', '2025-07-30 01:40:58.450719', '2025-07-30 01:40:58.450719', 1),
(170, 2, NULL, 2, NULL, NULL, NULL, NULL, 'voluptatum.png', NULL, NULL, NULL, NULL, NULL, NULL, 1, '', '', '', '', NULL, 4, 'App\\Models\\Client', '2025-07-30 01:40:58.451789', '2025-07-30 01:40:58.451789', 1),
(171, 2, NULL, 2, NULL, NULL, NULL, NULL, 'adipisci.png', NULL, NULL, NULL, NULL, NULL, NULL, 1, '', '', '', '', NULL, 4, 'App\\Models\\Client', '2025-07-30 01:40:58.452733', '2025-07-30 01:40:58.452733', 1),
(172, 2, NULL, 2, NULL, NULL, NULL, NULL, 'quasi.png', NULL, NULL, NULL, NULL, NULL, NULL, 1, '', '', '', '', NULL, 4, 'App\\Models\\Client', '2025-07-30 01:40:58.453753', '2025-07-30 01:40:58.453753', 1),
(173, 2, NULL, 2, NULL, NULL, NULL, NULL, 'repellat.png', NULL, NULL, NULL, NULL, NULL, NULL, 1, '', '', '', '', NULL, 4, 'App\\Models\\Client', '2025-07-30 01:40:58.454729', '2025-07-30 01:40:58.454729', 1),
(174, 2, NULL, 2, NULL, NULL, NULL, NULL, 'eum.png', NULL, NULL, NULL, NULL, NULL, NULL, 1, '', '', '', '', NULL, 4, 'App\\Models\\Client', '2025-07-30 01:40:58.455485', '2025-07-30 01:40:58.455485', 1),
(175, 2, NULL, 2, NULL, NULL, NULL, NULL, 'fugit.png', NULL, NULL, NULL, NULL, NULL, NULL, 1, '', '', '', '', NULL, 4, 'App\\Models\\Client', '2025-07-30 01:40:58.456227', '2025-07-30 01:40:58.456227', 1),
(176, 2, NULL, 2, NULL, NULL, NULL, NULL, 'mollitia.png', NULL, NULL, NULL, NULL, NULL, NULL, 1, '', '', '', '', NULL, 4, 'App\\Models\\Client', '2025-07-30 01:40:58.456945', '2025-07-30 01:40:58.456945', 1),
(177, 2, NULL, 2, NULL, NULL, NULL, NULL, 'ad.png', NULL, NULL, NULL, NULL, NULL, NULL, 1, '', '', '', '', NULL, 4, 'App\\Models\\Client', '2025-07-30 01:40:58.457694', '2025-07-30 01:40:58.457694', 1),
(178, 2, NULL, 2, NULL, NULL, NULL, NULL, 'autem.png', NULL, NULL, NULL, NULL, NULL, NULL, 1, '', '', '', '', NULL, 4, 'App\\Models\\Client', '2025-07-30 01:40:58.458379', '2025-07-30 01:40:58.458379', 1),
(179, 2, NULL, 2, NULL, NULL, NULL, NULL, 'autem.png', NULL, NULL, NULL, NULL, NULL, NULL, 1, '', '', '', '', NULL, 4, 'App\\Models\\Client', '2025-07-30 01:40:58.459111', '2025-07-30 01:40:58.459111', 1),
(180, 2, NULL, 2, NULL, NULL, NULL, NULL, 'doloribus.png', NULL, NULL, NULL, NULL, NULL, NULL, 1, '', '', '', '', NULL, 4, 'App\\Models\\Client', '2025-07-30 01:40:58.460645', '2025-07-30 01:40:58.460645', 1),
(181, 2, NULL, 2, NULL, NULL, NULL, NULL, 'commodi.png', NULL, NULL, NULL, NULL, NULL, NULL, 1, '', '', '', '', NULL, 4, 'App\\Models\\Client', '2025-07-30 01:40:58.461406', '2025-07-30 01:40:58.461406', 1),
(182, 2, NULL, 2, NULL, NULL, NULL, NULL, 'in.png', NULL, NULL, NULL, NULL, NULL, NULL, 1, '', '', '', '', NULL, 4, 'App\\Models\\Client', '2025-07-30 01:40:58.462134', '2025-07-30 01:40:58.462134', 1),
(183, 2, NULL, 2, NULL, NULL, NULL, NULL, 'ad.png', NULL, NULL, NULL, NULL, NULL, NULL, 1, '', '', '', '', NULL, 4, 'App\\Models\\Client', '2025-07-30 01:40:58.462971', '2025-07-30 01:40:58.462971', 1),
(184, 2, NULL, 2, NULL, NULL, NULL, NULL, 'quam.png', NULL, NULL, NULL, NULL, NULL, NULL, 1, '', '', '', '', NULL, 4, 'App\\Models\\Client', '2025-07-30 01:40:58.463856', '2025-07-30 01:40:58.463856', 1),
(185, 2, NULL, 2, NULL, NULL, NULL, NULL, 'similique.png', NULL, NULL, NULL, NULL, NULL, NULL, 1, '', '', '', '', NULL, 4, 'App\\Models\\Client', '2025-07-30 01:40:58.464730', '2025-07-30 01:40:58.464730', 1),
(186, 2, NULL, 2, NULL, NULL, NULL, NULL, 'et.png', NULL, NULL, NULL, NULL, NULL, NULL, 1, '', '', '', '', NULL, 4, 'App\\Models\\Client', '2025-07-30 01:40:58.465655', '2025-07-30 01:40:58.465655', 1),
(187, 2, NULL, 2, NULL, NULL, NULL, NULL, 'temporibus.png', NULL, NULL, NULL, NULL, NULL, NULL, 1, '', '', '', '', NULL, 4, 'App\\Models\\Client', '2025-07-30 01:40:58.466529', '2025-07-30 01:40:58.466529', 1),
(188, 2, NULL, 2, NULL, NULL, NULL, NULL, 'voluptas.png', NULL, NULL, NULL, NULL, NULL, NULL, 1, '', '', '', '', NULL, 4, 'App\\Models\\Client', '2025-07-30 01:40:58.467303', '2025-07-30 01:40:58.467303', 1),
(189, 2, NULL, 2, NULL, NULL, NULL, NULL, 'consequuntur.png', NULL, NULL, NULL, NULL, NULL, NULL, 1, '', '', '', '', NULL, 4, 'App\\Models\\Client', '2025-07-30 01:40:58.468439', '2025-07-30 01:40:58.468439', 1),
(190, 2, NULL, 2, NULL, NULL, NULL, NULL, 'optio.png', NULL, NULL, NULL, NULL, NULL, NULL, 1, '', '', '', '', NULL, 4, 'App\\Models\\Client', '2025-07-30 01:40:58.469488', '2025-07-30 01:40:58.469488', 1),
(191, 2, NULL, 2, NULL, NULL, NULL, NULL, 'nulla.png', NULL, NULL, NULL, NULL, NULL, NULL, 1, '', '', '', '', NULL, 4, 'App\\Models\\Client', '2025-07-30 01:40:58.470794', '2025-07-30 01:40:58.470794', 1),
(192, 2, NULL, 2, NULL, NULL, NULL, NULL, 'unde.png', NULL, NULL, NULL, NULL, NULL, NULL, 1, '', '', '', '', NULL, 4, 'App\\Models\\Client', '2025-07-30 01:40:58.471761', '2025-07-30 01:40:58.471761', 1),
(193, 2, NULL, 2, NULL, NULL, NULL, NULL, 'rerum.png', NULL, NULL, NULL, NULL, NULL, NULL, 1, '', '', '', '', NULL, 4, 'App\\Models\\Client', '2025-07-30 01:40:58.472789', '2025-07-30 01:40:58.472789', 1),
(194, 2, NULL, 2, NULL, NULL, NULL, NULL, 'et.png', NULL, NULL, NULL, NULL, NULL, NULL, 1, '', '', '', '', NULL, 4, 'App\\Models\\Client', '2025-07-30 01:40:58.473661', '2025-07-30 01:40:58.473661', 1),
(195, 2, NULL, 2, NULL, NULL, NULL, NULL, 'blanditiis.png', NULL, NULL, NULL, NULL, NULL, NULL, 1, '', '', '', '', NULL, 4, 'App\\Models\\Client', '2025-07-30 01:40:58.474615', '2025-07-30 01:40:58.474615', 1),
(196, 2, NULL, 2, NULL, NULL, NULL, NULL, 'voluptatem.png', NULL, NULL, NULL, NULL, NULL, NULL, 1, '', '', '', '', NULL, 4, 'App\\Models\\Client', '2025-07-30 01:40:58.475420', '2025-07-30 01:40:58.475420', 1),
(197, 2, NULL, 2, NULL, NULL, NULL, NULL, 'assumenda.png', NULL, NULL, NULL, NULL, NULL, NULL, 1, '', '', '', '', NULL, 4, 'App\\Models\\Client', '2025-07-30 01:40:58.476179', '2025-07-30 01:40:58.476179', 1),
(198, 2, NULL, 2, NULL, NULL, NULL, NULL, 'inventore.png', NULL, NULL, NULL, NULL, NULL, NULL, 1, '', '', '', '', NULL, 4, 'App\\Models\\Client', '2025-07-30 01:40:58.476963', '2025-07-30 01:40:58.476963', 1),
(199, 2, NULL, 2, NULL, NULL, NULL, NULL, 'animi.png', NULL, NULL, NULL, NULL, NULL, NULL, 1, '', '', '', '', NULL, 4, 'App\\Models\\Client', '2025-07-30 01:40:58.477826', '2025-07-30 01:40:58.477826', 1),
(200, 2, NULL, 2, NULL, NULL, NULL, NULL, 'corrupti.png', NULL, NULL, NULL, NULL, NULL, NULL, 1, '', '', '', '', NULL, 4, 'App\\Models\\Client', '2025-07-30 01:40:58.478604', '2025-07-30 01:40:58.478604', 1),
(201, 2, NULL, 2, NULL, NULL, NULL, NULL, 'porro.png', NULL, NULL, NULL, NULL, NULL, NULL, 1, '', '', '', '', NULL, 4, 'App\\Models\\Client', '2025-07-30 01:40:58.479325', '2025-07-30 01:40:58.479325', 1),
(202, 2, NULL, 2, NULL, NULL, NULL, NULL, 'ea.png', NULL, NULL, NULL, NULL, NULL, NULL, 1, '', '', '', '', NULL, 4, 'App\\Models\\Client', '2025-07-30 01:40:58.480057', '2025-07-30 01:40:58.480057', 1),
(203, 2, NULL, 2, NULL, NULL, NULL, NULL, 'iure.png', NULL, NULL, NULL, NULL, NULL, NULL, 1, '', '', '', '', NULL, 4, 'App\\Models\\Client', '2025-07-30 01:40:58.480804', '2025-07-30 01:40:58.480804', 1),
(204, 2, NULL, 2, NULL, NULL, NULL, NULL, 'est.png', NULL, NULL, NULL, NULL, NULL, NULL, 1, '', '', '', '', NULL, 4, 'App\\Models\\Client', '2025-07-30 01:40:58.481533', '2025-07-30 01:40:58.481533', 1),
(205, 2, NULL, 2, NULL, NULL, NULL, NULL, 'ea.png', NULL, NULL, NULL, NULL, NULL, NULL, 1, '', '', '', '', NULL, 4, 'App\\Models\\Client', '2025-07-30 01:40:58.482317', '2025-07-30 01:40:58.482317', 1),
(206, 2, NULL, 2, NULL, NULL, NULL, NULL, 'dolores.png', NULL, NULL, NULL, NULL, NULL, NULL, 1, '', '', '', '', NULL, 4, 'App\\Models\\Client', '2025-07-30 01:40:58.483128', '2025-07-30 01:40:58.483128', 1),
(207, 2, NULL, 2, NULL, NULL, NULL, NULL, 'non.png', NULL, NULL, NULL, NULL, NULL, NULL, 1, '', '', '', '', NULL, 4, 'App\\Models\\Client', '2025-07-30 01:40:58.484147', '2025-07-30 01:40:58.484147', 1),
(208, 2, NULL, 2, NULL, NULL, NULL, NULL, 'nemo.png', NULL, NULL, NULL, NULL, NULL, NULL, 1, '', '', '', '', NULL, 4, 'App\\Models\\Client', '2025-07-30 01:40:58.485100', '2025-07-30 01:40:58.485100', 1),
(209, 2, NULL, 2, NULL, NULL, NULL, NULL, 'similique.png', NULL, NULL, NULL, NULL, NULL, NULL, 1, '', '', '', '', NULL, 4, 'App\\Models\\Client', '2025-07-30 01:40:58.486353', '2025-07-30 01:40:58.486353', 1),
(210, 2, NULL, 2, NULL, NULL, NULL, NULL, 'recusandae.png', NULL, NULL, NULL, NULL, NULL, NULL, 1, '', '', '', '', NULL, 4, 'App\\Models\\Client', '2025-07-30 01:40:58.487550', '2025-07-30 01:40:58.487550', 1),
(211, 2, NULL, 2, NULL, NULL, NULL, NULL, 'dolorum.png', NULL, NULL, NULL, NULL, NULL, NULL, 1, '', '', '', '', NULL, 4, 'App\\Models\\Client', '2025-07-30 01:40:58.488744', '2025-07-30 01:40:58.488744', 1),
(212, 2, NULL, 2, NULL, NULL, NULL, NULL, 'consequatur.png', NULL, NULL, NULL, NULL, NULL, NULL, 1, '', '', '', '', NULL, 4, 'App\\Models\\Client', '2025-07-30 01:40:58.489868', '2025-07-30 01:40:58.489868', 1),
(213, 2, NULL, 2, NULL, NULL, NULL, NULL, 'et.png', NULL, NULL, NULL, NULL, NULL, NULL, 1, '', '', '', '', NULL, 4, 'App\\Models\\Client', '2025-07-30 01:40:58.491177', '2025-07-30 01:40:58.491177', 1),
(214, 2, NULL, 2, NULL, NULL, NULL, NULL, 'impedit.png', NULL, NULL, NULL, NULL, NULL, NULL, 1, '', '', '', '', NULL, 4, 'App\\Models\\Client', '2025-07-30 01:40:58.492142', '2025-07-30 01:40:58.492142', 1),
(215, 2, NULL, 2, NULL, NULL, NULL, NULL, 'blanditiis.png', NULL, NULL, NULL, NULL, NULL, NULL, 1, '', '', '', '', NULL, 4, 'App\\Models\\Client', '2025-07-30 01:40:58.493100', '2025-07-30 01:40:58.493100', 1),
(216, 2, NULL, 2, NULL, NULL, NULL, NULL, 'nemo.png', NULL, NULL, NULL, NULL, NULL, NULL, 1, '', '', '', '', NULL, 4, 'App\\Models\\Client', '2025-07-30 01:40:58.493924', '2025-07-30 01:40:58.493924', 1),
(217, 2, NULL, 2, NULL, NULL, NULL, NULL, 'at.png', NULL, NULL, NULL, NULL, NULL, NULL, 1, '', '', '', '', NULL, 5, 'App\\Models\\Client', '2025-07-30 01:40:58.764965', '2025-07-30 01:40:58.764965', 1),
(218, 2, NULL, 2, NULL, NULL, NULL, NULL, 'est.png', NULL, NULL, NULL, NULL, NULL, NULL, 1, '', '', '', '', NULL, 5, 'App\\Models\\Client', '2025-07-30 01:40:58.766707', '2025-07-30 01:40:58.766707', 1),
(219, 2, NULL, 2, NULL, NULL, NULL, NULL, 'hic.png', NULL, NULL, NULL, NULL, NULL, NULL, 1, '', '', '', '', NULL, 5, 'App\\Models\\Client', '2025-07-30 01:40:58.768208', '2025-07-30 01:40:58.768208', 1),
(220, 2, NULL, 2, NULL, NULL, NULL, NULL, 'qui.png', NULL, NULL, NULL, NULL, NULL, NULL, 1, '', '', '', '', NULL, 5, 'App\\Models\\Client', '2025-07-30 01:40:58.769275', '2025-07-30 01:40:58.769275', 1),
(221, 2, NULL, 2, NULL, NULL, NULL, NULL, 'expedita.png', NULL, NULL, NULL, NULL, NULL, NULL, 1, '', '', '', '', NULL, 5, 'App\\Models\\Client', '2025-07-30 01:40:58.770239', '2025-07-30 01:40:58.770239', 1),
(222, 2, NULL, 2, NULL, NULL, NULL, NULL, 'molestias.png', NULL, NULL, NULL, NULL, NULL, NULL, 1, '', '', '', '', NULL, 5, 'App\\Models\\Client', '2025-07-30 01:40:58.771162', '2025-07-30 01:40:58.771162', 1),
(223, 2, NULL, 2, NULL, NULL, NULL, NULL, 'sit.png', NULL, NULL, NULL, NULL, NULL, NULL, 1, '', '', '', '', NULL, 5, 'App\\Models\\Client', '2025-07-30 01:40:58.772335', '2025-07-30 01:40:58.772335', 1),
(224, 2, NULL, 2, NULL, NULL, NULL, NULL, 'cum.png', NULL, NULL, NULL, NULL, NULL, NULL, 1, '', '', '', '', NULL, 5, 'App\\Models\\Client', '2025-07-30 01:40:58.773412', '2025-07-30 01:40:58.773412', 1),
(225, 2, NULL, 2, NULL, NULL, NULL, NULL, 'voluptate.png', NULL, NULL, NULL, NULL, NULL, NULL, 1, '', '', '', '', NULL, 5, 'App\\Models\\Client', '2025-07-30 01:40:58.774468', '2025-07-30 01:40:58.774468', 1),
(226, 2, NULL, 2, NULL, NULL, NULL, NULL, 'sit.png', NULL, NULL, NULL, NULL, NULL, NULL, 1, '', '', '', '', NULL, 5, 'App\\Models\\Client', '2025-07-30 01:40:58.775507', '2025-07-30 01:40:58.775507', 1),
(227, 2, NULL, 2, NULL, NULL, NULL, NULL, 'et.png', NULL, NULL, NULL, NULL, NULL, NULL, 1, '', '', '', '', NULL, 5, 'App\\Models\\Client', '2025-07-30 01:40:58.776387', '2025-07-30 01:40:58.776387', 1),
(228, 2, NULL, 2, NULL, NULL, NULL, NULL, 'voluptatem.png', NULL, NULL, NULL, NULL, NULL, NULL, 1, '', '', '', '', NULL, 5, 'App\\Models\\Client', '2025-07-30 01:40:58.777210', '2025-07-30 01:40:58.777210', 1),
(229, 2, NULL, 2, NULL, NULL, NULL, NULL, 'quis.png', NULL, NULL, NULL, NULL, NULL, NULL, 1, '', '', '', '', NULL, 5, 'App\\Models\\Client', '2025-07-30 01:40:58.777930', '2025-07-30 01:40:58.777930', 1),
(230, 2, NULL, 2, NULL, NULL, NULL, NULL, 'est.png', NULL, NULL, NULL, NULL, NULL, NULL, 1, '', '', '', '', NULL, 5, 'App\\Models\\Client', '2025-07-30 01:40:58.778677', '2025-07-30 01:40:58.778677', 1),
(231, 2, NULL, 2, NULL, NULL, NULL, NULL, 'eos.png', NULL, NULL, NULL, NULL, NULL, NULL, 1, '', '', '', '', NULL, 5, 'App\\Models\\Client', '2025-07-30 01:40:58.779431', '2025-07-30 01:40:58.779431', 1),
(232, 2, NULL, 2, NULL, NULL, NULL, NULL, 'dolorem.png', NULL, NULL, NULL, NULL, NULL, NULL, 1, '', '', '', '', NULL, 5, 'App\\Models\\Client', '2025-07-30 01:40:58.780126', '2025-07-30 01:40:58.780126', 1),
(233, 2, NULL, 2, NULL, NULL, NULL, NULL, 'in.png', NULL, NULL, NULL, NULL, NULL, NULL, 1, '', '', '', '', NULL, 5, 'App\\Models\\Client', '2025-07-30 01:40:58.780836', '2025-07-30 01:40:58.780836', 1),
(234, 2, NULL, 2, NULL, NULL, NULL, NULL, 'non.png', NULL, NULL, NULL, NULL, NULL, NULL, 1, '', '', '', '', NULL, 5, 'App\\Models\\Client', '2025-07-30 01:40:58.781541', '2025-07-30 01:40:58.781541', 1),
(235, 2, NULL, 2, NULL, NULL, NULL, NULL, 'dicta.png', NULL, NULL, NULL, NULL, NULL, NULL, 1, '', '', '', '', NULL, 5, 'App\\Models\\Client', '2025-07-30 01:40:58.782251', '2025-07-30 01:40:58.782251', 1),
(236, 2, NULL, 2, NULL, NULL, NULL, NULL, 'iste.png', NULL, NULL, NULL, NULL, NULL, NULL, 1, '', '', '', '', NULL, 5, 'App\\Models\\Client', '2025-07-30 01:40:58.782952', '2025-07-30 01:40:58.782952', 1),
(237, 2, NULL, 2, NULL, NULL, NULL, NULL, 'recusandae.png', NULL, NULL, NULL, NULL, NULL, NULL, 1, '', '', '', '', NULL, 5, 'App\\Models\\Client', '2025-07-30 01:40:58.783659', '2025-07-30 01:40:58.783659', 1),
(238, 2, NULL, 2, NULL, NULL, NULL, NULL, 'error.png', NULL, NULL, NULL, NULL, NULL, NULL, 1, '', '', '', '', NULL, 5, 'App\\Models\\Client', '2025-07-30 01:40:58.784396', '2025-07-30 01:40:58.784396', 1),
(239, 2, NULL, 2, NULL, NULL, NULL, NULL, 'accusamus.png', NULL, NULL, NULL, NULL, NULL, NULL, 1, '', '', '', '', NULL, 5, 'App\\Models\\Client', '2025-07-30 01:40:58.785194', '2025-07-30 01:40:58.785194', 1),
(240, 2, NULL, 2, NULL, NULL, NULL, NULL, 'consectetur.png', NULL, NULL, NULL, NULL, NULL, NULL, 1, '', '', '', '', NULL, 5, 'App\\Models\\Client', '2025-07-30 01:40:58.786145', '2025-07-30 01:40:58.786145', 1),
(241, 2, NULL, 2, NULL, NULL, NULL, NULL, 'nihil.png', NULL, NULL, NULL, NULL, NULL, NULL, 1, '', '', '', '', NULL, 5, 'App\\Models\\Client', '2025-07-30 01:40:58.787040', '2025-07-30 01:40:58.787040', 1),
(242, 2, NULL, 2, NULL, NULL, NULL, NULL, 'dolorem.png', NULL, NULL, NULL, NULL, NULL, NULL, 1, '', '', '', '', NULL, 5, 'App\\Models\\Client', '2025-07-30 01:40:58.787826', '2025-07-30 01:40:58.787826', 1);
INSERT INTO `documents` (`id`, `user_id`, `assigned_user_id`, `company_id`, `project_id`, `vendor_id`, `url`, `preview`, `name`, `type`, `disk`, `hash`, `size`, `width`, `height`, `is_default`, `custom_value1`, `custom_value2`, `custom_value3`, `custom_value4`, `deleted_at`, `documentable_id`, `documentable_type`, `created_at`, `updated_at`, `is_public`) VALUES
(243, 2, NULL, 2, NULL, NULL, NULL, NULL, 'consectetur.png', NULL, NULL, NULL, NULL, NULL, NULL, 1, '', '', '', '', NULL, 5, 'App\\Models\\Client', '2025-07-30 01:40:58.788513', '2025-07-30 01:40:58.788513', 1),
(244, 2, NULL, 2, NULL, NULL, NULL, NULL, 'corrupti.png', NULL, NULL, NULL, NULL, NULL, NULL, 1, '', '', '', '', NULL, 5, 'App\\Models\\Client', '2025-07-30 01:40:58.789234', '2025-07-30 01:40:58.789234', 1),
(245, 2, NULL, 2, NULL, NULL, NULL, NULL, 'aut.png', NULL, NULL, NULL, NULL, NULL, NULL, 1, '', '', '', '', NULL, 5, 'App\\Models\\Client', '2025-07-30 01:40:58.790078', '2025-07-30 01:40:58.790078', 1),
(246, 2, NULL, 2, NULL, NULL, NULL, NULL, 'reprehenderit.png', NULL, NULL, NULL, NULL, NULL, NULL, 1, '', '', '', '', NULL, 5, 'App\\Models\\Client', '2025-07-30 01:40:58.790961', '2025-07-30 01:40:58.790961', 1),
(247, 2, NULL, 2, NULL, NULL, NULL, NULL, 'id.png', NULL, NULL, NULL, NULL, NULL, NULL, 1, '', '', '', '', NULL, 5, 'App\\Models\\Client', '2025-07-30 01:40:58.791862', '2025-07-30 01:40:58.791862', 1),
(248, 2, NULL, 2, NULL, NULL, NULL, NULL, 'vitae.png', NULL, NULL, NULL, NULL, NULL, NULL, 1, '', '', '', '', NULL, 5, 'App\\Models\\Client', '2025-07-30 01:40:58.792952', '2025-07-30 01:40:58.792952', 1),
(249, 2, NULL, 2, NULL, NULL, NULL, NULL, 'dignissimos.png', NULL, NULL, NULL, NULL, NULL, NULL, 1, '', '', '', '', NULL, 5, 'App\\Models\\Client', '2025-07-30 01:40:58.794111', '2025-07-30 01:40:58.794111', 1),
(250, 2, NULL, 2, NULL, NULL, NULL, NULL, 'voluptatibus.png', NULL, NULL, NULL, NULL, NULL, NULL, 1, '', '', '', '', NULL, 5, 'App\\Models\\Client', '2025-07-30 01:40:58.795271', '2025-07-30 01:40:58.795271', 1),
(251, 2, NULL, 2, NULL, NULL, NULL, NULL, 'voluptas.png', NULL, NULL, NULL, NULL, NULL, NULL, 1, '', '', '', '', NULL, 5, 'App\\Models\\Client', '2025-07-30 01:40:58.796297', '2025-07-30 01:40:58.796297', 1),
(252, 2, NULL, 2, NULL, NULL, NULL, NULL, 'quam.png', NULL, NULL, NULL, NULL, NULL, NULL, 1, '', '', '', '', NULL, 5, 'App\\Models\\Client', '2025-07-30 01:40:58.797281', '2025-07-30 01:40:58.797281', 1),
(253, 2, NULL, 2, NULL, NULL, NULL, NULL, 'praesentium.png', NULL, NULL, NULL, NULL, NULL, NULL, 1, '', '', '', '', NULL, 5, 'App\\Models\\Client', '2025-07-30 01:40:58.798339', '2025-07-30 01:40:58.798339', 1),
(254, 2, NULL, 2, NULL, NULL, NULL, NULL, 'est.png', NULL, NULL, NULL, NULL, NULL, NULL, 1, '', '', '', '', NULL, 5, 'App\\Models\\Client', '2025-07-30 01:40:58.799287', '2025-07-30 01:40:58.799287', 1),
(255, 2, NULL, 2, NULL, NULL, NULL, NULL, 'est.png', NULL, NULL, NULL, NULL, NULL, NULL, 1, '', '', '', '', NULL, 5, 'App\\Models\\Client', '2025-07-30 01:40:58.800303', '2025-07-30 01:40:58.800303', 1),
(256, 2, NULL, 2, NULL, NULL, NULL, NULL, 'minima.png', NULL, NULL, NULL, NULL, NULL, NULL, 1, '', '', '', '', NULL, 5, 'App\\Models\\Client', '2025-07-30 01:40:58.801466', '2025-07-30 01:40:58.801466', 1),
(257, 2, NULL, 2, NULL, NULL, NULL, NULL, 'voluptates.png', NULL, NULL, NULL, NULL, NULL, NULL, 1, '', '', '', '', NULL, 5, 'App\\Models\\Client', '2025-07-30 01:40:58.802913', '2025-07-30 01:40:58.802913', 1),
(258, 2, NULL, 2, NULL, NULL, NULL, NULL, 'totam.png', NULL, NULL, NULL, NULL, NULL, NULL, 1, '', '', '', '', NULL, 5, 'App\\Models\\Client', '2025-07-30 01:40:58.804818', '2025-07-30 01:40:58.804818', 1),
(259, 2, NULL, 2, NULL, NULL, NULL, NULL, 'nesciunt.png', NULL, NULL, NULL, NULL, NULL, NULL, 1, '', '', '', '', NULL, 5, 'App\\Models\\Client', '2025-07-30 01:40:58.805703', '2025-07-30 01:40:58.805703', 1),
(260, 2, NULL, 2, NULL, NULL, NULL, NULL, 'reprehenderit.png', NULL, NULL, NULL, NULL, NULL, NULL, 1, '', '', '', '', NULL, 5, 'App\\Models\\Client', '2025-07-30 01:40:58.806527', '2025-07-30 01:40:58.806527', 1),
(261, 2, NULL, 2, NULL, NULL, NULL, NULL, 'praesentium.png', NULL, NULL, NULL, NULL, NULL, NULL, 1, '', '', '', '', NULL, 5, 'App\\Models\\Client', '2025-07-30 01:40:58.807323', '2025-07-30 01:40:58.807323', 1),
(262, 2, NULL, 2, NULL, NULL, NULL, NULL, 'ratione.png', NULL, NULL, NULL, NULL, NULL, NULL, 1, '', '', '', '', NULL, 5, 'App\\Models\\Client', '2025-07-30 01:40:58.808275', '2025-07-30 01:40:58.808275', 1),
(263, 2, NULL, 2, NULL, NULL, NULL, NULL, 'molestias.png', NULL, NULL, NULL, NULL, NULL, NULL, 1, '', '', '', '', NULL, 5, 'App\\Models\\Client', '2025-07-30 01:40:58.809619', '2025-07-30 01:40:58.809619', 1),
(264, 2, NULL, 2, NULL, NULL, NULL, NULL, 'maxime.png', NULL, NULL, NULL, NULL, NULL, NULL, 1, '', '', '', '', NULL, 5, 'App\\Models\\Client', '2025-07-30 01:40:58.810902', '2025-07-30 01:40:58.810902', 1),
(265, 2, NULL, 2, NULL, NULL, NULL, NULL, 'voluptatem.png', NULL, NULL, NULL, NULL, NULL, NULL, 1, '', '', '', '', NULL, 5, 'App\\Models\\Client', '2025-07-30 01:40:58.812110', '2025-07-30 01:40:58.812110', 1),
(266, 2, NULL, 2, NULL, NULL, NULL, NULL, 'aut.png', NULL, NULL, NULL, NULL, NULL, NULL, 1, '', '', '', '', NULL, 5, 'App\\Models\\Client', '2025-07-30 01:40:58.813269', '2025-07-30 01:40:58.813269', 1),
(267, 2, NULL, 2, NULL, NULL, NULL, NULL, 'occaecati.png', NULL, NULL, NULL, NULL, NULL, NULL, 1, '', '', '', '', NULL, 6, 'App\\Models\\Client', '2025-07-30 01:40:59.421409', '2025-07-30 01:40:59.421409', 1),
(268, 2, NULL, 2, NULL, NULL, NULL, NULL, 'iusto.png', NULL, NULL, NULL, NULL, NULL, NULL, 1, '', '', '', '', NULL, 6, 'App\\Models\\Client', '2025-07-30 01:40:59.422981', '2025-07-30 01:40:59.422981', 1),
(269, 2, NULL, 2, NULL, NULL, NULL, NULL, 'quod.png', NULL, NULL, NULL, NULL, NULL, NULL, 1, '', '', '', '', NULL, 6, 'App\\Models\\Client', '2025-07-30 01:40:59.423881', '2025-07-30 01:40:59.423881', 1),
(270, 2, NULL, 2, NULL, NULL, NULL, NULL, 'magni.png', NULL, NULL, NULL, NULL, NULL, NULL, 1, '', '', '', '', NULL, 6, 'App\\Models\\Client', '2025-07-30 01:40:59.424747', '2025-07-30 01:40:59.424747', 1),
(271, 2, NULL, 2, NULL, NULL, NULL, NULL, 'dolor.png', NULL, NULL, NULL, NULL, NULL, NULL, 1, '', '', '', '', NULL, 6, 'App\\Models\\Client', '2025-07-30 01:40:59.425649', '2025-07-30 01:40:59.425649', 1),
(272, 2, NULL, 2, NULL, NULL, NULL, NULL, 'recusandae.png', NULL, NULL, NULL, NULL, NULL, NULL, 1, '', '', '', '', NULL, 6, 'App\\Models\\Client', '2025-07-30 01:40:59.426456', '2025-07-30 01:40:59.426456', 1),
(273, 2, NULL, 2, NULL, NULL, NULL, NULL, 'et.png', NULL, NULL, NULL, NULL, NULL, NULL, 1, '', '', '', '', NULL, 6, 'App\\Models\\Client', '2025-07-30 01:40:59.427186', '2025-07-30 01:40:59.427186', 1),
(274, 2, NULL, 2, NULL, NULL, NULL, NULL, 'consequatur.png', NULL, NULL, NULL, NULL, NULL, NULL, 1, '', '', '', '', NULL, 6, 'App\\Models\\Client', '2025-07-30 01:40:59.428222', '2025-07-30 01:40:59.428222', 1),
(275, 2, NULL, 2, NULL, NULL, NULL, NULL, 'consequatur.png', NULL, NULL, NULL, NULL, NULL, NULL, 1, '', '', '', '', NULL, 6, 'App\\Models\\Client', '2025-07-30 01:40:59.429090', '2025-07-30 01:40:59.429090', 1),
(276, 2, NULL, 2, NULL, NULL, NULL, NULL, 'corrupti.png', NULL, NULL, NULL, NULL, NULL, NULL, 1, '', '', '', '', NULL, 6, 'App\\Models\\Client', '2025-07-30 01:40:59.429898', '2025-07-30 01:40:59.429898', 1),
(277, 2, NULL, 2, NULL, NULL, NULL, NULL, 'aut.png', NULL, NULL, NULL, NULL, NULL, NULL, 1, '', '', '', '', NULL, 6, 'App\\Models\\Client', '2025-07-30 01:40:59.430620', '2025-07-30 01:40:59.430620', 1),
(278, 2, NULL, 2, NULL, NULL, NULL, NULL, 'voluptatem.png', NULL, NULL, NULL, NULL, NULL, NULL, 1, '', '', '', '', NULL, 6, 'App\\Models\\Client', '2025-07-30 01:40:59.431465', '2025-07-30 01:40:59.431465', 1),
(279, 2, NULL, 2, NULL, NULL, NULL, NULL, 'nihil.png', NULL, NULL, NULL, NULL, NULL, NULL, 1, '', '', '', '', NULL, 6, 'App\\Models\\Client', '2025-07-30 01:40:59.432450', '2025-07-30 01:40:59.432450', 1),
(280, 2, NULL, 2, NULL, NULL, NULL, NULL, 'consequatur.png', NULL, NULL, NULL, NULL, NULL, NULL, 1, '', '', '', '', NULL, 6, 'App\\Models\\Client', '2025-07-30 01:40:59.433366', '2025-07-30 01:40:59.433366', 1),
(281, 2, NULL, 2, NULL, NULL, NULL, NULL, 'omnis.png', NULL, NULL, NULL, NULL, NULL, NULL, 1, '', '', '', '', NULL, 6, 'App\\Models\\Client', '2025-07-30 01:40:59.434377', '2025-07-30 01:40:59.434377', 1),
(282, 2, NULL, 2, NULL, NULL, NULL, NULL, 'ipsam.png', NULL, NULL, NULL, NULL, NULL, NULL, 1, '', '', '', '', NULL, 6, 'App\\Models\\Client', '2025-07-30 01:40:59.435276', '2025-07-30 01:40:59.435276', 1),
(283, 2, NULL, 2, NULL, NULL, NULL, NULL, 'et.png', NULL, NULL, NULL, NULL, NULL, NULL, 1, '', '', '', '', NULL, 6, 'App\\Models\\Client', '2025-07-30 01:40:59.436170', '2025-07-30 01:40:59.436170', 1),
(284, 2, NULL, 2, NULL, NULL, NULL, NULL, 'aut.png', NULL, NULL, NULL, NULL, NULL, NULL, 1, '', '', '', '', NULL, 6, 'App\\Models\\Client', '2025-07-30 01:40:59.437058', '2025-07-30 01:40:59.437058', 1),
(285, 2, NULL, 2, NULL, NULL, NULL, NULL, 'quo.png', NULL, NULL, NULL, NULL, NULL, NULL, 1, '', '', '', '', NULL, 6, 'App\\Models\\Client', '2025-07-30 01:40:59.438054', '2025-07-30 01:40:59.438054', 1),
(286, 2, NULL, 2, NULL, NULL, NULL, NULL, 'minima.png', NULL, NULL, NULL, NULL, NULL, NULL, 1, '', '', '', '', NULL, 6, 'App\\Models\\Client', '2025-07-30 01:40:59.439092', '2025-07-30 01:40:59.439092', 1),
(287, 2, NULL, 2, NULL, NULL, NULL, NULL, 'veritatis.png', NULL, NULL, NULL, NULL, NULL, NULL, 1, '', '', '', '', NULL, 6, 'App\\Models\\Client', '2025-07-30 01:40:59.439961', '2025-07-30 01:40:59.439961', 1),
(288, 2, NULL, 2, NULL, NULL, NULL, NULL, 'deleniti.png', NULL, NULL, NULL, NULL, NULL, NULL, 1, '', '', '', '', NULL, 6, 'App\\Models\\Client', '2025-07-30 01:40:59.440814', '2025-07-30 01:40:59.440814', 1),
(289, 2, NULL, 2, NULL, NULL, NULL, NULL, 'qui.png', NULL, NULL, NULL, NULL, NULL, NULL, 1, '', '', '', '', NULL, 6, 'App\\Models\\Client', '2025-07-30 01:40:59.441789', '2025-07-30 01:40:59.441789', 1),
(290, 2, NULL, 2, NULL, NULL, NULL, NULL, 'quaerat.png', NULL, NULL, NULL, NULL, NULL, NULL, 1, '', '', '', '', NULL, 6, 'App\\Models\\Client', '2025-07-30 01:40:59.442641', '2025-07-30 01:40:59.442641', 1),
(291, 2, NULL, 2, NULL, NULL, NULL, NULL, 'sunt.png', NULL, NULL, NULL, NULL, NULL, NULL, 1, '', '', '', '', NULL, 6, 'App\\Models\\Client', '2025-07-30 01:40:59.443507', '2025-07-30 01:40:59.443507', 1),
(292, 2, NULL, 2, NULL, NULL, NULL, NULL, 'dolores.png', NULL, NULL, NULL, NULL, NULL, NULL, 1, '', '', '', '', NULL, 6, 'App\\Models\\Client', '2025-07-30 01:40:59.444347', '2025-07-30 01:40:59.444347', 1),
(293, 2, NULL, 2, NULL, NULL, NULL, NULL, 'quas.png', NULL, NULL, NULL, NULL, NULL, NULL, 1, '', '', '', '', NULL, 6, 'App\\Models\\Client', '2025-07-30 01:40:59.445140', '2025-07-30 01:40:59.445140', 1),
(294, 2, NULL, 2, NULL, NULL, NULL, NULL, 'ratione.png', NULL, NULL, NULL, NULL, NULL, NULL, 1, '', '', '', '', NULL, 6, 'App\\Models\\Client', '2025-07-30 01:40:59.445910', '2025-07-30 01:40:59.445910', 1),
(295, 2, NULL, 2, NULL, NULL, NULL, NULL, 'molestiae.png', NULL, NULL, NULL, NULL, NULL, NULL, 1, '', '', '', '', NULL, 6, 'App\\Models\\Client', '2025-07-30 01:40:59.446734', '2025-07-30 01:40:59.446734', 1),
(296, 2, NULL, 2, NULL, NULL, NULL, NULL, 'earum.png', NULL, NULL, NULL, NULL, NULL, NULL, 1, '', '', '', '', NULL, 6, 'App\\Models\\Client', '2025-07-30 01:40:59.447432', '2025-07-30 01:40:59.447432', 1),
(297, 2, NULL, 2, NULL, NULL, NULL, NULL, 'aut.png', NULL, NULL, NULL, NULL, NULL, NULL, 1, '', '', '', '', NULL, 6, 'App\\Models\\Client', '2025-07-30 01:40:59.448110', '2025-07-30 01:40:59.448110', 1),
(298, 2, NULL, 2, NULL, NULL, NULL, NULL, 'nesciunt.png', NULL, NULL, NULL, NULL, NULL, NULL, 1, '', '', '', '', NULL, 6, 'App\\Models\\Client', '2025-07-30 01:40:59.448799', '2025-07-30 01:40:59.448799', 1),
(299, 2, NULL, 2, NULL, NULL, NULL, NULL, 'sit.png', NULL, NULL, NULL, NULL, NULL, NULL, 1, '', '', '', '', NULL, 6, 'App\\Models\\Client', '2025-07-30 01:40:59.449519', '2025-07-30 01:40:59.449519', 1),
(300, 2, NULL, 2, NULL, NULL, NULL, NULL, 'impedit.png', NULL, NULL, NULL, NULL, NULL, NULL, 1, '', '', '', '', NULL, 6, 'App\\Models\\Client', '2025-07-30 01:40:59.450313', '2025-07-30 01:40:59.450313', 1),
(301, 2, NULL, 2, NULL, NULL, NULL, NULL, 'magnam.png', NULL, NULL, NULL, NULL, NULL, NULL, 1, '', '', '', '', NULL, 6, 'App\\Models\\Client', '2025-07-30 01:40:59.451291', '2025-07-30 01:40:59.451291', 1),
(302, 2, NULL, 2, NULL, NULL, NULL, NULL, 'quia.png', NULL, NULL, NULL, NULL, NULL, NULL, 1, '', '', '', '', NULL, 6, 'App\\Models\\Client', '2025-07-30 01:40:59.452205', '2025-07-30 01:40:59.452205', 1),
(303, 2, NULL, 2, NULL, NULL, NULL, NULL, 'qui.png', NULL, NULL, NULL, NULL, NULL, NULL, 1, '', '', '', '', NULL, 6, 'App\\Models\\Client', '2025-07-30 01:40:59.452959', '2025-07-30 01:40:59.452959', 1),
(304, 2, NULL, 2, NULL, NULL, NULL, NULL, 'libero.png', NULL, NULL, NULL, NULL, NULL, NULL, 1, '', '', '', '', NULL, 6, 'App\\Models\\Client', '2025-07-30 01:40:59.453705', '2025-07-30 01:40:59.453705', 1),
(305, 2, NULL, 2, NULL, NULL, NULL, NULL, 'quis.png', NULL, NULL, NULL, NULL, NULL, NULL, 1, '', '', '', '', NULL, 6, 'App\\Models\\Client', '2025-07-30 01:40:59.454530', '2025-07-30 01:40:59.454530', 1),
(306, 2, NULL, 2, NULL, NULL, NULL, NULL, 'ut.png', NULL, NULL, NULL, NULL, NULL, NULL, 1, '', '', '', '', NULL, 6, 'App\\Models\\Client', '2025-07-30 01:40:59.455294', '2025-07-30 01:40:59.455294', 1),
(307, 2, NULL, 2, NULL, NULL, NULL, NULL, 'cupiditate.png', NULL, NULL, NULL, NULL, NULL, NULL, 1, '', '', '', '', NULL, 6, 'App\\Models\\Client', '2025-07-30 01:40:59.456074', '2025-07-30 01:40:59.456074', 1),
(308, 2, NULL, 2, NULL, NULL, NULL, NULL, 'et.png', NULL, NULL, NULL, NULL, NULL, NULL, 1, '', '', '', '', NULL, 6, 'App\\Models\\Client', '2025-07-30 01:40:59.456775', '2025-07-30 01:40:59.456775', 1),
(309, 2, NULL, 2, NULL, NULL, NULL, NULL, 'qui.png', NULL, NULL, NULL, NULL, NULL, NULL, 1, '', '', '', '', NULL, 6, 'App\\Models\\Client', '2025-07-30 01:40:59.457684', '2025-07-30 01:40:59.457684', 1),
(310, 2, NULL, 2, NULL, NULL, NULL, NULL, 'et.png', NULL, NULL, NULL, NULL, NULL, NULL, 1, '', '', '', '', NULL, 6, 'App\\Models\\Client', '2025-07-30 01:40:59.458696', '2025-07-30 01:40:59.458696', 1),
(311, 2, NULL, 2, NULL, NULL, NULL, NULL, 'laboriosam.png', NULL, NULL, NULL, NULL, NULL, NULL, 1, '', '', '', '', NULL, 6, 'App\\Models\\Client', '2025-07-30 01:40:59.459698', '2025-07-30 01:40:59.459698', 1),
(312, 2, NULL, 2, NULL, NULL, NULL, NULL, 'sapiente.png', NULL, NULL, NULL, NULL, NULL, NULL, 1, '', '', '', '', NULL, 6, 'App\\Models\\Client', '2025-07-30 01:40:59.460557', '2025-07-30 01:40:59.460557', 1),
(313, 2, NULL, 2, NULL, NULL, NULL, NULL, 'et.png', NULL, NULL, NULL, NULL, NULL, NULL, 1, '', '', '', '', NULL, 6, 'App\\Models\\Client', '2025-07-30 01:40:59.461317', '2025-07-30 01:40:59.461317', 1),
(314, 2, NULL, 2, NULL, NULL, NULL, NULL, 'sed.png', NULL, NULL, NULL, NULL, NULL, NULL, 1, '', '', '', '', NULL, 6, 'App\\Models\\Client', '2025-07-30 01:40:59.462004', '2025-07-30 01:40:59.462004', 1),
(315, 2, NULL, 2, NULL, NULL, NULL, NULL, 'perferendis.png', NULL, NULL, NULL, NULL, NULL, NULL, 1, '', '', '', '', NULL, 6, 'App\\Models\\Client', '2025-07-30 01:40:59.462697', '2025-07-30 01:40:59.462697', 1),
(316, 2, NULL, 2, NULL, NULL, NULL, NULL, 'consequatur.png', NULL, NULL, NULL, NULL, NULL, NULL, 1, '', '', '', '', NULL, 6, 'App\\Models\\Client', '2025-07-30 01:40:59.463539', '2025-07-30 01:40:59.463539', 1),
(317, 2, NULL, 2, NULL, NULL, NULL, NULL, 'nihil.png', NULL, NULL, NULL, NULL, NULL, NULL, 1, '', '', '', '', NULL, 7, 'App\\Models\\Client', '2025-07-30 01:40:59.711124', '2025-07-30 01:40:59.711124', 1),
(318, 2, NULL, 2, NULL, NULL, NULL, NULL, 'amet.png', NULL, NULL, NULL, NULL, NULL, NULL, 1, '', '', '', '', NULL, 7, 'App\\Models\\Client', '2025-07-30 01:40:59.712617', '2025-07-30 01:40:59.712617', 1),
(319, 2, NULL, 2, NULL, NULL, NULL, NULL, 'cumque.png', NULL, NULL, NULL, NULL, NULL, NULL, 1, '', '', '', '', NULL, 7, 'App\\Models\\Client', '2025-07-30 01:40:59.713608', '2025-07-30 01:40:59.713608', 1),
(320, 2, NULL, 2, NULL, NULL, NULL, NULL, 'est.png', NULL, NULL, NULL, NULL, NULL, NULL, 1, '', '', '', '', NULL, 7, 'App\\Models\\Client', '2025-07-30 01:40:59.714503', '2025-07-30 01:40:59.714503', 1),
(321, 2, NULL, 2, NULL, NULL, NULL, NULL, 'molestias.png', NULL, NULL, NULL, NULL, NULL, NULL, 1, '', '', '', '', NULL, 7, 'App\\Models\\Client', '2025-07-30 01:40:59.715265', '2025-07-30 01:40:59.715265', 1),
(322, 2, NULL, 2, NULL, NULL, NULL, NULL, 'consequuntur.png', NULL, NULL, NULL, NULL, NULL, NULL, 1, '', '', '', '', NULL, 7, 'App\\Models\\Client', '2025-07-30 01:40:59.716090', '2025-07-30 01:40:59.716090', 1),
(323, 2, NULL, 2, NULL, NULL, NULL, NULL, 'possimus.png', NULL, NULL, NULL, NULL, NULL, NULL, 1, '', '', '', '', NULL, 7, 'App\\Models\\Client', '2025-07-30 01:40:59.717139', '2025-07-30 01:40:59.717139', 1),
(324, 2, NULL, 2, NULL, NULL, NULL, NULL, 'repellat.png', NULL, NULL, NULL, NULL, NULL, NULL, 1, '', '', '', '', NULL, 7, 'App\\Models\\Client', '2025-07-30 01:40:59.718350', '2025-07-30 01:40:59.718350', 1),
(325, 2, NULL, 2, NULL, NULL, NULL, NULL, 'suscipit.png', NULL, NULL, NULL, NULL, NULL, NULL, 1, '', '', '', '', NULL, 7, 'App\\Models\\Client', '2025-07-30 01:40:59.719398', '2025-07-30 01:40:59.719398', 1),
(326, 2, NULL, 2, NULL, NULL, NULL, NULL, 'qui.png', NULL, NULL, NULL, NULL, NULL, NULL, 1, '', '', '', '', NULL, 7, 'App\\Models\\Client', '2025-07-30 01:40:59.720615', '2025-07-30 01:40:59.720615', 1),
(327, 2, NULL, 2, NULL, NULL, NULL, NULL, 'illum.png', NULL, NULL, NULL, NULL, NULL, NULL, 1, '', '', '', '', NULL, 7, 'App\\Models\\Client', '2025-07-30 01:40:59.721782', '2025-07-30 01:40:59.721782', 1),
(328, 2, NULL, 2, NULL, NULL, NULL, NULL, 'provident.png', NULL, NULL, NULL, NULL, NULL, NULL, 1, '', '', '', '', NULL, 7, 'App\\Models\\Client', '2025-07-30 01:40:59.722845', '2025-07-30 01:40:59.722845', 1),
(329, 2, NULL, 2, NULL, NULL, NULL, NULL, 'dolor.png', NULL, NULL, NULL, NULL, NULL, NULL, 1, '', '', '', '', NULL, 7, 'App\\Models\\Client', '2025-07-30 01:40:59.723883', '2025-07-30 01:40:59.723883', 1),
(330, 2, NULL, 2, NULL, NULL, NULL, NULL, 'iste.png', NULL, NULL, NULL, NULL, NULL, NULL, 1, '', '', '', '', NULL, 7, 'App\\Models\\Client', '2025-07-30 01:40:59.724872', '2025-07-30 01:40:59.724872', 1),
(331, 2, NULL, 2, NULL, NULL, NULL, NULL, 'consequatur.png', NULL, NULL, NULL, NULL, NULL, NULL, 1, '', '', '', '', NULL, 7, 'App\\Models\\Client', '2025-07-30 01:40:59.725839', '2025-07-30 01:40:59.725839', 1),
(332, 2, NULL, 2, NULL, NULL, NULL, NULL, 'consequatur.png', NULL, NULL, NULL, NULL, NULL, NULL, 1, '', '', '', '', NULL, 7, 'App\\Models\\Client', '2025-07-30 01:40:59.726910', '2025-07-30 01:40:59.726910', 1),
(333, 2, NULL, 2, NULL, NULL, NULL, NULL, 'recusandae.png', NULL, NULL, NULL, NULL, NULL, NULL, 1, '', '', '', '', NULL, 7, 'App\\Models\\Client', '2025-07-30 01:40:59.727870', '2025-07-30 01:40:59.727870', 1),
(334, 2, NULL, 2, NULL, NULL, NULL, NULL, 'officia.png', NULL, NULL, NULL, NULL, NULL, NULL, 1, '', '', '', '', NULL, 7, 'App\\Models\\Client', '2025-07-30 01:40:59.728917', '2025-07-30 01:40:59.728917', 1),
(335, 2, NULL, 2, NULL, NULL, NULL, NULL, 'itaque.png', NULL, NULL, NULL, NULL, NULL, NULL, 1, '', '', '', '', NULL, 7, 'App\\Models\\Client', '2025-07-30 01:40:59.729776', '2025-07-30 01:40:59.729776', 1),
(336, 2, NULL, 2, NULL, NULL, NULL, NULL, 'incidunt.png', NULL, NULL, NULL, NULL, NULL, NULL, 1, '', '', '', '', NULL, 7, 'App\\Models\\Client', '2025-07-30 01:40:59.730761', '2025-07-30 01:40:59.730761', 1),
(337, 2, NULL, 2, NULL, NULL, NULL, NULL, 'alias.png', NULL, NULL, NULL, NULL, NULL, NULL, 1, '', '', '', '', NULL, 7, 'App\\Models\\Client', '2025-07-30 01:40:59.731767', '2025-07-30 01:40:59.731767', 1),
(338, 2, NULL, 2, NULL, NULL, NULL, NULL, 'in.png', NULL, NULL, NULL, NULL, NULL, NULL, 1, '', '', '', '', NULL, 7, 'App\\Models\\Client', '2025-07-30 01:40:59.732894', '2025-07-30 01:40:59.732894', 1),
(339, 2, NULL, 2, NULL, NULL, NULL, NULL, 'numquam.png', NULL, NULL, NULL, NULL, NULL, NULL, 1, '', '', '', '', NULL, 7, 'App\\Models\\Client', '2025-07-30 01:40:59.734054', '2025-07-30 01:40:59.734054', 1),
(340, 2, NULL, 2, NULL, NULL, NULL, NULL, 'voluptate.png', NULL, NULL, NULL, NULL, NULL, NULL, 1, '', '', '', '', NULL, 7, 'App\\Models\\Client', '2025-07-30 01:40:59.735242', '2025-07-30 01:40:59.735242', 1),
(341, 2, NULL, 2, NULL, NULL, NULL, NULL, 'similique.png', NULL, NULL, NULL, NULL, NULL, NULL, 1, '', '', '', '', NULL, 7, 'App\\Models\\Client', '2025-07-30 01:40:59.736289', '2025-07-30 01:40:59.736289', 1),
(342, 2, NULL, 2, NULL, NULL, NULL, NULL, 'consequatur.png', NULL, NULL, NULL, NULL, NULL, NULL, 1, '', '', '', '', NULL, 7, 'App\\Models\\Client', '2025-07-30 01:40:59.737203', '2025-07-30 01:40:59.737203', 1),
(343, 2, NULL, 2, NULL, NULL, NULL, NULL, 'perferendis.png', NULL, NULL, NULL, NULL, NULL, NULL, 1, '', '', '', '', NULL, 7, 'App\\Models\\Client', '2025-07-30 01:40:59.738130', '2025-07-30 01:40:59.738130', 1),
(344, 2, NULL, 2, NULL, NULL, NULL, NULL, 'sed.png', NULL, NULL, NULL, NULL, NULL, NULL, 1, '', '', '', '', NULL, 7, 'App\\Models\\Client', '2025-07-30 01:40:59.738874', '2025-07-30 01:40:59.738874', 1),
(345, 2, NULL, 2, NULL, NULL, NULL, NULL, 'repellendus.png', NULL, NULL, NULL, NULL, NULL, NULL, 1, '', '', '', '', NULL, 7, 'App\\Models\\Client', '2025-07-30 01:40:59.739743', '2025-07-30 01:40:59.739743', 1),
(346, 2, NULL, 2, NULL, NULL, NULL, NULL, 'asperiores.png', NULL, NULL, NULL, NULL, NULL, NULL, 1, '', '', '', '', NULL, 7, 'App\\Models\\Client', '2025-07-30 01:40:59.740818', '2025-07-30 01:40:59.740818', 1),
(347, 2, NULL, 2, NULL, NULL, NULL, NULL, 'quia.png', NULL, NULL, NULL, NULL, NULL, NULL, 1, '', '', '', '', NULL, 7, 'App\\Models\\Client', '2025-07-30 01:40:59.741705', '2025-07-30 01:40:59.741705', 1),
(348, 2, NULL, 2, NULL, NULL, NULL, NULL, 'quo.png', NULL, NULL, NULL, NULL, NULL, NULL, 1, '', '', '', '', NULL, 7, 'App\\Models\\Client', '2025-07-30 01:40:59.742655', '2025-07-30 01:40:59.742655', 1),
(349, 2, NULL, 2, NULL, NULL, NULL, NULL, 'officiis.png', NULL, NULL, NULL, NULL, NULL, NULL, 1, '', '', '', '', NULL, 7, 'App\\Models\\Client', '2025-07-30 01:40:59.743412', '2025-07-30 01:40:59.743412', 1),
(350, 2, NULL, 2, NULL, NULL, NULL, NULL, 'tempora.png', NULL, NULL, NULL, NULL, NULL, NULL, 1, '', '', '', '', NULL, 7, 'App\\Models\\Client', '2025-07-30 01:40:59.744095', '2025-07-30 01:40:59.744095', 1),
(351, 2, NULL, 2, NULL, NULL, NULL, NULL, 'animi.png', NULL, NULL, NULL, NULL, NULL, NULL, 1, '', '', '', '', NULL, 7, 'App\\Models\\Client', '2025-07-30 01:40:59.744986', '2025-07-30 01:40:59.744986', 1),
(352, 2, NULL, 2, NULL, NULL, NULL, NULL, 'qui.png', NULL, NULL, NULL, NULL, NULL, NULL, 1, '', '', '', '', NULL, 7, 'App\\Models\\Client', '2025-07-30 01:40:59.745820', '2025-07-30 01:40:59.745820', 1),
(353, 2, NULL, 2, NULL, NULL, NULL, NULL, 'reprehenderit.png', NULL, NULL, NULL, NULL, NULL, NULL, 1, '', '', '', '', NULL, 7, 'App\\Models\\Client', '2025-07-30 01:40:59.746720', '2025-07-30 01:40:59.746720', 1),
(354, 2, NULL, 2, NULL, NULL, NULL, NULL, 'reprehenderit.png', NULL, NULL, NULL, NULL, NULL, NULL, 1, '', '', '', '', NULL, 7, 'App\\Models\\Client', '2025-07-30 01:40:59.747573', '2025-07-30 01:40:59.747573', 1),
(355, 2, NULL, 2, NULL, NULL, NULL, NULL, 'et.png', NULL, NULL, NULL, NULL, NULL, NULL, 1, '', '', '', '', NULL, 7, 'App\\Models\\Client', '2025-07-30 01:40:59.748376', '2025-07-30 01:40:59.748376', 1),
(356, 2, NULL, 2, NULL, NULL, NULL, NULL, 'unde.png', NULL, NULL, NULL, NULL, NULL, NULL, 1, '', '', '', '', NULL, 7, 'App\\Models\\Client', '2025-07-30 01:40:59.749263', '2025-07-30 01:40:59.749263', 1),
(357, 2, NULL, 2, NULL, NULL, NULL, NULL, 'non.png', NULL, NULL, NULL, NULL, NULL, NULL, 1, '', '', '', '', NULL, 7, 'App\\Models\\Client', '2025-07-30 01:40:59.750200', '2025-07-30 01:40:59.750200', 1),
(358, 2, NULL, 2, NULL, NULL, NULL, NULL, 'et.png', NULL, NULL, NULL, NULL, NULL, NULL, 1, '', '', '', '', NULL, 7, 'App\\Models\\Client', '2025-07-30 01:40:59.751054', '2025-07-30 01:40:59.751054', 1),
(359, 2, NULL, 2, NULL, NULL, NULL, NULL, 'neque.png', NULL, NULL, NULL, NULL, NULL, NULL, 1, '', '', '', '', NULL, 7, 'App\\Models\\Client', '2025-07-30 01:40:59.751948', '2025-07-30 01:40:59.751948', 1),
(360, 2, NULL, 2, NULL, NULL, NULL, NULL, 'quis.png', NULL, NULL, NULL, NULL, NULL, NULL, 1, '', '', '', '', NULL, 7, 'App\\Models\\Client', '2025-07-30 01:40:59.752839', '2025-07-30 01:40:59.752839', 1),
(361, 2, NULL, 2, NULL, NULL, NULL, NULL, 'odit.png', NULL, NULL, NULL, NULL, NULL, NULL, 1, '', '', '', '', NULL, 7, 'App\\Models\\Client', '2025-07-30 01:40:59.753633', '2025-07-30 01:40:59.753633', 1),
(362, 2, NULL, 2, NULL, NULL, NULL, NULL, 'et.png', NULL, NULL, NULL, NULL, NULL, NULL, 1, '', '', '', '', NULL, 7, 'App\\Models\\Client', '2025-07-30 01:40:59.754375', '2025-07-30 01:40:59.754375', 1),
(363, 2, NULL, 2, NULL, NULL, NULL, NULL, 'iure.png', NULL, NULL, NULL, NULL, NULL, NULL, 1, '', '', '', '', NULL, 7, 'App\\Models\\Client', '2025-07-30 01:40:59.755203', '2025-07-30 01:40:59.755203', 1),
(364, 2, NULL, 2, NULL, NULL, NULL, NULL, 'molestiae.png', NULL, NULL, NULL, NULL, NULL, NULL, 1, '', '', '', '', NULL, 7, 'App\\Models\\Client', '2025-07-30 01:40:59.756013', '2025-07-30 01:40:59.756013', 1),
(365, 2, NULL, 2, NULL, NULL, NULL, NULL, 'consequatur.png', NULL, NULL, NULL, NULL, NULL, NULL, 1, '', '', '', '', NULL, 7, 'App\\Models\\Client', '2025-07-30 01:40:59.756939', '2025-07-30 01:40:59.756939', 1),
(366, 2, NULL, 2, NULL, NULL, NULL, NULL, 'voluptatem.png', NULL, NULL, NULL, NULL, NULL, NULL, 1, '', '', '', '', NULL, 7, 'App\\Models\\Client', '2025-07-30 01:40:59.757864', '2025-07-30 01:40:59.757864', 1),
(367, 2, NULL, 2, NULL, NULL, NULL, NULL, 'aliquid.png', NULL, NULL, NULL, NULL, NULL, NULL, 1, '', '', '', '', NULL, 8, 'App\\Models\\Client', '2025-07-30 01:41:00.009930', '2025-07-30 01:41:00.009930', 1),
(368, 2, NULL, 2, NULL, NULL, NULL, NULL, 'doloremque.png', NULL, NULL, NULL, NULL, NULL, NULL, 1, '', '', '', '', NULL, 8, 'App\\Models\\Client', '2025-07-30 01:41:00.011790', '2025-07-30 01:41:00.011790', 1),
(369, 2, NULL, 2, NULL, NULL, NULL, NULL, 'libero.png', NULL, NULL, NULL, NULL, NULL, NULL, 1, '', '', '', '', NULL, 8, 'App\\Models\\Client', '2025-07-30 01:41:00.013498', '2025-07-30 01:41:00.013498', 1),
(370, 2, NULL, 2, NULL, NULL, NULL, NULL, 'et.png', NULL, NULL, NULL, NULL, NULL, NULL, 1, '', '', '', '', NULL, 8, 'App\\Models\\Client', '2025-07-30 01:41:00.014918', '2025-07-30 01:41:00.014918', 1),
(371, 2, NULL, 2, NULL, NULL, NULL, NULL, 'omnis.png', NULL, NULL, NULL, NULL, NULL, NULL, 1, '', '', '', '', NULL, 8, 'App\\Models\\Client', '2025-07-30 01:41:00.016275', '2025-07-30 01:41:00.016275', 1),
(372, 2, NULL, 2, NULL, NULL, NULL, NULL, 'dolorem.png', NULL, NULL, NULL, NULL, NULL, NULL, 1, '', '', '', '', NULL, 8, 'App\\Models\\Client', '2025-07-30 01:41:00.017426', '2025-07-30 01:41:00.017426', 1),
(373, 2, NULL, 2, NULL, NULL, NULL, NULL, 'rem.png', NULL, NULL, NULL, NULL, NULL, NULL, 1, '', '', '', '', NULL, 8, 'App\\Models\\Client', '2025-07-30 01:41:00.018494', '2025-07-30 01:41:00.018494', 1),
(374, 2, NULL, 2, NULL, NULL, NULL, NULL, 'nemo.png', NULL, NULL, NULL, NULL, NULL, NULL, 1, '', '', '', '', NULL, 8, 'App\\Models\\Client', '2025-07-30 01:41:00.019557', '2025-07-30 01:41:00.019557', 1),
(375, 2, NULL, 2, NULL, NULL, NULL, NULL, 'voluptas.png', NULL, NULL, NULL, NULL, NULL, NULL, 1, '', '', '', '', NULL, 8, 'App\\Models\\Client', '2025-07-30 01:41:00.020586', '2025-07-30 01:41:00.020586', 1),
(376, 2, NULL, 2, NULL, NULL, NULL, NULL, 'sunt.png', NULL, NULL, NULL, NULL, NULL, NULL, 1, '', '', '', '', NULL, 8, 'App\\Models\\Client', '2025-07-30 01:41:00.022020', '2025-07-30 01:41:00.022020', 1),
(377, 2, NULL, 2, NULL, NULL, NULL, NULL, 'eaque.png', NULL, NULL, NULL, NULL, NULL, NULL, 1, '', '', '', '', NULL, 8, 'App\\Models\\Client', '2025-07-30 01:41:00.023185', '2025-07-30 01:41:00.023185', 1),
(378, 2, NULL, 2, NULL, NULL, NULL, NULL, 'voluptatem.png', NULL, NULL, NULL, NULL, NULL, NULL, 1, '', '', '', '', NULL, 8, 'App\\Models\\Client', '2025-07-30 01:41:00.024465', '2025-07-30 01:41:00.024465', 1),
(379, 2, NULL, 2, NULL, NULL, NULL, NULL, 'placeat.png', NULL, NULL, NULL, NULL, NULL, NULL, 1, '', '', '', '', NULL, 8, 'App\\Models\\Client', '2025-07-30 01:41:00.025830', '2025-07-30 01:41:00.025830', 1),
(380, 2, NULL, 2, NULL, NULL, NULL, NULL, 'deserunt.png', NULL, NULL, NULL, NULL, NULL, NULL, 1, '', '', '', '', NULL, 8, 'App\\Models\\Client', '2025-07-30 01:41:00.026793', '2025-07-30 01:41:00.026793', 1),
(381, 2, NULL, 2, NULL, NULL, NULL, NULL, 'quis.png', NULL, NULL, NULL, NULL, NULL, NULL, 1, '', '', '', '', NULL, 8, 'App\\Models\\Client', '2025-07-30 01:41:00.027773', '2025-07-30 01:41:00.027773', 1),
(382, 2, NULL, 2, NULL, NULL, NULL, NULL, 'natus.png', NULL, NULL, NULL, NULL, NULL, NULL, 1, '', '', '', '', NULL, 8, 'App\\Models\\Client', '2025-07-30 01:41:00.028594', '2025-07-30 01:41:00.028594', 1),
(383, 2, NULL, 2, NULL, NULL, NULL, NULL, 'ipsam.png', NULL, NULL, NULL, NULL, NULL, NULL, 1, '', '', '', '', NULL, 8, 'App\\Models\\Client', '2025-07-30 01:41:00.029545', '2025-07-30 01:41:00.029545', 1),
(384, 2, NULL, 2, NULL, NULL, NULL, NULL, 'quis.png', NULL, NULL, NULL, NULL, NULL, NULL, 1, '', '', '', '', NULL, 8, 'App\\Models\\Client', '2025-07-30 01:41:00.030619', '2025-07-30 01:41:00.030619', 1),
(385, 2, NULL, 2, NULL, NULL, NULL, NULL, 'quibusdam.png', NULL, NULL, NULL, NULL, NULL, NULL, 1, '', '', '', '', NULL, 8, 'App\\Models\\Client', '2025-07-30 01:41:00.031631', '2025-07-30 01:41:00.031631', 1),
(386, 2, NULL, 2, NULL, NULL, NULL, NULL, 'enim.png', NULL, NULL, NULL, NULL, NULL, NULL, 1, '', '', '', '', NULL, 8, 'App\\Models\\Client', '2025-07-30 01:41:00.032578', '2025-07-30 01:41:00.032578', 1),
(387, 2, NULL, 2, NULL, NULL, NULL, NULL, 'iure.png', NULL, NULL, NULL, NULL, NULL, NULL, 1, '', '', '', '', NULL, 8, 'App\\Models\\Client', '2025-07-30 01:41:00.033581', '2025-07-30 01:41:00.033581', 1),
(388, 2, NULL, 2, NULL, NULL, NULL, NULL, 'commodi.png', NULL, NULL, NULL, NULL, NULL, NULL, 1, '', '', '', '', NULL, 8, 'App\\Models\\Client', '2025-07-30 01:41:00.034390', '2025-07-30 01:41:00.034390', 1),
(389, 2, NULL, 2, NULL, NULL, NULL, NULL, 'amet.png', NULL, NULL, NULL, NULL, NULL, NULL, 1, '', '', '', '', NULL, 8, 'App\\Models\\Client', '2025-07-30 01:41:00.035249', '2025-07-30 01:41:00.035249', 1),
(390, 2, NULL, 2, NULL, NULL, NULL, NULL, 'dolore.png', NULL, NULL, NULL, NULL, NULL, NULL, 1, '', '', '', '', NULL, 8, 'App\\Models\\Client', '2025-07-30 01:41:00.036067', '2025-07-30 01:41:00.036067', 1),
(391, 2, NULL, 2, NULL, NULL, NULL, NULL, 'fuga.png', NULL, NULL, NULL, NULL, NULL, NULL, 1, '', '', '', '', NULL, 8, 'App\\Models\\Client', '2025-07-30 01:41:00.036906', '2025-07-30 01:41:00.036906', 1),
(392, 2, NULL, 2, NULL, NULL, NULL, NULL, 'ut.png', NULL, NULL, NULL, NULL, NULL, NULL, 1, '', '', '', '', NULL, 8, 'App\\Models\\Client', '2025-07-30 01:41:00.037620', '2025-07-30 01:41:00.037620', 1),
(393, 2, NULL, 2, NULL, NULL, NULL, NULL, 'praesentium.png', NULL, NULL, NULL, NULL, NULL, NULL, 1, '', '', '', '', NULL, 8, 'App\\Models\\Client', '2025-07-30 01:41:00.038332', '2025-07-30 01:41:00.038332', 1),
(394, 2, NULL, 2, NULL, NULL, NULL, NULL, 'sunt.png', NULL, NULL, NULL, NULL, NULL, NULL, 1, '', '', '', '', NULL, 8, 'App\\Models\\Client', '2025-07-30 01:41:00.039184', '2025-07-30 01:41:00.039184', 1),
(395, 2, NULL, 2, NULL, NULL, NULL, NULL, 'saepe.png', NULL, NULL, NULL, NULL, NULL, NULL, 1, '', '', '', '', NULL, 8, 'App\\Models\\Client', '2025-07-30 01:41:00.040106', '2025-07-30 01:41:00.040106', 1),
(396, 2, NULL, 2, NULL, NULL, NULL, NULL, 'vitae.png', NULL, NULL, NULL, NULL, NULL, NULL, 1, '', '', '', '', NULL, 8, 'App\\Models\\Client', '2025-07-30 01:41:00.041187', '2025-07-30 01:41:00.041187', 1),
(397, 2, NULL, 2, NULL, NULL, NULL, NULL, 'nam.png', NULL, NULL, NULL, NULL, NULL, NULL, 1, '', '', '', '', NULL, 8, 'App\\Models\\Client', '2025-07-30 01:41:00.042213', '2025-07-30 01:41:00.042213', 1),
(398, 2, NULL, 2, NULL, NULL, NULL, NULL, 'ducimus.png', NULL, NULL, NULL, NULL, NULL, NULL, 1, '', '', '', '', NULL, 8, 'App\\Models\\Client', '2025-07-30 01:41:00.043154', '2025-07-30 01:41:00.043154', 1),
(399, 2, NULL, 2, NULL, NULL, NULL, NULL, 'qui.png', NULL, NULL, NULL, NULL, NULL, NULL, 1, '', '', '', '', NULL, 8, 'App\\Models\\Client', '2025-07-30 01:41:00.043973', '2025-07-30 01:41:00.043973', 1),
(400, 2, NULL, 2, NULL, NULL, NULL, NULL, 'modi.png', NULL, NULL, NULL, NULL, NULL, NULL, 1, '', '', '', '', NULL, 8, 'App\\Models\\Client', '2025-07-30 01:41:00.044899', '2025-07-30 01:41:00.044899', 1),
(401, 2, NULL, 2, NULL, NULL, NULL, NULL, 'sed.png', NULL, NULL, NULL, NULL, NULL, NULL, 1, '', '', '', '', NULL, 8, 'App\\Models\\Client', '2025-07-30 01:41:00.045631', '2025-07-30 01:41:00.045631', 1),
(402, 2, NULL, 2, NULL, NULL, NULL, NULL, 'ipsa.png', NULL, NULL, NULL, NULL, NULL, NULL, 1, '', '', '', '', NULL, 8, 'App\\Models\\Client', '2025-07-30 01:41:00.046449', '2025-07-30 01:41:00.046449', 1),
(403, 2, NULL, 2, NULL, NULL, NULL, NULL, 'voluptates.png', NULL, NULL, NULL, NULL, NULL, NULL, 1, '', '', '', '', NULL, 8, 'App\\Models\\Client', '2025-07-30 01:41:00.047290', '2025-07-30 01:41:00.047290', 1),
(404, 2, NULL, 2, NULL, NULL, NULL, NULL, 'qui.png', NULL, NULL, NULL, NULL, NULL, NULL, 1, '', '', '', '', NULL, 8, 'App\\Models\\Client', '2025-07-30 01:41:00.048155', '2025-07-30 01:41:00.048155', 1),
(405, 2, NULL, 2, NULL, NULL, NULL, NULL, 'et.png', NULL, NULL, NULL, NULL, NULL, NULL, 1, '', '', '', '', NULL, 8, 'App\\Models\\Client', '2025-07-30 01:41:00.048972', '2025-07-30 01:41:00.048972', 1),
(406, 2, NULL, 2, NULL, NULL, NULL, NULL, 'eius.png', NULL, NULL, NULL, NULL, NULL, NULL, 1, '', '', '', '', NULL, 8, 'App\\Models\\Client', '2025-07-30 01:41:00.049782', '2025-07-30 01:41:00.049782', 1),
(407, 2, NULL, 2, NULL, NULL, NULL, NULL, 'quae.png', NULL, NULL, NULL, NULL, NULL, NULL, 1, '', '', '', '', NULL, 8, 'App\\Models\\Client', '2025-07-30 01:41:00.050673', '2025-07-30 01:41:00.050673', 1),
(408, 2, NULL, 2, NULL, NULL, NULL, NULL, 'temporibus.png', NULL, NULL, NULL, NULL, NULL, NULL, 1, '', '', '', '', NULL, 8, 'App\\Models\\Client', '2025-07-30 01:41:00.051416', '2025-07-30 01:41:00.051416', 1),
(409, 2, NULL, 2, NULL, NULL, NULL, NULL, 'eos.png', NULL, NULL, NULL, NULL, NULL, NULL, 1, '', '', '', '', NULL, 8, 'App\\Models\\Client', '2025-07-30 01:41:00.052394', '2025-07-30 01:41:00.052394', 1),
(410, 2, NULL, 2, NULL, NULL, NULL, NULL, 'veniam.png', NULL, NULL, NULL, NULL, NULL, NULL, 1, '', '', '', '', NULL, 8, 'App\\Models\\Client', '2025-07-30 01:41:00.053216', '2025-07-30 01:41:00.053216', 1),
(411, 2, NULL, 2, NULL, NULL, NULL, NULL, 'tenetur.png', NULL, NULL, NULL, NULL, NULL, NULL, 1, '', '', '', '', NULL, 8, 'App\\Models\\Client', '2025-07-30 01:41:00.054062', '2025-07-30 01:41:00.054062', 1),
(412, 2, NULL, 2, NULL, NULL, NULL, NULL, 'sit.png', NULL, NULL, NULL, NULL, NULL, NULL, 1, '', '', '', '', NULL, 8, 'App\\Models\\Client', '2025-07-30 01:41:00.054934', '2025-07-30 01:41:00.054934', 1),
(413, 2, NULL, 2, NULL, NULL, NULL, NULL, 'dicta.png', NULL, NULL, NULL, NULL, NULL, NULL, 1, '', '', '', '', NULL, 8, 'App\\Models\\Client', '2025-07-30 01:41:00.055680', '2025-07-30 01:41:00.055680', 1),
(414, 2, NULL, 2, NULL, NULL, NULL, NULL, 'atque.png', NULL, NULL, NULL, NULL, NULL, NULL, 1, '', '', '', '', NULL, 8, 'App\\Models\\Client', '2025-07-30 01:41:00.056371', '2025-07-30 01:41:00.056371', 1),
(415, 2, NULL, 2, NULL, NULL, NULL, NULL, 'id.png', NULL, NULL, NULL, NULL, NULL, NULL, 1, '', '', '', '', NULL, 8, 'App\\Models\\Client', '2025-07-30 01:41:00.057197', '2025-07-30 01:41:00.057197', 1),
(416, 2, NULL, 2, NULL, NULL, NULL, NULL, 'ipsam.png', NULL, NULL, NULL, NULL, NULL, NULL, 1, '', '', '', '', NULL, 8, 'App\\Models\\Client', '2025-07-30 01:41:00.058100', '2025-07-30 01:41:00.058100', 1),
(417, 2, NULL, 2, NULL, NULL, NULL, NULL, 'quaerat.png', NULL, NULL, NULL, NULL, NULL, NULL, 1, '', '', '', '', NULL, 9, 'App\\Models\\Client', '2025-07-30 01:41:00.414432', '2025-07-30 01:41:00.414432', 1),
(418, 2, NULL, 2, NULL, NULL, NULL, NULL, 'dolores.png', NULL, NULL, NULL, NULL, NULL, NULL, 1, '', '', '', '', NULL, 9, 'App\\Models\\Client', '2025-07-30 01:41:00.415796', '2025-07-30 01:41:00.415796', 1),
(419, 2, NULL, 2, NULL, NULL, NULL, NULL, 'sunt.png', NULL, NULL, NULL, NULL, NULL, NULL, 1, '', '', '', '', NULL, 9, 'App\\Models\\Client', '2025-07-30 01:41:00.416890', '2025-07-30 01:41:00.416890', 1),
(420, 2, NULL, 2, NULL, NULL, NULL, NULL, 'similique.png', NULL, NULL, NULL, NULL, NULL, NULL, 1, '', '', '', '', NULL, 9, 'App\\Models\\Client', '2025-07-30 01:41:00.417957', '2025-07-30 01:41:00.417957', 1),
(421, 2, NULL, 2, NULL, NULL, NULL, NULL, 'et.png', NULL, NULL, NULL, NULL, NULL, NULL, 1, '', '', '', '', NULL, 9, 'App\\Models\\Client', '2025-07-30 01:41:00.419149', '2025-07-30 01:41:00.419149', 1),
(422, 2, NULL, 2, NULL, NULL, NULL, NULL, 'vel.png', NULL, NULL, NULL, NULL, NULL, NULL, 1, '', '', '', '', NULL, 9, 'App\\Models\\Client', '2025-07-30 01:41:00.420381', '2025-07-30 01:41:00.420381', 1),
(423, 2, NULL, 2, NULL, NULL, NULL, NULL, 'nobis.png', NULL, NULL, NULL, NULL, NULL, NULL, 1, '', '', '', '', NULL, 9, 'App\\Models\\Client', '2025-07-30 01:41:00.421517', '2025-07-30 01:41:00.421517', 1),
(424, 2, NULL, 2, NULL, NULL, NULL, NULL, 'dolores.png', NULL, NULL, NULL, NULL, NULL, NULL, 1, '', '', '', '', NULL, 9, 'App\\Models\\Client', '2025-07-30 01:41:00.422355', '2025-07-30 01:41:00.422355', 1),
(425, 2, NULL, 2, NULL, NULL, NULL, NULL, 'quo.png', NULL, NULL, NULL, NULL, NULL, NULL, 1, '', '', '', '', NULL, 9, 'App\\Models\\Client', '2025-07-30 01:41:00.423142', '2025-07-30 01:41:00.423142', 1),
(426, 2, NULL, 2, NULL, NULL, NULL, NULL, 'voluptates.png', NULL, NULL, NULL, NULL, NULL, NULL, 1, '', '', '', '', NULL, 9, 'App\\Models\\Client', '2025-07-30 01:41:00.423935', '2025-07-30 01:41:00.423935', 1),
(427, 2, NULL, 2, NULL, NULL, NULL, NULL, 'animi.png', NULL, NULL, NULL, NULL, NULL, NULL, 1, '', '', '', '', NULL, 9, 'App\\Models\\Client', '2025-07-30 01:41:00.424641', '2025-07-30 01:41:00.424641', 1),
(428, 2, NULL, 2, NULL, NULL, NULL, NULL, 'beatae.png', NULL, NULL, NULL, NULL, NULL, NULL, 1, '', '', '', '', NULL, 9, 'App\\Models\\Client', '2025-07-30 01:41:00.425390', '2025-07-30 01:41:00.425390', 1),
(429, 2, NULL, 2, NULL, NULL, NULL, NULL, 'atque.png', NULL, NULL, NULL, NULL, NULL, NULL, 1, '', '', '', '', NULL, 9, 'App\\Models\\Client', '2025-07-30 01:41:00.426093', '2025-07-30 01:41:00.426093', 1),
(430, 2, NULL, 2, NULL, NULL, NULL, NULL, 'aperiam.png', NULL, NULL, NULL, NULL, NULL, NULL, 1, '', '', '', '', NULL, 9, 'App\\Models\\Client', '2025-07-30 01:41:00.426831', '2025-07-30 01:41:00.426831', 1),
(431, 2, NULL, 2, NULL, NULL, NULL, NULL, 'dolores.png', NULL, NULL, NULL, NULL, NULL, NULL, 1, '', '', '', '', NULL, 9, 'App\\Models\\Client', '2025-07-30 01:41:00.427641', '2025-07-30 01:41:00.427641', 1),
(432, 2, NULL, 2, NULL, NULL, NULL, NULL, 'beatae.png', NULL, NULL, NULL, NULL, NULL, NULL, 1, '', '', '', '', NULL, 9, 'App\\Models\\Client', '2025-07-30 01:41:00.428359', '2025-07-30 01:41:00.428359', 1),
(433, 2, NULL, 2, NULL, NULL, NULL, NULL, 'incidunt.png', NULL, NULL, NULL, NULL, NULL, NULL, 1, '', '', '', '', NULL, 9, 'App\\Models\\Client', '2025-07-30 01:41:00.429110', '2025-07-30 01:41:00.429110', 1),
(434, 2, NULL, 2, NULL, NULL, NULL, NULL, 'possimus.png', NULL, NULL, NULL, NULL, NULL, NULL, 1, '', '', '', '', NULL, 9, 'App\\Models\\Client', '2025-07-30 01:41:00.429838', '2025-07-30 01:41:00.429838', 1),
(435, 2, NULL, 2, NULL, NULL, NULL, NULL, 'impedit.png', NULL, NULL, NULL, NULL, NULL, NULL, 1, '', '', '', '', NULL, 9, 'App\\Models\\Client', '2025-07-30 01:41:00.430694', '2025-07-30 01:41:00.430694', 1),
(436, 2, NULL, 2, NULL, NULL, NULL, NULL, 'necessitatibus.png', NULL, NULL, NULL, NULL, NULL, NULL, 1, '', '', '', '', NULL, 9, 'App\\Models\\Client', '2025-07-30 01:41:00.431574', '2025-07-30 01:41:00.431574', 1),
(437, 2, NULL, 2, NULL, NULL, NULL, NULL, 'nisi.png', NULL, NULL, NULL, NULL, NULL, NULL, 1, '', '', '', '', NULL, 9, 'App\\Models\\Client', '2025-07-30 01:41:00.432595', '2025-07-30 01:41:00.432595', 1),
(438, 2, NULL, 2, NULL, NULL, NULL, NULL, 'dignissimos.png', NULL, NULL, NULL, NULL, NULL, NULL, 1, '', '', '', '', NULL, 9, 'App\\Models\\Client', '2025-07-30 01:41:00.433541', '2025-07-30 01:41:00.433541', 1),
(439, 2, NULL, 2, NULL, NULL, NULL, NULL, 'et.png', NULL, NULL, NULL, NULL, NULL, NULL, 1, '', '', '', '', NULL, 9, 'App\\Models\\Client', '2025-07-30 01:41:00.434357', '2025-07-30 01:41:00.434357', 1),
(440, 2, NULL, 2, NULL, NULL, NULL, NULL, 'eveniet.png', NULL, NULL, NULL, NULL, NULL, NULL, 1, '', '', '', '', NULL, 9, 'App\\Models\\Client', '2025-07-30 01:41:00.435204', '2025-07-30 01:41:00.435204', 1),
(441, 2, NULL, 2, NULL, NULL, NULL, NULL, 'aperiam.png', NULL, NULL, NULL, NULL, NULL, NULL, 1, '', '', '', '', NULL, 9, 'App\\Models\\Client', '2025-07-30 01:41:00.436155', '2025-07-30 01:41:00.436155', 1),
(442, 2, NULL, 2, NULL, NULL, NULL, NULL, 'qui.png', NULL, NULL, NULL, NULL, NULL, NULL, 1, '', '', '', '', NULL, 9, 'App\\Models\\Client', '2025-07-30 01:41:00.437058', '2025-07-30 01:41:00.437058', 1),
(443, 2, NULL, 2, NULL, NULL, NULL, NULL, 'excepturi.png', NULL, NULL, NULL, NULL, NULL, NULL, 1, '', '', '', '', NULL, 9, 'App\\Models\\Client', '2025-07-30 01:41:00.437857', '2025-07-30 01:41:00.437857', 1),
(444, 2, NULL, 2, NULL, NULL, NULL, NULL, 'accusantium.png', NULL, NULL, NULL, NULL, NULL, NULL, 1, '', '', '', '', NULL, 9, 'App\\Models\\Client', '2025-07-30 01:41:00.438748', '2025-07-30 01:41:00.438748', 1),
(445, 2, NULL, 2, NULL, NULL, NULL, NULL, 'natus.png', NULL, NULL, NULL, NULL, NULL, NULL, 1, '', '', '', '', NULL, 9, 'App\\Models\\Client', '2025-07-30 01:41:00.439624', '2025-07-30 01:41:00.439624', 1),
(446, 2, NULL, 2, NULL, NULL, NULL, NULL, 'aut.png', NULL, NULL, NULL, NULL, NULL, NULL, 1, '', '', '', '', NULL, 9, 'App\\Models\\Client', '2025-07-30 01:41:00.440773', '2025-07-30 01:41:00.440773', 1),
(447, 2, NULL, 2, NULL, NULL, NULL, NULL, 'laboriosam.png', NULL, NULL, NULL, NULL, NULL, NULL, 1, '', '', '', '', NULL, 9, 'App\\Models\\Client', '2025-07-30 01:41:00.441638', '2025-07-30 01:41:00.441638', 1),
(448, 2, NULL, 2, NULL, NULL, NULL, NULL, 'molestias.png', NULL, NULL, NULL, NULL, NULL, NULL, 1, '', '', '', '', NULL, 9, 'App\\Models\\Client', '2025-07-30 01:41:00.442478', '2025-07-30 01:41:00.442478', 1),
(449, 2, NULL, 2, NULL, NULL, NULL, NULL, 'facilis.png', NULL, NULL, NULL, NULL, NULL, NULL, 1, '', '', '', '', NULL, 9, 'App\\Models\\Client', '2025-07-30 01:41:00.443369', '2025-07-30 01:41:00.443369', 1),
(450, 2, NULL, 2, NULL, NULL, NULL, NULL, 'eius.png', NULL, NULL, NULL, NULL, NULL, NULL, 1, '', '', '', '', NULL, 9, 'App\\Models\\Client', '2025-07-30 01:41:00.444349', '2025-07-30 01:41:00.444349', 1),
(451, 2, NULL, 2, NULL, NULL, NULL, NULL, 'reiciendis.png', NULL, NULL, NULL, NULL, NULL, NULL, 1, '', '', '', '', NULL, 9, 'App\\Models\\Client', '2025-07-30 01:41:00.445212', '2025-07-30 01:41:00.445212', 1),
(452, 2, NULL, 2, NULL, NULL, NULL, NULL, 'laudantium.png', NULL, NULL, NULL, NULL, NULL, NULL, 1, '', '', '', '', NULL, 9, 'App\\Models\\Client', '2025-07-30 01:41:00.445971', '2025-07-30 01:41:00.445971', 1),
(453, 2, NULL, 2, NULL, NULL, NULL, NULL, 'molestiae.png', NULL, NULL, NULL, NULL, NULL, NULL, 1, '', '', '', '', NULL, 9, 'App\\Models\\Client', '2025-07-30 01:41:00.446821', '2025-07-30 01:41:00.446821', 1),
(454, 2, NULL, 2, NULL, NULL, NULL, NULL, 'est.png', NULL, NULL, NULL, NULL, NULL, NULL, 1, '', '', '', '', NULL, 9, 'App\\Models\\Client', '2025-07-30 01:41:00.447481', '2025-07-30 01:41:00.447481', 1),
(455, 2, NULL, 2, NULL, NULL, NULL, NULL, 'rerum.png', NULL, NULL, NULL, NULL, NULL, NULL, 1, '', '', '', '', NULL, 9, 'App\\Models\\Client', '2025-07-30 01:41:00.448140', '2025-07-30 01:41:00.448140', 1),
(456, 2, NULL, 2, NULL, NULL, NULL, NULL, 'voluptatibus.png', NULL, NULL, NULL, NULL, NULL, NULL, 1, '', '', '', '', NULL, 9, 'App\\Models\\Client', '2025-07-30 01:41:00.449096', '2025-07-30 01:41:00.449096', 1),
(457, 2, NULL, 2, NULL, NULL, NULL, NULL, 'a.png', NULL, NULL, NULL, NULL, NULL, NULL, 1, '', '', '', '', NULL, 9, 'App\\Models\\Client', '2025-07-30 01:41:00.449896', '2025-07-30 01:41:00.449896', 1),
(458, 2, NULL, 2, NULL, NULL, NULL, NULL, 'eaque.png', NULL, NULL, NULL, NULL, NULL, NULL, 1, '', '', '', '', NULL, 9, 'App\\Models\\Client', '2025-07-30 01:41:00.450898', '2025-07-30 01:41:00.450898', 1),
(459, 2, NULL, 2, NULL, NULL, NULL, NULL, 'distinctio.png', NULL, NULL, NULL, NULL, NULL, NULL, 1, '', '', '', '', NULL, 9, 'App\\Models\\Client', '2025-07-30 01:41:00.452057', '2025-07-30 01:41:00.452057', 1),
(460, 2, NULL, 2, NULL, NULL, NULL, NULL, 'perferendis.png', NULL, NULL, NULL, NULL, NULL, NULL, 1, '', '', '', '', NULL, 9, 'App\\Models\\Client', '2025-07-30 01:41:00.453379', '2025-07-30 01:41:00.453379', 1),
(461, 2, NULL, 2, NULL, NULL, NULL, NULL, 'ut.png', NULL, NULL, NULL, NULL, NULL, NULL, 1, '', '', '', '', NULL, 9, 'App\\Models\\Client', '2025-07-30 01:41:00.454513', '2025-07-30 01:41:00.454513', 1),
(462, 2, NULL, 2, NULL, NULL, NULL, NULL, 'temporibus.png', NULL, NULL, NULL, NULL, NULL, NULL, 1, '', '', '', '', NULL, 9, 'App\\Models\\Client', '2025-07-30 01:41:00.455447', '2025-07-30 01:41:00.455447', 1),
(463, 2, NULL, 2, NULL, NULL, NULL, NULL, 'nihil.png', NULL, NULL, NULL, NULL, NULL, NULL, 1, '', '', '', '', NULL, 9, 'App\\Models\\Client', '2025-07-30 01:41:00.456335', '2025-07-30 01:41:00.456335', 1),
(464, 2, NULL, 2, NULL, NULL, NULL, NULL, 'officiis.png', NULL, NULL, NULL, NULL, NULL, NULL, 1, '', '', '', '', NULL, 9, 'App\\Models\\Client', '2025-07-30 01:41:00.457143', '2025-07-30 01:41:00.457143', 1),
(465, 2, NULL, 2, NULL, NULL, NULL, NULL, 'nesciunt.png', NULL, NULL, NULL, NULL, NULL, NULL, 1, '', '', '', '', NULL, 9, 'App\\Models\\Client', '2025-07-30 01:41:00.458101', '2025-07-30 01:41:00.458101', 1),
(466, 2, NULL, 2, NULL, NULL, NULL, NULL, 'necessitatibus.png', NULL, NULL, NULL, NULL, NULL, NULL, 1, '', '', '', '', NULL, 9, 'App\\Models\\Client', '2025-07-30 01:41:00.459091', '2025-07-30 01:41:00.459091', 1),
(467, 2, NULL, 2, NULL, NULL, NULL, NULL, 'sunt.png', NULL, NULL, NULL, NULL, NULL, NULL, 1, '', '', '', '', NULL, 10, 'App\\Models\\Client', '2025-07-30 01:41:00.920258', '2025-07-30 01:41:00.920258', 1),
(468, 2, NULL, 2, NULL, NULL, NULL, NULL, 'est.png', NULL, NULL, NULL, NULL, NULL, NULL, 1, '', '', '', '', NULL, 10, 'App\\Models\\Client', '2025-07-30 01:41:00.922016', '2025-07-30 01:41:00.922016', 1),
(469, 2, NULL, 2, NULL, NULL, NULL, NULL, 'et.png', NULL, NULL, NULL, NULL, NULL, NULL, 1, '', '', '', '', NULL, 10, 'App\\Models\\Client', '2025-07-30 01:41:00.923064', '2025-07-30 01:41:00.923064', 1),
(470, 2, NULL, 2, NULL, NULL, NULL, NULL, 'occaecati.png', NULL, NULL, NULL, NULL, NULL, NULL, 1, '', '', '', '', NULL, 10, 'App\\Models\\Client', '2025-07-30 01:41:00.923982', '2025-07-30 01:41:00.923982', 1),
(471, 2, NULL, 2, NULL, NULL, NULL, NULL, 'laudantium.png', NULL, NULL, NULL, NULL, NULL, NULL, 1, '', '', '', '', NULL, 10, 'App\\Models\\Client', '2025-07-30 01:41:00.925091', '2025-07-30 01:41:00.925091', 1),
(472, 2, NULL, 2, NULL, NULL, NULL, NULL, 'vel.png', NULL, NULL, NULL, NULL, NULL, NULL, 1, '', '', '', '', NULL, 10, 'App\\Models\\Client', '2025-07-30 01:41:00.926217', '2025-07-30 01:41:00.926217', 1),
(473, 2, NULL, 2, NULL, NULL, NULL, NULL, 'dolores.png', NULL, NULL, NULL, NULL, NULL, NULL, 1, '', '', '', '', NULL, 10, 'App\\Models\\Client', '2025-07-30 01:41:00.927214', '2025-07-30 01:41:00.927214', 1),
(474, 2, NULL, 2, NULL, NULL, NULL, NULL, 'fugiat.png', NULL, NULL, NULL, NULL, NULL, NULL, 1, '', '', '', '', NULL, 10, 'App\\Models\\Client', '2025-07-30 01:41:00.928165', '2025-07-30 01:41:00.928165', 1),
(475, 2, NULL, 2, NULL, NULL, NULL, NULL, 'accusamus.png', NULL, NULL, NULL, NULL, NULL, NULL, 1, '', '', '', '', NULL, 10, 'App\\Models\\Client', '2025-07-30 01:41:00.929265', '2025-07-30 01:41:00.929265', 1),
(476, 2, NULL, 2, NULL, NULL, NULL, NULL, 'libero.png', NULL, NULL, NULL, NULL, NULL, NULL, 1, '', '', '', '', NULL, 10, 'App\\Models\\Client', '2025-07-30 01:41:00.930344', '2025-07-30 01:41:00.930344', 1),
(477, 2, NULL, 2, NULL, NULL, NULL, NULL, 'asperiores.png', NULL, NULL, NULL, NULL, NULL, NULL, 1, '', '', '', '', NULL, 10, 'App\\Models\\Client', '2025-07-30 01:41:00.931380', '2025-07-30 01:41:00.931380', 1),
(478, 2, NULL, 2, NULL, NULL, NULL, NULL, 'repellat.png', NULL, NULL, NULL, NULL, NULL, NULL, 1, '', '', '', '', NULL, 10, 'App\\Models\\Client', '2025-07-30 01:41:00.932328', '2025-07-30 01:41:00.932328', 1),
(479, 2, NULL, 2, NULL, NULL, NULL, NULL, 'aut.png', NULL, NULL, NULL, NULL, NULL, NULL, 1, '', '', '', '', NULL, 10, 'App\\Models\\Client', '2025-07-30 01:41:00.933414', '2025-07-30 01:41:00.933414', 1),
(480, 2, NULL, 2, NULL, NULL, NULL, NULL, 'velit.png', NULL, NULL, NULL, NULL, NULL, NULL, 1, '', '', '', '', NULL, 10, 'App\\Models\\Client', '2025-07-30 01:41:00.934629', '2025-07-30 01:41:00.934629', 1),
(481, 2, NULL, 2, NULL, NULL, NULL, NULL, 'omnis.png', NULL, NULL, NULL, NULL, NULL, NULL, 1, '', '', '', '', NULL, 10, 'App\\Models\\Client', '2025-07-30 01:41:00.935641', '2025-07-30 01:41:00.935641', 1),
(482, 2, NULL, 2, NULL, NULL, NULL, NULL, 'aut.png', NULL, NULL, NULL, NULL, NULL, NULL, 1, '', '', '', '', NULL, 10, 'App\\Models\\Client', '2025-07-30 01:41:00.936750', '2025-07-30 01:41:00.936750', 1),
(483, 2, NULL, 2, NULL, NULL, NULL, NULL, 'ea.png', NULL, NULL, NULL, NULL, NULL, NULL, 1, '', '', '', '', NULL, 10, 'App\\Models\\Client', '2025-07-30 01:41:00.937703', '2025-07-30 01:41:00.937703', 1);
INSERT INTO `documents` (`id`, `user_id`, `assigned_user_id`, `company_id`, `project_id`, `vendor_id`, `url`, `preview`, `name`, `type`, `disk`, `hash`, `size`, `width`, `height`, `is_default`, `custom_value1`, `custom_value2`, `custom_value3`, `custom_value4`, `deleted_at`, `documentable_id`, `documentable_type`, `created_at`, `updated_at`, `is_public`) VALUES
(484, 2, NULL, 2, NULL, NULL, NULL, NULL, 'eum.png', NULL, NULL, NULL, NULL, NULL, NULL, 1, '', '', '', '', NULL, 10, 'App\\Models\\Client', '2025-07-30 01:41:00.938644', '2025-07-30 01:41:00.938644', 1),
(485, 2, NULL, 2, NULL, NULL, NULL, NULL, 'tenetur.png', NULL, NULL, NULL, NULL, NULL, NULL, 1, '', '', '', '', NULL, 10, 'App\\Models\\Client', '2025-07-30 01:41:00.939540', '2025-07-30 01:41:00.939540', 1),
(486, 2, NULL, 2, NULL, NULL, NULL, NULL, 'nam.png', NULL, NULL, NULL, NULL, NULL, NULL, 1, '', '', '', '', NULL, 10, 'App\\Models\\Client', '2025-07-30 01:41:00.940308', '2025-07-30 01:41:00.940308', 1),
(487, 2, NULL, 2, NULL, NULL, NULL, NULL, 'aut.png', NULL, NULL, NULL, NULL, NULL, NULL, 1, '', '', '', '', NULL, 10, 'App\\Models\\Client', '2025-07-30 01:41:00.941048', '2025-07-30 01:41:00.941048', 1),
(488, 2, NULL, 2, NULL, NULL, NULL, NULL, 'voluptatum.png', NULL, NULL, NULL, NULL, NULL, NULL, 1, '', '', '', '', NULL, 10, 'App\\Models\\Client', '2025-07-30 01:41:00.941787', '2025-07-30 01:41:00.941787', 1),
(489, 2, NULL, 2, NULL, NULL, NULL, NULL, 'non.png', NULL, NULL, NULL, NULL, NULL, NULL, 1, '', '', '', '', NULL, 10, 'App\\Models\\Client', '2025-07-30 01:41:00.942511', '2025-07-30 01:41:00.942511', 1),
(490, 2, NULL, 2, NULL, NULL, NULL, NULL, 'sit.png', NULL, NULL, NULL, NULL, NULL, NULL, 1, '', '', '', '', NULL, 10, 'App\\Models\\Client', '2025-07-30 01:41:00.943202', '2025-07-30 01:41:00.943202', 1),
(491, 2, NULL, 2, NULL, NULL, NULL, NULL, 'eveniet.png', NULL, NULL, NULL, NULL, NULL, NULL, 1, '', '', '', '', NULL, 10, 'App\\Models\\Client', '2025-07-30 01:41:00.943877', '2025-07-30 01:41:00.943877', 1),
(492, 2, NULL, 2, NULL, NULL, NULL, NULL, 'consequatur.png', NULL, NULL, NULL, NULL, NULL, NULL, 1, '', '', '', '', NULL, 10, 'App\\Models\\Client', '2025-07-30 01:41:00.944552', '2025-07-30 01:41:00.944552', 1),
(493, 2, NULL, 2, NULL, NULL, NULL, NULL, 'omnis.png', NULL, NULL, NULL, NULL, NULL, NULL, 1, '', '', '', '', NULL, 10, 'App\\Models\\Client', '2025-07-30 01:41:00.945433', '2025-07-30 01:41:00.945433', 1),
(494, 2, NULL, 2, NULL, NULL, NULL, NULL, 'est.png', NULL, NULL, NULL, NULL, NULL, NULL, 1, '', '', '', '', NULL, 10, 'App\\Models\\Client', '2025-07-30 01:41:00.946255', '2025-07-30 01:41:00.946255', 1),
(495, 2, NULL, 2, NULL, NULL, NULL, NULL, 'consequatur.png', NULL, NULL, NULL, NULL, NULL, NULL, 1, '', '', '', '', NULL, 10, 'App\\Models\\Client', '2025-07-30 01:41:00.947043', '2025-07-30 01:41:00.947043', 1),
(496, 2, NULL, 2, NULL, NULL, NULL, NULL, 'dolore.png', NULL, NULL, NULL, NULL, NULL, NULL, 1, '', '', '', '', NULL, 10, 'App\\Models\\Client', '2025-07-30 01:41:00.947797', '2025-07-30 01:41:00.947797', 1),
(497, 2, NULL, 2, NULL, NULL, NULL, NULL, 'odit.png', NULL, NULL, NULL, NULL, NULL, NULL, 1, '', '', '', '', NULL, 10, 'App\\Models\\Client', '2025-07-30 01:41:00.948556', '2025-07-30 01:41:00.948556', 1),
(498, 2, NULL, 2, NULL, NULL, NULL, NULL, 'unde.png', NULL, NULL, NULL, NULL, NULL, NULL, 1, '', '', '', '', NULL, 10, 'App\\Models\\Client', '2025-07-30 01:41:00.949347', '2025-07-30 01:41:00.949347', 1),
(499, 2, NULL, 2, NULL, NULL, NULL, NULL, 'temporibus.png', NULL, NULL, NULL, NULL, NULL, NULL, 1, '', '', '', '', NULL, 10, 'App\\Models\\Client', '2025-07-30 01:41:00.950189', '2025-07-30 01:41:00.950189', 1),
(500, 2, NULL, 2, NULL, NULL, NULL, NULL, 'vitae.png', NULL, NULL, NULL, NULL, NULL, NULL, 1, '', '', '', '', NULL, 10, 'App\\Models\\Client', '2025-07-30 01:41:00.951476', '2025-07-30 01:41:00.951476', 1),
(501, 2, NULL, 2, NULL, NULL, NULL, NULL, 'voluptatem.png', NULL, NULL, NULL, NULL, NULL, NULL, 1, '', '', '', '', NULL, 10, 'App\\Models\\Client', '2025-07-30 01:41:00.952425', '2025-07-30 01:41:00.952425', 1),
(502, 2, NULL, 2, NULL, NULL, NULL, NULL, 'et.png', NULL, NULL, NULL, NULL, NULL, NULL, 1, '', '', '', '', NULL, 10, 'App\\Models\\Client', '2025-07-30 01:41:00.953272', '2025-07-30 01:41:00.953272', 1),
(503, 2, NULL, 2, NULL, NULL, NULL, NULL, 'inventore.png', NULL, NULL, NULL, NULL, NULL, NULL, 1, '', '', '', '', NULL, 10, 'App\\Models\\Client', '2025-07-30 01:41:00.954218', '2025-07-30 01:41:00.954218', 1),
(504, 2, NULL, 2, NULL, NULL, NULL, NULL, 'delectus.png', NULL, NULL, NULL, NULL, NULL, NULL, 1, '', '', '', '', NULL, 10, 'App\\Models\\Client', '2025-07-30 01:41:00.955152', '2025-07-30 01:41:00.955152', 1),
(505, 2, NULL, 2, NULL, NULL, NULL, NULL, 'sit.png', NULL, NULL, NULL, NULL, NULL, NULL, 1, '', '', '', '', NULL, 10, 'App\\Models\\Client', '2025-07-30 01:41:00.955967', '2025-07-30 01:41:00.955967', 1),
(506, 2, NULL, 2, NULL, NULL, NULL, NULL, 'nam.png', NULL, NULL, NULL, NULL, NULL, NULL, 1, '', '', '', '', NULL, 10, 'App\\Models\\Client', '2025-07-30 01:41:00.956833', '2025-07-30 01:41:00.956833', 1),
(507, 2, NULL, 2, NULL, NULL, NULL, NULL, 'qui.png', NULL, NULL, NULL, NULL, NULL, NULL, 1, '', '', '', '', NULL, 10, 'App\\Models\\Client', '2025-07-30 01:41:00.957728', '2025-07-30 01:41:00.957728', 1),
(508, 2, NULL, 2, NULL, NULL, NULL, NULL, 'eligendi.png', NULL, NULL, NULL, NULL, NULL, NULL, 1, '', '', '', '', NULL, 10, 'App\\Models\\Client', '2025-07-30 01:41:00.958504', '2025-07-30 01:41:00.958504', 1),
(509, 2, NULL, 2, NULL, NULL, NULL, NULL, 'minus.png', NULL, NULL, NULL, NULL, NULL, NULL, 1, '', '', '', '', NULL, 10, 'App\\Models\\Client', '2025-07-30 01:41:00.959328', '2025-07-30 01:41:00.959328', 1),
(510, 2, NULL, 2, NULL, NULL, NULL, NULL, 'vero.png', NULL, NULL, NULL, NULL, NULL, NULL, 1, '', '', '', '', NULL, 10, 'App\\Models\\Client', '2025-07-30 01:41:00.960304', '2025-07-30 01:41:00.960304', 1),
(511, 2, NULL, 2, NULL, NULL, NULL, NULL, 'voluptas.png', NULL, NULL, NULL, NULL, NULL, NULL, 1, '', '', '', '', NULL, 10, 'App\\Models\\Client', '2025-07-30 01:41:00.961206', '2025-07-30 01:41:00.961206', 1),
(512, 2, NULL, 2, NULL, NULL, NULL, NULL, 'quasi.png', NULL, NULL, NULL, NULL, NULL, NULL, 1, '', '', '', '', NULL, 10, 'App\\Models\\Client', '2025-07-30 01:41:00.962054', '2025-07-30 01:41:00.962054', 1),
(513, 2, NULL, 2, NULL, NULL, NULL, NULL, 'accusantium.png', NULL, NULL, NULL, NULL, NULL, NULL, 1, '', '', '', '', NULL, 10, 'App\\Models\\Client', '2025-07-30 01:41:00.962896', '2025-07-30 01:41:00.962896', 1),
(514, 2, NULL, 2, NULL, NULL, NULL, NULL, 'corporis.png', NULL, NULL, NULL, NULL, NULL, NULL, 1, '', '', '', '', NULL, 10, 'App\\Models\\Client', '2025-07-30 01:41:00.963793', '2025-07-30 01:41:00.963793', 1),
(515, 2, NULL, 2, NULL, NULL, NULL, NULL, 'doloremque.png', NULL, NULL, NULL, NULL, NULL, NULL, 1, '', '', '', '', NULL, 10, 'App\\Models\\Client', '2025-07-30 01:41:00.964548', '2025-07-30 01:41:00.964548', 1),
(516, 2, NULL, 2, NULL, NULL, NULL, NULL, 'necessitatibus.png', NULL, NULL, NULL, NULL, NULL, NULL, 1, '', '', '', '', NULL, 10, 'App\\Models\\Client', '2025-07-30 01:41:00.965324', '2025-07-30 01:41:00.965324', 1),
(517, 2, NULL, 2, NULL, NULL, NULL, NULL, 'eos.png', NULL, NULL, NULL, NULL, NULL, NULL, 1, '', '', '', '', NULL, 11, 'App\\Models\\Client', '2025-07-30 01:41:01.429826', '2025-07-30 01:41:01.429826', 1),
(518, 2, NULL, 2, NULL, NULL, NULL, NULL, 'et.png', NULL, NULL, NULL, NULL, NULL, NULL, 1, '', '', '', '', NULL, 11, 'App\\Models\\Client', '2025-07-30 01:41:01.431023', '2025-07-30 01:41:01.431023', 1),
(519, 2, NULL, 2, NULL, NULL, NULL, NULL, 'quae.png', NULL, NULL, NULL, NULL, NULL, NULL, 1, '', '', '', '', NULL, 11, 'App\\Models\\Client', '2025-07-30 01:41:01.432082', '2025-07-30 01:41:01.432082', 1),
(520, 2, NULL, 2, NULL, NULL, NULL, NULL, 'corporis.png', NULL, NULL, NULL, NULL, NULL, NULL, 1, '', '', '', '', NULL, 11, 'App\\Models\\Client', '2025-07-30 01:41:01.433111', '2025-07-30 01:41:01.433111', 1),
(521, 2, NULL, 2, NULL, NULL, NULL, NULL, 'eos.png', NULL, NULL, NULL, NULL, NULL, NULL, 1, '', '', '', '', NULL, 11, 'App\\Models\\Client', '2025-07-30 01:41:01.434143', '2025-07-30 01:41:01.434143', 1),
(522, 2, NULL, 2, NULL, NULL, NULL, NULL, 'voluptas.png', NULL, NULL, NULL, NULL, NULL, NULL, 1, '', '', '', '', NULL, 11, 'App\\Models\\Client', '2025-07-30 01:41:01.435302', '2025-07-30 01:41:01.435302', 1),
(523, 2, NULL, 2, NULL, NULL, NULL, NULL, 'fugiat.png', NULL, NULL, NULL, NULL, NULL, NULL, 1, '', '', '', '', NULL, 11, 'App\\Models\\Client', '2025-07-30 01:41:01.436226', '2025-07-30 01:41:01.436226', 1),
(524, 2, NULL, 2, NULL, NULL, NULL, NULL, 'quia.png', NULL, NULL, NULL, NULL, NULL, NULL, 1, '', '', '', '', NULL, 11, 'App\\Models\\Client', '2025-07-30 01:41:01.437230', '2025-07-30 01:41:01.437230', 1),
(525, 2, NULL, 2, NULL, NULL, NULL, NULL, 'animi.png', NULL, NULL, NULL, NULL, NULL, NULL, 1, '', '', '', '', NULL, 11, 'App\\Models\\Client', '2025-07-30 01:41:01.438159', '2025-07-30 01:41:01.438159', 1),
(526, 2, NULL, 2, NULL, NULL, NULL, NULL, 'culpa.png', NULL, NULL, NULL, NULL, NULL, NULL, 1, '', '', '', '', NULL, 11, 'App\\Models\\Client', '2025-07-30 01:41:01.438952', '2025-07-30 01:41:01.438952', 1),
(527, 2, NULL, 2, NULL, NULL, NULL, NULL, 'temporibus.png', NULL, NULL, NULL, NULL, NULL, NULL, 1, '', '', '', '', NULL, 11, 'App\\Models\\Client', '2025-07-30 01:41:01.439892', '2025-07-30 01:41:01.439892', 1),
(528, 2, NULL, 2, NULL, NULL, NULL, NULL, 'quis.png', NULL, NULL, NULL, NULL, NULL, NULL, 1, '', '', '', '', NULL, 11, 'App\\Models\\Client', '2025-07-30 01:41:01.440707', '2025-07-30 01:41:01.440707', 1),
(529, 2, NULL, 2, NULL, NULL, NULL, NULL, 'corporis.png', NULL, NULL, NULL, NULL, NULL, NULL, 1, '', '', '', '', NULL, 11, 'App\\Models\\Client', '2025-07-30 01:41:01.441412', '2025-07-30 01:41:01.441412', 1),
(530, 2, NULL, 2, NULL, NULL, NULL, NULL, 'velit.png', NULL, NULL, NULL, NULL, NULL, NULL, 1, '', '', '', '', NULL, 11, 'App\\Models\\Client', '2025-07-30 01:41:01.442195', '2025-07-30 01:41:01.442195', 1),
(531, 2, NULL, 2, NULL, NULL, NULL, NULL, 'consequuntur.png', NULL, NULL, NULL, NULL, NULL, NULL, 1, '', '', '', '', NULL, 11, 'App\\Models\\Client', '2025-07-30 01:41:01.442938', '2025-07-30 01:41:01.442938', 1),
(532, 2, NULL, 2, NULL, NULL, NULL, NULL, 'voluptatem.png', NULL, NULL, NULL, NULL, NULL, NULL, 1, '', '', '', '', NULL, 11, 'App\\Models\\Client', '2025-07-30 01:41:01.443627', '2025-07-30 01:41:01.443627', 1),
(533, 2, NULL, 2, NULL, NULL, NULL, NULL, 'odio.png', NULL, NULL, NULL, NULL, NULL, NULL, 1, '', '', '', '', NULL, 11, 'App\\Models\\Client', '2025-07-30 01:41:01.444309', '2025-07-30 01:41:01.444309', 1),
(534, 2, NULL, 2, NULL, NULL, NULL, NULL, 'est.png', NULL, NULL, NULL, NULL, NULL, NULL, 1, '', '', '', '', NULL, 11, 'App\\Models\\Client', '2025-07-30 01:41:01.444978', '2025-07-30 01:41:01.444978', 1),
(535, 2, NULL, 2, NULL, NULL, NULL, NULL, 'praesentium.png', NULL, NULL, NULL, NULL, NULL, NULL, 1, '', '', '', '', NULL, 11, 'App\\Models\\Client', '2025-07-30 01:41:01.445655', '2025-07-30 01:41:01.445655', 1),
(536, 2, NULL, 2, NULL, NULL, NULL, NULL, 'sequi.png', NULL, NULL, NULL, NULL, NULL, NULL, 1, '', '', '', '', NULL, 11, 'App\\Models\\Client', '2025-07-30 01:41:01.446288', '2025-07-30 01:41:01.446288', 1),
(537, 2, NULL, 2, NULL, NULL, NULL, NULL, 'omnis.png', NULL, NULL, NULL, NULL, NULL, NULL, 1, '', '', '', '', NULL, 11, 'App\\Models\\Client', '2025-07-30 01:41:01.446959', '2025-07-30 01:41:01.446959', 1),
(538, 2, NULL, 2, NULL, NULL, NULL, NULL, 'consequatur.png', NULL, NULL, NULL, NULL, NULL, NULL, 1, '', '', '', '', NULL, 11, 'App\\Models\\Client', '2025-07-30 01:41:01.447660', '2025-07-30 01:41:01.447660', 1),
(539, 2, NULL, 2, NULL, NULL, NULL, NULL, 'illum.png', NULL, NULL, NULL, NULL, NULL, NULL, 1, '', '', '', '', NULL, 11, 'App\\Models\\Client', '2025-07-30 01:41:01.448330', '2025-07-30 01:41:01.448330', 1),
(540, 2, NULL, 2, NULL, NULL, NULL, NULL, 'et.png', NULL, NULL, NULL, NULL, NULL, NULL, 1, '', '', '', '', NULL, 11, 'App\\Models\\Client', '2025-07-30 01:41:01.448995', '2025-07-30 01:41:01.448995', 1),
(541, 2, NULL, 2, NULL, NULL, NULL, NULL, 'aut.png', NULL, NULL, NULL, NULL, NULL, NULL, 1, '', '', '', '', NULL, 11, 'App\\Models\\Client', '2025-07-30 01:41:01.449829', '2025-07-30 01:41:01.449829', 1),
(542, 2, NULL, 2, NULL, NULL, NULL, NULL, 'sint.png', NULL, NULL, NULL, NULL, NULL, NULL, 1, '', '', '', '', NULL, 11, 'App\\Models\\Client', '2025-07-30 01:41:01.450699', '2025-07-30 01:41:01.450699', 1),
(543, 2, NULL, 2, NULL, NULL, NULL, NULL, 'cum.png', NULL, NULL, NULL, NULL, NULL, NULL, 1, '', '', '', '', NULL, 11, 'App\\Models\\Client', '2025-07-30 01:41:01.451721', '2025-07-30 01:41:01.451721', 1),
(544, 2, NULL, 2, NULL, NULL, NULL, NULL, 'id.png', NULL, NULL, NULL, NULL, NULL, NULL, 1, '', '', '', '', NULL, 11, 'App\\Models\\Client', '2025-07-30 01:41:01.452784', '2025-07-30 01:41:01.452784', 1),
(545, 2, NULL, 2, NULL, NULL, NULL, NULL, 'neque.png', NULL, NULL, NULL, NULL, NULL, NULL, 1, '', '', '', '', NULL, 11, 'App\\Models\\Client', '2025-07-30 01:41:01.453788', '2025-07-30 01:41:01.453788', 1),
(546, 2, NULL, 2, NULL, NULL, NULL, NULL, 'qui.png', NULL, NULL, NULL, NULL, NULL, NULL, 1, '', '', '', '', NULL, 11, 'App\\Models\\Client', '2025-07-30 01:41:01.454861', '2025-07-30 01:41:01.454861', 1),
(547, 2, NULL, 2, NULL, NULL, NULL, NULL, 'rerum.png', NULL, NULL, NULL, NULL, NULL, NULL, 1, '', '', '', '', NULL, 11, 'App\\Models\\Client', '2025-07-30 01:41:01.455914', '2025-07-30 01:41:01.455914', 1),
(548, 2, NULL, 2, NULL, NULL, NULL, NULL, 'in.png', NULL, NULL, NULL, NULL, NULL, NULL, 1, '', '', '', '', NULL, 11, 'App\\Models\\Client', '2025-07-30 01:41:01.456788', '2025-07-30 01:41:01.456788', 1),
(549, 2, NULL, 2, NULL, NULL, NULL, NULL, 'quo.png', NULL, NULL, NULL, NULL, NULL, NULL, 1, '', '', '', '', NULL, 11, 'App\\Models\\Client', '2025-07-30 01:41:01.457736', '2025-07-30 01:41:01.457736', 1),
(550, 2, NULL, 2, NULL, NULL, NULL, NULL, 'quis.png', NULL, NULL, NULL, NULL, NULL, NULL, 1, '', '', '', '', NULL, 11, 'App\\Models\\Client', '2025-07-30 01:41:01.458780', '2025-07-30 01:41:01.458780', 1),
(551, 2, NULL, 2, NULL, NULL, NULL, NULL, 'sapiente.png', NULL, NULL, NULL, NULL, NULL, NULL, 1, '', '', '', '', NULL, 11, 'App\\Models\\Client', '2025-07-30 01:41:01.459825', '2025-07-30 01:41:01.459825', 1),
(552, 2, NULL, 2, NULL, NULL, NULL, NULL, 'iste.png', NULL, NULL, NULL, NULL, NULL, NULL, 1, '', '', '', '', NULL, 11, 'App\\Models\\Client', '2025-07-30 01:41:01.460699', '2025-07-30 01:41:01.460699', 1),
(553, 2, NULL, 2, NULL, NULL, NULL, NULL, 'ipsa.png', NULL, NULL, NULL, NULL, NULL, NULL, 1, '', '', '', '', NULL, 11, 'App\\Models\\Client', '2025-07-30 01:41:01.461709', '2025-07-30 01:41:01.461709', 1),
(554, 2, NULL, 2, NULL, NULL, NULL, NULL, 'ut.png', NULL, NULL, NULL, NULL, NULL, NULL, 1, '', '', '', '', NULL, 11, 'App\\Models\\Client', '2025-07-30 01:41:01.462594', '2025-07-30 01:41:01.462594', 1),
(555, 2, NULL, 2, NULL, NULL, NULL, NULL, 'voluptatem.png', NULL, NULL, NULL, NULL, NULL, NULL, 1, '', '', '', '', NULL, 11, 'App\\Models\\Client', '2025-07-30 01:41:01.463332', '2025-07-30 01:41:01.463332', 1),
(556, 2, NULL, 2, NULL, NULL, NULL, NULL, 'dolores.png', NULL, NULL, NULL, NULL, NULL, NULL, 1, '', '', '', '', NULL, 11, 'App\\Models\\Client', '2025-07-30 01:41:01.464138', '2025-07-30 01:41:01.464138', 1),
(557, 2, NULL, 2, NULL, NULL, NULL, NULL, 'soluta.png', NULL, NULL, NULL, NULL, NULL, NULL, 1, '', '', '', '', NULL, 11, 'App\\Models\\Client', '2025-07-30 01:41:01.464978', '2025-07-30 01:41:01.464978', 1),
(558, 2, NULL, 2, NULL, NULL, NULL, NULL, 'quia.png', NULL, NULL, NULL, NULL, NULL, NULL, 1, '', '', '', '', NULL, 11, 'App\\Models\\Client', '2025-07-30 01:41:01.465795', '2025-07-30 01:41:01.465795', 1),
(559, 2, NULL, 2, NULL, NULL, NULL, NULL, 'nisi.png', NULL, NULL, NULL, NULL, NULL, NULL, 1, '', '', '', '', NULL, 11, 'App\\Models\\Client', '2025-07-30 01:41:01.466640', '2025-07-30 01:41:01.466640', 1),
(560, 2, NULL, 2, NULL, NULL, NULL, NULL, 'cupiditate.png', NULL, NULL, NULL, NULL, NULL, NULL, 1, '', '', '', '', NULL, 11, 'App\\Models\\Client', '2025-07-30 01:41:01.467451', '2025-07-30 01:41:01.467451', 1),
(561, 2, NULL, 2, NULL, NULL, NULL, NULL, 'dolorem.png', NULL, NULL, NULL, NULL, NULL, NULL, 1, '', '', '', '', NULL, 11, 'App\\Models\\Client', '2025-07-30 01:41:01.468312', '2025-07-30 01:41:01.468312', 1),
(562, 2, NULL, 2, NULL, NULL, NULL, NULL, 'neque.png', NULL, NULL, NULL, NULL, NULL, NULL, 1, '', '', '', '', NULL, 11, 'App\\Models\\Client', '2025-07-30 01:41:01.469173', '2025-07-30 01:41:01.469173', 1),
(563, 2, NULL, 2, NULL, NULL, NULL, NULL, 'aut.png', NULL, NULL, NULL, NULL, NULL, NULL, 1, '', '', '', '', NULL, 11, 'App\\Models\\Client', '2025-07-30 01:41:01.470131', '2025-07-30 01:41:01.470131', 1),
(564, 2, NULL, 2, NULL, NULL, NULL, NULL, 'impedit.png', NULL, NULL, NULL, NULL, NULL, NULL, 1, '', '', '', '', NULL, 11, 'App\\Models\\Client', '2025-07-30 01:41:01.471355', '2025-07-30 01:41:01.471355', 1),
(565, 2, NULL, 2, NULL, NULL, NULL, NULL, 'accusantium.png', NULL, NULL, NULL, NULL, NULL, NULL, 1, '', '', '', '', NULL, 11, 'App\\Models\\Client', '2025-07-30 01:41:01.472245', '2025-07-30 01:41:01.472245', 1),
(566, 2, NULL, 2, NULL, NULL, NULL, NULL, 'rerum.png', NULL, NULL, NULL, NULL, NULL, NULL, 1, '', '', '', '', NULL, 11, 'App\\Models\\Client', '2025-07-30 01:41:01.473061', '2025-07-30 01:41:01.473061', 1),
(567, 2, NULL, 2, NULL, NULL, NULL, NULL, 'ratione.png', NULL, NULL, NULL, NULL, NULL, NULL, 1, '', '', '', '', NULL, 2, 'App\\Console\\Commands\\Invoice', '2025-07-30 01:41:03.903465', '2025-07-30 01:41:03.903465', 1),
(568, 2, NULL, 2, NULL, NULL, NULL, NULL, 'quidem.png', NULL, NULL, NULL, NULL, NULL, NULL, 1, '', '', '', '', NULL, 2, 'App\\Console\\Commands\\Invoice', '2025-07-30 01:41:03.904971', '2025-07-30 01:41:03.904971', 1),
(569, 2, NULL, 2, NULL, NULL, NULL, NULL, 'aut.png', NULL, NULL, NULL, NULL, NULL, NULL, 1, '', '', '', '', NULL, 2, 'App\\Console\\Commands\\Invoice', '2025-07-30 01:41:03.906197', '2025-07-30 01:41:03.906197', 1),
(570, 2, NULL, 2, NULL, NULL, NULL, NULL, 'labore.png', NULL, NULL, NULL, NULL, NULL, NULL, 1, '', '', '', '', NULL, 2, 'App\\Console\\Commands\\Invoice', '2025-07-30 01:41:03.907085', '2025-07-30 01:41:03.907085', 1),
(571, 2, NULL, 2, NULL, NULL, NULL, NULL, 'repellat.png', NULL, NULL, NULL, NULL, NULL, NULL, 1, '', '', '', '', NULL, 2, 'App\\Console\\Commands\\Invoice', '2025-07-30 01:41:03.908107', '2025-07-30 01:41:03.908107', 1),
(572, 2, NULL, 2, NULL, NULL, NULL, NULL, 'pariatur.png', NULL, NULL, NULL, NULL, NULL, NULL, 1, '', '', '', '', NULL, 2, 'App\\Models\\Vendor', '2025-07-30 01:41:04.885182', '2025-07-30 01:41:04.885182', 1),
(573, 2, NULL, 2, NULL, NULL, NULL, NULL, 'voluptatem.png', NULL, NULL, NULL, NULL, NULL, NULL, 1, '', '', '', '', NULL, 2, 'App\\Models\\Task', '2025-07-30 01:41:05.189028', '2025-07-30 01:41:05.189028', 1),
(574, 2, NULL, 2, NULL, NULL, NULL, NULL, 'qui.png', NULL, NULL, NULL, NULL, NULL, NULL, 1, '', '', '', '', NULL, 2, 'App\\Models\\Task', '2025-07-30 01:41:05.191194', '2025-07-30 01:41:05.191194', 1),
(575, 2, NULL, 2, NULL, NULL, NULL, NULL, 'ipsa.png', NULL, NULL, NULL, NULL, NULL, NULL, 1, '', '', '', '', NULL, 2, 'App\\Models\\Task', '2025-07-30 01:41:05.192420', '2025-07-30 01:41:05.192420', 1),
(576, 2, NULL, 2, NULL, NULL, NULL, NULL, 'rerum.png', NULL, NULL, NULL, NULL, NULL, NULL, 1, '', '', '', '', NULL, 2, 'App\\Models\\Task', '2025-07-30 01:41:05.193436', '2025-07-30 01:41:05.193436', 1),
(577, 2, NULL, 2, NULL, NULL, NULL, NULL, 'dolorem.png', NULL, NULL, NULL, NULL, NULL, NULL, 1, '', '', '', '', NULL, 2, 'App\\Models\\Task', '2025-07-30 01:41:05.194451', '2025-07-30 01:41:05.194451', 1),
(578, 2, NULL, 2, NULL, NULL, NULL, NULL, 'tempora.png', NULL, NULL, NULL, NULL, NULL, NULL, 1, '', '', '', '', NULL, 2, 'App\\Models\\Project', '2025-07-30 01:41:05.201858', '2025-07-30 01:41:05.201858', 1),
(579, 2, NULL, 2, NULL, NULL, NULL, NULL, 'necessitatibus.png', NULL, NULL, NULL, NULL, NULL, NULL, 1, '', '', '', '', NULL, 2, 'App\\Models\\Project', '2025-07-30 01:41:05.203404', '2025-07-30 01:41:05.203404', 1),
(580, 2, NULL, 2, NULL, NULL, NULL, NULL, 'non.png', NULL, NULL, NULL, NULL, NULL, NULL, 1, '', '', '', '', NULL, 2, 'App\\Models\\Project', '2025-07-30 01:41:05.204840', '2025-07-30 01:41:05.204840', 1),
(581, 2, NULL, 2, NULL, NULL, NULL, NULL, 'facilis.png', NULL, NULL, NULL, NULL, NULL, NULL, 1, '', '', '', '', NULL, 2, 'App\\Models\\Project', '2025-07-30 01:41:05.206016', '2025-07-30 01:41:05.206016', 1),
(582, 2, NULL, 2, NULL, NULL, NULL, NULL, 'quidem.png', NULL, NULL, NULL, NULL, NULL, NULL, 1, '', '', '', '', NULL, 2, 'App\\Models\\Project', '2025-07-30 01:41:05.207239', '2025-07-30 01:41:05.207239', 1),
(583, 2, NULL, 2, NULL, NULL, NULL, NULL, 'et.png', NULL, NULL, NULL, NULL, NULL, NULL, 1, '', '', '', '', NULL, 3, 'App\\Console\\Commands\\Invoice', '2025-07-30 01:41:07.936282', '2025-07-30 01:41:07.936282', 1),
(584, 2, NULL, 2, NULL, NULL, NULL, NULL, 'voluptas.png', NULL, NULL, NULL, NULL, NULL, NULL, 1, '', '', '', '', NULL, 3, 'App\\Console\\Commands\\Invoice', '2025-07-30 01:41:07.938168', '2025-07-30 01:41:07.938168', 1),
(585, 2, NULL, 2, NULL, NULL, NULL, NULL, 'omnis.png', NULL, NULL, NULL, NULL, NULL, NULL, 1, '', '', '', '', NULL, 3, 'App\\Console\\Commands\\Invoice', '2025-07-30 01:41:07.939383', '2025-07-30 01:41:07.939383', 1),
(586, 2, NULL, 2, NULL, NULL, NULL, NULL, 'repellendus.png', NULL, NULL, NULL, NULL, NULL, NULL, 1, '', '', '', '', NULL, 3, 'App\\Console\\Commands\\Invoice', '2025-07-30 01:41:07.940406', '2025-07-30 01:41:07.940406', 1),
(587, 2, NULL, 2, NULL, NULL, NULL, NULL, 'laborum.png', NULL, NULL, NULL, NULL, NULL, NULL, 1, '', '', '', '', NULL, 3, 'App\\Console\\Commands\\Invoice', '2025-07-30 01:41:07.941392', '2025-07-30 01:41:07.941392', 1),
(588, 2, NULL, 2, NULL, NULL, NULL, NULL, 'ipsam.png', NULL, NULL, NULL, NULL, NULL, NULL, 1, '', '', '', '', NULL, 3, 'App\\Models\\Vendor', '2025-07-30 01:41:09.186830', '2025-07-30 01:41:09.186830', 1),
(589, 2, NULL, 2, NULL, NULL, NULL, NULL, 'est.png', NULL, NULL, NULL, NULL, NULL, NULL, 1, '', '', '', '', NULL, 3, 'App\\Models\\Task', '2025-07-30 01:41:09.589110', '2025-07-30 01:41:09.589110', 1),
(590, 2, NULL, 2, NULL, NULL, NULL, NULL, 'debitis.png', NULL, NULL, NULL, NULL, NULL, NULL, 1, '', '', '', '', NULL, 3, 'App\\Models\\Task', '2025-07-30 01:41:09.590403', '2025-07-30 01:41:09.590403', 1),
(591, 2, NULL, 2, NULL, NULL, NULL, NULL, 'aspernatur.png', NULL, NULL, NULL, NULL, NULL, NULL, 1, '', '', '', '', NULL, 3, 'App\\Models\\Task', '2025-07-30 01:41:09.591549', '2025-07-30 01:41:09.591549', 1),
(592, 2, NULL, 2, NULL, NULL, NULL, NULL, 'blanditiis.png', NULL, NULL, NULL, NULL, NULL, NULL, 1, '', '', '', '', NULL, 3, 'App\\Models\\Task', '2025-07-30 01:41:09.592562', '2025-07-30 01:41:09.592562', 1),
(593, 2, NULL, 2, NULL, NULL, NULL, NULL, 'ex.png', NULL, NULL, NULL, NULL, NULL, NULL, 1, '', '', '', '', NULL, 3, 'App\\Models\\Task', '2025-07-30 01:41:09.593665', '2025-07-30 01:41:09.593665', 1),
(594, 2, NULL, 2, NULL, NULL, NULL, NULL, 'ipsa.png', NULL, NULL, NULL, NULL, NULL, NULL, 1, '', '', '', '', NULL, 3, 'App\\Models\\Project', '2025-07-30 01:41:09.599189', '2025-07-30 01:41:09.599189', 1),
(595, 2, NULL, 2, NULL, NULL, NULL, NULL, 'eaque.png', NULL, NULL, NULL, NULL, NULL, NULL, 1, '', '', '', '', NULL, 3, 'App\\Models\\Project', '2025-07-30 01:41:09.600296', '2025-07-30 01:41:09.600296', 1),
(596, 2, NULL, 2, NULL, NULL, NULL, NULL, 'exercitationem.png', NULL, NULL, NULL, NULL, NULL, NULL, 1, '', '', '', '', NULL, 3, 'App\\Models\\Project', '2025-07-30 01:41:09.601165', '2025-07-30 01:41:09.601165', 1),
(597, 2, NULL, 2, NULL, NULL, NULL, NULL, 'aliquam.png', NULL, NULL, NULL, NULL, NULL, NULL, 1, '', '', '', '', NULL, 3, 'App\\Models\\Project', '2025-07-30 01:41:09.602237', '2025-07-30 01:41:09.602237', 1),
(598, 2, NULL, 2, NULL, NULL, NULL, NULL, 'sint.png', NULL, NULL, NULL, NULL, NULL, NULL, 1, '', '', '', '', NULL, 3, 'App\\Models\\Project', '2025-07-30 01:41:09.603309', '2025-07-30 01:41:09.603309', 1),
(599, 2, NULL, 2, NULL, NULL, NULL, NULL, 'in.png', NULL, NULL, NULL, NULL, NULL, NULL, 1, '', '', '', '', NULL, 4, 'App\\Console\\Commands\\Invoice', '2025-07-30 01:41:10.572640', '2025-07-30 01:41:10.572640', 1),
(600, 2, NULL, 2, NULL, NULL, NULL, NULL, 'ut.png', NULL, NULL, NULL, NULL, NULL, NULL, 1, '', '', '', '', NULL, 4, 'App\\Console\\Commands\\Invoice', '2025-07-30 01:41:10.574673', '2025-07-30 01:41:10.574673', 1),
(601, 2, NULL, 2, NULL, NULL, NULL, NULL, 'nostrum.png', NULL, NULL, NULL, NULL, NULL, NULL, 1, '', '', '', '', NULL, 4, 'App\\Console\\Commands\\Invoice', '2025-07-30 01:41:10.576026', '2025-07-30 01:41:10.576026', 1),
(602, 2, NULL, 2, NULL, NULL, NULL, NULL, 'ut.png', NULL, NULL, NULL, NULL, NULL, NULL, 1, '', '', '', '', NULL, 4, 'App\\Console\\Commands\\Invoice', '2025-07-30 01:41:10.577224', '2025-07-30 01:41:10.577224', 1),
(603, 2, NULL, 2, NULL, NULL, NULL, NULL, 'adipisci.png', NULL, NULL, NULL, NULL, NULL, NULL, 1, '', '', '', '', NULL, 4, 'App\\Console\\Commands\\Invoice', '2025-07-30 01:41:10.578460', '2025-07-30 01:41:10.578460', 1),
(604, 2, NULL, 2, NULL, NULL, NULL, NULL, 'sed.png', NULL, NULL, NULL, NULL, NULL, NULL, 1, '', '', '', '', NULL, 4, 'App\\Models\\Vendor', '2025-07-30 01:41:11.699594', '2025-07-30 01:41:11.699594', 1),
(605, 2, NULL, 2, NULL, NULL, NULL, NULL, 'quaerat.png', NULL, NULL, NULL, NULL, NULL, NULL, 1, '', '', '', '', NULL, 4, 'App\\Models\\Task', '2025-07-30 01:41:12.171790', '2025-07-30 01:41:12.171790', 1),
(606, 2, NULL, 2, NULL, NULL, NULL, NULL, 'et.png', NULL, NULL, NULL, NULL, NULL, NULL, 1, '', '', '', '', NULL, 4, 'App\\Models\\Task', '2025-07-30 01:41:12.175078', '2025-07-30 01:41:12.175078', 1),
(607, 2, NULL, 2, NULL, NULL, NULL, NULL, 'ab.png', NULL, NULL, NULL, NULL, NULL, NULL, 1, '', '', '', '', NULL, 4, 'App\\Models\\Task', '2025-07-30 01:41:12.177306', '2025-07-30 01:41:12.177306', 1),
(608, 2, NULL, 2, NULL, NULL, NULL, NULL, 'ullam.png', NULL, NULL, NULL, NULL, NULL, NULL, 1, '', '', '', '', NULL, 4, 'App\\Models\\Task', '2025-07-30 01:41:12.178911', '2025-07-30 01:41:12.178911', 1),
(609, 2, NULL, 2, NULL, NULL, NULL, NULL, 'dolores.png', NULL, NULL, NULL, NULL, NULL, NULL, 1, '', '', '', '', NULL, 4, 'App\\Models\\Task', '2025-07-30 01:41:12.180582', '2025-07-30 01:41:12.180582', 1),
(610, 2, NULL, 2, NULL, NULL, NULL, NULL, 'labore.png', NULL, NULL, NULL, NULL, NULL, NULL, 1, '', '', '', '', NULL, 4, 'App\\Models\\Project', '2025-07-30 01:41:12.187628', '2025-07-30 01:41:12.187628', 1),
(611, 2, NULL, 2, NULL, NULL, NULL, NULL, 'ipsum.png', NULL, NULL, NULL, NULL, NULL, NULL, 1, '', '', '', '', NULL, 4, 'App\\Models\\Project', '2025-07-30 01:41:12.189165', '2025-07-30 01:41:12.189165', 1),
(612, 2, NULL, 2, NULL, NULL, NULL, NULL, 'dolore.png', NULL, NULL, NULL, NULL, NULL, NULL, 1, '', '', '', '', NULL, 4, 'App\\Models\\Project', '2025-07-30 01:41:12.190410', '2025-07-30 01:41:12.190410', 1),
(613, 2, NULL, 2, NULL, NULL, NULL, NULL, 'fugit.png', NULL, NULL, NULL, NULL, NULL, NULL, 1, '', '', '', '', NULL, 4, 'App\\Models\\Project', '2025-07-30 01:41:12.191908', '2025-07-30 01:41:12.191908', 1),
(614, 2, NULL, 2, NULL, NULL, NULL, NULL, 'ut.png', NULL, NULL, NULL, NULL, NULL, NULL, 1, '', '', '', '', NULL, 4, 'App\\Models\\Project', '2025-07-30 01:41:12.193518', '2025-07-30 01:41:12.193518', 1),
(615, 2, NULL, 2, NULL, NULL, NULL, NULL, 'quis.png', NULL, NULL, NULL, NULL, NULL, NULL, 1, '', '', '', '', NULL, 5, 'App\\Console\\Commands\\Invoice', '2025-07-30 01:41:16.111183', '2025-07-30 01:41:16.111183', 1),
(616, 2, NULL, 2, NULL, NULL, NULL, NULL, 'voluptatem.png', NULL, NULL, NULL, NULL, NULL, NULL, 1, '', '', '', '', NULL, 5, 'App\\Console\\Commands\\Invoice', '2025-07-30 01:41:16.113168', '2025-07-30 01:41:16.113168', 1),
(617, 2, NULL, 2, NULL, NULL, NULL, NULL, 'est.png', NULL, NULL, NULL, NULL, NULL, NULL, 1, '', '', '', '', NULL, 5, 'App\\Console\\Commands\\Invoice', '2025-07-30 01:41:16.114393', '2025-07-30 01:41:16.114393', 1),
(618, 2, NULL, 2, NULL, NULL, NULL, NULL, 'fugit.png', NULL, NULL, NULL, NULL, NULL, NULL, 1, '', '', '', '', NULL, 5, 'App\\Console\\Commands\\Invoice', '2025-07-30 01:41:16.115589', '2025-07-30 01:41:16.115589', 1),
(619, 2, NULL, 2, NULL, NULL, NULL, NULL, 'qui.png', NULL, NULL, NULL, NULL, NULL, NULL, 1, '', '', '', '', NULL, 5, 'App\\Console\\Commands\\Invoice', '2025-07-30 01:41:16.116962', '2025-07-30 01:41:16.116962', 1),
(620, 2, NULL, 2, NULL, NULL, NULL, NULL, 'fugit.png', NULL, NULL, NULL, NULL, NULL, NULL, 1, '', '', '', '', NULL, 5, 'App\\Models\\Vendor', '2025-07-30 01:41:17.893965', '2025-07-30 01:41:17.893965', 1),
(621, 2, NULL, 2, NULL, NULL, NULL, NULL, 'fugit.png', NULL, NULL, NULL, NULL, NULL, NULL, 1, '', '', '', '', NULL, 5, 'App\\Models\\Task', '2025-07-30 01:41:18.209697', '2025-07-30 01:41:18.209697', 1),
(622, 2, NULL, 2, NULL, NULL, NULL, NULL, 'accusantium.png', NULL, NULL, NULL, NULL, NULL, NULL, 1, '', '', '', '', NULL, 5, 'App\\Models\\Task', '2025-07-30 01:41:18.211704', '2025-07-30 01:41:18.211704', 1),
(623, 2, NULL, 2, NULL, NULL, NULL, NULL, 'consectetur.png', NULL, NULL, NULL, NULL, NULL, NULL, 1, '', '', '', '', NULL, 5, 'App\\Models\\Task', '2025-07-30 01:41:18.213160', '2025-07-30 01:41:18.213160', 1),
(624, 2, NULL, 2, NULL, NULL, NULL, NULL, 'aut.png', NULL, NULL, NULL, NULL, NULL, NULL, 1, '', '', '', '', NULL, 5, 'App\\Models\\Task', '2025-07-30 01:41:18.214439', '2025-07-30 01:41:18.214439', 1),
(625, 2, NULL, 2, NULL, NULL, NULL, NULL, 'adipisci.png', NULL, NULL, NULL, NULL, NULL, NULL, 1, '', '', '', '', NULL, 5, 'App\\Models\\Task', '2025-07-30 01:41:18.215752', '2025-07-30 01:41:18.215752', 1),
(626, 2, NULL, 2, NULL, NULL, NULL, NULL, 'dolorem.png', NULL, NULL, NULL, NULL, NULL, NULL, 1, '', '', '', '', NULL, 5, 'App\\Models\\Project', '2025-07-30 01:41:18.223684', '2025-07-30 01:41:18.223684', 1),
(627, 2, NULL, 2, NULL, NULL, NULL, NULL, 'aut.png', NULL, NULL, NULL, NULL, NULL, NULL, 1, '', '', '', '', NULL, 5, 'App\\Models\\Project', '2025-07-30 01:41:18.225200', '2025-07-30 01:41:18.225200', 1),
(628, 2, NULL, 2, NULL, NULL, NULL, NULL, 'molestiae.png', NULL, NULL, NULL, NULL, NULL, NULL, 1, '', '', '', '', NULL, 5, 'App\\Models\\Project', '2025-07-30 01:41:18.226546', '2025-07-30 01:41:18.226546', 1),
(629, 2, NULL, 2, NULL, NULL, NULL, NULL, 'excepturi.png', NULL, NULL, NULL, NULL, NULL, NULL, 1, '', '', '', '', NULL, 5, 'App\\Models\\Project', '2025-07-30 01:41:18.228076', '2025-07-30 01:41:18.228076', 1),
(630, 2, NULL, 2, NULL, NULL, NULL, NULL, 'occaecati.png', NULL, NULL, NULL, NULL, NULL, NULL, 1, '', '', '', '', NULL, 5, 'App\\Models\\Project', '2025-07-30 01:41:18.229427', '2025-07-30 01:41:18.229427', 1),
(631, 2, NULL, 2, NULL, NULL, NULL, NULL, 'eius.png', NULL, NULL, NULL, NULL, NULL, NULL, 1, '', '', '', '', NULL, 6, 'App\\Console\\Commands\\Invoice', '2025-07-30 01:41:19.133421', '2025-07-30 01:41:19.133421', 1),
(632, 2, NULL, 2, NULL, NULL, NULL, NULL, 'ducimus.png', NULL, NULL, NULL, NULL, NULL, NULL, 1, '', '', '', '', NULL, 6, 'App\\Console\\Commands\\Invoice', '2025-07-30 01:41:19.135659', '2025-07-30 01:41:19.135659', 1),
(633, 2, NULL, 2, NULL, NULL, NULL, NULL, 'atque.png', NULL, NULL, NULL, NULL, NULL, NULL, 1, '', '', '', '', NULL, 6, 'App\\Console\\Commands\\Invoice', '2025-07-30 01:41:19.138134', '2025-07-30 01:41:19.138134', 1),
(634, 2, NULL, 2, NULL, NULL, NULL, NULL, 'et.png', NULL, NULL, NULL, NULL, NULL, NULL, 1, '', '', '', '', NULL, 6, 'App\\Console\\Commands\\Invoice', '2025-07-30 01:41:19.139650', '2025-07-30 01:41:19.139650', 1),
(635, 2, NULL, 2, NULL, NULL, NULL, NULL, 'minima.png', NULL, NULL, NULL, NULL, NULL, NULL, 1, '', '', '', '', NULL, 6, 'App\\Console\\Commands\\Invoice', '2025-07-30 01:41:19.141149', '2025-07-30 01:41:19.141149', 1),
(636, 2, NULL, 2, NULL, NULL, NULL, NULL, 'aliquid.png', NULL, NULL, NULL, NULL, NULL, NULL, 1, '', '', '', '', NULL, 6, 'App\\Models\\Vendor', '2025-07-30 01:41:20.364935', '2025-07-30 01:41:20.364935', 1),
(637, 2, NULL, 2, NULL, NULL, NULL, NULL, 'fuga.png', NULL, NULL, NULL, NULL, NULL, NULL, 1, '', '', '', '', NULL, 6, 'App\\Models\\Task', '2025-07-30 01:41:21.003499', '2025-07-30 01:41:21.003499', 1),
(638, 2, NULL, 2, NULL, NULL, NULL, NULL, 'libero.png', NULL, NULL, NULL, NULL, NULL, NULL, 1, '', '', '', '', NULL, 6, 'App\\Models\\Task', '2025-07-30 01:41:21.005085', '2025-07-30 01:41:21.005085', 1),
(639, 2, NULL, 2, NULL, NULL, NULL, NULL, 'impedit.png', NULL, NULL, NULL, NULL, NULL, NULL, 1, '', '', '', '', NULL, 6, 'App\\Models\\Task', '2025-07-30 01:41:21.009657', '2025-07-30 01:41:21.009657', 1),
(640, 2, NULL, 2, NULL, NULL, NULL, NULL, 'atque.png', NULL, NULL, NULL, NULL, NULL, NULL, 1, '', '', '', '', NULL, 6, 'App\\Models\\Task', '2025-07-30 01:41:21.011721', '2025-07-30 01:41:21.011721', 1),
(641, 2, NULL, 2, NULL, NULL, NULL, NULL, 'in.png', NULL, NULL, NULL, NULL, NULL, NULL, 1, '', '', '', '', NULL, 6, 'App\\Models\\Task', '2025-07-30 01:41:21.013081', '2025-07-30 01:41:21.013081', 1),
(642, 2, NULL, 2, NULL, NULL, NULL, NULL, 'quas.png', NULL, NULL, NULL, NULL, NULL, NULL, 1, '', '', '', '', NULL, 6, 'App\\Models\\Project', '2025-07-30 01:41:21.019927', '2025-07-30 01:41:21.019927', 1),
(643, 2, NULL, 2, NULL, NULL, NULL, NULL, 'commodi.png', NULL, NULL, NULL, NULL, NULL, NULL, 1, '', '', '', '', NULL, 6, 'App\\Models\\Project', '2025-07-30 01:41:21.021409', '2025-07-30 01:41:21.021409', 1),
(644, 2, NULL, 2, NULL, NULL, NULL, NULL, 'dignissimos.png', NULL, NULL, NULL, NULL, NULL, NULL, 1, '', '', '', '', NULL, 6, 'App\\Models\\Project', '2025-07-30 01:41:21.023095', '2025-07-30 01:41:21.023095', 1),
(645, 2, NULL, 2, NULL, NULL, NULL, NULL, 'error.png', NULL, NULL, NULL, NULL, NULL, NULL, 1, '', '', '', '', NULL, 6, 'App\\Models\\Project', '2025-07-30 01:41:21.024375', '2025-07-30 01:41:21.024375', 1),
(646, 2, NULL, 2, NULL, NULL, NULL, NULL, 'et.png', NULL, NULL, NULL, NULL, NULL, NULL, 1, '', '', '', '', NULL, 6, 'App\\Models\\Project', '2025-07-30 01:41:21.025631', '2025-07-30 01:41:21.025631', 1),
(647, 2, NULL, 2, NULL, NULL, NULL, NULL, 'architecto.png', NULL, NULL, NULL, NULL, NULL, NULL, 1, '', '', '', '', NULL, 7, 'App\\Console\\Commands\\Invoice', '2025-07-30 01:41:23.563219', '2025-07-30 01:41:23.563219', 1),
(648, 2, NULL, 2, NULL, NULL, NULL, NULL, 'iste.png', NULL, NULL, NULL, NULL, NULL, NULL, 1, '', '', '', '', NULL, 7, 'App\\Console\\Commands\\Invoice', '2025-07-30 01:41:23.564961', '2025-07-30 01:41:23.564961', 1),
(649, 2, NULL, 2, NULL, NULL, NULL, NULL, 'sequi.png', NULL, NULL, NULL, NULL, NULL, NULL, 1, '', '', '', '', NULL, 7, 'App\\Console\\Commands\\Invoice', '2025-07-30 01:41:23.566115', '2025-07-30 01:41:23.566115', 1),
(650, 2, NULL, 2, NULL, NULL, NULL, NULL, 'et.png', NULL, NULL, NULL, NULL, NULL, NULL, 1, '', '', '', '', NULL, 7, 'App\\Console\\Commands\\Invoice', '2025-07-30 01:41:23.567335', '2025-07-30 01:41:23.567335', 1),
(651, 2, NULL, 2, NULL, NULL, NULL, NULL, 'illo.png', NULL, NULL, NULL, NULL, NULL, NULL, 1, '', '', '', '', NULL, 7, 'App\\Console\\Commands\\Invoice', '2025-07-30 01:41:23.568762', '2025-07-30 01:41:23.568762', 1),
(652, 2, NULL, 2, NULL, NULL, NULL, NULL, 'accusamus.png', NULL, NULL, NULL, NULL, NULL, NULL, 1, '', '', '', '', NULL, 7, 'App\\Models\\Vendor', '2025-07-30 01:41:24.634017', '2025-07-30 01:41:24.634017', 1),
(653, 2, NULL, 2, NULL, NULL, NULL, NULL, 'fugit.png', NULL, NULL, NULL, NULL, NULL, NULL, 1, '', '', '', '', NULL, 7, 'App\\Models\\Task', '2025-07-30 01:41:25.067158', '2025-07-30 01:41:25.067158', 1),
(654, 2, NULL, 2, NULL, NULL, NULL, NULL, 'id.png', NULL, NULL, NULL, NULL, NULL, NULL, 1, '', '', '', '', NULL, 7, 'App\\Models\\Task', '2025-07-30 01:41:25.069184', '2025-07-30 01:41:25.069184', 1),
(655, 2, NULL, 2, NULL, NULL, NULL, NULL, 'quam.png', NULL, NULL, NULL, NULL, NULL, NULL, 1, '', '', '', '', NULL, 7, 'App\\Models\\Task', '2025-07-30 01:41:25.070590', '2025-07-30 01:41:25.070590', 1),
(656, 2, NULL, 2, NULL, NULL, NULL, NULL, 'cum.png', NULL, NULL, NULL, NULL, NULL, NULL, 1, '', '', '', '', NULL, 7, 'App\\Models\\Task', '2025-07-30 01:41:25.072297', '2025-07-30 01:41:25.072297', 1),
(657, 2, NULL, 2, NULL, NULL, NULL, NULL, 'nobis.png', NULL, NULL, NULL, NULL, NULL, NULL, 1, '', '', '', '', NULL, 7, 'App\\Models\\Task', '2025-07-30 01:41:25.073592', '2025-07-30 01:41:25.073592', 1),
(658, 2, NULL, 2, NULL, NULL, NULL, NULL, 'dolorum.png', NULL, NULL, NULL, NULL, NULL, NULL, 1, '', '', '', '', NULL, 7, 'App\\Models\\Project', '2025-07-30 01:41:25.080122', '2025-07-30 01:41:25.080122', 1),
(659, 2, NULL, 2, NULL, NULL, NULL, NULL, 'adipisci.png', NULL, NULL, NULL, NULL, NULL, NULL, 1, '', '', '', '', NULL, 7, 'App\\Models\\Project', '2025-07-30 01:41:25.081874', '2025-07-30 01:41:25.081874', 1),
(660, 2, NULL, 2, NULL, NULL, NULL, NULL, 'facere.png', NULL, NULL, NULL, NULL, NULL, NULL, 1, '', '', '', '', NULL, 7, 'App\\Models\\Project', '2025-07-30 01:41:25.083270', '2025-07-30 01:41:25.083270', 1),
(661, 2, NULL, 2, NULL, NULL, NULL, NULL, 'cumque.png', NULL, NULL, NULL, NULL, NULL, NULL, 1, '', '', '', '', NULL, 7, 'App\\Models\\Project', '2025-07-30 01:41:25.084693', '2025-07-30 01:41:25.084693', 1),
(662, 2, NULL, 2, NULL, NULL, NULL, NULL, 'tempore.png', NULL, NULL, NULL, NULL, NULL, NULL, 1, '', '', '', '', NULL, 7, 'App\\Models\\Project', '2025-07-30 01:41:25.086084', '2025-07-30 01:41:25.086084', 1),
(663, 2, NULL, 2, NULL, NULL, NULL, NULL, 'quaerat.png', NULL, NULL, NULL, NULL, NULL, NULL, 1, '', '', '', '', NULL, 8, 'App\\Console\\Commands\\Invoice', '2025-07-30 01:41:29.551289', '2025-07-30 01:41:29.551289', 1),
(664, 2, NULL, 2, NULL, NULL, NULL, NULL, 'sit.png', NULL, NULL, NULL, NULL, NULL, NULL, 1, '', '', '', '', NULL, 8, 'App\\Console\\Commands\\Invoice', '2025-07-30 01:41:29.553248', '2025-07-30 01:41:29.553248', 1),
(665, 2, NULL, 2, NULL, NULL, NULL, NULL, 'consequuntur.png', NULL, NULL, NULL, NULL, NULL, NULL, 1, '', '', '', '', NULL, 8, 'App\\Console\\Commands\\Invoice', '2025-07-30 01:41:29.554650', '2025-07-30 01:41:29.554650', 1),
(666, 2, NULL, 2, NULL, NULL, NULL, NULL, 'dolor.png', NULL, NULL, NULL, NULL, NULL, NULL, 1, '', '', '', '', NULL, 8, 'App\\Console\\Commands\\Invoice', '2025-07-30 01:41:29.555851', '2025-07-30 01:41:29.555851', 1),
(667, 2, NULL, 2, NULL, NULL, NULL, NULL, 'non.png', NULL, NULL, NULL, NULL, NULL, NULL, 1, '', '', '', '', NULL, 8, 'App\\Console\\Commands\\Invoice', '2025-07-30 01:41:29.556877', '2025-07-30 01:41:29.556877', 1),
(668, 2, NULL, 2, NULL, NULL, NULL, NULL, 'ullam.png', NULL, NULL, NULL, NULL, NULL, NULL, 1, '', '', '', '', NULL, 8, 'App\\Models\\Vendor', '2025-07-30 01:41:31.494609', '2025-07-30 01:41:31.494609', 1),
(669, 2, NULL, 2, NULL, NULL, NULL, NULL, 'distinctio.png', NULL, NULL, NULL, NULL, NULL, NULL, 1, '', '', '', '', NULL, 8, 'App\\Models\\Task', '2025-07-30 01:41:31.846386', '2025-07-30 01:41:31.846386', 1),
(670, 2, NULL, 2, NULL, NULL, NULL, NULL, 'suscipit.png', NULL, NULL, NULL, NULL, NULL, NULL, 1, '', '', '', '', NULL, 8, 'App\\Models\\Task', '2025-07-30 01:41:31.847778', '2025-07-30 01:41:31.847778', 1),
(671, 2, NULL, 2, NULL, NULL, NULL, NULL, 'sint.png', NULL, NULL, NULL, NULL, NULL, NULL, 1, '', '', '', '', NULL, 8, 'App\\Models\\Task', '2025-07-30 01:41:31.848958', '2025-07-30 01:41:31.848958', 1),
(672, 2, NULL, 2, NULL, NULL, NULL, NULL, 'assumenda.png', NULL, NULL, NULL, NULL, NULL, NULL, 1, '', '', '', '', NULL, 8, 'App\\Models\\Task', '2025-07-30 01:41:31.850020', '2025-07-30 01:41:31.850020', 1),
(673, 2, NULL, 2, NULL, NULL, NULL, NULL, 'quam.png', NULL, NULL, NULL, NULL, NULL, NULL, 1, '', '', '', '', NULL, 8, 'App\\Models\\Task', '2025-07-30 01:41:31.851188', '2025-07-30 01:41:31.851188', 1),
(674, 2, NULL, 2, NULL, NULL, NULL, NULL, 'maxime.png', NULL, NULL, NULL, NULL, NULL, NULL, 1, '', '', '', '', NULL, 8, 'App\\Models\\Project', '2025-07-30 01:41:31.858691', '2025-07-30 01:41:31.858691', 1),
(675, 2, NULL, 2, NULL, NULL, NULL, NULL, 'cumque.png', NULL, NULL, NULL, NULL, NULL, NULL, 1, '', '', '', '', NULL, 8, 'App\\Models\\Project', '2025-07-30 01:41:31.859960', '2025-07-30 01:41:31.859960', 1),
(676, 2, NULL, 2, NULL, NULL, NULL, NULL, 'qui.png', NULL, NULL, NULL, NULL, NULL, NULL, 1, '', '', '', '', NULL, 8, 'App\\Models\\Project', '2025-07-30 01:41:31.861131', '2025-07-30 01:41:31.861131', 1),
(677, 2, NULL, 2, NULL, NULL, NULL, NULL, 'aperiam.png', NULL, NULL, NULL, NULL, NULL, NULL, 1, '', '', '', '', NULL, 8, 'App\\Models\\Project', '2025-07-30 01:41:31.862384', '2025-07-30 01:41:31.862384', 1),
(678, 2, NULL, 2, NULL, NULL, NULL, NULL, 'illo.png', NULL, NULL, NULL, NULL, NULL, NULL, 1, '', '', '', '', NULL, 8, 'App\\Models\\Project', '2025-07-30 01:41:31.863518', '2025-07-30 01:41:31.863518', 1),
(679, 2, NULL, 2, NULL, NULL, NULL, NULL, 'sed.png', NULL, NULL, NULL, NULL, NULL, NULL, 1, '', '', '', '', NULL, 9, 'App\\Console\\Commands\\Invoice', '2025-07-30 01:41:33.059523', '2025-07-30 01:41:33.059523', 1),
(680, 2, NULL, 2, NULL, NULL, NULL, NULL, 'sint.png', NULL, NULL, NULL, NULL, NULL, NULL, 1, '', '', '', '', NULL, 9, 'App\\Console\\Commands\\Invoice', '2025-07-30 01:41:33.061368', '2025-07-30 01:41:33.061368', 1),
(681, 2, NULL, 2, NULL, NULL, NULL, NULL, 'rem.png', NULL, NULL, NULL, NULL, NULL, NULL, 1, '', '', '', '', NULL, 9, 'App\\Console\\Commands\\Invoice', '2025-07-30 01:41:33.062904', '2025-07-30 01:41:33.062904', 1),
(682, 2, NULL, 2, NULL, NULL, NULL, NULL, 'officiis.png', NULL, NULL, NULL, NULL, NULL, NULL, 1, '', '', '', '', NULL, 9, 'App\\Console\\Commands\\Invoice', '2025-07-30 01:41:33.064153', '2025-07-30 01:41:33.064153', 1),
(683, 2, NULL, 2, NULL, NULL, NULL, NULL, 'molestiae.png', NULL, NULL, NULL, NULL, NULL, NULL, 1, '', '', '', '', NULL, 9, 'App\\Console\\Commands\\Invoice', '2025-07-30 01:41:33.065403', '2025-07-30 01:41:33.065403', 1),
(684, 2, NULL, 2, NULL, NULL, NULL, NULL, 'qui.png', NULL, NULL, NULL, NULL, NULL, NULL, 1, '', '', '', '', NULL, 9, 'App\\Models\\Vendor', '2025-07-30 01:41:34.496076', '2025-07-30 01:41:34.496076', 1),
(685, 2, NULL, 2, NULL, NULL, NULL, NULL, 'fugit.png', NULL, NULL, NULL, NULL, NULL, NULL, 1, '', '', '', '', NULL, 9, 'App\\Models\\Task', '2025-07-30 01:41:35.011111', '2025-07-30 01:41:35.011111', 1),
(686, 2, NULL, 2, NULL, NULL, NULL, NULL, 'inventore.png', NULL, NULL, NULL, NULL, NULL, NULL, 1, '', '', '', '', NULL, 9, 'App\\Models\\Task', '2025-07-30 01:41:35.012456', '2025-07-30 01:41:35.012456', 1),
(687, 2, NULL, 2, NULL, NULL, NULL, NULL, 'commodi.png', NULL, NULL, NULL, NULL, NULL, NULL, 1, '', '', '', '', NULL, 9, 'App\\Models\\Task', '2025-07-30 01:41:35.013587', '2025-07-30 01:41:35.013587', 1),
(688, 2, NULL, 2, NULL, NULL, NULL, NULL, 'modi.png', NULL, NULL, NULL, NULL, NULL, NULL, 1, '', '', '', '', NULL, 9, 'App\\Models\\Task', '2025-07-30 01:41:35.014714', '2025-07-30 01:41:35.014714', 1),
(689, 2, NULL, 2, NULL, NULL, NULL, NULL, 'earum.png', NULL, NULL, NULL, NULL, NULL, NULL, 1, '', '', '', '', NULL, 9, 'App\\Models\\Task', '2025-07-30 01:41:35.015854', '2025-07-30 01:41:35.015854', 1),
(690, 2, NULL, 2, NULL, NULL, NULL, NULL, 'reprehenderit.png', NULL, NULL, NULL, NULL, NULL, NULL, 1, '', '', '', '', NULL, 9, 'App\\Models\\Project', '2025-07-30 01:41:35.021676', '2025-07-30 01:41:35.021676', 1),
(691, 2, NULL, 2, NULL, NULL, NULL, NULL, 'sed.png', NULL, NULL, NULL, NULL, NULL, NULL, 1, '', '', '', '', NULL, 9, 'App\\Models\\Project', '2025-07-30 01:41:35.022984', '2025-07-30 01:41:35.022984', 1),
(692, 2, NULL, 2, NULL, NULL, NULL, NULL, 'in.png', NULL, NULL, NULL, NULL, NULL, NULL, 1, '', '', '', '', NULL, 9, 'App\\Models\\Project', '2025-07-30 01:41:35.024234', '2025-07-30 01:41:35.024234', 1),
(693, 2, NULL, 2, NULL, NULL, NULL, NULL, 'ut.png', NULL, NULL, NULL, NULL, NULL, NULL, 1, '', '', '', '', NULL, 9, 'App\\Models\\Project', '2025-07-30 01:41:35.025624', '2025-07-30 01:41:35.025624', 1),
(694, 2, NULL, 2, NULL, NULL, NULL, NULL, 'nisi.png', NULL, NULL, NULL, NULL, NULL, NULL, 1, '', '', '', '', NULL, 9, 'App\\Models\\Project', '2025-07-30 01:41:35.027004', '2025-07-30 01:41:35.027004', 1),
(695, 2, NULL, 2, NULL, NULL, NULL, NULL, 'expedita.png', NULL, NULL, NULL, NULL, NULL, NULL, 1, '', '', '', '', NULL, 10, 'App\\Console\\Commands\\Invoice', '2025-07-30 01:41:36.045391', '2025-07-30 01:41:36.045391', 1),
(696, 2, NULL, 2, NULL, NULL, NULL, NULL, 'eveniet.png', NULL, NULL, NULL, NULL, NULL, NULL, 1, '', '', '', '', NULL, 10, 'App\\Console\\Commands\\Invoice', '2025-07-30 01:41:36.047158', '2025-07-30 01:41:36.047158', 1),
(697, 2, NULL, 2, NULL, NULL, NULL, NULL, 'maiores.png', NULL, NULL, NULL, NULL, NULL, NULL, 1, '', '', '', '', NULL, 10, 'App\\Console\\Commands\\Invoice', '2025-07-30 01:41:36.048286', '2025-07-30 01:41:36.048286', 1),
(698, 2, NULL, 2, NULL, NULL, NULL, NULL, 'aut.png', NULL, NULL, NULL, NULL, NULL, NULL, 1, '', '', '', '', NULL, 10, 'App\\Console\\Commands\\Invoice', '2025-07-30 01:41:36.049282', '2025-07-30 01:41:36.049282', 1),
(699, 2, NULL, 2, NULL, NULL, NULL, NULL, 'et.png', NULL, NULL, NULL, NULL, NULL, NULL, 1, '', '', '', '', NULL, 10, 'App\\Console\\Commands\\Invoice', '2025-07-30 01:41:36.050247', '2025-07-30 01:41:36.050247', 1),
(700, 2, NULL, 2, NULL, NULL, NULL, NULL, 'vel.png', NULL, NULL, NULL, NULL, NULL, NULL, 1, '', '', '', '', NULL, 10, 'App\\Models\\Vendor', '2025-07-30 01:41:37.454753', '2025-07-30 01:41:37.454753', 1),
(701, 2, NULL, 2, NULL, NULL, NULL, NULL, 'amet.png', NULL, NULL, NULL, NULL, NULL, NULL, 1, '', '', '', '', NULL, 10, 'App\\Models\\Task', '2025-07-30 01:41:38.098252', '2025-07-30 01:41:38.098252', 1),
(702, 2, NULL, 2, NULL, NULL, NULL, NULL, 'voluptatibus.png', NULL, NULL, NULL, NULL, NULL, NULL, 1, '', '', '', '', NULL, 10, 'App\\Models\\Task', '2025-07-30 01:41:38.099893', '2025-07-30 01:41:38.099893', 1),
(703, 2, NULL, 2, NULL, NULL, NULL, NULL, 'quaerat.png', NULL, NULL, NULL, NULL, NULL, NULL, 1, '', '', '', '', NULL, 10, 'App\\Models\\Task', '2025-07-30 01:41:38.101180', '2025-07-30 01:41:38.101180', 1),
(704, 2, NULL, 2, NULL, NULL, NULL, NULL, 'rem.png', NULL, NULL, NULL, NULL, NULL, NULL, 1, '', '', '', '', NULL, 10, 'App\\Models\\Task', '2025-07-30 01:41:38.102404', '2025-07-30 01:41:38.102404', 1),
(705, 2, NULL, 2, NULL, NULL, NULL, NULL, 'rerum.png', NULL, NULL, NULL, NULL, NULL, NULL, 1, '', '', '', '', NULL, 10, 'App\\Models\\Task', '2025-07-30 01:41:38.103664', '2025-07-30 01:41:38.103664', 1),
(706, 2, NULL, 2, NULL, NULL, NULL, NULL, 'maxime.png', NULL, NULL, NULL, NULL, NULL, NULL, 1, '', '', '', '', NULL, 10, 'App\\Models\\Project', '2025-07-30 01:41:38.108933', '2025-07-30 01:41:38.108933', 1),
(707, 2, NULL, 2, NULL, NULL, NULL, NULL, 'nobis.png', NULL, NULL, NULL, NULL, NULL, NULL, 1, '', '', '', '', NULL, 10, 'App\\Models\\Project', '2025-07-30 01:41:38.110175', '2025-07-30 01:41:38.110175', 1),
(708, 2, NULL, 2, NULL, NULL, NULL, NULL, 'natus.png', NULL, NULL, NULL, NULL, NULL, NULL, 1, '', '', '', '', NULL, 10, 'App\\Models\\Project', '2025-07-30 01:41:38.111317', '2025-07-30 01:41:38.111317', 1),
(709, 2, NULL, 2, NULL, NULL, NULL, NULL, 'aspernatur.png', NULL, NULL, NULL, NULL, NULL, NULL, 1, '', '', '', '', NULL, 10, 'App\\Models\\Project', '2025-07-30 01:41:38.112447', '2025-07-30 01:41:38.112447', 1),
(710, 2, NULL, 2, NULL, NULL, NULL, NULL, 'vero.png', NULL, NULL, NULL, NULL, NULL, NULL, 1, '', '', '', '', NULL, 10, 'App\\Models\\Project', '2025-07-30 01:41:38.113348', '2025-07-30 01:41:38.113348', 1),
(711, 2, NULL, 2, NULL, NULL, NULL, NULL, 'incidunt.png', NULL, NULL, NULL, NULL, NULL, NULL, 1, '', '', '', '', NULL, 11, 'App\\Console\\Commands\\Invoice', '2025-07-30 01:41:42.872382', '2025-07-30 01:41:42.872382', 1),
(712, 2, NULL, 2, NULL, NULL, NULL, NULL, 'esse.png', NULL, NULL, NULL, NULL, NULL, NULL, 1, '', '', '', '', NULL, 11, 'App\\Console\\Commands\\Invoice', '2025-07-30 01:41:42.874059', '2025-07-30 01:41:42.874059', 1),
(713, 2, NULL, 2, NULL, NULL, NULL, NULL, 'excepturi.png', NULL, NULL, NULL, NULL, NULL, NULL, 1, '', '', '', '', NULL, 11, 'App\\Console\\Commands\\Invoice', '2025-07-30 01:41:42.875317', '2025-07-30 01:41:42.875317', 1),
(714, 2, NULL, 2, NULL, NULL, NULL, NULL, 'quis.png', NULL, NULL, NULL, NULL, NULL, NULL, 1, '', '', '', '', NULL, 11, 'App\\Console\\Commands\\Invoice', '2025-07-30 01:41:42.876409', '2025-07-30 01:41:42.876409', 1),
(715, 2, NULL, 2, NULL, NULL, NULL, NULL, 'voluptatem.png', NULL, NULL, NULL, NULL, NULL, NULL, 1, '', '', '', '', NULL, 11, 'App\\Console\\Commands\\Invoice', '2025-07-30 01:41:42.877388', '2025-07-30 01:41:42.877388', 1),
(716, 2, NULL, 2, NULL, NULL, NULL, NULL, 'non.png', NULL, NULL, NULL, NULL, NULL, NULL, 1, '', '', '', '', NULL, 11, 'App\\Models\\Vendor', '2025-07-30 01:41:44.973642', '2025-07-30 01:41:44.973642', 1),
(717, 2, NULL, 2, NULL, NULL, NULL, NULL, 'cum.png', NULL, NULL, NULL, NULL, NULL, NULL, 1, '', '', '', '', NULL, 11, 'App\\Models\\Task', '2025-07-30 01:41:45.410046', '2025-07-30 01:41:45.410046', 1),
(718, 2, NULL, 2, NULL, NULL, NULL, NULL, 'rem.png', NULL, NULL, NULL, NULL, NULL, NULL, 1, '', '', '', '', NULL, 11, 'App\\Models\\Task', '2025-07-30 01:41:45.412096', '2025-07-30 01:41:45.412096', 1),
(719, 2, NULL, 2, NULL, NULL, NULL, NULL, 'assumenda.png', NULL, NULL, NULL, NULL, NULL, NULL, 1, '', '', '', '', NULL, 11, 'App\\Models\\Task', '2025-07-30 01:41:45.413795', '2025-07-30 01:41:45.413795', 1),
(720, 2, NULL, 2, NULL, NULL, NULL, NULL, 'autem.png', NULL, NULL, NULL, NULL, NULL, NULL, 1, '', '', '', '', NULL, 11, 'App\\Models\\Task', '2025-07-30 01:41:45.415257', '2025-07-30 01:41:45.415257', 1),
(721, 2, NULL, 2, NULL, NULL, NULL, NULL, 'id.png', NULL, NULL, NULL, NULL, NULL, NULL, 1, '', '', '', '', NULL, 11, 'App\\Models\\Task', '2025-07-30 01:41:45.416521', '2025-07-30 01:41:45.416521', 1),
(722, 2, NULL, 2, NULL, NULL, NULL, NULL, 'in.png', NULL, NULL, NULL, NULL, NULL, NULL, 1, '', '', '', '', NULL, 11, 'App\\Models\\Project', '2025-07-30 01:41:45.422589', '2025-07-30 01:41:45.422589', 1);
INSERT INTO `documents` (`id`, `user_id`, `assigned_user_id`, `company_id`, `project_id`, `vendor_id`, `url`, `preview`, `name`, `type`, `disk`, `hash`, `size`, `width`, `height`, `is_default`, `custom_value1`, `custom_value2`, `custom_value3`, `custom_value4`, `deleted_at`, `documentable_id`, `documentable_type`, `created_at`, `updated_at`, `is_public`) VALUES
(723, 2, NULL, 2, NULL, NULL, NULL, NULL, 'atque.png', NULL, NULL, NULL, NULL, NULL, NULL, 1, '', '', '', '', NULL, 11, 'App\\Models\\Project', '2025-07-30 01:41:45.423742', '2025-07-30 01:41:45.423742', 1),
(724, 2, NULL, 2, NULL, NULL, NULL, NULL, 'assumenda.png', NULL, NULL, NULL, NULL, NULL, NULL, 1, '', '', '', '', NULL, 11, 'App\\Models\\Project', '2025-07-30 01:41:45.425330', '2025-07-30 01:41:45.425330', 1),
(725, 2, NULL, 2, NULL, NULL, NULL, NULL, 'nostrum.png', NULL, NULL, NULL, NULL, NULL, NULL, 1, '', '', '', '', NULL, 11, 'App\\Models\\Project', '2025-07-30 01:41:45.426817', '2025-07-30 01:41:45.426817', 1),
(726, 2, NULL, 2, NULL, NULL, NULL, NULL, 'qui.png', NULL, NULL, NULL, NULL, NULL, NULL, 1, '', '', '', '', NULL, 11, 'App\\Models\\Project', '2025-07-30 01:41:45.428249', '2025-07-30 01:41:45.428249', 1),
(727, 2, NULL, 2, NULL, NULL, NULL, NULL, 'doloremque.png', NULL, NULL, NULL, NULL, NULL, NULL, 1, '', '', '', '', NULL, 12, 'App\\Console\\Commands\\Invoice', '2025-07-30 01:41:46.414558', '2025-07-30 01:41:46.414558', 1),
(728, 2, NULL, 2, NULL, NULL, NULL, NULL, 'molestias.png', NULL, NULL, NULL, NULL, NULL, NULL, 1, '', '', '', '', NULL, 12, 'App\\Console\\Commands\\Invoice', '2025-07-30 01:41:46.416188', '2025-07-30 01:41:46.416188', 1),
(729, 2, NULL, 2, NULL, NULL, NULL, NULL, 'dicta.png', NULL, NULL, NULL, NULL, NULL, NULL, 1, '', '', '', '', NULL, 12, 'App\\Console\\Commands\\Invoice', '2025-07-30 01:41:46.417456', '2025-07-30 01:41:46.417456', 1),
(730, 2, NULL, 2, NULL, NULL, NULL, NULL, 'laborum.png', NULL, NULL, NULL, NULL, NULL, NULL, 1, '', '', '', '', NULL, 12, 'App\\Console\\Commands\\Invoice', '2025-07-30 01:41:46.418884', '2025-07-30 01:41:46.418884', 1),
(731, 2, NULL, 2, NULL, NULL, NULL, NULL, 'illo.png', NULL, NULL, NULL, NULL, NULL, NULL, 1, '', '', '', '', NULL, 12, 'App\\Console\\Commands\\Invoice', '2025-07-30 01:41:46.420178', '2025-07-30 01:41:46.420178', 1),
(732, 2, NULL, 2, NULL, NULL, NULL, NULL, 'aliquid.png', NULL, NULL, NULL, NULL, NULL, NULL, 1, '', '', '', '', NULL, 12, 'App\\Models\\Vendor', '2025-07-30 01:41:47.694733', '2025-07-30 01:41:47.694733', 1),
(733, 2, NULL, 2, NULL, NULL, NULL, NULL, 'non.png', NULL, NULL, NULL, NULL, NULL, NULL, 1, '', '', '', '', NULL, 12, 'App\\Models\\Task', '2025-07-30 01:41:48.218013', '2025-07-30 01:41:48.218013', 1),
(734, 2, NULL, 2, NULL, NULL, NULL, NULL, 'iste.png', NULL, NULL, NULL, NULL, NULL, NULL, 1, '', '', '', '', NULL, 12, 'App\\Models\\Task', '2025-07-30 01:41:48.220000', '2025-07-30 01:41:48.220000', 1),
(735, 2, NULL, 2, NULL, NULL, NULL, NULL, 'nesciunt.png', NULL, NULL, NULL, NULL, NULL, NULL, 1, '', '', '', '', NULL, 12, 'App\\Models\\Task', '2025-07-30 01:41:48.221305', '2025-07-30 01:41:48.221305', 1),
(736, 2, NULL, 2, NULL, NULL, NULL, NULL, 'rem.png', NULL, NULL, NULL, NULL, NULL, NULL, 1, '', '', '', '', NULL, 12, 'App\\Models\\Task', '2025-07-30 01:41:48.222639', '2025-07-30 01:41:48.222639', 1),
(737, 2, NULL, 2, NULL, NULL, NULL, NULL, 'et.png', NULL, NULL, NULL, NULL, NULL, NULL, 1, '', '', '', '', NULL, 12, 'App\\Models\\Task', '2025-07-30 01:41:48.224063', '2025-07-30 01:41:48.224063', 1),
(738, 2, NULL, 2, NULL, NULL, NULL, NULL, 'ad.png', NULL, NULL, NULL, NULL, NULL, NULL, 1, '', '', '', '', NULL, 12, 'App\\Models\\Project', '2025-07-30 01:41:48.230581', '2025-07-30 01:41:48.230581', 1),
(739, 2, NULL, 2, NULL, NULL, NULL, NULL, 'perspiciatis.png', NULL, NULL, NULL, NULL, NULL, NULL, 1, '', '', '', '', NULL, 12, 'App\\Models\\Project', '2025-07-30 01:41:48.232147', '2025-07-30 01:41:48.232147', 1),
(740, 2, NULL, 2, NULL, NULL, NULL, NULL, 'quo.png', NULL, NULL, NULL, NULL, NULL, NULL, 1, '', '', '', '', NULL, 12, 'App\\Models\\Project', '2025-07-30 01:41:48.234304', '2025-07-30 01:41:48.234304', 1),
(741, 2, NULL, 2, NULL, NULL, NULL, NULL, 'eius.png', NULL, NULL, NULL, NULL, NULL, NULL, 1, '', '', '', '', NULL, 12, 'App\\Models\\Project', '2025-07-30 01:41:48.236031', '2025-07-30 01:41:48.236031', 1),
(742, 2, NULL, 2, NULL, NULL, NULL, NULL, 'porro.png', NULL, NULL, NULL, NULL, NULL, NULL, 1, '', '', '', '', NULL, 12, 'App\\Models\\Project', '2025-07-30 01:41:48.237617', '2025-07-30 01:41:48.237617', 1),
(743, 2, NULL, 2, NULL, NULL, NULL, NULL, 'ea.png', NULL, NULL, NULL, NULL, NULL, NULL, 1, '', '', '', '', NULL, 13, 'App\\Console\\Commands\\Invoice', '2025-07-30 01:41:49.996973', '2025-07-30 01:41:49.996973', 1),
(744, 2, NULL, 2, NULL, NULL, NULL, NULL, 'blanditiis.png', NULL, NULL, NULL, NULL, NULL, NULL, 1, '', '', '', '', NULL, 13, 'App\\Console\\Commands\\Invoice', '2025-07-30 01:41:49.998493', '2025-07-30 01:41:49.998493', 1),
(745, 2, NULL, 2, NULL, NULL, NULL, NULL, 'sint.png', NULL, NULL, NULL, NULL, NULL, NULL, 1, '', '', '', '', NULL, 13, 'App\\Console\\Commands\\Invoice', '2025-07-30 01:41:49.999765', '2025-07-30 01:41:49.999765', 1),
(746, 2, NULL, 2, NULL, NULL, NULL, NULL, 'nam.png', NULL, NULL, NULL, NULL, NULL, NULL, 1, '', '', '', '', NULL, 13, 'App\\Console\\Commands\\Invoice', '2025-07-30 01:41:50.000867', '2025-07-30 01:41:50.000867', 1),
(747, 2, NULL, 2, NULL, NULL, NULL, NULL, 'beatae.png', NULL, NULL, NULL, NULL, NULL, NULL, 1, '', '', '', '', NULL, 13, 'App\\Console\\Commands\\Invoice', '2025-07-30 01:41:50.001997', '2025-07-30 01:41:50.001997', 1),
(748, 2, NULL, 2, NULL, NULL, NULL, NULL, 'adipisci.png', NULL, NULL, NULL, NULL, NULL, NULL, 1, '', '', '', '', NULL, 13, 'App\\Models\\Vendor', '2025-07-30 01:41:51.737998', '2025-07-30 01:41:51.737998', 1),
(749, 2, NULL, 2, NULL, NULL, NULL, NULL, 'magni.png', NULL, NULL, NULL, NULL, NULL, NULL, 1, '', '', '', '', NULL, 13, 'App\\Models\\Task', '2025-07-30 01:41:52.047254', '2025-07-30 01:41:52.047254', 1),
(750, 2, NULL, 2, NULL, NULL, NULL, NULL, 'voluptas.png', NULL, NULL, NULL, NULL, NULL, NULL, 1, '', '', '', '', NULL, 13, 'App\\Models\\Task', '2025-07-30 01:41:52.048758', '2025-07-30 01:41:52.048758', 1),
(751, 2, NULL, 2, NULL, NULL, NULL, NULL, 'quo.png', NULL, NULL, NULL, NULL, NULL, NULL, 1, '', '', '', '', NULL, 13, 'App\\Models\\Task', '2025-07-30 01:41:52.050092', '2025-07-30 01:41:52.050092', 1),
(752, 2, NULL, 2, NULL, NULL, NULL, NULL, 'omnis.png', NULL, NULL, NULL, NULL, NULL, NULL, 1, '', '', '', '', NULL, 13, 'App\\Models\\Task', '2025-07-30 01:41:52.051333', '2025-07-30 01:41:52.051333', 1),
(753, 2, NULL, 2, NULL, NULL, NULL, NULL, 'eligendi.png', NULL, NULL, NULL, NULL, NULL, NULL, 1, '', '', '', '', NULL, 13, 'App\\Models\\Task', '2025-07-30 01:41:52.052563', '2025-07-30 01:41:52.052563', 1),
(754, 2, NULL, 2, NULL, NULL, NULL, NULL, 'sint.png', NULL, NULL, NULL, NULL, NULL, NULL, 1, '', '', '', '', NULL, 13, 'App\\Models\\Project', '2025-07-30 01:41:52.058991', '2025-07-30 01:41:52.058991', 1),
(755, 2, NULL, 2, NULL, NULL, NULL, NULL, 'explicabo.png', NULL, NULL, NULL, NULL, NULL, NULL, 1, '', '', '', '', NULL, 13, 'App\\Models\\Project', '2025-07-30 01:41:52.060306', '2025-07-30 01:41:52.060306', 1),
(756, 2, NULL, 2, NULL, NULL, NULL, NULL, 'earum.png', NULL, NULL, NULL, NULL, NULL, NULL, 1, '', '', '', '', NULL, 13, 'App\\Models\\Project', '2025-07-30 01:41:52.061625', '2025-07-30 01:41:52.061625', 1),
(757, 2, NULL, 2, NULL, NULL, NULL, NULL, 'quos.png', NULL, NULL, NULL, NULL, NULL, NULL, 1, '', '', '', '', NULL, 13, 'App\\Models\\Project', '2025-07-30 01:41:52.062874', '2025-07-30 01:41:52.062874', 1),
(758, 2, NULL, 2, NULL, NULL, NULL, NULL, 'quos.png', NULL, NULL, NULL, NULL, NULL, NULL, 1, '', '', '', '', NULL, 13, 'App\\Models\\Project', '2025-07-30 01:41:52.064084', '2025-07-30 01:41:52.064084', 1),
(759, 2, NULL, 2, NULL, NULL, NULL, NULL, 'quam.png', NULL, NULL, NULL, NULL, NULL, NULL, 1, '', '', '', '', NULL, 14, 'App\\Console\\Commands\\Invoice', '2025-07-30 01:41:53.530867', '2025-07-30 01:41:53.530867', 1),
(760, 2, NULL, 2, NULL, NULL, NULL, NULL, 'id.png', NULL, NULL, NULL, NULL, NULL, NULL, 1, '', '', '', '', NULL, 14, 'App\\Console\\Commands\\Invoice', '2025-07-30 01:41:53.532456', '2025-07-30 01:41:53.532456', 1),
(761, 2, NULL, 2, NULL, NULL, NULL, NULL, 'velit.png', NULL, NULL, NULL, NULL, NULL, NULL, 1, '', '', '', '', NULL, 14, 'App\\Console\\Commands\\Invoice', '2025-07-30 01:41:53.533594', '2025-07-30 01:41:53.533594', 1),
(762, 2, NULL, 2, NULL, NULL, NULL, NULL, 'corporis.png', NULL, NULL, NULL, NULL, NULL, NULL, 1, '', '', '', '', NULL, 14, 'App\\Console\\Commands\\Invoice', '2025-07-30 01:41:53.534949', '2025-07-30 01:41:53.534949', 1),
(763, 2, NULL, 2, NULL, NULL, NULL, NULL, 'nostrum.png', NULL, NULL, NULL, NULL, NULL, NULL, 1, '', '', '', '', NULL, 14, 'App\\Console\\Commands\\Invoice', '2025-07-30 01:41:53.536080', '2025-07-30 01:41:53.536080', 1),
(764, 2, NULL, 2, NULL, NULL, NULL, NULL, 'est.png', NULL, NULL, NULL, NULL, NULL, NULL, 1, '', '', '', '', NULL, 14, 'App\\Models\\Vendor', '2025-07-30 01:41:55.006283', '2025-07-30 01:41:55.006283', 1),
(765, 2, NULL, 2, NULL, NULL, NULL, NULL, 'atque.png', NULL, NULL, NULL, NULL, NULL, NULL, 1, '', '', '', '', NULL, 14, 'App\\Models\\Task', '2025-07-30 01:41:55.663342', '2025-07-30 01:41:55.663342', 1),
(766, 2, NULL, 2, NULL, NULL, NULL, NULL, 'expedita.png', NULL, NULL, NULL, NULL, NULL, NULL, 1, '', '', '', '', NULL, 14, 'App\\Models\\Task', '2025-07-30 01:41:55.665092', '2025-07-30 01:41:55.665092', 1),
(767, 2, NULL, 2, NULL, NULL, NULL, NULL, 'vero.png', NULL, NULL, NULL, NULL, NULL, NULL, 1, '', '', '', '', NULL, 14, 'App\\Models\\Task', '2025-07-30 01:41:55.666318', '2025-07-30 01:41:55.666318', 1),
(768, 2, NULL, 2, NULL, NULL, NULL, NULL, 'rerum.png', NULL, NULL, NULL, NULL, NULL, NULL, 1, '', '', '', '', NULL, 14, 'App\\Models\\Task', '2025-07-30 01:41:55.667441', '2025-07-30 01:41:55.667441', 1),
(769, 2, NULL, 2, NULL, NULL, NULL, NULL, 'dolor.png', NULL, NULL, NULL, NULL, NULL, NULL, 1, '', '', '', '', NULL, 14, 'App\\Models\\Task', '2025-07-30 01:41:55.668832', '2025-07-30 01:41:55.668832', 1),
(770, 2, NULL, 2, NULL, NULL, NULL, NULL, 'autem.png', NULL, NULL, NULL, NULL, NULL, NULL, 1, '', '', '', '', NULL, 14, 'App\\Models\\Project', '2025-07-30 01:41:55.675088', '2025-07-30 01:41:55.675088', 1),
(771, 2, NULL, 2, NULL, NULL, NULL, NULL, 'est.png', NULL, NULL, NULL, NULL, NULL, NULL, 1, '', '', '', '', NULL, 14, 'App\\Models\\Project', '2025-07-30 01:41:55.676308', '2025-07-30 01:41:55.676308', 1),
(772, 2, NULL, 2, NULL, NULL, NULL, NULL, 'provident.png', NULL, NULL, NULL, NULL, NULL, NULL, 1, '', '', '', '', NULL, 14, 'App\\Models\\Project', '2025-07-30 01:41:55.677573', '2025-07-30 01:41:55.677573', 1),
(773, 2, NULL, 2, NULL, NULL, NULL, NULL, 'asperiores.png', NULL, NULL, NULL, NULL, NULL, NULL, 1, '', '', '', '', NULL, 14, 'App\\Models\\Project', '2025-07-30 01:41:55.679162', '2025-07-30 01:41:55.679162', 1),
(774, 2, NULL, 2, NULL, NULL, NULL, NULL, 'illum.png', NULL, NULL, NULL, NULL, NULL, NULL, 1, '', '', '', '', NULL, 14, 'App\\Models\\Project', '2025-07-30 01:41:55.680566', '2025-07-30 01:41:55.680566', 1),
(775, 2, NULL, 2, NULL, NULL, NULL, NULL, 'laboriosam.png', NULL, NULL, NULL, NULL, NULL, NULL, 1, '', '', '', '', NULL, 15, 'App\\Console\\Commands\\Invoice', '2025-07-30 01:41:56.823182', '2025-07-30 01:41:56.823182', 1),
(776, 2, NULL, 2, NULL, NULL, NULL, NULL, 'alias.png', NULL, NULL, NULL, NULL, NULL, NULL, 1, '', '', '', '', NULL, 15, 'App\\Console\\Commands\\Invoice', '2025-07-30 01:41:56.824716', '2025-07-30 01:41:56.824716', 1),
(777, 2, NULL, 2, NULL, NULL, NULL, NULL, 'exercitationem.png', NULL, NULL, NULL, NULL, NULL, NULL, 1, '', '', '', '', NULL, 15, 'App\\Console\\Commands\\Invoice', '2025-07-30 01:41:56.826301', '2025-07-30 01:41:56.826301', 1),
(778, 2, NULL, 2, NULL, NULL, NULL, NULL, 'occaecati.png', NULL, NULL, NULL, NULL, NULL, NULL, 1, '', '', '', '', NULL, 15, 'App\\Console\\Commands\\Invoice', '2025-07-30 01:41:56.827677', '2025-07-30 01:41:56.827677', 1),
(779, 2, NULL, 2, NULL, NULL, NULL, NULL, 'ut.png', NULL, NULL, NULL, NULL, NULL, NULL, 1, '', '', '', '', NULL, 15, 'App\\Console\\Commands\\Invoice', '2025-07-30 01:41:56.828887', '2025-07-30 01:41:56.828887', 1),
(780, 2, NULL, 2, NULL, NULL, NULL, NULL, 'error.png', NULL, NULL, NULL, NULL, NULL, NULL, 1, '', '', '', '', NULL, 15, 'App\\Models\\Vendor', '2025-07-30 01:41:58.438112', '2025-07-30 01:41:58.438112', 1),
(781, 2, NULL, 2, NULL, NULL, NULL, NULL, 'veniam.png', NULL, NULL, NULL, NULL, NULL, NULL, 1, '', '', '', '', NULL, 15, 'App\\Models\\Task', '2025-07-30 01:41:58.662273', '2025-07-30 01:41:58.662273', 1),
(782, 2, NULL, 2, NULL, NULL, NULL, NULL, 'adipisci.png', NULL, NULL, NULL, NULL, NULL, NULL, 1, '', '', '', '', NULL, 15, 'App\\Models\\Task', '2025-07-30 01:41:58.664097', '2025-07-30 01:41:58.664097', 1),
(783, 2, NULL, 2, NULL, NULL, NULL, NULL, 'minus.png', NULL, NULL, NULL, NULL, NULL, NULL, 1, '', '', '', '', NULL, 15, 'App\\Models\\Task', '2025-07-30 01:41:58.666069', '2025-07-30 01:41:58.666069', 1),
(784, 2, NULL, 2, NULL, NULL, NULL, NULL, 'reiciendis.png', NULL, NULL, NULL, NULL, NULL, NULL, 1, '', '', '', '', NULL, 15, 'App\\Models\\Task', '2025-07-30 01:41:58.667529', '2025-07-30 01:41:58.667529', 1),
(785, 2, NULL, 2, NULL, NULL, NULL, NULL, 'fugit.png', NULL, NULL, NULL, NULL, NULL, NULL, 1, '', '', '', '', NULL, 15, 'App\\Models\\Task', '2025-07-30 01:41:58.669215', '2025-07-30 01:41:58.669215', 1),
(786, 2, NULL, 2, NULL, NULL, NULL, NULL, 'suscipit.png', NULL, NULL, NULL, NULL, NULL, NULL, 1, '', '', '', '', NULL, 15, 'App\\Models\\Project', '2025-07-30 01:41:58.674829', '2025-07-30 01:41:58.674829', 1),
(787, 2, NULL, 2, NULL, NULL, NULL, NULL, 'dolorem.png', NULL, NULL, NULL, NULL, NULL, NULL, 1, '', '', '', '', NULL, 15, 'App\\Models\\Project', '2025-07-30 01:41:58.676116', '2025-07-30 01:41:58.676116', 1),
(788, 2, NULL, 2, NULL, NULL, NULL, NULL, 'nulla.png', NULL, NULL, NULL, NULL, NULL, NULL, 1, '', '', '', '', NULL, 15, 'App\\Models\\Project', '2025-07-30 01:41:58.678118', '2025-07-30 01:41:58.678118', 1),
(789, 2, NULL, 2, NULL, NULL, NULL, NULL, 'quia.png', NULL, NULL, NULL, NULL, NULL, NULL, 1, '', '', '', '', NULL, 15, 'App\\Models\\Project', '2025-07-30 01:41:58.679268', '2025-07-30 01:41:58.679268', 1),
(790, 2, NULL, 2, NULL, NULL, NULL, NULL, 'maxime.png', NULL, NULL, NULL, NULL, NULL, NULL, 1, '', '', '', '', NULL, 15, 'App\\Models\\Project', '2025-07-30 01:41:58.680590', '2025-07-30 01:41:58.680590', 1),
(791, 2, NULL, 2, NULL, NULL, NULL, NULL, 'nobis.png', NULL, NULL, NULL, NULL, NULL, NULL, 1, '', '', '', '', NULL, 16, 'App\\Console\\Commands\\Invoice', '2025-07-30 01:42:01.450521', '2025-07-30 01:42:01.450521', 1),
(792, 2, NULL, 2, NULL, NULL, NULL, NULL, 'id.png', NULL, NULL, NULL, NULL, NULL, NULL, 1, '', '', '', '', NULL, 16, 'App\\Console\\Commands\\Invoice', '2025-07-30 01:42:01.452712', '2025-07-30 01:42:01.452712', 1),
(793, 2, NULL, 2, NULL, NULL, NULL, NULL, 'perferendis.png', NULL, NULL, NULL, NULL, NULL, NULL, 1, '', '', '', '', NULL, 16, 'App\\Console\\Commands\\Invoice', '2025-07-30 01:42:01.454867', '2025-07-30 01:42:01.454867', 1),
(794, 2, NULL, 2, NULL, NULL, NULL, NULL, 'rem.png', NULL, NULL, NULL, NULL, NULL, NULL, 1, '', '', '', '', NULL, 16, 'App\\Console\\Commands\\Invoice', '2025-07-30 01:42:01.455957', '2025-07-30 01:42:01.455957', 1),
(795, 2, NULL, 2, NULL, NULL, NULL, NULL, 'blanditiis.png', NULL, NULL, NULL, NULL, NULL, NULL, 1, '', '', '', '', NULL, 16, 'App\\Console\\Commands\\Invoice', '2025-07-30 01:42:01.457019', '2025-07-30 01:42:01.457019', 1),
(796, 2, NULL, 2, NULL, NULL, NULL, NULL, 'illum.png', NULL, NULL, NULL, NULL, NULL, NULL, 1, '', '', '', '', NULL, 16, 'App\\Models\\Vendor', '2025-07-30 01:42:02.684969', '2025-07-30 01:42:02.684969', 1),
(797, 2, NULL, 2, NULL, NULL, NULL, NULL, 'et.png', NULL, NULL, NULL, NULL, NULL, NULL, 1, '', '', '', '', NULL, 16, 'App\\Models\\Task', '2025-07-30 01:42:02.994210', '2025-07-30 01:42:02.994210', 1),
(798, 2, NULL, 2, NULL, NULL, NULL, NULL, 'nesciunt.png', NULL, NULL, NULL, NULL, NULL, NULL, 1, '', '', '', '', NULL, 16, 'App\\Models\\Task', '2025-07-30 01:42:02.995503', '2025-07-30 01:42:02.995503', 1),
(799, 2, NULL, 2, NULL, NULL, NULL, NULL, 'non.png', NULL, NULL, NULL, NULL, NULL, NULL, 1, '', '', '', '', NULL, 16, 'App\\Models\\Task', '2025-07-30 01:42:02.996771', '2025-07-30 01:42:02.996771', 1),
(800, 2, NULL, 2, NULL, NULL, NULL, NULL, 'voluptate.png', NULL, NULL, NULL, NULL, NULL, NULL, 1, '', '', '', '', NULL, 16, 'App\\Models\\Task', '2025-07-30 01:42:02.998000', '2025-07-30 01:42:02.998000', 1),
(801, 2, NULL, 2, NULL, NULL, NULL, NULL, 'excepturi.png', NULL, NULL, NULL, NULL, NULL, NULL, 1, '', '', '', '', NULL, 16, 'App\\Models\\Task', '2025-07-30 01:42:02.999219', '2025-07-30 01:42:02.999219', 1),
(802, 2, NULL, 2, NULL, NULL, NULL, NULL, 'optio.png', NULL, NULL, NULL, NULL, NULL, NULL, 1, '', '', '', '', NULL, 16, 'App\\Models\\Project', '2025-07-30 01:42:03.004458', '2025-07-30 01:42:03.004458', 1),
(803, 2, NULL, 2, NULL, NULL, NULL, NULL, 'accusamus.png', NULL, NULL, NULL, NULL, NULL, NULL, 1, '', '', '', '', NULL, 16, 'App\\Models\\Project', '2025-07-30 01:42:03.005927', '2025-07-30 01:42:03.005927', 1),
(804, 2, NULL, 2, NULL, NULL, NULL, NULL, 'molestiae.png', NULL, NULL, NULL, NULL, NULL, NULL, 1, '', '', '', '', NULL, 16, 'App\\Models\\Project', '2025-07-30 01:42:03.007319', '2025-07-30 01:42:03.007319', 1),
(805, 2, NULL, 2, NULL, NULL, NULL, NULL, 'eum.png', NULL, NULL, NULL, NULL, NULL, NULL, 1, '', '', '', '', NULL, 16, 'App\\Models\\Project', '2025-07-30 01:42:03.008721', '2025-07-30 01:42:03.008721', 1),
(806, 2, NULL, 2, NULL, NULL, NULL, NULL, 'saepe.png', NULL, NULL, NULL, NULL, NULL, NULL, 1, '', '', '', '', NULL, 16, 'App\\Models\\Project', '2025-07-30 01:42:03.009982', '2025-07-30 01:42:03.009982', 1),
(807, 2, NULL, 2, NULL, NULL, NULL, NULL, 'accusantium.png', NULL, NULL, NULL, NULL, NULL, NULL, 1, '', '', '', '', NULL, 17, 'App\\Console\\Commands\\Invoice', '2025-07-30 01:42:07.535641', '2025-07-30 01:42:07.535641', 1),
(808, 2, NULL, 2, NULL, NULL, NULL, NULL, 'aliquid.png', NULL, NULL, NULL, NULL, NULL, NULL, 1, '', '', '', '', NULL, 17, 'App\\Console\\Commands\\Invoice', '2025-07-30 01:42:07.537383', '2025-07-30 01:42:07.537383', 1),
(809, 2, NULL, 2, NULL, NULL, NULL, NULL, 'ut.png', NULL, NULL, NULL, NULL, NULL, NULL, 1, '', '', '', '', NULL, 17, 'App\\Console\\Commands\\Invoice', '2025-07-30 01:42:07.538597', '2025-07-30 01:42:07.538597', 1),
(810, 2, NULL, 2, NULL, NULL, NULL, NULL, 'eum.png', NULL, NULL, NULL, NULL, NULL, NULL, 1, '', '', '', '', NULL, 17, 'App\\Console\\Commands\\Invoice', '2025-07-30 01:42:07.539784', '2025-07-30 01:42:07.539784', 1),
(811, 2, NULL, 2, NULL, NULL, NULL, NULL, 'et.png', NULL, NULL, NULL, NULL, NULL, NULL, 1, '', '', '', '', NULL, 17, 'App\\Console\\Commands\\Invoice', '2025-07-30 01:42:07.540967', '2025-07-30 01:42:07.540967', 1),
(812, 2, NULL, 2, NULL, NULL, NULL, NULL, 'doloremque.png', NULL, NULL, NULL, NULL, NULL, NULL, 1, '', '', '', '', NULL, 17, 'App\\Models\\Vendor', '2025-07-30 01:42:09.636603', '2025-07-30 01:42:09.636603', 1),
(813, 2, NULL, 2, NULL, NULL, NULL, NULL, 'voluptatem.png', NULL, NULL, NULL, NULL, NULL, NULL, 1, '', '', '', '', NULL, 17, 'App\\Models\\Task', '2025-07-30 01:42:09.982095', '2025-07-30 01:42:09.982095', 1),
(814, 2, NULL, 2, NULL, NULL, NULL, NULL, 'voluptas.png', NULL, NULL, NULL, NULL, NULL, NULL, 1, '', '', '', '', NULL, 17, 'App\\Models\\Task', '2025-07-30 01:42:09.983578', '2025-07-30 01:42:09.983578', 1),
(815, 2, NULL, 2, NULL, NULL, NULL, NULL, 'et.png', NULL, NULL, NULL, NULL, NULL, NULL, 1, '', '', '', '', NULL, 17, 'App\\Models\\Task', '2025-07-30 01:42:09.985041', '2025-07-30 01:42:09.985041', 1),
(816, 2, NULL, 2, NULL, NULL, NULL, NULL, 'id.png', NULL, NULL, NULL, NULL, NULL, NULL, 1, '', '', '', '', NULL, 17, 'App\\Models\\Task', '2025-07-30 01:42:09.986421', '2025-07-30 01:42:09.986421', 1),
(817, 2, NULL, 2, NULL, NULL, NULL, NULL, 'odio.png', NULL, NULL, NULL, NULL, NULL, NULL, 1, '', '', '', '', NULL, 17, 'App\\Models\\Task', '2025-07-30 01:42:09.987775', '2025-07-30 01:42:09.987775', 1),
(818, 2, NULL, 2, NULL, NULL, NULL, NULL, 'magni.png', NULL, NULL, NULL, NULL, NULL, NULL, 1, '', '', '', '', NULL, 17, 'App\\Models\\Project', '2025-07-30 01:42:09.993475', '2025-07-30 01:42:09.993475', 1),
(819, 2, NULL, 2, NULL, NULL, NULL, NULL, 'non.png', NULL, NULL, NULL, NULL, NULL, NULL, 1, '', '', '', '', NULL, 17, 'App\\Models\\Project', '2025-07-30 01:42:09.994920', '2025-07-30 01:42:09.994920', 1),
(820, 2, NULL, 2, NULL, NULL, NULL, NULL, 'explicabo.png', NULL, NULL, NULL, NULL, NULL, NULL, 1, '', '', '', '', NULL, 17, 'App\\Models\\Project', '2025-07-30 01:42:09.996250', '2025-07-30 01:42:09.996250', 1),
(821, 2, NULL, 2, NULL, NULL, NULL, NULL, 'et.png', NULL, NULL, NULL, NULL, NULL, NULL, 1, '', '', '', '', NULL, 17, 'App\\Models\\Project', '2025-07-30 01:42:09.997768', '2025-07-30 01:42:09.997768', 1),
(822, 2, NULL, 2, NULL, NULL, NULL, NULL, 'repellendus.png', NULL, NULL, NULL, NULL, NULL, NULL, 1, '', '', '', '', NULL, 17, 'App\\Models\\Project', '2025-07-30 01:42:09.999190', '2025-07-30 01:42:09.999190', 1),
(823, 2, NULL, 2, NULL, NULL, NULL, NULL, 'cupiditate.png', NULL, NULL, NULL, NULL, NULL, NULL, 1, '', '', '', '', NULL, 18, 'App\\Console\\Commands\\Invoice', '2025-07-30 01:42:12.222579', '2025-07-30 01:42:12.222579', 1),
(824, 2, NULL, 2, NULL, NULL, NULL, NULL, 'quia.png', NULL, NULL, NULL, NULL, NULL, NULL, 1, '', '', '', '', NULL, 18, 'App\\Console\\Commands\\Invoice', '2025-07-30 01:42:12.225178', '2025-07-30 01:42:12.225178', 1),
(825, 2, NULL, 2, NULL, NULL, NULL, NULL, 'delectus.png', NULL, NULL, NULL, NULL, NULL, NULL, 1, '', '', '', '', NULL, 18, 'App\\Console\\Commands\\Invoice', '2025-07-30 01:42:12.226590', '2025-07-30 01:42:12.226590', 1),
(826, 2, NULL, 2, NULL, NULL, NULL, NULL, 'ab.png', NULL, NULL, NULL, NULL, NULL, NULL, 1, '', '', '', '', NULL, 18, 'App\\Console\\Commands\\Invoice', '2025-07-30 01:42:12.228103', '2025-07-30 01:42:12.228103', 1),
(827, 2, NULL, 2, NULL, NULL, NULL, NULL, 'aspernatur.png', NULL, NULL, NULL, NULL, NULL, NULL, 1, '', '', '', '', NULL, 18, 'App\\Console\\Commands\\Invoice', '2025-07-30 01:42:12.229435', '2025-07-30 01:42:12.229435', 1),
(828, 2, NULL, 2, NULL, NULL, NULL, NULL, 'et.png', NULL, NULL, NULL, NULL, NULL, NULL, 1, '', '', '', '', NULL, 18, 'App\\Models\\Vendor', '2025-07-30 01:42:14.255253', '2025-07-30 01:42:14.255253', 1),
(829, 2, NULL, 2, NULL, NULL, NULL, NULL, 'non.png', NULL, NULL, NULL, NULL, NULL, NULL, 1, '', '', '', '', NULL, 18, 'App\\Models\\Task', '2025-07-30 01:42:14.640819', '2025-07-30 01:42:14.640819', 1),
(830, 2, NULL, 2, NULL, NULL, NULL, NULL, 'amet.png', NULL, NULL, NULL, NULL, NULL, NULL, 1, '', '', '', '', NULL, 18, 'App\\Models\\Task', '2025-07-30 01:42:14.642129', '2025-07-30 01:42:14.642129', 1),
(831, 2, NULL, 2, NULL, NULL, NULL, NULL, 'omnis.png', NULL, NULL, NULL, NULL, NULL, NULL, 1, '', '', '', '', NULL, 18, 'App\\Models\\Task', '2025-07-30 01:42:14.643550', '2025-07-30 01:42:14.643550', 1),
(832, 2, NULL, 2, NULL, NULL, NULL, NULL, 'quia.png', NULL, NULL, NULL, NULL, NULL, NULL, 1, '', '', '', '', NULL, 18, 'App\\Models\\Task', '2025-07-30 01:42:14.644542', '2025-07-30 01:42:14.644542', 1),
(833, 2, NULL, 2, NULL, NULL, NULL, NULL, 'mollitia.png', NULL, NULL, NULL, NULL, NULL, NULL, 1, '', '', '', '', NULL, 18, 'App\\Models\\Task', '2025-07-30 01:42:14.645874', '2025-07-30 01:42:14.645874', 1),
(834, 2, NULL, 2, NULL, NULL, NULL, NULL, 'quod.png', NULL, NULL, NULL, NULL, NULL, NULL, 1, '', '', '', '', NULL, 18, 'App\\Models\\Project', '2025-07-30 01:42:14.650489', '2025-07-30 01:42:14.650489', 1),
(835, 2, NULL, 2, NULL, NULL, NULL, NULL, 'quo.png', NULL, NULL, NULL, NULL, NULL, NULL, 1, '', '', '', '', NULL, 18, 'App\\Models\\Project', '2025-07-30 01:42:14.651655', '2025-07-30 01:42:14.651655', 1),
(836, 2, NULL, 2, NULL, NULL, NULL, NULL, 'ea.png', NULL, NULL, NULL, NULL, NULL, NULL, 1, '', '', '', '', NULL, 18, 'App\\Models\\Project', '2025-07-30 01:42:14.652703', '2025-07-30 01:42:14.652703', 1),
(837, 2, NULL, 2, NULL, NULL, NULL, NULL, 'sit.png', NULL, NULL, NULL, NULL, NULL, NULL, 1, '', '', '', '', NULL, 18, 'App\\Models\\Project', '2025-07-30 01:42:14.653672', '2025-07-30 01:42:14.653672', 1),
(838, 2, NULL, 2, NULL, NULL, NULL, NULL, 'repellendus.png', NULL, NULL, NULL, NULL, NULL, NULL, 1, '', '', '', '', NULL, 18, 'App\\Models\\Project', '2025-07-30 01:42:14.654439', '2025-07-30 01:42:14.654439', 1),
(839, 2, NULL, 2, NULL, NULL, NULL, NULL, 'consequatur.png', NULL, NULL, NULL, NULL, NULL, NULL, 1, '', '', '', '', NULL, 19, 'App\\Console\\Commands\\Invoice', '2025-07-30 01:42:15.515544', '2025-07-30 01:42:15.515544', 1),
(840, 2, NULL, 2, NULL, NULL, NULL, NULL, 'beatae.png', NULL, NULL, NULL, NULL, NULL, NULL, 1, '', '', '', '', NULL, 19, 'App\\Console\\Commands\\Invoice', '2025-07-30 01:42:15.517114', '2025-07-30 01:42:15.517114', 1),
(841, 2, NULL, 2, NULL, NULL, NULL, NULL, 'commodi.png', NULL, NULL, NULL, NULL, NULL, NULL, 1, '', '', '', '', NULL, 19, 'App\\Console\\Commands\\Invoice', '2025-07-30 01:42:15.518719', '2025-07-30 01:42:15.518719', 1),
(842, 2, NULL, 2, NULL, NULL, NULL, NULL, 'dignissimos.png', NULL, NULL, NULL, NULL, NULL, NULL, 1, '', '', '', '', NULL, 19, 'App\\Console\\Commands\\Invoice', '2025-07-30 01:42:15.520073', '2025-07-30 01:42:15.520073', 1),
(843, 2, NULL, 2, NULL, NULL, NULL, NULL, 'magnam.png', NULL, NULL, NULL, NULL, NULL, NULL, 1, '', '', '', '', NULL, 19, 'App\\Console\\Commands\\Invoice', '2025-07-30 01:42:15.521456', '2025-07-30 01:42:15.521456', 1),
(844, 2, NULL, 2, NULL, NULL, NULL, NULL, 'aliquam.png', NULL, NULL, NULL, NULL, NULL, NULL, 1, '', '', '', '', NULL, 19, 'App\\Models\\Vendor', '2025-07-30 01:42:16.551517', '2025-07-30 01:42:16.551517', 1),
(845, 2, NULL, 2, NULL, NULL, NULL, NULL, 'modi.png', NULL, NULL, NULL, NULL, NULL, NULL, 1, '', '', '', '', NULL, 19, 'App\\Models\\Task', '2025-07-30 01:42:17.032372', '2025-07-30 01:42:17.032372', 1),
(846, 2, NULL, 2, NULL, NULL, NULL, NULL, 'inventore.png', NULL, NULL, NULL, NULL, NULL, NULL, 1, '', '', '', '', NULL, 19, 'App\\Models\\Task', '2025-07-30 01:42:17.033531', '2025-07-30 01:42:17.033531', 1),
(847, 2, NULL, 2, NULL, NULL, NULL, NULL, 'expedita.png', NULL, NULL, NULL, NULL, NULL, NULL, 1, '', '', '', '', NULL, 19, 'App\\Models\\Task', '2025-07-30 01:42:17.034529', '2025-07-30 01:42:17.034529', 1),
(848, 2, NULL, 2, NULL, NULL, NULL, NULL, 'libero.png', NULL, NULL, NULL, NULL, NULL, NULL, 1, '', '', '', '', NULL, 19, 'App\\Models\\Task', '2025-07-30 01:42:17.035428', '2025-07-30 01:42:17.035428', 1),
(849, 2, NULL, 2, NULL, NULL, NULL, NULL, 'velit.png', NULL, NULL, NULL, NULL, NULL, NULL, 1, '', '', '', '', NULL, 19, 'App\\Models\\Task', '2025-07-30 01:42:17.036297', '2025-07-30 01:42:17.036297', 1),
(850, 2, NULL, 2, NULL, NULL, NULL, NULL, 'perspiciatis.png', NULL, NULL, NULL, NULL, NULL, NULL, 1, '', '', '', '', NULL, 19, 'App\\Models\\Project', '2025-07-30 01:42:17.040795', '2025-07-30 01:42:17.040795', 1),
(851, 2, NULL, 2, NULL, NULL, NULL, NULL, 'velit.png', NULL, NULL, NULL, NULL, NULL, NULL, 1, '', '', '', '', NULL, 19, 'App\\Models\\Project', '2025-07-30 01:42:17.041818', '2025-07-30 01:42:17.041818', 1),
(852, 2, NULL, 2, NULL, NULL, NULL, NULL, 'necessitatibus.png', NULL, NULL, NULL, NULL, NULL, NULL, 1, '', '', '', '', NULL, 19, 'App\\Models\\Project', '2025-07-30 01:42:17.042600', '2025-07-30 01:42:17.042600', 1),
(853, 2, NULL, 2, NULL, NULL, NULL, NULL, 'distinctio.png', NULL, NULL, NULL, NULL, NULL, NULL, 1, '', '', '', '', NULL, 19, 'App\\Models\\Project', '2025-07-30 01:42:17.043462', '2025-07-30 01:42:17.043462', 1),
(854, 2, NULL, 2, NULL, NULL, NULL, NULL, 'tempore.png', NULL, NULL, NULL, NULL, NULL, NULL, 1, '', '', '', '', NULL, 19, 'App\\Models\\Project', '2025-07-30 01:42:17.044389', '2025-07-30 01:42:17.044389', 1),
(855, 2, NULL, 2, NULL, NULL, NULL, NULL, 'consequuntur.png', NULL, NULL, NULL, NULL, NULL, NULL, 1, '', '', '', '', NULL, 20, 'App\\Console\\Commands\\Invoice', '2025-07-30 01:42:18.939361', '2025-07-30 01:42:18.939361', 1),
(856, 2, NULL, 2, NULL, NULL, NULL, NULL, 'autem.png', NULL, NULL, NULL, NULL, NULL, NULL, 1, '', '', '', '', NULL, 20, 'App\\Console\\Commands\\Invoice', '2025-07-30 01:42:18.941100', '2025-07-30 01:42:18.941100', 1),
(857, 2, NULL, 2, NULL, NULL, NULL, NULL, 'possimus.png', NULL, NULL, NULL, NULL, NULL, NULL, 1, '', '', '', '', NULL, 20, 'App\\Console\\Commands\\Invoice', '2025-07-30 01:42:18.942340', '2025-07-30 01:42:18.942340', 1),
(858, 2, NULL, 2, NULL, NULL, NULL, NULL, 'accusantium.png', NULL, NULL, NULL, NULL, NULL, NULL, 1, '', '', '', '', NULL, 20, 'App\\Console\\Commands\\Invoice', '2025-07-30 01:42:18.943335', '2025-07-30 01:42:18.943335', 1),
(859, 2, NULL, 2, NULL, NULL, NULL, NULL, 'eligendi.png', NULL, NULL, NULL, NULL, NULL, NULL, 1, '', '', '', '', NULL, 20, 'App\\Console\\Commands\\Invoice', '2025-07-30 01:42:18.944459', '2025-07-30 01:42:18.944459', 1),
(860, 2, NULL, 2, NULL, NULL, NULL, NULL, 'aspernatur.png', NULL, NULL, NULL, NULL, NULL, NULL, 1, '', '', '', '', NULL, 20, 'App\\Models\\Vendor', '2025-07-30 01:42:20.803340', '2025-07-30 01:42:20.803340', 1),
(861, 2, NULL, 2, NULL, NULL, NULL, NULL, 'veniam.png', NULL, NULL, NULL, NULL, NULL, NULL, 1, '', '', '', '', NULL, 20, 'App\\Models\\Task', '2025-07-30 01:42:21.106456', '2025-07-30 01:42:21.106456', 1),
(862, 2, NULL, 2, NULL, NULL, NULL, NULL, 'dignissimos.png', NULL, NULL, NULL, NULL, NULL, NULL, 1, '', '', '', '', NULL, 20, 'App\\Models\\Task', '2025-07-30 01:42:21.107732', '2025-07-30 01:42:21.107732', 1),
(863, 2, NULL, 2, NULL, NULL, NULL, NULL, 'ab.png', NULL, NULL, NULL, NULL, NULL, NULL, 1, '', '', '', '', NULL, 20, 'App\\Models\\Task', '2025-07-30 01:42:21.108981', '2025-07-30 01:42:21.108981', 1),
(864, 2, NULL, 2, NULL, NULL, NULL, NULL, 'minus.png', NULL, NULL, NULL, NULL, NULL, NULL, 1, '', '', '', '', NULL, 20, 'App\\Models\\Task', '2025-07-30 01:42:21.109959', '2025-07-30 01:42:21.109959', 1),
(865, 2, NULL, 2, NULL, NULL, NULL, NULL, 'quis.png', NULL, NULL, NULL, NULL, NULL, NULL, 1, '', '', '', '', NULL, 20, 'App\\Models\\Task', '2025-07-30 01:42:21.110843', '2025-07-30 01:42:21.110843', 1),
(866, 2, NULL, 2, NULL, NULL, NULL, NULL, 'nostrum.png', NULL, NULL, NULL, NULL, NULL, NULL, 1, '', '', '', '', NULL, 20, 'App\\Models\\Project', '2025-07-30 01:42:21.116504', '2025-07-30 01:42:21.116504', 1),
(867, 2, NULL, 2, NULL, NULL, NULL, NULL, 'doloribus.png', NULL, NULL, NULL, NULL, NULL, NULL, 1, '', '', '', '', NULL, 20, 'App\\Models\\Project', '2025-07-30 01:42:21.117493', '2025-07-30 01:42:21.117493', 1),
(868, 2, NULL, 2, NULL, NULL, NULL, NULL, 'nihil.png', NULL, NULL, NULL, NULL, NULL, NULL, 1, '', '', '', '', NULL, 20, 'App\\Models\\Project', '2025-07-30 01:42:21.118645', '2025-07-30 01:42:21.118645', 1),
(869, 2, NULL, 2, NULL, NULL, NULL, NULL, 'qui.png', NULL, NULL, NULL, NULL, NULL, NULL, 1, '', '', '', '', NULL, 20, 'App\\Models\\Project', '2025-07-30 01:42:21.119914', '2025-07-30 01:42:21.119914', 1),
(870, 2, NULL, 2, NULL, NULL, NULL, NULL, 'voluptas.png', NULL, NULL, NULL, NULL, NULL, NULL, 1, '', '', '', '', NULL, 20, 'App\\Models\\Project', '2025-07-30 01:42:21.121295', '2025-07-30 01:42:21.121295', 1),
(871, 2, NULL, 2, NULL, NULL, NULL, NULL, 'accusantium.png', NULL, NULL, NULL, NULL, NULL, NULL, 1, '', '', '', '', NULL, 21, 'App\\Console\\Commands\\Invoice', '2025-07-30 01:42:22.295587', '2025-07-30 01:42:22.295587', 1),
(872, 2, NULL, 2, NULL, NULL, NULL, NULL, 'quibusdam.png', NULL, NULL, NULL, NULL, NULL, NULL, 1, '', '', '', '', NULL, 21, 'App\\Console\\Commands\\Invoice', '2025-07-30 01:42:22.297178', '2025-07-30 01:42:22.297178', 1),
(873, 2, NULL, 2, NULL, NULL, NULL, NULL, 'esse.png', NULL, NULL, NULL, NULL, NULL, NULL, 1, '', '', '', '', NULL, 21, 'App\\Console\\Commands\\Invoice', '2025-07-30 01:42:22.298430', '2025-07-30 01:42:22.298430', 1),
(874, 2, NULL, 2, NULL, NULL, NULL, NULL, 'hic.png', NULL, NULL, NULL, NULL, NULL, NULL, 1, '', '', '', '', NULL, 21, 'App\\Console\\Commands\\Invoice', '2025-07-30 01:42:22.299460', '2025-07-30 01:42:22.299460', 1),
(875, 2, NULL, 2, NULL, NULL, NULL, NULL, 'debitis.png', NULL, NULL, NULL, NULL, NULL, NULL, 1, '', '', '', '', NULL, 21, 'App\\Console\\Commands\\Invoice', '2025-07-30 01:42:22.300385', '2025-07-30 01:42:22.300385', 1);

-- --------------------------------------------------------

--
-- Table structure for table `expenses`
--

CREATE TABLE `expenses` (
  `id` int(10) UNSIGNED NOT NULL,
  `created_at` timestamp(6) NULL DEFAULT NULL,
  `updated_at` timestamp(6) NULL DEFAULT NULL,
  `deleted_at` timestamp NULL DEFAULT NULL,
  `company_id` int(10) UNSIGNED NOT NULL,
  `vendor_id` int(10) UNSIGNED DEFAULT NULL,
  `user_id` int(10) UNSIGNED NOT NULL,
  `assigned_user_id` int(10) UNSIGNED DEFAULT NULL,
  `invoice_id` int(10) UNSIGNED DEFAULT NULL,
  `client_id` int(10) UNSIGNED DEFAULT NULL,
  `bank_id` int(10) UNSIGNED DEFAULT NULL,
  `invoice_currency_id` int(10) UNSIGNED DEFAULT NULL,
  `currency_id` int(10) UNSIGNED DEFAULT NULL,
  `category_id` int(10) UNSIGNED DEFAULT NULL,
  `payment_type_id` int(10) UNSIGNED DEFAULT NULL,
  `recurring_expense_id` int(10) UNSIGNED DEFAULT NULL,
  `is_deleted` tinyint(1) NOT NULL DEFAULT 0,
  `amount` decimal(20,6) NOT NULL,
  `foreign_amount` decimal(20,6) NOT NULL,
  `exchange_rate` decimal(20,6) NOT NULL,
  `tax_name1` varchar(191) DEFAULT NULL,
  `tax_rate1` decimal(20,6) NOT NULL,
  `tax_name2` varchar(191) DEFAULT NULL,
  `tax_rate2` decimal(20,6) NOT NULL,
  `tax_name3` varchar(191) DEFAULT NULL,
  `tax_rate3` decimal(20,6) NOT NULL,
  `date` date DEFAULT NULL,
  `payment_date` date DEFAULT NULL,
  `private_notes` text DEFAULT NULL,
  `public_notes` text DEFAULT NULL,
  `transaction_reference` text DEFAULT NULL,
  `should_be_invoiced` tinyint(1) NOT NULL DEFAULT 0,
  `invoice_documents` tinyint(1) NOT NULL DEFAULT 1,
  `transaction_id` bigint(20) UNSIGNED DEFAULT NULL,
  `custom_value1` text NOT NULL,
  `custom_value2` text NOT NULL,
  `custom_value3` text NOT NULL,
  `custom_value4` text NOT NULL,
  `number` varchar(191) DEFAULT NULL,
  `project_id` int(10) UNSIGNED DEFAULT NULL,
  `tax_amount1` decimal(20,6) NOT NULL DEFAULT 1.000000,
  `tax_amount2` decimal(20,6) NOT NULL DEFAULT 1.000000,
  `tax_amount3` decimal(20,6) NOT NULL DEFAULT 1.000000,
  `uses_inclusive_taxes` tinyint(1) NOT NULL DEFAULT 0,
  `calculate_tax_by_amount` tinyint(1) NOT NULL DEFAULT 0,
  `e_invoice` mediumtext DEFAULT NULL
) ENGINE=InnoDB DEFAULT CHARSET=utf8mb4 COLLATE=utf8mb4_unicode_ci;

--
-- Dumping data for table `expenses`
--

INSERT INTO `expenses` (`id`, `created_at`, `updated_at`, `deleted_at`, `company_id`, `vendor_id`, `user_id`, `assigned_user_id`, `invoice_id`, `client_id`, `bank_id`, `invoice_currency_id`, `currency_id`, `category_id`, `payment_type_id`, `recurring_expense_id`, `is_deleted`, `amount`, `foreign_amount`, `exchange_rate`, `tax_name1`, `tax_rate1`, `tax_name2`, `tax_rate2`, `tax_name3`, `tax_rate3`, `date`, `payment_date`, `private_notes`, `public_notes`, `transaction_reference`, `should_be_invoiced`, `invoice_documents`, `transaction_id`, `custom_value1`, `custom_value2`, `custom_value3`, `custom_value4`, `number`, `project_id`, `tax_amount1`, `tax_amount2`, `tax_amount3`, `uses_inclusive_taxes`, `calculate_tax_by_amount`, `e_invoice`) VALUES
(1, '2025-07-30 01:40:56.638997', '2025-07-30 01:40:56.638997', NULL, 1, NULL, 1, NULL, NULL, 1, NULL, NULL, NULL, NULL, NULL, NULL, 0, 2.000000, 0.000000, 0.620000, NULL, 0.000000, NULL, 0.000000, NULL, 0.000000, '2019-07-05', NULL, 'Ex sunt enim debitis molestiae totam.', 'Aliquid at velit voluptatum et.', 'Et.', 0, 1, NULL, 'Porro.', 'Magnam.', 'Dolorem.', 'Repellat.', NULL, NULL, 1.000000, 1.000000, 1.000000, 0, 0, NULL),
(2, '2025-07-30 01:40:56.645342', '2025-07-30 01:40:56.645342', NULL, 1, NULL, 1, NULL, NULL, 1, NULL, NULL, NULL, NULL, NULL, NULL, 0, 3.000000, 0.000000, 0.670000, NULL, 0.000000, NULL, 0.000000, NULL, 0.000000, '2024-06-28', NULL, 'Quae quia assumenda est voluptate architecto ut.', 'Ut ipsum non assumenda veritatis.', 'Amet.', 0, 1, NULL, 'Nulla.', 'Quaerat.', 'Tenetur.', 'Suscipit.', NULL, NULL, 1.000000, 1.000000, 1.000000, 0, 0, NULL),
(3, '2025-07-30 01:40:56.649849', '2025-07-30 01:40:56.649849', NULL, 1, NULL, 1, NULL, NULL, 1, NULL, NULL, NULL, NULL, NULL, NULL, 0, 10.000000, 0.000000, 0.870000, NULL, 0.000000, NULL, 0.000000, NULL, 0.000000, '2019-09-29', NULL, 'Pariatur temporibus dicta necessitatibus ipsam.', 'Dolore repellat quam nisi velit.', 'Et.', 0, 1, NULL, 'Repellat.', 'Beatae.', 'Excepturi.', 'Quia.', NULL, NULL, 1.000000, 1.000000, 1.000000, 0, 0, NULL),
(4, '2025-07-30 01:40:56.654070', '2025-07-30 01:40:56.654070', NULL, 1, NULL, 1, NULL, NULL, 1, NULL, NULL, NULL, NULL, NULL, NULL, 0, 1.000000, 0.000000, 0.810000, NULL, 0.000000, NULL, 0.000000, NULL, 0.000000, '2012-07-18', NULL, 'Aut delectus fuga distinctio impedit.', 'Quam aut nemo consequatur dicta in.', 'Et.', 0, 1, NULL, 'Quas quo.', 'Facere.', 'Suscipit.', 'Omnis.', NULL, NULL, 1.000000, 1.000000, 1.000000, 0, 0, NULL),
(5, '2025-07-30 01:40:56.657499', '2025-07-30 01:40:56.657499', NULL, 1, NULL, 1, NULL, NULL, 1, NULL, NULL, NULL, NULL, NULL, NULL, 0, 10.000000, 0.000000, 0.150000, NULL, 0.000000, NULL, 0.000000, NULL, 0.000000, '2017-11-08', NULL, 'At sed amet sint ut omnis asperiores ut.', 'Et inventore maxime at aperiam et delectus.', 'Ea.', 0, 1, NULL, 'Ad.', 'Explicabo.', 'Facilis.', 'Non velit.', NULL, NULL, 1.000000, 1.000000, 1.000000, 0, 0, NULL),
(6, '2025-07-30 01:41:04.858856', '2025-07-30 01:41:04.858856', NULL, 2, NULL, 2, NULL, NULL, 3, NULL, NULL, NULL, NULL, NULL, NULL, 0, 3.000000, 0.000000, 0.930000, NULL, 0.000000, NULL, 0.000000, NULL, 0.000000, '1998-11-16', NULL, 'Ex qui fugit et aut et corrupti.', 'Rerum impedit est nemo.', 'Vel.', 0, 1, NULL, 'Magni.', 'Sed quae.', 'Ad quae.', 'Excepturi.', NULL, NULL, 1.000000, 1.000000, 1.000000, 0, 0, NULL),
(7, '2025-07-30 01:41:04.864031', '2025-07-30 01:41:04.864031', NULL, 2, NULL, 2, NULL, NULL, 3, NULL, NULL, NULL, NULL, NULL, NULL, 0, 2.000000, 0.000000, 0.450000, NULL, 0.000000, NULL, 0.000000, NULL, 0.000000, '1989-03-31', NULL, 'Fuga quod aliquid est recusandae.', 'Voluptatibus est porro fugiat atque.', 'Et.', 0, 1, NULL, 'Libero.', 'Illo.', 'Facere.', 'Ipsam.', NULL, NULL, 1.000000, 1.000000, 1.000000, 0, 0, NULL),
(8, '2025-07-30 01:41:04.868269', '2025-07-30 01:41:04.868269', NULL, 2, NULL, 2, NULL, NULL, 3, NULL, NULL, NULL, NULL, NULL, NULL, 0, 6.000000, 0.000000, 0.020000, NULL, 0.000000, NULL, 0.000000, NULL, 0.000000, '2021-11-05', NULL, 'Quis esse corporis sed enim odio ut.', 'Repellendus et aut id consequatur.', 'Cum.', 0, 1, NULL, 'Ex velit.', 'Aut.', 'Quo non.', 'Illo ut.', NULL, NULL, 1.000000, 1.000000, 1.000000, 0, 0, NULL),
(9, '2025-07-30 01:41:09.169478', '2025-07-30 01:41:09.169478', NULL, 2, NULL, 2, NULL, NULL, 2, NULL, NULL, NULL, NULL, NULL, NULL, 0, 10.000000, 0.000000, 0.850000, NULL, 0.000000, NULL, 0.000000, NULL, 0.000000, '1980-07-11', NULL, 'Nam explicabo id et quibusdam.', 'Non corrupti illum quas.', 'Rem.', 0, 1, NULL, 'Molestias.', 'Non atque.', 'Quo ut.', 'Et natus.', NULL, NULL, 1.000000, 1.000000, 1.000000, 0, 0, NULL),
(10, '2025-07-30 01:41:11.665196', '2025-07-30 01:41:11.665196', NULL, 2, NULL, 2, NULL, NULL, 5, NULL, NULL, NULL, NULL, NULL, NULL, 0, 1.000000, 0.000000, 0.930000, NULL, 0.000000, NULL, 0.000000, NULL, 0.000000, '1984-08-27', NULL, 'Dignissimos ea neque illo ab animi et.', 'Saepe quia pariatur voluptates.', 'Eum.', 0, 1, NULL, 'Qui omnis.', 'Ut a eos.', 'Quam ut.', 'Sint in.', NULL, NULL, 1.000000, 1.000000, 1.000000, 0, 0, NULL),
(11, '2025-07-30 01:41:11.670011', '2025-07-30 01:41:11.670011', NULL, 2, NULL, 2, NULL, NULL, 5, NULL, NULL, NULL, NULL, NULL, NULL, 0, 8.000000, 0.000000, 0.220000, NULL, 0.000000, NULL, 0.000000, NULL, 0.000000, '1991-09-07', NULL, 'Nobis velit recusandae ea accusantium distinctio.', 'Quia sed voluptas nisi harum voluptatem.', 'Qui.', 0, 1, NULL, 'Quasi eos.', 'Et animi.', 'Eum porro.', 'Qui cum.', NULL, NULL, 1.000000, 1.000000, 1.000000, 0, 0, NULL),
(12, '2025-07-30 01:41:11.674429', '2025-07-30 01:41:11.674429', NULL, 2, NULL, 2, NULL, NULL, 5, NULL, NULL, NULL, NULL, NULL, NULL, 0, 3.000000, 0.000000, 0.750000, NULL, 0.000000, NULL, 0.000000, NULL, 0.000000, '2003-07-12', NULL, 'Tenetur saepe qui facilis aut.', 'Voluptas voluptatibus quo in rerum.', 'Quis.', 0, 1, NULL, 'Ipsum.', 'Minus et.', 'Et eos.', 'Cum quia.', NULL, NULL, 1.000000, 1.000000, 1.000000, 0, 0, NULL),
(13, '2025-07-30 01:41:11.678848', '2025-07-30 01:41:11.678848', NULL, 2, NULL, 2, NULL, NULL, 5, NULL, NULL, NULL, NULL, NULL, NULL, 0, 8.000000, 0.000000, 0.490000, NULL, 0.000000, NULL, 0.000000, NULL, 0.000000, '1997-11-03', NULL, 'Placeat qui quia est modi.', 'At nihil voluptas incidunt similique minima.', 'Est.', 0, 1, NULL, 'Aut.', 'Sit in.', 'Autem.', 'Numquam.', NULL, NULL, 1.000000, 1.000000, 1.000000, 0, 0, NULL),
(14, '2025-07-30 01:41:11.683448', '2025-07-30 01:41:11.683448', NULL, 2, NULL, 2, NULL, NULL, 5, NULL, NULL, NULL, NULL, NULL, NULL, 0, 2.000000, 0.000000, 0.390000, NULL, 0.000000, NULL, 0.000000, NULL, 0.000000, '1995-05-09', NULL, 'Qui animi voluptates vero iste dolorem.', 'Et et aut culpa consectetur.', 'Et.', 0, 1, NULL, 'At.', 'Fugiat.', 'Saepe.', 'Eaque et.', NULL, NULL, 1.000000, 1.000000, 1.000000, 0, 0, NULL),
(15, '2025-07-30 01:41:17.876100', '2025-07-30 01:41:17.876100', NULL, 2, NULL, 2, NULL, NULL, 5, NULL, NULL, NULL, NULL, NULL, NULL, 0, 8.000000, 0.000000, 0.560000, NULL, 0.000000, NULL, 0.000000, NULL, 0.000000, '1989-10-08', NULL, 'Ipsam dignissimos officia soluta quis quod.', 'Dignissimos voluptate animi molestiae quis.', 'Nam.', 0, 1, NULL, 'Quos.', 'Magnam.', 'Qui omnis.', 'Nesciunt.', NULL, NULL, 1.000000, 1.000000, 1.000000, 0, 0, NULL),
(16, '2025-07-30 01:41:17.880320', '2025-07-30 01:41:17.880320', NULL, 2, NULL, 2, NULL, NULL, 5, NULL, NULL, NULL, NULL, NULL, NULL, 0, 4.000000, 0.000000, 0.100000, NULL, 0.000000, NULL, 0.000000, NULL, 0.000000, '1989-05-12', NULL, 'Natus maxime ut aut aut.', 'Vero vero molestiae minus provident.', 'Rem.', 0, 1, NULL, 'Dolore.', 'Dolor et.', 'Quae.', 'Soluta.', NULL, NULL, 1.000000, 1.000000, 1.000000, 0, 0, NULL),
(17, '2025-07-30 01:41:20.342433', '2025-07-30 01:41:20.342433', NULL, 2, NULL, 2, NULL, NULL, 8, NULL, NULL, NULL, NULL, NULL, NULL, 0, 2.000000, 0.000000, 0.570000, NULL, 0.000000, NULL, 0.000000, NULL, 0.000000, '2022-12-13', NULL, 'Voluptatem fuga porro et et beatae saepe quis.', 'Laborum molestiae qui corporis quis ut sed.', 'Est.', 0, 1, NULL, 'Veritatis.', 'A est.', 'Quia.', 'Atque aut.', NULL, NULL, 1.000000, 1.000000, 1.000000, 0, 0, NULL),
(18, '2025-07-30 01:41:20.349464', '2025-07-30 01:41:20.349464', NULL, 2, NULL, 2, NULL, NULL, 8, NULL, NULL, NULL, NULL, NULL, NULL, 0, 4.000000, 0.000000, 0.500000, NULL, 0.000000, NULL, 0.000000, NULL, 0.000000, '1990-11-03', NULL, 'Ut eos vero sint error cumque.', 'Voluptatem impedit id eum.', 'Non.', 0, 1, NULL, 'Sunt.', 'Rem et.', 'Nemo quae.', 'Eaque.', NULL, NULL, 1.000000, 1.000000, 1.000000, 0, 0, NULL),
(19, '2025-07-30 01:41:20.353295', '2025-07-30 01:41:20.353295', NULL, 2, NULL, 2, NULL, NULL, 8, NULL, NULL, NULL, NULL, NULL, NULL, 0, 3.000000, 0.000000, 0.260000, NULL, 0.000000, NULL, 0.000000, NULL, 0.000000, '1991-05-02', NULL, 'Ullam autem incidunt non omnis placeat rem.', 'Repellat cupiditate minus sint tempore natus.', 'Hic.', 0, 1, NULL, 'Facilis.', 'Vel quia.', 'Ut earum.', 'Dicta.', NULL, NULL, 1.000000, 1.000000, 1.000000, 0, 0, NULL),
(20, '2025-07-30 01:41:24.607204', '2025-07-30 01:41:24.607204', NULL, 2, NULL, 2, NULL, NULL, 3, NULL, NULL, NULL, NULL, NULL, NULL, 0, 5.000000, 0.000000, 0.780000, NULL, 0.000000, NULL, 0.000000, NULL, 0.000000, '2019-11-04', NULL, 'Eos dolorem ipsum accusamus laudantium.', 'Dignissimos ad explicabo aut eveniet.', 'Et.', 0, 1, NULL, 'Et autem.', 'Libero.', 'Nesciunt.', 'Aut qui.', NULL, NULL, 1.000000, 1.000000, 1.000000, 0, 0, NULL),
(21, '2025-07-30 01:41:24.612189', '2025-07-30 01:41:24.612189', NULL, 2, NULL, 2, NULL, NULL, 3, NULL, NULL, NULL, NULL, NULL, NULL, 0, 5.000000, 0.000000, 0.770000, NULL, 0.000000, NULL, 0.000000, NULL, 0.000000, '1981-09-13', NULL, 'Deserunt corporis libero sit eaque et.', 'Velit et eius id non corrupti unde.', 'Fuga.', 0, 1, NULL, 'Quam.', 'Dolorum.', 'Itaque.', 'Eum error.', NULL, NULL, 1.000000, 1.000000, 1.000000, 0, 0, NULL),
(22, '2025-07-30 01:41:24.615953', '2025-07-30 01:41:24.615953', NULL, 2, NULL, 2, NULL, NULL, 3, NULL, NULL, NULL, NULL, NULL, NULL, 0, 10.000000, 0.000000, 0.600000, NULL, 0.000000, NULL, 0.000000, NULL, 0.000000, '2014-07-12', NULL, 'Et aliquam accusamus et aperiam ad.', 'Eius quae cupiditate qui et totam.', 'Et.', 0, 1, NULL, 'Sit.', 'Saepe.', 'Alias.', 'Illum.', NULL, NULL, 1.000000, 1.000000, 1.000000, 0, 0, NULL),
(23, '2025-07-30 01:41:24.619812', '2025-07-30 01:41:24.619812', NULL, 2, NULL, 2, NULL, NULL, 3, NULL, NULL, NULL, NULL, NULL, NULL, 0, 2.000000, 0.000000, 0.760000, NULL, 0.000000, NULL, 0.000000, NULL, 0.000000, '1972-12-12', NULL, 'Qui qui nam nostrum qui est.', 'Facilis ut sit error sint ut ut.', 'Et.', 0, 1, NULL, 'Aliquam.', 'Quis.', 'Qui.', 'Neque.', NULL, NULL, 1.000000, 1.000000, 1.000000, 0, 0, NULL),
(24, '2025-07-30 01:41:31.471292', '2025-07-30 01:41:31.471292', NULL, 2, NULL, 2, NULL, NULL, 9, NULL, NULL, NULL, NULL, NULL, NULL, 0, 10.000000, 0.000000, 0.030000, NULL, 0.000000, NULL, 0.000000, NULL, 0.000000, '2013-10-26', NULL, 'Eius quidem quia quae.', 'Dolorum odit consequatur et sunt.', 'Eius.', 0, 1, NULL, 'Quibusdam.', 'Similique.', 'Fuga ut.', 'Atque.', NULL, NULL, 1.000000, 1.000000, 1.000000, 0, 0, NULL),
(25, '2025-07-30 01:41:31.476845', '2025-07-30 01:41:31.476845', NULL, 2, NULL, 2, NULL, NULL, 9, NULL, NULL, NULL, NULL, NULL, NULL, 0, 10.000000, 0.000000, 0.130000, NULL, 0.000000, NULL, 0.000000, NULL, 0.000000, '2018-03-13', NULL, 'Officia ut est dolorem et voluptatem.', 'Mollitia et autem dolor aliquid eaque.', 'Aut.', 0, 1, NULL, 'Soluta.', 'Harum eos.', 'Iste.', 'Illum.', NULL, NULL, 1.000000, 1.000000, 1.000000, 0, 0, NULL),
(26, '2025-07-30 01:41:31.480982', '2025-07-30 01:41:31.480982', NULL, 2, NULL, 2, NULL, NULL, 9, NULL, NULL, NULL, NULL, NULL, NULL, 0, 4.000000, 0.000000, 0.080000, NULL, 0.000000, NULL, 0.000000, NULL, 0.000000, '2008-05-17', NULL, 'Qui deserunt sint quia quo voluptas vero.', 'Fugit assumenda quo qui id.', 'Sed.', 0, 1, NULL, 'Et sed.', 'Maiores.', 'Suscipit.', 'Quisquam.', NULL, NULL, 1.000000, 1.000000, 1.000000, 0, 0, NULL),
(27, '2025-07-30 01:41:34.468637', '2025-07-30 01:41:34.468637', NULL, 2, NULL, 2, NULL, NULL, 5, NULL, NULL, NULL, NULL, NULL, NULL, 0, 3.000000, 0.000000, 0.230000, NULL, 0.000000, NULL, 0.000000, NULL, 0.000000, '1999-04-16', NULL, 'Et nemo recusandae rerum quia natus ut.', 'Voluptatibus blanditiis eum sed nostrum et eum.', 'Et.', 0, 1, NULL, 'Quos quis.', 'Quo.', 'Rerum.', 'Est aut.', NULL, NULL, 1.000000, 1.000000, 1.000000, 0, 0, NULL),
(28, '2025-07-30 01:41:34.473262', '2025-07-30 01:41:34.473262', NULL, 2, NULL, 2, NULL, NULL, 5, NULL, NULL, NULL, NULL, NULL, NULL, 0, 10.000000, 0.000000, 0.030000, NULL, 0.000000, NULL, 0.000000, NULL, 0.000000, '2005-08-24', NULL, 'Qui odio quis illo repudiandae perferendis.', 'Et ut nulla ut quibusdam.', 'Ut.', 0, 1, NULL, 'Expedita.', 'Et.', 'Facilis.', 'Quibusdam.', NULL, NULL, 1.000000, 1.000000, 1.000000, 0, 0, NULL),
(29, '2025-07-30 01:41:34.477007', '2025-07-30 01:41:34.477007', NULL, 2, NULL, 2, NULL, NULL, 5, NULL, NULL, NULL, NULL, NULL, NULL, 0, 10.000000, 0.000000, 0.990000, NULL, 0.000000, NULL, 0.000000, NULL, 0.000000, '1981-01-28', NULL, 'Quia magni odio optio dolorum ea autem.', 'Maiores sunt expedita nihil earum.', 'Est.', 0, 1, NULL, 'Nihil.', 'Est esse.', 'Aliquid.', 'Cumque.', NULL, NULL, 1.000000, 1.000000, 1.000000, 0, 0, NULL),
(30, '2025-07-30 01:41:34.480836', '2025-07-30 01:41:34.480836', NULL, 2, NULL, 2, NULL, NULL, 5, NULL, NULL, NULL, NULL, NULL, NULL, 0, 5.000000, 0.000000, 0.500000, NULL, 0.000000, NULL, 0.000000, NULL, 0.000000, '2025-02-12', NULL, 'Esse dolorum ratione necessitatibus harum.', 'Ut qui eius aperiam voluptatem nulla.', 'Ut.', 0, 1, NULL, 'Non et.', 'Et.', 'Maxime.', 'Qui vel.', NULL, NULL, 1.000000, 1.000000, 1.000000, 0, 0, NULL),
(31, '2025-07-30 01:41:37.434904', '2025-07-30 01:41:37.434904', NULL, 2, NULL, 2, NULL, NULL, 2, NULL, NULL, NULL, NULL, NULL, NULL, 0, 3.000000, 0.000000, 0.170000, NULL, 0.000000, NULL, 0.000000, NULL, 0.000000, '1973-11-28', NULL, 'At neque sequi est officia fuga.', 'Deserunt voluptatem aspernatur vero ea.', 'Aut.', 0, 1, NULL, 'Ut animi.', 'Itaque.', 'Dolore.', 'Nisi et.', NULL, NULL, 1.000000, 1.000000, 1.000000, 0, 0, NULL),
(32, '2025-07-30 01:41:37.439367', '2025-07-30 01:41:37.439367', NULL, 2, NULL, 2, NULL, NULL, 2, NULL, NULL, NULL, NULL, NULL, NULL, 0, 3.000000, 0.000000, 0.070000, NULL, 0.000000, NULL, 0.000000, NULL, 0.000000, '2014-11-29', NULL, 'Quia est nihil architecto est.', 'Ut suscipit aliquam est tempora incidunt minus.', 'Quas.', 0, 1, NULL, 'Quis.', 'Quam aut.', 'Debitis.', 'Non.', NULL, NULL, 1.000000, 1.000000, 1.000000, 0, 0, NULL),
(33, '2025-07-30 01:41:37.443161', '2025-07-30 01:41:37.443161', NULL, 2, NULL, 2, NULL, NULL, 2, NULL, NULL, NULL, NULL, NULL, NULL, 0, 1.000000, 0.000000, 0.250000, NULL, 0.000000, NULL, 0.000000, NULL, 0.000000, '1986-11-20', NULL, 'Tenetur aut necessitatibus dolore id aspernatur.', 'Et et quae fuga nemo doloribus.', 'Iste.', 0, 1, NULL, 'Sint.', 'Soluta.', 'Ad aut.', 'Quibusdam.', NULL, NULL, 1.000000, 1.000000, 1.000000, 0, 0, NULL),
(34, '2025-07-30 01:41:44.952195', '2025-07-30 01:41:44.952195', NULL, 2, NULL, 2, NULL, NULL, 11, NULL, NULL, NULL, NULL, NULL, NULL, 0, 6.000000, 0.000000, 0.420000, NULL, 0.000000, NULL, 0.000000, NULL, 0.000000, '2008-01-29', NULL, 'Mollitia qui fuga et. Aperiam ipsa sit quia.', 'A dignissimos neque ut eligendi.', 'Sed.', 0, 1, NULL, 'Inventore.', 'Rerum.', 'Sit.', 'Cum.', NULL, NULL, 1.000000, 1.000000, 1.000000, 0, 0, NULL),
(35, '2025-07-30 01:41:44.956957', '2025-07-30 01:41:44.956957', NULL, 2, NULL, 2, NULL, NULL, 11, NULL, NULL, NULL, NULL, NULL, NULL, 0, 2.000000, 0.000000, 0.050000, NULL, 0.000000, NULL, 0.000000, NULL, 0.000000, '2018-11-20', NULL, 'Quis sint enim esse qui blanditiis sed voluptas.', 'Consectetur et ut fuga est id sunt deleniti.', 'Et.', 0, 1, NULL, 'Occaecati.', 'Et.', 'Deleniti.', 'Libero.', NULL, NULL, 1.000000, 1.000000, 1.000000, 0, 0, NULL),
(36, '2025-07-30 01:41:44.961011', '2025-07-30 01:41:44.961011', NULL, 2, NULL, 2, NULL, NULL, 11, NULL, NULL, NULL, NULL, NULL, NULL, 0, 3.000000, 0.000000, 0.170000, NULL, 0.000000, NULL, 0.000000, NULL, 0.000000, '2001-07-20', NULL, 'Expedita voluptatem aliquid ab sed.', 'Sit voluptatem voluptatibus ipsam occaecati.', 'Ea.', 0, 1, NULL, 'Quia.', 'Soluta.', 'Facilis.', 'Pariatur.', NULL, NULL, 1.000000, 1.000000, 1.000000, 0, 0, NULL),
(37, '2025-07-30 01:41:47.673083', '2025-07-30 01:41:47.673083', NULL, 2, NULL, 2, NULL, NULL, 3, NULL, NULL, NULL, NULL, NULL, NULL, 0, 4.000000, 0.000000, 0.810000, NULL, 0.000000, NULL, 0.000000, NULL, 0.000000, '2011-06-29', NULL, 'Sit doloremque modi maiores ea sit consequatur.', 'Quas error cum maiores consequuntur eveniet.', 'Et.', 0, 1, NULL, 'Est.', 'Et modi.', 'Rem eum.', 'Sit qui.', NULL, NULL, 1.000000, 1.000000, 1.000000, 0, 0, NULL),
(38, '2025-07-30 01:41:47.680954', '2025-07-30 01:41:47.680954', NULL, 2, NULL, 2, NULL, NULL, 3, NULL, NULL, NULL, NULL, NULL, NULL, 0, 9.000000, 0.000000, 0.610000, NULL, 0.000000, NULL, 0.000000, NULL, 0.000000, '1976-10-21', NULL, 'Sunt nemo nam vitae aut.', 'Nemo aperiam deleniti fugit non.', 'Et.', 0, 1, NULL, 'Omnis in.', 'Amet ipsa.', 'Corrupti.', 'Dolor eum.', NULL, NULL, 1.000000, 1.000000, 1.000000, 0, 0, NULL),
(39, '2025-07-30 01:41:51.710903', '2025-07-30 01:41:51.710903', NULL, 2, NULL, 2, NULL, NULL, 11, NULL, NULL, NULL, NULL, NULL, NULL, 0, 8.000000, 0.000000, 0.280000, NULL, 0.000000, NULL, 0.000000, NULL, 0.000000, '1976-06-05', NULL, 'Natus natus maiores tempora quo quae dolores.', 'Rem autem porro vero deserunt.', 'Sit.', 0, 1, NULL, 'Excepturi.', 'Magnam.', 'Sint.', 'Ut hic.', NULL, NULL, 1.000000, 1.000000, 1.000000, 0, 0, NULL),
(40, '2025-07-30 01:41:51.715926', '2025-07-30 01:41:51.715926', NULL, 2, NULL, 2, NULL, NULL, 11, NULL, NULL, NULL, NULL, NULL, NULL, 0, 4.000000, 0.000000, 0.440000, NULL, 0.000000, NULL, 0.000000, NULL, 0.000000, '2000-11-17', NULL, 'Quia iste quaerat officiis eos quidem sunt sit.', 'Nihil et eos est illum voluptas.', 'Sed.', 0, 1, NULL, 'Quibusdam.', 'Quisquam.', 'Dolorem.', 'Et est.', NULL, NULL, 1.000000, 1.000000, 1.000000, 0, 0, NULL),
(41, '2025-07-30 01:41:51.720515', '2025-07-30 01:41:51.720515', NULL, 2, NULL, 2, NULL, NULL, 11, NULL, NULL, NULL, NULL, NULL, NULL, 0, 5.000000, 0.000000, 0.930000, NULL, 0.000000, NULL, 0.000000, NULL, 0.000000, '2019-08-27', NULL, 'Et iusto et qui est laboriosam autem non nihil.', 'Id fuga saepe a rerum culpa praesentium dicta.', 'Quas.', 0, 1, NULL, 'Nisi.', 'Rerum.', 'Expedita.', 'Sint est.', NULL, NULL, 1.000000, 1.000000, 1.000000, 0, 0, NULL),
(42, '2025-07-30 01:41:51.724770', '2025-07-30 01:41:51.724770', NULL, 2, NULL, 2, NULL, NULL, 11, NULL, NULL, NULL, NULL, NULL, NULL, 0, 6.000000, 0.000000, 0.380000, NULL, 0.000000, NULL, 0.000000, NULL, 0.000000, '2015-01-01', NULL, 'Voluptatem aut sit id voluptas.', 'Distinctio eius aut tempora quidem.', 'Et.', 0, 1, NULL, 'Deleniti.', 'Harum.', 'Quos.', 'Officia.', NULL, NULL, 1.000000, 1.000000, 1.000000, 0, 0, NULL),
(43, '2025-07-30 01:41:54.976834', '2025-07-30 01:41:54.976834', NULL, 2, NULL, 2, NULL, NULL, 11, NULL, NULL, NULL, NULL, NULL, NULL, 0, 8.000000, 0.000000, 0.930000, NULL, 0.000000, NULL, 0.000000, NULL, 0.000000, '2004-05-22', NULL, 'Quo eius quo molestiae incidunt eum.', 'Nesciunt eaque unde vitae cumque atque est.', 'Sunt.', 0, 1, NULL, 'Magnam.', 'Nam.', 'Qui nisi.', 'Harum quo.', NULL, NULL, 1.000000, 1.000000, 1.000000, 0, 0, NULL),
(44, '2025-07-30 01:41:54.980758', '2025-07-30 01:41:54.980758', NULL, 2, NULL, 2, NULL, NULL, 11, NULL, NULL, NULL, NULL, NULL, NULL, 0, 4.000000, 0.000000, 0.450000, NULL, 0.000000, NULL, 0.000000, NULL, 0.000000, '2008-09-01', NULL, 'Sapiente debitis quibusdam neque.', 'Delectus sed sequi ab qui occaecati.', 'Qui.', 0, 1, NULL, 'Natus nam.', 'Nihil.', 'Id ut.', 'Dolore.', NULL, NULL, 1.000000, 1.000000, 1.000000, 0, 0, NULL),
(45, '2025-07-30 01:41:54.984932', '2025-07-30 01:41:54.984932', NULL, 2, NULL, 2, NULL, NULL, 11, NULL, NULL, NULL, NULL, NULL, NULL, 0, 1.000000, 0.000000, 0.440000, NULL, 0.000000, NULL, 0.000000, NULL, 0.000000, '1990-02-05', NULL, 'Est quia error eligendi doloremque accusantium.', 'Libero illo est atque fuga.', 'Et.', 0, 1, NULL, 'Aut rerum.', 'Vel sint.', 'Ut iusto.', 'Ut.', NULL, NULL, 1.000000, 1.000000, 1.000000, 0, 0, NULL),
(46, '2025-07-30 01:41:54.989185', '2025-07-30 01:41:54.989185', NULL, 2, NULL, 2, NULL, NULL, 11, NULL, NULL, NULL, NULL, NULL, NULL, 0, 9.000000, 0.000000, 0.010000, NULL, 0.000000, NULL, 0.000000, NULL, 0.000000, '1982-04-04', NULL, 'Debitis quam non nemo ratione qui.', 'Enim necessitatibus fugiat facere vel dolorem.', 'Modi.', 0, 1, NULL, 'Numquam.', 'Commodi.', 'Ut ab in.', 'Enim non.', NULL, NULL, 1.000000, 1.000000, 1.000000, 0, 0, NULL),
(47, '2025-07-30 01:41:54.993347', '2025-07-30 01:41:54.993347', NULL, 2, NULL, 2, NULL, NULL, 11, NULL, NULL, NULL, NULL, NULL, NULL, 0, 7.000000, 0.000000, 0.780000, NULL, 0.000000, NULL, 0.000000, NULL, 0.000000, '2021-01-16', NULL, 'In sunt nesciunt et.', 'Et quis excepturi quod.', 'Qui.', 0, 1, NULL, 'Pariatur.', 'Et autem.', 'Quo est.', 'Aut odit.', NULL, NULL, 1.000000, 1.000000, 1.000000, 0, 0, NULL),
(48, '2025-07-30 01:41:58.401928', '2025-07-30 01:41:58.401928', NULL, 2, NULL, 2, NULL, NULL, 6, NULL, NULL, NULL, NULL, NULL, NULL, 0, 8.000000, 0.000000, 0.130000, NULL, 0.000000, NULL, 0.000000, NULL, 0.000000, '1992-11-14', NULL, 'Fugiat aut eveniet rerum aut iste.', 'Cum dolorum minus vero rerum.', 'Sit.', 0, 1, NULL, 'Aperiam.', 'In sunt.', 'Aliquam.', 'Aut.', NULL, NULL, 1.000000, 1.000000, 1.000000, 0, 0, NULL),
(49, '2025-07-30 01:41:58.411129', '2025-07-30 01:41:58.411129', NULL, 2, NULL, 2, NULL, NULL, 6, NULL, NULL, NULL, NULL, NULL, NULL, 0, 2.000000, 0.000000, 0.520000, NULL, 0.000000, NULL, 0.000000, NULL, 0.000000, '2015-09-26', NULL, 'Facilis quidem quis consequatur eaque et veniam.', 'Laborum et et deleniti rerum.', 'Quia.', 0, 1, NULL, 'Enim.', 'Maiores.', 'Aliquid.', 'Itaque et.', NULL, NULL, 1.000000, 1.000000, 1.000000, 0, 0, NULL),
(50, '2025-07-30 01:41:58.415790', '2025-07-30 01:41:58.415790', NULL, 2, NULL, 2, NULL, NULL, 6, NULL, NULL, NULL, NULL, NULL, NULL, 0, 3.000000, 0.000000, 0.440000, NULL, 0.000000, NULL, 0.000000, NULL, 0.000000, '1974-10-25', NULL, 'Nihil ea aspernatur officiis omnis.', 'Veniam illum recusandae ut cumque sit eum error.', 'Quis.', 0, 1, NULL, 'Optio.', 'Aliquam.', 'Rerum qui.', 'Quia aut.', NULL, NULL, 1.000000, 1.000000, 1.000000, 0, 0, NULL),
(51, '2025-07-30 01:41:58.420496', '2025-07-30 01:41:58.420496', NULL, 2, NULL, 2, NULL, NULL, 6, NULL, NULL, NULL, NULL, NULL, NULL, 0, 3.000000, 0.000000, 0.540000, NULL, 0.000000, NULL, 0.000000, NULL, 0.000000, '2005-07-10', NULL, 'Vero quam corrupti repellat.', 'Ut id non velit et repellat nulla facilis.', 'Ut.', 0, 1, NULL, 'Molestiae.', 'Ad est.', 'Cumque.', 'Minus.', NULL, NULL, 1.000000, 1.000000, 1.000000, 0, 0, NULL),
(52, '2025-07-30 01:41:58.424997', '2025-07-30 01:41:58.424997', NULL, 2, NULL, 2, NULL, NULL, 6, NULL, NULL, NULL, NULL, NULL, NULL, 0, 10.000000, 0.000000, 0.430000, NULL, 0.000000, NULL, 0.000000, NULL, 0.000000, '2005-04-29', NULL, 'Aut ullam a ad repudiandae et velit est.', 'Eum atque molestias dolorum totam quae.', 'Vel.', 0, 1, NULL, 'Error.', 'Nulla est.', 'Dolorem.', 'Eum rerum.', NULL, NULL, 1.000000, 1.000000, 1.000000, 0, 0, NULL),
(53, '2025-07-30 01:42:02.665049', '2025-07-30 01:42:02.665049', NULL, 2, NULL, 2, NULL, NULL, 4, NULL, NULL, NULL, NULL, NULL, NULL, 0, 1.000000, 0.000000, 0.740000, NULL, 0.000000, NULL, 0.000000, NULL, 0.000000, '1971-07-22', NULL, 'Et similique aut animi consequatur.', 'Ullam vitae voluptate neque earum est libero.', 'Nemo.', 0, 1, NULL, 'Quos et.', 'Fuga.', 'Impedit.', 'Veniam.', NULL, NULL, 1.000000, 1.000000, 1.000000, 0, 0, NULL),
(54, '2025-07-30 01:42:02.669998', '2025-07-30 01:42:02.669998', NULL, 2, NULL, 2, NULL, NULL, 4, NULL, NULL, NULL, NULL, NULL, NULL, 0, 8.000000, 0.000000, 0.660000, NULL, 0.000000, NULL, 0.000000, NULL, 0.000000, '2021-07-30', NULL, 'Voluptatibus nam odio quia et amet alias.', 'Dolor quos nisi modi dicta molestiae rerum.', 'Qui.', 0, 1, NULL, 'Quo.', 'Similique.', 'Molestias.', 'Deleniti.', NULL, NULL, 1.000000, 1.000000, 1.000000, 0, 0, NULL),
(55, '2025-07-30 01:42:09.604553', '2025-07-30 01:42:09.604553', NULL, 2, NULL, 2, NULL, NULL, 9, NULL, NULL, NULL, NULL, NULL, NULL, 0, 6.000000, 0.000000, 0.600000, NULL, 0.000000, NULL, 0.000000, NULL, 0.000000, '2021-02-07', NULL, 'Ex aut repudiandae reprehenderit ex dolore.', 'Ut qui et cumque.', 'Ea.', 0, 1, NULL, 'Totam.', 'Et.', 'Et ut.', 'Vero sed.', NULL, NULL, 1.000000, 1.000000, 1.000000, 0, 0, NULL),
(56, '2025-07-30 01:42:09.609694', '2025-07-30 01:42:09.609694', NULL, 2, NULL, 2, NULL, NULL, 9, NULL, NULL, NULL, NULL, NULL, NULL, 0, 8.000000, 0.000000, 0.250000, NULL, 0.000000, NULL, 0.000000, NULL, 0.000000, '2000-09-29', NULL, 'Rerum qui nulla sapiente illo id.', 'Nihil vel explicabo quod.', 'Et.', 0, 1, NULL, 'Natus.', 'Aliquid.', 'Totam.', 'Quis quo.', NULL, NULL, 1.000000, 1.000000, 1.000000, 0, 0, NULL),
(57, '2025-07-30 01:42:09.614742', '2025-07-30 01:42:09.614742', NULL, 2, NULL, 2, NULL, NULL, 9, NULL, NULL, NULL, NULL, NULL, NULL, 0, 1.000000, 0.000000, 0.120000, NULL, 0.000000, NULL, 0.000000, NULL, 0.000000, '1971-04-25', NULL, 'Aspernatur itaque sint nostrum quam.', 'Adipisci ex tempore repellendus ipsum fuga magni.', 'Ut.', 0, 1, NULL, 'Inventore.', 'Et.', 'Possimus.', 'Tenetur.', NULL, NULL, 1.000000, 1.000000, 1.000000, 0, 0, NULL),
(58, '2025-07-30 01:42:09.620509', '2025-07-30 01:42:09.620509', NULL, 2, NULL, 2, NULL, NULL, 9, NULL, NULL, NULL, NULL, NULL, NULL, 0, 1.000000, 0.000000, 0.850000, NULL, 0.000000, NULL, 0.000000, NULL, 0.000000, '2023-10-02', NULL, 'Enim omnis sunt nam nihil nemo.', 'Aut omnis qui aperiam ut est asperiores.', 'Aut.', 0, 1, NULL, 'Quos.', 'Dolor cum.', 'Nulla.', 'Ipsam.', NULL, NULL, 1.000000, 1.000000, 1.000000, 0, 0, NULL),
(59, '2025-07-30 01:42:14.223870', '2025-07-30 01:42:14.223870', NULL, 2, NULL, 2, NULL, NULL, 8, NULL, NULL, NULL, NULL, NULL, NULL, 0, 9.000000, 0.000000, 0.820000, NULL, 0.000000, NULL, 0.000000, NULL, 0.000000, '1970-03-21', NULL, 'Blanditiis earum sed amet consectetur.', 'Quis tenetur ut aut itaque et.', 'Id.', 0, 1, NULL, 'Sint.', 'Labore.', 'Dolores.', 'Molestiae.', NULL, NULL, 1.000000, 1.000000, 1.000000, 0, 0, NULL),
(60, '2025-07-30 01:42:14.229136', '2025-07-30 01:42:14.229136', NULL, 2, NULL, 2, NULL, NULL, 8, NULL, NULL, NULL, NULL, NULL, NULL, 0, 5.000000, 0.000000, 0.520000, NULL, 0.000000, NULL, 0.000000, NULL, 0.000000, '2023-10-10', NULL, 'Et deleniti et dolor numquam vel placeat rerum.', 'Cum quaerat aut nulla sed.', 'Cum.', 0, 1, NULL, 'Tenetur.', 'Nam.', 'Quos unde.', 'Mollitia.', NULL, NULL, 1.000000, 1.000000, 1.000000, 0, 0, NULL),
(61, '2025-07-30 01:42:14.232943', '2025-07-30 01:42:14.232943', NULL, 2, NULL, 2, NULL, NULL, 8, NULL, NULL, NULL, NULL, NULL, NULL, 0, 8.000000, 0.000000, 0.990000, NULL, 0.000000, NULL, 0.000000, NULL, 0.000000, '1989-11-12', NULL, 'Id fuga voluptatem magni et.', 'Debitis voluptatem quibusdam fuga.', 'Quas.', 0, 1, NULL, 'Ut.', 'Quis et.', 'Quae.', 'Voluptas.', NULL, NULL, 1.000000, 1.000000, 1.000000, 0, 0, NULL),
(62, '2025-07-30 01:42:14.236314', '2025-07-30 01:42:14.236314', NULL, 2, NULL, 2, NULL, NULL, 8, NULL, NULL, NULL, NULL, NULL, NULL, 0, 7.000000, 0.000000, 0.620000, NULL, 0.000000, NULL, 0.000000, NULL, 0.000000, '2010-02-10', NULL, 'Nobis nemo voluptate nam est laudantium qui.', 'Error numquam et ut et quaerat voluptatibus est.', 'Vel.', 0, 1, NULL, 'Aut ut et.', 'Iusto.', 'Quod.', 'Debitis.', NULL, NULL, 1.000000, 1.000000, 1.000000, 0, 0, NULL),
(63, '2025-07-30 01:42:14.240194', '2025-07-30 01:42:14.240194', NULL, 2, NULL, 2, NULL, NULL, 8, NULL, NULL, NULL, NULL, NULL, NULL, 0, 4.000000, 0.000000, 0.460000, NULL, 0.000000, NULL, 0.000000, NULL, 0.000000, '1972-12-13', NULL, 'Quidem delectus explicabo totam assumenda.', 'Sit mollitia natus cupiditate iusto sed.', 'Vero.', 0, 1, NULL, 'Impedit.', 'Qui minus.', 'Et sit.', 'Enim.', NULL, NULL, 1.000000, 1.000000, 1.000000, 0, 0, NULL),
(64, '2025-07-30 01:42:16.529417', '2025-07-30 01:42:16.529417', NULL, 2, NULL, 2, NULL, NULL, 2, NULL, NULL, NULL, NULL, NULL, NULL, 0, 9.000000, 0.000000, 0.630000, NULL, 0.000000, NULL, 0.000000, NULL, 0.000000, '2023-07-17', NULL, 'Perspiciatis et quaerat aut illo consequuntur.', 'Modi sed corrupti nesciunt occaecati sit.', 'Vel.', 0, 1, NULL, 'Aut nemo.', 'Incidunt.', 'Facere.', 'Qui.', NULL, NULL, 1.000000, 1.000000, 1.000000, 0, 0, NULL),
(65, '2025-07-30 01:42:16.534101', '2025-07-30 01:42:16.534101', NULL, 2, NULL, 2, NULL, NULL, 2, NULL, NULL, NULL, NULL, NULL, NULL, 0, 1.000000, 0.000000, 0.670000, NULL, 0.000000, NULL, 0.000000, NULL, 0.000000, '2021-12-24', NULL, 'Voluptas similique ut aut necessitatibus eum.', 'Rerum accusantium tempore autem distinctio.', 'Quia.', 0, 1, NULL, 'Eius est.', 'Nemo ab.', 'Quis.', 'Qui.', NULL, NULL, 1.000000, 1.000000, 1.000000, 0, 0, NULL),
(66, '2025-07-30 01:42:16.537706', '2025-07-30 01:42:16.537706', NULL, 2, NULL, 2, NULL, NULL, 2, NULL, NULL, NULL, NULL, NULL, NULL, 0, 7.000000, 0.000000, 0.890000, NULL, 0.000000, NULL, 0.000000, NULL, 0.000000, '1979-01-19', NULL, 'Ea eos animi debitis est eum aliquam.', 'Nisi ut est in ab velit consequatur eum.', 'Qui.', 0, 1, NULL, 'Sunt ut.', 'Veritatis.', 'Unde.', 'Ut.', NULL, NULL, 1.000000, 1.000000, 1.000000, 0, 0, NULL),
(67, '2025-07-30 01:42:16.540943', '2025-07-30 01:42:16.540943', NULL, 2, NULL, 2, NULL, NULL, 2, NULL, NULL, NULL, NULL, NULL, NULL, 0, 4.000000, 0.000000, 0.870000, NULL, 0.000000, NULL, 0.000000, NULL, 0.000000, '2016-05-06', NULL, 'Rerum recusandae consequatur provident quia.', 'Consequatur beatae accusantium neque aut non.', 'Quis.', 0, 1, NULL, 'Ea.', 'Molestiae.', 'Saepe.', 'Sint quia.', NULL, NULL, 1.000000, 1.000000, 1.000000, 0, 0, NULL),
(68, '2025-07-30 01:42:20.761211', '2025-07-30 01:42:20.761211', NULL, 2, NULL, 2, NULL, NULL, 8, NULL, NULL, NULL, NULL, NULL, NULL, 0, 8.000000, 0.000000, 0.140000, NULL, 0.000000, NULL, 0.000000, NULL, 0.000000, '1996-04-11', NULL, 'Est repellendus necessitatibus provident laborum.', 'Corrupti molestiae itaque ut.', 'Unde.', 0, 1, NULL, 'Ad.', 'Optio.', 'Qui amet.', 'Hic magni.', NULL, NULL, 1.000000, 1.000000, 1.000000, 0, 0, NULL),
(69, '2025-07-30 01:42:20.768725', '2025-07-30 01:42:20.768725', NULL, 2, NULL, 2, NULL, NULL, 8, NULL, NULL, NULL, NULL, NULL, NULL, 0, 10.000000, 0.000000, 0.300000, NULL, 0.000000, NULL, 0.000000, NULL, 0.000000, '2000-10-31', NULL, 'Beatae quo quae necessitatibus.', 'Qui eius eum eum ut velit.', 'Odio.', 0, 1, NULL, 'Quod.', 'Non omnis.', 'Quas aut.', 'Officia.', NULL, NULL, 1.000000, 1.000000, 1.000000, 0, 0, NULL),
(70, '2025-07-30 01:42:20.775104', '2025-07-30 01:42:20.775104', NULL, 2, NULL, 2, NULL, NULL, 8, NULL, NULL, NULL, NULL, NULL, NULL, 0, 2.000000, 0.000000, 0.080000, NULL, 0.000000, NULL, 0.000000, NULL, 0.000000, '2022-01-20', NULL, 'Sint repellendus maxime impedit amet animi.', 'Eum laudantium illo omnis voluptatem.', 'Qui.', 0, 1, NULL, 'Rerum.', 'Veniam.', 'Animi.', 'Sit.', NULL, NULL, 1.000000, 1.000000, 1.000000, 0, 0, NULL),
(71, '2025-07-30 01:42:20.780864', '2025-07-30 01:42:20.780864', NULL, 2, NULL, 2, NULL, NULL, 8, NULL, NULL, NULL, NULL, NULL, NULL, 0, 4.000000, 0.000000, 0.610000, NULL, 0.000000, NULL, 0.000000, NULL, 0.000000, '2023-01-22', NULL, 'Voluptas qui corporis eos maiores temporibus.', 'Quo minima sapiente porro labore esse.', 'Qui.', 0, 1, NULL, 'Et.', 'Eius.', 'Magni ab.', 'Voluptas.', NULL, NULL, 1.000000, 1.000000, 1.000000, 0, 0, NULL),
(72, '2025-07-30 01:42:20.786255', '2025-07-30 01:42:20.786255', NULL, 2, NULL, 2, NULL, NULL, 8, NULL, NULL, NULL, NULL, NULL, NULL, 0, 4.000000, 0.000000, 0.370000, NULL, 0.000000, NULL, 0.000000, NULL, 0.000000, '1974-01-08', NULL, 'Enim porro explicabo quo quaerat molestiae id.', 'Aut alias tempora cumque dolore nihil ut magnam.', 'Ab.', 0, 1, NULL, 'Maxime.', 'Labore.', 'Excepturi.', 'Qui odit.', NULL, NULL, 1.000000, 1.000000, 1.000000, 0, 0, NULL);

-- --------------------------------------------------------

--
-- Table structure for table `expense_categories`
--

CREATE TABLE `expense_categories` (
  `id` int(10) UNSIGNED NOT NULL,
  `user_id` int(10) UNSIGNED NOT NULL,
  `company_id` int(10) UNSIGNED NOT NULL,
  `name` varchar(191) DEFAULT NULL,
  `created_at` timestamp(6) NULL DEFAULT NULL,
  `updated_at` timestamp(6) NULL DEFAULT NULL,
  `deleted_at` timestamp NULL DEFAULT NULL,
  `is_deleted` tinyint(1) NOT NULL DEFAULT 0,
  `color` varchar(191) NOT NULL DEFAULT '#fff',
  `bank_category_id` int(10) UNSIGNED DEFAULT NULL
) ENGINE=InnoDB DEFAULT CHARSET=utf8mb4 COLLATE=utf8mb4_unicode_ci;

-- --------------------------------------------------------

--
-- Table structure for table `e_invoicing_logs`
--

CREATE TABLE `e_invoicing_logs` (
  `id` bigint(20) UNSIGNED NOT NULL,
  `tenant_id` varchar(191) DEFAULT NULL,
  `legal_entity_id` int(10) UNSIGNED NOT NULL,
  `license_key` varchar(191) DEFAULT NULL,
  `direction` varchar(191) NOT NULL DEFAULT 'sent',
  `notes` text DEFAULT NULL,
  `counter` int(11) NOT NULL DEFAULT 0,
  `deleted_at` timestamp(6) NULL DEFAULT NULL,
  `created_at` timestamp NULL DEFAULT NULL,
  `updated_at` timestamp NULL DEFAULT NULL
) ENGINE=InnoDB DEFAULT CHARSET=utf8mb4 COLLATE=utf8mb4_unicode_ci;

-- --------------------------------------------------------

--
-- Table structure for table `e_invoicing_tokens`
--

CREATE TABLE `e_invoicing_tokens` (
  `id` bigint(20) UNSIGNED NOT NULL,
  `license` varchar(64) NOT NULL,
  `token` char(36) NOT NULL,
  `account_key` varchar(64) NOT NULL,
  `created_at` timestamp NULL DEFAULT NULL,
  `updated_at` timestamp NULL DEFAULT NULL
) ENGINE=InnoDB DEFAULT CHARSET=utf8mb4 COLLATE=utf8mb4_unicode_ci;

-- --------------------------------------------------------

--
-- Table structure for table `failed_jobs`
--

CREATE TABLE `failed_jobs` (
  `id` bigint(20) UNSIGNED NOT NULL,
  `uuid` varchar(191) DEFAULT NULL,
  `connection` text NOT NULL,
  `queue` text NOT NULL,
  `payload` longtext NOT NULL,
  `exception` longtext NOT NULL,
  `failed_at` timestamp NOT NULL DEFAULT current_timestamp()
) ENGINE=InnoDB DEFAULT CHARSET=utf8mb4 COLLATE=utf8mb4_unicode_ci;

-- --------------------------------------------------------

--
-- Table structure for table `filter_lokasi`
--

CREATE TABLE `filter_lokasi` (
  `id` bigint(20) UNSIGNED NOT NULL,
  `latitude` decimal(10,7) NOT NULL,
  `longitude` decimal(10,7) NOT NULL,
  `negara` varchar(191) DEFAULT NULL,
  `provinsi` varchar(191) DEFAULT NULL,
  `kota` varchar(191) DEFAULT NULL,
  `jalan` varchar(191) DEFAULT NULL,
  `desa` varchar(191) DEFAULT NULL,
  `kodepos` varchar(191) DEFAULT NULL,
  `created_at` timestamp NULL DEFAULT NULL,
  `updated_at` timestamp NULL DEFAULT NULL
) ENGINE=InnoDB DEFAULT CHARSET=utf8mb4 COLLATE=utf8mb4_unicode_ci;

-- --------------------------------------------------------

--
-- Table structure for table `fo_client_ftths`
--

CREATE TABLE `fo_client_ftths` (
  `id` bigint(20) UNSIGNED NOT NULL,
  `lokasi_id` bigint(20) UNSIGNED NOT NULL,
  `odp_id` bigint(20) UNSIGNED NOT NULL,
  `client_id` int(10) UNSIGNED DEFAULT NULL,
  `company_id` int(10) UNSIGNED NOT NULL,
  `nama_client` varchar(191) DEFAULT NULL,
  `alamat` varchar(191) DEFAULT NULL,
  `status` enum('active','archived') NOT NULL DEFAULT 'active',
  `deleted_at` timestamp NULL DEFAULT NULL,
  `created_at` timestamp NULL DEFAULT NULL,
  `updated_at` timestamp NULL DEFAULT NULL
) ENGINE=InnoDB DEFAULT CHARSET=utf8mb4 COLLATE=utf8mb4_unicode_ci;

--
-- Dumping data for table `fo_client_ftths`
--

INSERT INTO `fo_client_ftths` (`id`, `lokasi_id`, `odp_id`, `client_id`, `company_id`, `nama_client`, `alamat`, `status`, `deleted_at`, `created_at`, `updated_at`) VALUES
(1, 3, 1, NULL, 1, 'Client Jaksel', 'Jl. Client Jaksel', 'active', NULL, '2025-07-30 01:47:30', '2025-07-30 01:47:30');

-- --------------------------------------------------------

--
-- Table structure for table `fo_joint_boxes`
--

CREATE TABLE `fo_joint_boxes` (
  `id` bigint(20) UNSIGNED NOT NULL,
  `lokasi_id` bigint(20) UNSIGNED NOT NULL,
  `kabel_odc_id` bigint(20) UNSIGNED NOT NULL,
  `nama_joint_box` varchar(191) NOT NULL,
  `status` enum('active','archived') NOT NULL DEFAULT 'active',
  `deleted_at` timestamp NULL DEFAULT NULL,
  `created_at` timestamp NULL DEFAULT NULL,
  `updated_at` timestamp NULL DEFAULT NULL
) ENGINE=InnoDB DEFAULT CHARSET=utf8mb4 COLLATE=utf8mb4_unicode_ci;

--
-- Dumping data for table `fo_joint_boxes`
--

INSERT INTO `fo_joint_boxes` (`id`, `lokasi_id`, `kabel_odc_id`, `nama_joint_box`, `status`, `deleted_at`, `created_at`, `updated_at`) VALUES
(1, 4, 2, 'JointBox Jakpus', 'active', NULL, '2025-07-30 01:47:30', '2025-07-30 01:47:30');

-- --------------------------------------------------------

--
-- Table structure for table `fo_kabel_core_odcs`
--

CREATE TABLE `fo_kabel_core_odcs` (
  `id` bigint(20) UNSIGNED NOT NULL,
  `kabel_tube_odc_id` bigint(20) UNSIGNED NOT NULL,
  `warna_core` enum('biru','jingga','hijau','coklat','abu_abu','putih','merah','hitam','kuning','ungu','merah_muda','aqua') NOT NULL,
  `status` enum('active','archived') NOT NULL DEFAULT 'active',
  `deleted_at` timestamp NULL DEFAULT NULL,
  `created_at` timestamp NULL DEFAULT NULL,
  `updated_at` timestamp NULL DEFAULT NULL
) ENGINE=InnoDB DEFAULT CHARSET=utf8mb4 COLLATE=utf8mb4_unicode_ci;

--
-- Dumping data for table `fo_kabel_core_odcs`
--

INSERT INTO `fo_kabel_core_odcs` (`id`, `kabel_tube_odc_id`, `warna_core`, `status`, `deleted_at`, `created_at`, `updated_at`) VALUES
(1, 1, 'biru', 'active', NULL, '2025-07-30 01:47:30', '2025-07-30 01:47:30'),
(2, 1, 'jingga', 'active', NULL, '2025-07-30 01:47:30', '2025-07-30 01:47:30'),
(3, 2, 'biru', 'active', NULL, '2025-07-30 01:47:30', '2025-07-30 01:47:30'),
(4, 2, 'jingga', 'active', NULL, '2025-07-30 01:47:30', '2025-07-30 01:47:30'),
(5, 3, 'biru', 'active', NULL, '2025-07-30 01:47:30', '2025-07-30 01:47:30'),
(6, 3, 'jingga', 'active', NULL, '2025-07-30 01:47:30', '2025-07-30 01:47:30');

-- --------------------------------------------------------

--
-- Table structure for table `fo_kabel_odcs`
--

CREATE TABLE `fo_kabel_odcs` (
  `id` bigint(20) UNSIGNED NOT NULL,
  `nama_kabel` varchar(191) NOT NULL,
  `tipe_kabel` enum('singlecore','multicore') NOT NULL,
  `panjang_kabel` decimal(8,2) NOT NULL,
  `jumlah_tube` int(11) DEFAULT NULL,
  `jumlah_core_in_tube` int(11) DEFAULT NULL,
  `jumlah_total_core` int(11) DEFAULT NULL,
  `status` enum('active','archived') NOT NULL DEFAULT 'active',
  `deleted_at` timestamp NULL DEFAULT NULL,
  `created_at` timestamp NULL DEFAULT NULL,
  `updated_at` timestamp NULL DEFAULT NULL
) ENGINE=InnoDB DEFAULT CHARSET=utf8mb4 COLLATE=utf8mb4_unicode_ci;

--
-- Dumping data for table `fo_kabel_odcs`
--

INSERT INTO `fo_kabel_odcs` (`id`, `nama_kabel`, `tipe_kabel`, `panjang_kabel`, `jumlah_tube`, `jumlah_core_in_tube`, `jumlah_total_core`, `status`, `deleted_at`, `created_at`, `updated_at`) VALUES
(1, 'Kabel Monas (2 core)', 'multicore', 1000.00, 1, 2, 2, 'active', NULL, '2025-07-30 01:47:30', '2025-07-30 01:47:30'),
(2, 'Kabel JointBox Jakpus', 'multicore', 500.00, 1, 2, 2, 'active', NULL, '2025-07-30 01:47:30', '2025-07-30 01:47:30'),
(3, 'Kabel ODP Jaktim', 'multicore', 750.00, 1, 2, 2, 'active', NULL, '2025-07-30 01:47:30', '2025-07-30 01:47:30');

-- --------------------------------------------------------

--
-- Table structure for table `fo_kabel_tube_odcs`
--

CREATE TABLE `fo_kabel_tube_odcs` (
  `id` bigint(20) UNSIGNED NOT NULL,
  `kabel_odc_id` bigint(20) UNSIGNED NOT NULL,
  `warna_tube` enum('biru','jingga','hijau','coklat','abu_abu','putih','merah','hitam','kuning','ungu','merah_muda','aqua') NOT NULL,
  `status` enum('active','archived') NOT NULL DEFAULT 'active',
  `deleted_at` timestamp NULL DEFAULT NULL,
  `created_at` timestamp NULL DEFAULT NULL,
  `updated_at` timestamp NULL DEFAULT NULL
) ENGINE=InnoDB DEFAULT CHARSET=utf8mb4 COLLATE=utf8mb4_unicode_ci;

--
-- Dumping data for table `fo_kabel_tube_odcs`
--

INSERT INTO `fo_kabel_tube_odcs` (`id`, `kabel_odc_id`, `warna_tube`, `status`, `deleted_at`, `created_at`, `updated_at`) VALUES
(1, 1, 'biru', 'active', NULL, '2025-07-30 01:47:30', '2025-07-30 01:47:30'),
(2, 2, 'biru', 'active', NULL, '2025-07-30 01:47:30', '2025-07-30 01:47:30'),
(3, 3, 'biru', 'active', NULL, '2025-07-30 01:47:30', '2025-07-30 01:47:30');

-- --------------------------------------------------------

--
-- Table structure for table `fo_lokasis`
--

CREATE TABLE `fo_lokasis` (
  `id` bigint(20) UNSIGNED NOT NULL,
  `nama_lokasi` varchar(191) NOT NULL,
  `deskripsi` varchar(191) DEFAULT NULL,
  `latitude` decimal(10,7) NOT NULL,
  `longitude` decimal(10,7) NOT NULL,
  `city` varchar(191) DEFAULT NULL,
  `province` varchar(191) DEFAULT NULL,
  `country` varchar(191) DEFAULT NULL,
  `geocoded_at` timestamp NULL DEFAULT NULL,
  `status` enum('active','archived') NOT NULL DEFAULT 'active',
  `deleted_at` timestamp NULL DEFAULT NULL,
  `created_at` timestamp NULL DEFAULT NULL,
  `updated_at` timestamp NULL DEFAULT NULL
) ENGINE=InnoDB DEFAULT CHARSET=utf8mb4 COLLATE=utf8mb4_unicode_ci;

--
-- Dumping data for table `fo_lokasis`
--

INSERT INTO `fo_lokasis` (`id`, `nama_lokasi`, `deskripsi`, `latitude`, `longitude`, `city`, `province`, `country`, `geocoded_at`, `status`, `deleted_at`, `created_at`, `updated_at`) VALUES
(1, 'Monas', 'Monumen Nasional', -6.1753920, 106.8271530, 'Jakarta', 'DKI Jakarta', 'Indonesia', '2025-07-30 01:47:30', 'active', NULL, '2025-07-30 01:47:30', '2025-07-30 01:47:30'),
(2, 'ODP Jaktim', 'ODP Area Jakarta Timur', -6.2250000, 106.9000000, 'Jakarta Timur', 'DKI Jakarta', 'Indonesia', '2025-07-30 01:47:30', 'active', NULL, '2025-07-30 01:47:30', '2025-07-30 01:47:30'),
(3, 'Client Jaksel', 'Client Area Jakarta Selatan', -6.2080000, 106.8450000, 'Jakarta Selatan', 'DKI Jakarta', 'Indonesia', '2025-07-30 01:47:30', 'active', NULL, '2025-07-30 01:47:30', '2025-07-30 01:47:30'),
(4, 'JointBox Jakpus', 'Joint Box Area Jakarta Pusat', -6.1750000, 106.8270000, 'Jakarta Pusat', 'DKI Jakarta', 'Indonesia', '2025-07-30 01:47:30', 'active', NULL, '2025-07-30 01:47:30', '2025-07-30 01:47:30');

-- --------------------------------------------------------

--
-- Table structure for table `fo_odcs`
--

CREATE TABLE `fo_odcs` (
  `id` bigint(20) UNSIGNED NOT NULL,
  `lokasi_id` bigint(20) UNSIGNED NOT NULL,
  `kabel_odc_id` bigint(20) UNSIGNED DEFAULT NULL,
  `nama_odc` varchar(191) NOT NULL,
  `tipe_splitter` enum('1:2','1:4','1:8','1:16','1:32','1:64','1:128') NOT NULL,
  `status` enum('active','archived') NOT NULL DEFAULT 'active',
  `deleted_at` timestamp NULL DEFAULT NULL,
  `created_at` timestamp NULL DEFAULT NULL,
  `updated_at` timestamp NULL DEFAULT NULL
) ENGINE=InnoDB DEFAULT CHARSET=utf8mb4 COLLATE=utf8mb4_unicode_ci;

--
-- Dumping data for table `fo_odcs`
--

INSERT INTO `fo_odcs` (`id`, `lokasi_id`, `kabel_odc_id`, `nama_odc`, `tipe_splitter`, `status`, `deleted_at`, `created_at`, `updated_at`) VALUES
(1, 1, 1, 'ODC Monas', '1:8', 'active', NULL, '2025-07-30 01:47:30', '2025-07-30 01:47:30');

-- --------------------------------------------------------

--
-- Table structure for table `fo_odps`
--

CREATE TABLE `fo_odps` (
  `id` bigint(20) UNSIGNED NOT NULL,
  `kabel_core_odc_id` bigint(20) UNSIGNED NOT NULL,
  `lokasi_id` bigint(20) UNSIGNED NOT NULL,
  `nama_odp` varchar(191) NOT NULL,
  `status` enum('active','archived') NOT NULL DEFAULT 'active',
  `deleted_at` timestamp NULL DEFAULT NULL,
  `created_at` timestamp NULL DEFAULT NULL,
  `updated_at` timestamp NULL DEFAULT NULL
) ENGINE=InnoDB DEFAULT CHARSET=utf8mb4 COLLATE=utf8mb4_unicode_ci;

--
-- Dumping data for table `fo_odps`
--

INSERT INTO `fo_odps` (`id`, `kabel_core_odc_id`, `lokasi_id`, `nama_odp`, `status`, `deleted_at`, `created_at`, `updated_at`) VALUES
(1, 1, 2, 'ODP ODP Jaktim', 'active', NULL, '2025-07-30 01:47:30', '2025-07-30 01:47:30');

-- --------------------------------------------------------

--
-- Table structure for table `gateways`
--

CREATE TABLE `gateways` (
  `id` int(10) UNSIGNED NOT NULL,
  `name` varchar(191) NOT NULL,
  `key` varchar(191) NOT NULL,
  `provider` varchar(191) NOT NULL,
  `visible` tinyint(1) NOT NULL DEFAULT 1,
  `sort_order` int(10) UNSIGNED NOT NULL DEFAULT 10000,
  `site_url` varchar(200) DEFAULT NULL,
  `is_offsite` tinyint(1) NOT NULL DEFAULT 0,
  `is_secure` tinyint(1) NOT NULL DEFAULT 0,
  `fields` longtext NOT NULL,
  `default_gateway_type_id` int(10) UNSIGNED NOT NULL DEFAULT 1,
  `created_at` timestamp(6) NULL DEFAULT NULL,
  `updated_at` timestamp(6) NULL DEFAULT NULL
) ENGINE=InnoDB DEFAULT CHARSET=utf8mb4 COLLATE=utf8mb4_unicode_ci;

--
-- Dumping data for table `gateways`
--

INSERT INTO `gateways` (`id`, `name`, `key`, `provider`, `visible`, `sort_order`, `site_url`, `is_offsite`, `is_secure`, `fields`, `default_gateway_type_id`, `created_at`, `updated_at`) VALUES
(1, 'Authorize.Net', '3b6621f970ab18887c4f6dca78d3f8bb', 'Authorize', 1, 5, 'http://reseller.authorize.net/application/?id=5560364', 0, 0, '\"{\\\"apiLoginId\\\":\\\"\\\",\\\"transactionKey\\\":\\\"\\\",\\\"testMode\\\":false,\\\"developerMode\\\":false,\\\"liveEndpoint\\\":\\\"https:\\\\\\/\\\\\\/api2.authorize.net\\\\\\/xml\\\\\\/v1\\\\\\/request.api\\\",\\\"developerEndpoint\\\":\\\"https:\\\\\\/\\\\\\/apitest.authorize.net\\\\\\/xml\\\\\\/v1\\\\\\/request.api\\\"}\\r\\n\"', 1, '2025-07-30 01:39:36.288464', '2025-07-30 01:39:36.431237'),
(2, 'CardSave', '46c5c1fed2c43acf4f379bae9c8b9f76', 'CardSave', 0, 10000, '', 0, 0, '\"{\\\"merchantId\\\":\\\"\\\",\\\"password\\\":\\\"\\\"}\\r\\n\"', 1, '2025-07-30 01:39:36.290810', '2025-07-30 01:39:36.432685'),
(3, 'Eway Rapid', '944c20175bbe6b9972c05bcfe294c2c7', 'Eway', 1, 10000, '', 1, 0, '\"{\\\"apiKey\\\":\\\"\\\",\\\"password\\\":\\\"\\\",\\\"publicApiKey\\\":\\\"\\\",\\\"testMode\\\":false}\"', 1, '2025-07-30 01:39:36.292794', '2025-07-30 01:39:36.434106'),
(4, 'FirstData Connect', '4e0ed0d34552e6cb433506d1ac03a418', 'FirstData_Connect', 0, 10000, '', 0, 0, '\"{\\\"storeId\\\":\\\"\\\",\\\"sharedSecret\\\":\\\"\\\",\\\"testMode\\\":false}\"', 1, '2025-07-30 01:39:36.294669', '2025-07-30 01:39:36.435696'),
(5, 'Migs ThreeParty', '513cdc81444c87c4b07258bc2858d3fa', 'Migs_ThreeParty', 0, 10000, '', 0, 0, '\"{\\\"merchantId\\\":\\\"\\\",\\\"merchantAccessCode\\\":\\\"\\\",\\\"secureHash\\\":\\\"\\\"}\"', 1, '2025-07-30 01:39:36.296624', '2025-07-30 01:39:36.436792'),
(6, 'Migs TwoParty', '99c2a271b5088951334d1302e038c01a', 'Migs_TwoParty', 0, 10000, '', 0, 0, '\"{\\\"merchantId\\\":\\\"\\\",\\\"merchantAccessCode\\\":\\\"\\\",\\\"secureHash\\\":\\\"\\\"}\"', 1, '2025-07-30 01:39:36.298322', '2025-07-30 01:39:36.437881'),
(7, 'Mollie', '1bd651fb213ca0c9d66ae3c336dc77e8', 'Mollie', 1, 8, '', 1, 0, '\"{\\\"apiKey\\\":\\\"\\\",\\\"profileId\\\":\\\"\\\",\\\"testMode\\\":false}\"', 1, '2025-07-30 01:39:36.300416', '2025-07-30 01:39:36.438938'),
(8, 'MultiSafepay', 'c3dec814e14cbd7d86abd92ce6789f8c', 'MultiSafepay', 0, 10000, '', 0, 0, '\"{\\\"accountId\\\":\\\"\\\",\\\"siteId\\\":\\\"\\\",\\\"siteCode\\\":\\\"\\\",\\\"testMode\\\":false}\"', 1, '2025-07-30 01:39:36.302300', '2025-07-30 01:39:36.439873'),
(9, 'Netaxept', '070dffc5ca94f4e66216e44028ebd52d', 'Netaxept', 0, 10000, '', 0, 0, '\"{\\\"merchantId\\\":\\\"\\\",\\\"password\\\":\\\"\\\",\\\"testMode\\\":false}\"', 1, '2025-07-30 01:39:36.304038', '2025-07-30 01:39:36.440841'),
(10, 'NetBanx', '334d419939c06bd99b4dfd8a49243f0f', 'NetBanx', 0, 10000, '', 0, 0, '\"{\\\"accountNumber\\\":\\\"\\\",\\\"storeId\\\":\\\"\\\",\\\"storePassword\\\":\\\"\\\",\\\"testMode\\\":false}\"', 1, '2025-07-30 01:39:36.306392', '2025-07-30 01:39:36.441937'),
(11, 'PayFast', 'd6814fc83f45d2935e7777071e629ef9', 'PayFast', 1, 10000, '', 1, 0, '\"{\\\"merchantId\\\":\\\"\\\",\\\"merchantKey\\\":\\\"\\\",\\\"pdtKey\\\":\\\"\\\",\\\"passphrase\\\":\\\"\\\",\\\"testMode\\\":false}\"', 1, '2025-07-30 01:39:36.308410', '2025-07-30 01:39:36.443400'),
(12, 'Payflow Pro', '0d97c97d227f91c5d0cb86d01e4a52c9', 'Payflow_Pro', 0, 10000, '', 0, 0, '\"{\\\"username\\\":\\\"\\\",\\\"password\\\":\\\"\\\",\\\"vendor\\\":\\\"\\\",\\\"partner\\\":\\\"\\\",\\\"testMode\\\":false}\"', 1, '2025-07-30 01:39:36.310322', '2025-07-30 01:39:36.445147'),
(13, 'PaymentExpress PxPay', 'a66b7062f4c8212d2c428209a34aa6bf', 'PaymentExpress_PxPay', 0, 10000, '', 0, 0, '\"{\\\"username\\\":\\\"\\\",\\\"password\\\":\\\"\\\",\\\"pxPostUsername\\\":\\\"\\\",\\\"pxPostPassword\\\":\\\"\\\",\\\"testMode\\\":false}\"', 3, '2025-07-30 01:39:36.312415', '2025-07-30 01:39:36.446521'),
(14, 'PaymentExpress PxPost', '7e6fc08b89467518a5953a4839f8baba', 'PaymentExpress_PxPost', 0, 10000, '', 0, 0, '\"{\\\"username\\\":\\\"\\\",\\\"password\\\":\\\"\\\",\\\"testMode\\\":false}\"', 3, '2025-07-30 01:39:36.314371', '2025-07-30 01:39:36.447619'),
(15, 'PayPal Express', '38f2c48af60c7dd69e04248cbb24c36e', 'PayPal_Express', 1, 4, 'https://www.paypal.com/us/cgi-bin/webscr?cmd=_login-api-run', 1, 0, '\"{\\\"username\\\":\\\"\\\",\\\"password\\\":\\\"\\\",\\\"signature\\\":\\\"\\\",\\\"testMode\\\":false,\\\"solutionType\\\":[\\\"Sole\\\",\\\"Mark\\\"],\\\"landingPage\\\":[\\\"Billing\\\",\\\"Login\\\"],\\\"brandName\\\":\\\"\\\",\\\"headerImageUrl\\\":\\\"\\\",\\\"logoImageUrl\\\":\\\"\\\",\\\"borderColor\\\":\\\"\\\"}\"', 3, '2025-07-30 01:39:36.316548', '2025-07-30 01:39:36.448596'),
(16, 'PayPal Pro', '80af24a6a69f5c0bbec33e930ab40665', 'PayPal_Pro', 0, 10000, '', 0, 0, '\"{\\\"username\\\":\\\"\\\",\\\"password\\\":\\\"\\\",\\\"signature\\\":\\\"\\\",\\\"testMode\\\":false}\"', 3, '2025-07-30 01:39:36.318360', '2025-07-30 01:39:36.449709'),
(17, 'Pin', '0749cb92a6b36c88bd9ff8aabd2efcab', 'Pin', 0, 10000, '', 0, 0, '\"{\\\"secretKey\\\":\\\"\\\",\\\"testMode\\\":false}\"', 1, '2025-07-30 01:39:36.320242', '2025-07-30 01:39:36.450885'),
(18, 'SagePay Direct', '4c8f4e5d0f353a122045eb9a60cc0f2d', 'SagePay_Direct', 0, 10000, 'https://applications.sagepay.com/apply/2C02C252-0F8A-1B84-E10D-CF933EFCAA99', 0, 0, '\"{\\\"vendor\\\":\\\"\\\",\\\"testMode\\\":false,\\\"referrerId\\\":\\\"\\\"}\"', 1, '2025-07-30 01:39:36.322300', '2025-07-30 01:39:36.452107'),
(19, 'SecurePay DirectPost', '8036a5aadb2bdaafb23502da8790b6a2', 'SecurePay_DirectPost', 0, 10000, '', 0, 0, '\"{\\\"merchantId\\\":\\\"\\\",\\\"transactionPassword\\\":\\\"\\\",\\\"testMode\\\":false,\\\"enable_ach\\\":\\\"\\\",\\\"enable_sofort\\\":\\\"\\\",\\\"enable_apple_pay\\\":\\\"\\\",\\\"enable_alipay\\\":\\\"\\\"}\"', 1, '2025-07-30 01:39:36.323944', '2025-07-30 01:39:36.453377'),
(20, 'Stripe', 'd14dd26a37cecc30fdd65700bfb55b23', 'Stripe', 1, 1, 'https://dashboard.stripe.com/account/apikeys', 0, 0, '\"{\\\"publishableKey\\\":\\\"\\\",\\\"apiKey\\\":\\\"\\\",\\\"appleDomainVerification\\\":\\\"\\\"}\"', 1, '2025-07-30 01:39:36.326077', '2025-07-30 01:39:36.454532'),
(21, 'TargetPay Direct eBanking', 'd14dd26a37cdcc30fdd65700bfb55b23', 'TargetPay_Directebanking', 0, 10000, '', 0, 0, '\"{\\\"subAccountId\\\":\\\"\\\"}\"', 1, '2025-07-30 01:39:36.328871', '2025-07-30 01:39:36.455755'),
(22, 'TargetPay Ideal', 'ea3b328bd72d381387281c3bd83bd97c', 'TargetPay_Ideal', 0, 10000, '', 0, 0, '\"{\\\"subAccountId\\\":\\\"\\\"}\"', 1, '2025-07-30 01:39:36.331228', '2025-07-30 01:39:36.456774'),
(23, 'TargetPay Mr Cash', 'a0035fc0d87c4950fb82c73e2fcb825a', 'TargetPay_Mrcash', 0, 10000, '', 0, 0, '\"{\\\"subAccountId\\\":\\\"\\\"}\"', 1, '2025-07-30 01:39:36.332555', '2025-07-30 01:39:36.457946'),
(24, 'TwoCheckout', '16dc1d3c8a865425421f64463faaf768', 'TwoCheckout', 0, 10000, 'https://www.2checkout.com/referral?r=2c37ac2298', 1, 0, '\"{\\\"accountNumber\\\":\\\"\\\",\\\"secretWord\\\":\\\"\\\",\\\"testMode\\\":false}\"', 1, '2025-07-30 01:39:36.334077', '2025-07-30 01:39:36.459020'),
(25, 'WorldPay', '43e639234f660d581ddac725ba7bcd29', 'WorldPay', 0, 10000, '', 0, 0, '\"{\\\"installationId\\\":\\\"\\\",\\\"accountId\\\":\\\"\\\",\\\"secretWord\\\":\\\"\\\",\\\"callbackPassword\\\":\\\"\\\",\\\"testMode\\\":false,\\\"noLanguageMenu\\\":false,\\\"fixContact\\\":false,\\\"hideContact\\\":false,\\\"hideCurrency\\\":false,\\\"signatureFields\\\":\\\"instId:amount:currency:cartId\\\"}\"', 1, '2025-07-30 01:39:36.335818', '2025-07-30 01:39:36.460204'),
(26, 'moolah', '2f71dc17b0158ac30a7ae0839799e888', 'AuthorizeNet_AIM', 0, 10000, '', 0, 0, '\"{\\\"apiLoginId\\\":\\\"\\\",\\\"transactionKey\\\":\\\"\\\",\\\"testMode\\\":false,\\\"developerMode\\\":false,\\\"liveEndpoint\\\":\\\"https:\\\\\\/\\\\\\/api2.authorize.net\\\\\\/xml\\\\\\/v1\\\\\\/request.api\\\",\\\"developerEndpoint\\\":\\\"https:\\\\\\/\\\\\\/apitest.authorize.net\\\\\\/xml\\\\\\/v1\\\\\\/request.api\\\"}\"', 1, '2025-07-30 01:39:36.338000', '2025-07-30 01:39:36.461322'),
(27, 'Alipay', '733998ee4760b10f11fb48652571e02c', 'Alipay_Express', 0, 10000, '', 0, 0, '\"{\\\"partner\\\":\\\"\\\",\\\"key\\\":\\\"\\\",\\\"signType\\\":\\\"MD5\\\",\\\"inputCharset\\\":\\\"utf-8\\\",\\\"transport\\\":\\\"http\\\",\\\"paymentType\\\":1,\\\"itBPay\\\":\\\"1d\\\"}\"', 1, '2025-07-30 01:39:36.339935', '2025-07-30 01:39:36.462589'),
(28, 'Buckaroo', '6312879223e49c5cf92e194646bdee8f', 'Buckaroo_CreditCard', 0, 10000, '', 0, 0, '\"{\\\"websiteKey\\\":\\\"\\\",\\\"secretKey\\\":\\\"\\\",\\\"testMode\\\":false}\"', 1, '2025-07-30 01:39:36.341782', '2025-07-30 01:39:36.464396'),
(29, 'Coinbase', '106ef7e7da9062b0df363903b455711c', 'Coinbase', 0, 10000, '', 1, 0, '\"{\\\"apiKey\\\":\\\"\\\",\\\"secret\\\":\\\"\\\",\\\"accountId\\\":\\\"\\\"}\"', 1, '2025-07-30 01:39:36.343659', '2025-07-30 01:39:36.465962'),
(30, 'DataCash', 'e9a38f0896b5b82d196be3b7020c8664', 'DataCash', 0, 10000, '', 0, 0, '\"{\\\"merchantId\\\":\\\"\\\",\\\"password\\\":\\\"\\\",\\\"testMode\\\":false}\"', 1, '2025-07-30 01:39:36.345520', '2025-07-30 01:39:36.467518'),
(31, 'Pacnet', '0da4e18ed44a5bd5c8ec354d0ab7b301', 'Pacnet', 0, 10000, '', 0, 0, '\"{\\\"username\\\":\\\"\\\",\\\"sharedSecret\\\":\\\"\\\",\\\"paymentRoutingNumber\\\":\\\"\\\",\\\"testMode\\\":false}\"', 1, '2025-07-30 01:39:36.347778', '2025-07-30 01:39:36.468859'),
(32, 'Realex', 'd3979e62eb603fbdf1c78fe3a8ba7009', 'Realex_Remote', 0, 10000, '', 0, 0, '\"{\\\"merchantId\\\":\\\"\\\",\\\"account\\\":\\\"\\\",\\\"secret\\\":\\\"\\\",\\\"3dSecure\\\":0}\"', 1, '2025-07-30 01:39:36.349936', '2025-07-30 01:39:36.470136'),
(33, 'Sisow', '557d98977e7ec02dfa53de4b69b335be', 'Sisow', 0, 10000, '', 0, 0, '\"{\\\"shopId\\\":\\\"\\\",\\\"merchantId\\\":\\\"\\\"}\"', 1, '2025-07-30 01:39:36.353461', '2025-07-30 01:39:36.471250'),
(34, 'Skrill', '54dc60c869a7322d87efbec5c0c25805', 'Skrill', 0, 10000, '', 1, 0, '\"{\\\"email\\\":\\\"\\\",\\\"notifyUrl\\\":\\\"\\\",\\\"testMode\\\":false}\"', 1, '2025-07-30 01:39:36.356019', '2025-07-30 01:39:36.472365'),
(35, 'BitPay', 'e4a02f0a4b235eb5e9e294730703bb74', 'BitPay', 0, 7, 'https://bitpay.com/dashboard/signup', 1, 0, '\"{\\\"apiKey\\\":\\\"\\\",\\\"testMode\\\":false}\"', 1, '2025-07-30 01:39:36.359183', '2025-07-30 01:39:36.473825'),
(36, 'AGMS', '1b3c6f3ccfea4f5e7eadeae188cccd7f', 'Agms', 0, 10000, '', 0, 0, '\"{\\\"username\\\":\\\"\\\",\\\"password\\\":\\\"\\\",\\\"apiKey\\\":\\\"\\\",\\\"accountNumber\\\":\\\"\\\"}\"', 1, '2025-07-30 01:39:36.362625', '2025-07-30 01:39:36.474887'),
(37, 'Barclays', '7cba6ce5c125f9cb47ea8443ae671b68', 'BarclaysEpdq\\Essential', 0, 10000, '', 0, 0, '\"{\\\"clientId\\\":\\\"\\\",\\\"testMode\\\":false,\\\"language\\\":\\\"en_US\\\",\\\"callbackMethod\\\":\\\"POST\\\"}\"', 1, '2025-07-30 01:39:36.364452', '2025-07-30 01:39:36.476314'),
(38, 'Cardgate', 'b98cfa5f750e16cee3524b7b7e78fbf6', 'Cardgate', 0, 10000, '', 0, 0, '\"{\\\"merchantId\\\":\\\"\\\",\\\"language\\\":\\\"nl\\\",\\\"apiKey\\\":\\\"\\\",\\\"siteId\\\":\\\"\\\",\\\"notifyUrl\\\":\\\"\\\",\\\"returnUrl\\\":\\\"\\\",\\\"cancelUrl\\\":\\\"\\\",\\\"testMode\\\":false}\"', 1, '2025-07-30 01:39:36.366269', '2025-07-30 01:39:36.477747'),
(39, 'Checkout.com', '3758e7f7c6f4cecf0f4f348b9a00f456', 'CheckoutCom', 1, 10000, '', 0, 0, '\"{\\\"secretApiKey\\\":\\\"\\\",\\\"publicApiKey\\\":\\\"\\\",\\\"testMode\\\":false,\\\"threeds\\\":false}\"', 1, '2025-07-30 01:39:36.368148', '2025-07-30 01:39:36.478924'),
(40, 'Creditcall', 'cbc7ef7c99d31ec05492fbcb37208263', 'Creditcall', 0, 10000, '', 0, 0, '\"{\\\"terminalId\\\":\\\"\\\",\\\"transactionKey\\\":\\\"\\\",\\\"testMode\\\":false,\\\"verifyCvv\\\":true,\\\"verifyAddress\\\":false,\\\"verifyZip\\\":false}\"', 1, '2025-07-30 01:39:36.370050', '2025-07-30 01:39:36.480033'),
(41, 'Cybersource', 'e186a98d3b079028a73390bdc11bdb82', 'Cybersource', 0, 10000, '', 0, 0, '\"{\\\"profileId\\\":\\\"\\\",\\\"secretKey\\\":\\\"\\\",\\\"accessKey\\\":\\\"\\\",\\\"testMode\\\":false}\"', 1, '2025-07-30 01:39:36.371758', '2025-07-30 01:39:36.481283'),
(42, 'ecoPayz', '761040aca40f685d1ab55e2084b30670', 'Ecopayz', 0, 10000, '', 0, 0, '\"{\\\"merchantId\\\":\\\"\\\",\\\"merchantPassword\\\":\\\"\\\",\\\"merchantAccountNumber\\\":\\\"\\\",\\\"testMode\\\":false}\"', 1, '2025-07-30 01:39:36.373689', '2025-07-30 01:39:36.482475'),
(43, 'Fasapay', '1b2cef0e8c800204a29f33953aaf3360', 'Fasapay', 0, 10000, '', 0, 0, '\"\"', 1, '2025-07-30 01:39:36.375718', '2025-07-30 01:39:36.483704'),
(44, 'Komoju', '7ea2d40ecb1eb69ef8c3d03e5019028a', 'Komoju', 0, 10000, '', 0, 0, '\"{\\\"apiKey\\\":\\\"\\\",\\\"accountId\\\":\\\"\\\",\\\"paymentMethod\\\":\\\"credit_card\\\",\\\"testMode\\\":false,\\\"locale\\\":\\\"en\\\"}\"', 1, '2025-07-30 01:39:36.377731', '2025-07-30 01:39:36.485209'),
(45, 'Paysafecard', '70ab90cd6c5c1ab13208b3cef51c0894', 'Paysafecard', 0, 10000, '', 0, 0, '\"{\\\"username\\\":\\\"\\\",\\\"password\\\":\\\"\\\",\\\"testMode\\\":false}\"', 1, '2025-07-30 01:39:36.379456', '2025-07-30 01:39:36.486448'),
(46, 'Paytrace', 'bbd736b3254b0aabed6ad7fda1298c88', 'Paytrace', 1, 10000, '', 0, 0, '\"{\\\"username\\\":\\\"\\\",\\\"password\\\":\\\"\\\",\\\"integratorId\\\":\\\"\\\",\\\"testMode\\\":false,\\\"endpoint\\\":\\\"https:\\\\\\/\\\\\\/paytrace.com\\\\\\/api\\\\\\/default.pay\\\"}\"', 1, '2025-07-30 01:39:36.381383', '2025-07-30 01:39:36.487353'),
(47, 'Secure Trading', '231cb401487b9f15babe04b1ac4f7a27', 'SecureTrading', 0, 10000, '', 0, 0, '\"{\\\"siteReference\\\":\\\"\\\",\\\"username\\\":\\\"\\\",\\\"password\\\":\\\"\\\",\\\"applyThreeDSecure\\\":false,\\\"accountType\\\":\\\"ECOM\\\"}\"', 1, '2025-07-30 01:39:36.383139', '2025-07-30 01:39:36.488336'),
(48, 'SecPay', 'bad8699d581d9fa040e59c0bb721a76c', 'SecPay', 0, 10000, '', 0, 0, '\"{\\\"mid\\\":\\\"\\\",\\\"vpnPswd\\\":\\\"\\\",\\\"remotePswd\\\":\\\"\\\",\\\"usageType\\\":\\\"\\\",\\\"confirmEmail\\\":\\\"\\\",\\\"testStatus\\\":\\\"true\\\",\\\"mailCustomer\\\":\\\"true\\\",\\\"additionalOptions\\\":\\\"\\\"}\"', 1, '2025-07-30 01:39:36.385023', '2025-07-30 01:39:36.489432'),
(49, 'WePay', '8fdeed552015b3c7b44ed6c8ebd9e992', 'WePay', 0, 3, '', 0, 0, '\"{\\\"accountId\\\":\\\"\\\",\\\"accessToken\\\":\\\"\\\",\\\"type\\\":\\\"goods\\\",\\\"testMode\\\":false,\\\"feePayer\\\":\\\"payee\\\"}\"', 1, '2025-07-30 01:39:36.387027', '2025-07-30 01:39:36.490522'),
(50, 'Braintree', 'f7ec488676d310683fb51802d076d713', 'Braintree', 1, 3, '', 0, 0, '\"{\\\"merchantId\\\":\\\"\\\",\\\"merchantAccountId\\\":\\\"\\\",\\\"publicKey\\\":\\\"\\\",\\\"privateKey\\\":\\\"\\\",\\\"testMode\\\":false,\\\"threeds\\\":false}\"', 1, '2025-07-30 01:39:36.388406', '2025-07-30 01:39:36.491667'),
(51, 'FirstData Payeezy', '30334a52fb698046572c627ca10412e8', 'FirstData_Payeezy', 0, 10000, '', 0, 0, '\"{\\\"gatewayId\\\":\\\"\\\",\\\"password\\\":\\\"\\\",\\\"keyId\\\":\\\"\\\",\\\"hmac\\\":\\\"\\\",\\\"testMode\\\":false}\"', 1, '2025-07-30 01:39:36.389924', '2025-07-30 01:39:36.492963'),
(52, 'GoCardless', 'b9886f9257f0c6ee7c302f1c74475f6c', 'GoCardless', 1, 9, '', 1, 0, '\"{\\\"accessToken\\\":\\\"\\\",\\\"webhookSecret\\\":\\\"\\\",\\\"testMode\\\":true}\"', 1, '2025-07-30 01:39:36.391496', '2025-07-30 01:39:36.494271'),
(53, 'PagSeguro', 'ef498756b54db63c143af0ec433da803', 'PagSeguro', 0, 10000, '', 0, 0, '\"{\\\"email\\\":\\\"\\\",\\\"token\\\":\\\"\\\",\\\"sandbox\\\":false}\"', 1, '2025-07-30 01:39:36.393142', '2025-07-30 01:39:36.495344'),
(54, 'PAYMILL', 'ca52f618a39367a4c944098ebf977e1c', 'Paymill', 0, 10000, '', 0, 0, '\"{\\\"apiKey\\\":\\\"\\\"}\"', 1, '2025-07-30 01:39:36.394605', '2025-07-30 01:39:36.496368'),
(55, 'Custom', '54faab2ab6e3223dbe848b1686490baa', 'Custom', 1, 21, '', 1, 0, '\"{\\\"name\\\":\\\"\\\",\\\"text\\\":\\\"\\\"}\"', 1, '2025-07-30 01:39:36.395977', '2025-07-30 01:39:36.497308'),
(56, 'Stripe Connect', 'd14dd26a47cecc30fdd65700bfb67b34', 'StripeConnect', 0, 1, 'https://dashboard.stripe.com/account/apikeys', 0, 0, '\"{\\\"account_id\\\":\\\"\\\",\\\"appleDomainVerification\\\":\\\"\\\"}\"', 1, '2025-07-30 01:39:31.892482', '2025-07-30 01:39:36.498351'),
(57, 'Square', '65faab2ab6e3223dbe848b1686490baz', 'Square', 1, 21, '', 0, 0, '\"{\\\"accessToken\\\":\\\"\\\",\\\"applicationId\\\":\\\"\\\",\\\"locationId\\\":\\\"\\\",\\\"signatureKey\\\":\\\"\\\",\\\"testMode\\\":false}\"', 1, '2025-07-30 01:39:32.058533', '2025-07-30 01:39:36.499435'),
(58, 'Razorpay', 'hxd6gwg3ekb9tb3v9lptgx1mqyg69zu9', 'Razorpay', 1, 21, '', 0, 0, '\"{\\\"apiKey\\\":\\\"\\\",\\\"apiSecret\\\":\\\"\\\"}\"', 14, '2025-07-30 01:39:32.384044', '2025-07-30 01:39:36.500811'),
(59, 'Forte', 'kivcvjexxvdiyqtj3mju5d6yhpeht2xs', 'Forte', 1, 21, 'https://www.forte.net/', 0, 0, '\"{\\\"testMode\\\":false,\\\"apiLoginId\\\":\\\"\\\",\\\"apiAccessId\\\":\\\"\\\",\\\"secureKey\\\":\\\"\\\",\\\"authOrganizationId\\\":\\\"\\\",\\\"organizationId\\\":\\\"\\\",\\\"locationId\\\":\\\"\\\"}\"', 1, '2025-07-30 01:39:32.573865', '2025-07-30 01:39:36.428365'),
(60, 'PayPal REST', '80af24a6a691230bbec33e930ab40665', 'PayPal_Rest', 1, 10000, 'https://www.paypal.com/us/cgi-bin/webscr?cmd=_login-api-run', 0, 0, '\"{\\\"clientId\\\":\\\"\\\",\\\"secret\\\":\\\"\\\",\\\"signature\\\":\\\"\\\",\\\"testMode\\\":false}\"', 1, '2025-07-30 01:39:34.905784', '2025-07-30 01:39:36.502201'),
(61, 'PayPal Platform', '80af24a6a691230bbec33e930ab40666', 'PayPal_PPCP', 0, 10000, 'https://www.paypal.com/us/cgi-bin/webscr?cmd=_login-api-run', 0, 0, '\"{\\\"testMode\\\":false}\"', 1, '2025-07-30 01:39:36.414763', '2025-07-30 01:39:36.503257'),
(62, 'BTCPay', 'vpyfbmdrkqcicpkjqdusgjfluebftuva', 'BTCPay', 1, 10000, 'https://docs.btcpayserver.org/InvoiceNinja/', 1, 0, '\"{\\\"btcpayUrl\\\":\\\"\\\", \\\"apiKey\\\":\\\"\\\", \\\"storeId\\\":\\\"\\\", \\\"webhookSecret\\\":\\\"\\\"}\"', 4, '2025-07-30 01:39:35.381221', '2025-07-30 01:39:36.504390'),
(63, 'Rotessa', '91be24c7b792230bced33e930ac61676', 'Rotessa', 1, 22, 'https://rotessa.com', 0, 0, '\"{\\\"apiKey\\\":\\\"\\\", \\\"testMode\\\":false}\"', 2, '2025-07-30 01:39:35.496678', '2025-07-30 01:39:36.428365'),
(64, 'CBA PowerBoard', 'b67581d804dbad1743b61c57285142ad', 'CBAPowerBoard', 0, 26, 'https://help.blockonomics.co/a/solutions/articles/33000291849', 0, 0, '\"{\\\"publicKey\\\":\\\"\\\", \\\"secretKey\\\":\\\"\\\", \\\"testMode\\\":false, \\\"gatewayId\\\":\\\"\\\", \\\"amex\\\":false, \\\"ausbc\\\":false, \\\"discover\\\":false, \\\"japcb\\\":false, \\\"laser\\\":false, \\\"mastercard\\\":true, \\\"solo\\\":false, \\\"visa\\\":true, \\\"visa_white\\\":false}\"', 1, '2025-07-30 01:39:35.593413', '2025-07-30 01:39:36.505549'),
(65, 'Blockonomics', 'wbhf02us6owgo7p4nfjd0ymssdshks4d', 'Blockonomics', 0, 27, '', 0, 0, '\"{\\\"apiKey\\\":\\\"\\\", \\\"callbackSecret\\\":\\\"z69m8293nLgcltghPKOsnS88o0o8PcHp\\\"}\"', 1, '2025-07-30 01:39:36.425846', '2025-07-30 01:39:36.506534');

-- --------------------------------------------------------

--
-- Table structure for table `gateway_types`
--

CREATE TABLE `gateway_types` (
  `id` int(10) UNSIGNED NOT NULL,
  `alias` varchar(191) DEFAULT NULL,
  `name` varchar(191) DEFAULT NULL
) ENGINE=InnoDB DEFAULT CHARSET=utf8mb4 COLLATE=utf8mb4_unicode_ci;

--
-- Dumping data for table `gateway_types`
--

INSERT INTO `gateway_types` (`id`, `alias`, `name`) VALUES
(1, 'credit_card', 'Credit Card'),
(2, 'bank_transfer', 'Bank Transfer'),
(3, 'paypal', 'PayPal'),
(4, 'crypto', 'Crypto'),
(5, 'dwolla', 'Dwolla'),
(6, 'custom1', 'Custom'),
(7, 'alipay', 'Alipay'),
(8, 'sofort', 'Sofort'),
(9, 'sepa', 'SEPA'),
(10, 'gocardless', 'GoCardless'),
(11, 'apple_pay', 'Apple Pay'),
(12, 'custom2', 'Custom'),
(13, 'custom3', 'Custom'),
(14, 'credit', 'Credit'),
(18, 'direct_debit', 'Direct Debit'),
(23, 'klarna', 'Klarna'),
(24, 'bacs', 'BACS');

-- --------------------------------------------------------

--
-- Table structure for table `group_settings`
--

CREATE TABLE `group_settings` (
  `id` int(10) UNSIGNED NOT NULL,
  `company_id` int(10) UNSIGNED NOT NULL,
  `user_id` int(10) UNSIGNED DEFAULT NULL,
  `name` varchar(191) DEFAULT NULL,
  `settings` mediumtext DEFAULT NULL,
  `is_default` tinyint(1) NOT NULL DEFAULT 0,
  `deleted_at` timestamp(6) NULL DEFAULT NULL,
  `created_at` timestamp(6) NULL DEFAULT NULL,
  `updated_at` timestamp(6) NULL DEFAULT NULL,
  `is_deleted` tinyint(1) NOT NULL DEFAULT 0
) ENGINE=InnoDB DEFAULT CHARSET=utf8mb4 COLLATE=utf8mb4_unicode_ci;

-- --------------------------------------------------------

--
-- Table structure for table `industries`
--

CREATE TABLE `industries` (
  `id` int(10) UNSIGNED NOT NULL,
  `name` varchar(191) NOT NULL
) ENGINE=InnoDB DEFAULT CHARSET=utf8mb4 COLLATE=utf8mb4_unicode_ci;

--
-- Dumping data for table `industries`
--

INSERT INTO `industries` (`id`, `name`) VALUES
(1, 'Accounting & Legal'),
(2, 'Advertising'),
(3, 'Aerospace'),
(4, 'Agriculture'),
(5, 'Automotive'),
(6, 'Banking & Finance'),
(7, 'Biotechnology'),
(8, 'Broadcasting'),
(9, 'Business Services'),
(10, 'Commodities & Chemicals'),
(11, 'Communications'),
(12, 'Computers & Hightech'),
(13, 'Defense'),
(14, 'Energy'),
(15, 'Entertainment'),
(16, 'Government'),
(17, 'Healthcare & Life Sciences'),
(18, 'Insurance'),
(19, 'Manufacturing'),
(20, 'Marketing'),
(21, 'Media'),
(22, 'Nonprofit & Higher Ed'),
(23, 'Pharmaceuticals'),
(24, 'Professional Services & Consulting'),
(25, 'Real Estate'),
(26, 'Retail & Wholesale'),
(27, 'Sports'),
(28, 'Transportation'),
(29, 'Travel & Luxury'),
(30, 'Other'),
(31, 'Photography'),
(32, 'Construction'),
(33, 'Restaurant & Catering');

-- --------------------------------------------------------

--
-- Table structure for table `invoices`
--

CREATE TABLE `invoices` (
  `id` int(10) UNSIGNED NOT NULL,
  `client_id` int(10) UNSIGNED NOT NULL,
  `user_id` int(10) UNSIGNED NOT NULL,
  `assigned_user_id` int(10) UNSIGNED DEFAULT NULL,
  `company_id` int(10) UNSIGNED NOT NULL,
  `status_id` int(10) UNSIGNED NOT NULL,
  `project_id` int(10) UNSIGNED DEFAULT NULL,
  `vendor_id` int(10) UNSIGNED DEFAULT NULL,
  `recurring_id` int(10) UNSIGNED DEFAULT NULL,
  `design_id` int(10) UNSIGNED DEFAULT NULL,
  `number` varchar(191) DEFAULT NULL,
  `discount` decimal(20,6) NOT NULL DEFAULT 0.000000,
  `is_amount_discount` tinyint(1) NOT NULL DEFAULT 0,
  `po_number` varchar(191) DEFAULT NULL,
  `date` date DEFAULT NULL,
  `last_sent_date` date DEFAULT NULL,
  `due_date` datetime DEFAULT NULL,
  `is_deleted` tinyint(1) NOT NULL DEFAULT 0,
  `line_items` mediumtext DEFAULT NULL,
  `backup` mediumtext DEFAULT NULL,
  `footer` text DEFAULT NULL,
  `public_notes` text DEFAULT NULL,
  `private_notes` text DEFAULT NULL,
  `terms` text DEFAULT NULL,
  `tax_name1` varchar(191) DEFAULT NULL,
  `tax_rate1` decimal(20,6) NOT NULL,
  `tax_name2` varchar(191) DEFAULT NULL,
  `tax_rate2` decimal(20,6) NOT NULL,
  `tax_name3` varchar(191) DEFAULT NULL,
  `tax_rate3` decimal(20,6) NOT NULL,
  `total_taxes` decimal(20,6) NOT NULL,
  `uses_inclusive_taxes` tinyint(1) NOT NULL DEFAULT 0,
  `custom_value1` text NOT NULL,
  `custom_value2` text NOT NULL,
  `custom_value3` text NOT NULL,
  `custom_value4` text NOT NULL,
  `next_send_date` datetime DEFAULT NULL,
  `custom_surcharge1` decimal(20,6) DEFAULT NULL,
  `custom_surcharge2` decimal(20,6) DEFAULT NULL,
  `custom_surcharge3` decimal(20,6) DEFAULT NULL,
  `custom_surcharge4` decimal(20,6) DEFAULT NULL,
  `custom_surcharge_tax1` tinyint(1) NOT NULL DEFAULT 0,
  `custom_surcharge_tax2` tinyint(1) NOT NULL DEFAULT 0,
  `custom_surcharge_tax3` tinyint(1) NOT NULL DEFAULT 0,
  `custom_surcharge_tax4` tinyint(1) NOT NULL DEFAULT 0,
  `exchange_rate` decimal(20,6) NOT NULL,
  `amount` decimal(20,6) NOT NULL,
  `balance` decimal(20,6) NOT NULL,
  `partial` decimal(20,6) NOT NULL,
  `partial_due_date` datetime DEFAULT NULL,
  `last_viewed` datetime DEFAULT NULL,
  `created_at` timestamp(6) NULL DEFAULT NULL,
  `updated_at` timestamp(6) NULL DEFAULT NULL,
  `deleted_at` timestamp(6) NULL DEFAULT NULL,
  `reminder1_sent` date DEFAULT NULL,
  `reminder2_sent` date DEFAULT NULL,
  `reminder3_sent` date DEFAULT NULL,
  `reminder_last_sent` date DEFAULT NULL,
  `auto_bill_enabled` tinyint(1) NOT NULL DEFAULT 0,
  `paid_to_date` decimal(20,6) NOT NULL DEFAULT 0.000000,
  `subscription_id` int(10) UNSIGNED DEFAULT NULL,
  `auto_bill_tries` smallint(6) NOT NULL DEFAULT 0,
  `is_proforma` tinyint(1) NOT NULL DEFAULT 0,
  `tax_data` mediumtext DEFAULT NULL,
  `e_invoice` mediumtext DEFAULT NULL,
  `sync` text DEFAULT NULL,
  `gateway_fee` decimal(13,6) NOT NULL DEFAULT 0.000000
) ENGINE=InnoDB DEFAULT CHARSET=utf8mb4 COLLATE=utf8mb4_unicode_ci;

--
-- Dumping data for table `invoices`
--

INSERT INTO `invoices` (`id`, `client_id`, `user_id`, `assigned_user_id`, `company_id`, `status_id`, `project_id`, `vendor_id`, `recurring_id`, `design_id`, `number`, `discount`, `is_amount_discount`, `po_number`, `date`, `last_sent_date`, `due_date`, `is_deleted`, `line_items`, `backup`, `footer`, `public_notes`, `private_notes`, `terms`, `tax_name1`, `tax_rate1`, `tax_name2`, `tax_rate2`, `tax_name3`, `tax_rate3`, `total_taxes`, `uses_inclusive_taxes`, `custom_value1`, `custom_value2`, `custom_value3`, `custom_value4`, `next_send_date`, `custom_surcharge1`, `custom_surcharge2`, `custom_surcharge3`, `custom_surcharge4`, `custom_surcharge_tax1`, `custom_surcharge_tax2`, `custom_surcharge_tax3`, `custom_surcharge_tax4`, `exchange_rate`, `amount`, `balance`, `partial`, `partial_due_date`, `last_viewed`, `created_at`, `updated_at`, `deleted_at`, `reminder1_sent`, `reminder2_sent`, `reminder3_sent`, `reminder_last_sent`, `auto_bill_enabled`, `paid_to_date`, `subscription_id`, `auto_bill_tries`, `is_proforma`, `tax_data`, `e_invoice`, `sync`, `gateway_fee`) VALUES
(1, 1, 1, NULL, 1, 4, NULL, NULL, NULL, NULL, '0001', 0.000000, 1, '', '2025-05-29', NULL, NULL, 0, '[{\"quantity\":1,\"cost\":640,\"product_key\":\"Fugiat.\",\"notes\":\"Autem in est vitae.\",\"discount\":0,\"is_amount_discount\":true,\"tax_name1\":\"Sales Tax\",\"tax_rate1\":5,\"tax_name2\":\"\",\"tax_rate2\":0,\"tax_name3\":\"\",\"tax_rate3\":0,\"sort_id\":0,\"line_total\":640,\"gross_line_total\":672,\"custom_value1\":\"https:\\/\\/picsum.photos\\/200\",\"custom_value2\":\"62\",\"custom_value3\":\"Numquam nihil minus.\",\"custom_value4\":\"Explicabo nisi et.\",\"type_id\":\"1\",\"tax_id\":\"1\",\"product_cost\":0,\"tax_amount\":32,\"date\":\"\",\"task_id\":\"\",\"expense_id\":\"\",\"unit_code\":\"C62\"},{\"quantity\":1,\"cost\":137,\"product_key\":\"Est.\",\"notes\":\"Ipsum sapiente sed.\",\"discount\":0,\"is_amount_discount\":true,\"tax_name1\":\"\",\"tax_rate1\":0,\"tax_name2\":\"\",\"tax_rate2\":0,\"tax_name3\":\"\",\"tax_rate3\":0,\"sort_id\":0,\"line_total\":137,\"gross_line_total\":137,\"custom_value1\":\"https:\\/\\/picsum.photos\\/200\",\"custom_value2\":\"66\",\"custom_value3\":\"Nisi numquam quia.\",\"custom_value4\":\"Similique est.\",\"type_id\":\"1\",\"tax_id\":\"1\",\"product_cost\":0,\"tax_amount\":0,\"date\":\"\",\"task_id\":\"\",\"expense_id\":\"\",\"unit_code\":\"C62\"},{\"quantity\":1,\"cost\":534,\"product_key\":\"Ut sed.\",\"notes\":\"Amet aut doloremque.\",\"discount\":0,\"is_amount_discount\":true,\"tax_name1\":\"VAT\",\"tax_rate1\":17.5,\"tax_name2\":\"\",\"tax_rate2\":0,\"tax_name3\":\"\",\"tax_rate3\":0,\"sort_id\":0,\"line_total\":534,\"gross_line_total\":627.45,\"custom_value1\":\"https:\\/\\/picsum.photos\\/200\",\"custom_value2\":\"91\",\"custom_value3\":\"Atque aliquam.\",\"custom_value4\":\"Repellendus magni.\",\"type_id\":\"1\",\"tax_id\":\"1\",\"product_cost\":0,\"tax_amount\":93.45,\"date\":\"\",\"task_id\":\"\",\"expense_id\":\"\",\"unit_code\":\"C62\"},{\"quantity\":1,\"cost\":713,\"product_key\":\"Sint.\",\"notes\":\"Fuga incidunt et.\",\"discount\":0,\"is_amount_discount\":true,\"tax_name1\":\"Sales Tax\",\"tax_rate1\":5,\"tax_name2\":\"\",\"tax_rate2\":0,\"tax_name3\":\"\",\"tax_rate3\":0,\"sort_id\":0,\"line_total\":713,\"gross_line_total\":748.65,\"custom_value1\":\"https:\\/\\/picsum.photos\\/200\",\"custom_value2\":\"91\",\"custom_value3\":\"Facere sunt.\",\"custom_value4\":\"Delectus qui esse.\",\"type_id\":\"1\",\"tax_id\":\"1\",\"product_cost\":0,\"tax_amount\":35.65,\"date\":\"\",\"task_id\":\"\",\"expense_id\":\"\",\"unit_code\":\"C62\"},{\"quantity\":1,\"cost\":650,\"product_key\":\"Nihil.\",\"notes\":\"Rem nulla nisi fuga.\",\"discount\":0,\"is_amount_discount\":true,\"tax_name1\":\"\",\"tax_rate1\":0,\"tax_name2\":\"\",\"tax_rate2\":0,\"tax_name3\":\"\",\"tax_rate3\":0,\"sort_id\":0,\"line_total\":650,\"gross_line_total\":650,\"custom_value1\":\"https:\\/\\/picsum.photos\\/200\",\"custom_value2\":\"67\",\"custom_value3\":\"Cum mollitia ipsam.\",\"custom_value4\":\"Eius itaque ut ut.\",\"type_id\":\"1\",\"tax_id\":\"1\",\"product_cost\":0,\"tax_amount\":0,\"date\":\"\",\"task_id\":\"\",\"expense_id\":\"\",\"unit_code\":\"C62\"},{\"quantity\":1,\"cost\":599,\"product_key\":\"Hic.\",\"notes\":\"Quos nihil ut et.\",\"discount\":0,\"is_amount_discount\":true,\"tax_name1\":\"VAT\",\"tax_rate1\":17.5,\"tax_name2\":\"\",\"tax_rate2\":0,\"tax_name3\":\"\",\"tax_rate3\":0,\"sort_id\":0,\"line_total\":599,\"gross_line_total\":703.83,\"custom_value1\":\"https:\\/\\/picsum.photos\\/200\",\"custom_value2\":\"0\",\"custom_value3\":\"Excepturi qui.\",\"custom_value4\":\"Et rerum illum.\",\"type_id\":\"1\",\"tax_id\":\"1\",\"product_cost\":0,\"tax_amount\":104.83,\"date\":\"\",\"task_id\":\"\",\"expense_id\":\"\",\"unit_code\":\"C62\"},{\"quantity\":1,\"cost\":333,\"product_key\":\"Fuga.\",\"notes\":\"Sunt nihil voluptas.\",\"discount\":0,\"is_amount_discount\":true,\"tax_name1\":\"Sales Tax\",\"tax_rate1\":5,\"tax_name2\":\"\",\"tax_rate2\":0,\"tax_name3\":\"\",\"tax_rate3\":0,\"sort_id\":0,\"line_total\":333,\"gross_line_total\":349.65,\"custom_value1\":\"https:\\/\\/picsum.photos\\/200\",\"custom_value2\":\"42\",\"custom_value3\":\"Sunt nisi minima.\",\"custom_value4\":\"Consequatur fuga.\",\"type_id\":\"1\",\"tax_id\":\"1\",\"product_cost\":0,\"tax_amount\":16.65,\"date\":\"\",\"task_id\":\"\",\"expense_id\":\"\",\"unit_code\":\"C62\"},{\"quantity\":1,\"cost\":534,\"product_key\":\"Ut sed.\",\"notes\":\"Amet aut doloremque.\",\"discount\":0,\"is_amount_discount\":true,\"tax_name1\":\"VAT\",\"tax_rate1\":17.5,\"tax_name2\":\"\",\"tax_rate2\":0,\"tax_name3\":\"\",\"tax_rate3\":0,\"sort_id\":0,\"line_total\":534,\"gross_line_total\":627.45,\"custom_value1\":\"https:\\/\\/picsum.photos\\/200\",\"custom_value2\":\"91\",\"custom_value3\":\"Atque aliquam.\",\"custom_value4\":\"Repellendus magni.\",\"type_id\":\"1\",\"tax_id\":\"1\",\"product_cost\":0,\"tax_amount\":93.45,\"date\":\"\",\"task_id\":\"\",\"expense_id\":\"\",\"unit_code\":\"C62\"},{\"quantity\":1,\"cost\":194,\"product_key\":\"Porro.\",\"notes\":\"Occaecati quis qui.\",\"discount\":0,\"is_amount_discount\":true,\"tax_name1\":\"Sales Tax\",\"tax_rate1\":5,\"tax_name2\":\"\",\"tax_rate2\":0,\"tax_name3\":\"\",\"tax_rate3\":0,\"sort_id\":0,\"line_total\":194,\"gross_line_total\":203.7,\"custom_value1\":\"https:\\/\\/picsum.photos\\/200\",\"custom_value2\":\"37\",\"custom_value3\":\"Quod pariatur error.\",\"custom_value4\":\"Et nesciunt ut.\",\"type_id\":\"1\",\"tax_id\":\"1\",\"product_cost\":0,\"tax_amount\":9.7,\"date\":\"\",\"task_id\":\"\",\"expense_id\":\"\",\"unit_code\":\"C62\"},{\"quantity\":1,\"cost\":985,\"product_key\":\"Ut.\",\"notes\":\"Quo accusantium.\",\"discount\":0,\"is_amount_discount\":true,\"tax_name1\":\"\",\"tax_rate1\":0,\"tax_name2\":\"\",\"tax_rate2\":0,\"tax_name3\":\"\",\"tax_rate3\":0,\"sort_id\":0,\"line_total\":985,\"gross_line_total\":985,\"custom_value1\":\"https:\\/\\/picsum.photos\\/200\",\"custom_value2\":\"16\",\"custom_value3\":\"Excepturi id.\",\"custom_value4\":\"Architecto cum eos.\",\"type_id\":\"1\",\"tax_id\":\"1\",\"product_cost\":0,\"tax_amount\":0,\"date\":\"\",\"task_id\":\"\",\"expense_id\":\"\",\"unit_code\":\"C62\"}]', NULL, '', '', '', '', 'GST', 10.000000, 'VAT', 17.500000, 'CA Sales Tax', 5.000000, 2114.410000, 0, '1978-01-29', 'no', '', '', NULL, NULL, NULL, NULL, NULL, 0, 0, 0, 0, 1.000000, 7433.410000, 0.000000, 0.000000, NULL, NULL, '2025-07-30 01:40:50.739355', '2025-07-30 01:40:52.645221', NULL, NULL, NULL, NULL, NULL, 0, 7433.410000, NULL, 0, 0, NULL, NULL, NULL, 0.000000),
(2, 8, 2, NULL, 2, 4, NULL, NULL, NULL, NULL, '0001', 0.000000, 1, '', '2025-06-08', NULL, NULL, 0, '[{\"quantity\":1,\"cost\":488,\"product_key\":\"Et aut.\",\"notes\":\"Consectetur itaque.\",\"discount\":0,\"is_amount_discount\":true,\"tax_name1\":\"Sales Tax\",\"tax_rate1\":5,\"tax_name2\":\"\",\"tax_rate2\":0,\"tax_name3\":\"\",\"tax_rate3\":0,\"sort_id\":0,\"line_total\":488,\"gross_line_total\":512.4,\"custom_value1\":\"https:\\/\\/picsum.photos\\/200\",\"custom_value2\":\"17\",\"custom_value3\":\"Voluptatibus.\",\"custom_value4\":\"Sit dolores dolorum.\",\"type_id\":\"1\",\"tax_id\":\"1\",\"product_cost\":0,\"tax_amount\":24.4,\"date\":\"\",\"task_id\":\"\",\"expense_id\":\"\",\"unit_code\":\"C62\"},{\"quantity\":1,\"cost\":945,\"product_key\":\"Et.\",\"notes\":\"Est voluptatem.\",\"discount\":0,\"is_amount_discount\":true,\"tax_name1\":\"Sales Tax\",\"tax_rate1\":5,\"tax_name2\":\"\",\"tax_rate2\":0,\"tax_name3\":\"\",\"tax_rate3\":0,\"sort_id\":0,\"line_total\":945,\"gross_line_total\":992.25,\"custom_value1\":\"https:\\/\\/picsum.photos\\/200\",\"custom_value2\":\"72\",\"custom_value3\":\"Quibusdam eum quam.\",\"custom_value4\":\"Deserunt voluptate.\",\"type_id\":\"1\",\"tax_id\":\"1\",\"product_cost\":0,\"tax_amount\":47.25,\"date\":\"\",\"task_id\":\"\",\"expense_id\":\"\",\"unit_code\":\"C62\"}]', NULL, '', '', '', '', 'GST', 10.000000, 'VAT', 17.500000, '', 0.000000, 465.730000, 0, '2024-02-23', 'no', '', '', NULL, NULL, NULL, NULL, NULL, 0, 0, 0, 0, 1.000000, 1898.730000, 0.000000, 0.000000, NULL, NULL, '2025-07-30 01:41:01.742304', '2025-07-30 01:41:02.444617', NULL, NULL, NULL, NULL, NULL, 0, 1898.730000, NULL, 0, 0, NULL, NULL, NULL, 0.000000),
(3, 6, 2, NULL, 2, 4, NULL, NULL, NULL, NULL, '0002', 0.000000, 1, '', '2025-07-26', NULL, NULL, 0, '[{\"quantity\":1,\"cost\":626,\"product_key\":\"Alias.\",\"notes\":\"Rerum quisquam ad.\",\"discount\":0,\"is_amount_discount\":true,\"tax_name1\":\"VAT\",\"tax_rate1\":17.5,\"tax_name2\":\"\",\"tax_rate2\":0,\"tax_name3\":\"\",\"tax_rate3\":0,\"sort_id\":0,\"line_total\":626,\"gross_line_total\":735.55,\"custom_value1\":\"https:\\/\\/picsum.photos\\/200\",\"custom_value2\":\"25\",\"custom_value3\":\"Nemo voluptatibus.\",\"custom_value4\":\"Nulla sapiente.\",\"type_id\":\"1\",\"tax_id\":\"1\",\"product_cost\":0,\"tax_amount\":109.55,\"date\":\"\",\"task_id\":\"\",\"expense_id\":\"\",\"unit_code\":\"C62\"},{\"quantity\":1,\"cost\":933,\"product_key\":\"At et.\",\"notes\":\"Rerum ipsam debitis.\",\"discount\":0,\"is_amount_discount\":true,\"tax_name1\":\"Sales Tax\",\"tax_rate1\":5,\"tax_name2\":\"\",\"tax_rate2\":0,\"tax_name3\":\"\",\"tax_rate3\":0,\"sort_id\":0,\"line_total\":933,\"gross_line_total\":979.65,\"custom_value1\":\"https:\\/\\/picsum.photos\\/200\",\"custom_value2\":\"4\",\"custom_value3\":\"Repudiandae aliquam.\",\"custom_value4\":\"Itaque at et ex.\",\"type_id\":\"1\",\"tax_id\":\"1\",\"product_cost\":0,\"tax_amount\":46.65,\"date\":\"\",\"task_id\":\"\",\"expense_id\":\"\",\"unit_code\":\"C62\"},{\"quantity\":1,\"cost\":480,\"product_key\":\"Et.\",\"notes\":\"Eaque sit.\",\"discount\":0,\"is_amount_discount\":true,\"tax_name1\":\"GST\",\"tax_rate1\":10,\"tax_name2\":\"\",\"tax_rate2\":0,\"tax_name3\":\"\",\"tax_rate3\":0,\"sort_id\":0,\"line_total\":480,\"gross_line_total\":528,\"custom_value1\":\"https:\\/\\/picsum.photos\\/200\",\"custom_value2\":\"45\",\"custom_value3\":\"Accusamus ratione.\",\"custom_value4\":\"Consectetur.\",\"type_id\":\"1\",\"tax_id\":\"1\",\"product_cost\":0,\"tax_amount\":48,\"date\":\"\",\"task_id\":\"\",\"expense_id\":\"\",\"unit_code\":\"C62\"},{\"quantity\":1,\"cost\":742,\"product_key\":\"Qui ut.\",\"notes\":\"Soluta et fugiat.\",\"discount\":0,\"is_amount_discount\":true,\"tax_name1\":\"Sales Tax\",\"tax_rate1\":5,\"tax_name2\":\"\",\"tax_rate2\":0,\"tax_name3\":\"\",\"tax_rate3\":0,\"sort_id\":0,\"line_total\":742,\"gross_line_total\":779.1,\"custom_value1\":\"https:\\/\\/picsum.photos\\/200\",\"custom_value2\":\"37\",\"custom_value3\":\"Ipsam optio fugit.\",\"custom_value4\":\"Laborum optio ea.\",\"type_id\":\"1\",\"tax_id\":\"1\",\"product_cost\":0,\"tax_amount\":37.1,\"date\":\"\",\"task_id\":\"\",\"expense_id\":\"\",\"unit_code\":\"C62\"},{\"quantity\":1,\"cost\":626,\"product_key\":\"Aut.\",\"notes\":\"Consequatur.\",\"discount\":0,\"is_amount_discount\":true,\"tax_name1\":\"\",\"tax_rate1\":0,\"tax_name2\":\"\",\"tax_rate2\":0,\"tax_name3\":\"\",\"tax_rate3\":0,\"sort_id\":0,\"line_total\":626,\"gross_line_total\":626,\"custom_value1\":\"https:\\/\\/picsum.photos\\/200\",\"custom_value2\":\"81\",\"custom_value3\":\"Ut sunt ut.\",\"custom_value4\":\"Nemo voluptatem ut.\",\"type_id\":\"1\",\"tax_id\":\"1\",\"product_cost\":0,\"tax_amount\":0,\"date\":\"\",\"task_id\":\"\",\"expense_id\":\"\",\"unit_code\":\"C62\"},{\"quantity\":1,\"cost\":167,\"product_key\":\"Est.\",\"notes\":\"Sint numquam.\",\"discount\":0,\"is_amount_discount\":true,\"tax_name1\":\"VAT\",\"tax_rate1\":17.5,\"tax_name2\":\"\",\"tax_rate2\":0,\"tax_name3\":\"\",\"tax_rate3\":0,\"sort_id\":0,\"line_total\":167,\"gross_line_total\":196.23,\"custom_value1\":\"https:\\/\\/picsum.photos\\/200\",\"custom_value2\":\"55\",\"custom_value3\":\"Quia non.\",\"custom_value4\":\"Eum aut non est ut.\",\"type_id\":\"1\",\"tax_id\":\"1\",\"product_cost\":0,\"tax_amount\":29.23,\"date\":\"\",\"task_id\":\"\",\"expense_id\":\"\",\"unit_code\":\"C62\"},{\"quantity\":1,\"cost\":733,\"product_key\":\"Fugit.\",\"notes\":\"Sequi tempore.\",\"discount\":0,\"is_amount_discount\":true,\"tax_name1\":\"Sales Tax\",\"tax_rate1\":5,\"tax_name2\":\"\",\"tax_rate2\":0,\"tax_name3\":\"\",\"tax_rate3\":0,\"sort_id\":0,\"line_total\":733,\"gross_line_total\":769.65,\"custom_value1\":\"https:\\/\\/picsum.photos\\/200\",\"custom_value2\":\"29\",\"custom_value3\":\"Et porro quia omnis.\",\"custom_value4\":\"Nihil nihil dicta.\",\"type_id\":\"1\",\"tax_id\":\"1\",\"product_cost\":0,\"tax_amount\":36.65,\"date\":\"\",\"task_id\":\"\",\"expense_id\":\"\",\"unit_code\":\"C62\"},{\"quantity\":1,\"cost\":364,\"product_key\":\"Illo.\",\"notes\":\"Iste et sapiente.\",\"discount\":0,\"is_amount_discount\":true,\"tax_name1\":\"\",\"tax_rate1\":0,\"tax_name2\":\"\",\"tax_rate2\":0,\"tax_name3\":\"\",\"tax_rate3\":0,\"sort_id\":0,\"line_total\":364,\"gross_line_total\":364,\"custom_value1\":\"https:\\/\\/picsum.photos\\/200\",\"custom_value2\":\"51\",\"custom_value3\":\"Eaque non labore.\",\"custom_value4\":\"Tempore qui odit.\",\"type_id\":\"1\",\"tax_id\":\"1\",\"product_cost\":0,\"tax_amount\":0,\"date\":\"\",\"task_id\":\"\",\"expense_id\":\"\",\"unit_code\":\"C62\"},{\"quantity\":1,\"cost\":167,\"product_key\":\"Est.\",\"notes\":\"Sint numquam.\",\"discount\":0,\"is_amount_discount\":true,\"tax_name1\":\"GST\",\"tax_rate1\":10,\"tax_name2\":\"\",\"tax_rate2\":0,\"tax_name3\":\"\",\"tax_rate3\":0,\"sort_id\":0,\"line_total\":167,\"gross_line_total\":183.7,\"custom_value1\":\"https:\\/\\/picsum.photos\\/200\",\"custom_value2\":\"55\",\"custom_value3\":\"Quia non.\",\"custom_value4\":\"Eum aut non est ut.\",\"type_id\":\"1\",\"tax_id\":\"1\",\"product_cost\":0,\"tax_amount\":16.7,\"date\":\"\",\"task_id\":\"\",\"expense_id\":\"\",\"unit_code\":\"C62\"},{\"quantity\":1,\"cost\":776,\"product_key\":\"Nisi.\",\"notes\":\"Est et cum quam.\",\"discount\":0,\"is_amount_discount\":true,\"tax_name1\":\"VAT\",\"tax_rate1\":17.5,\"tax_name2\":\"\",\"tax_rate2\":0,\"tax_name3\":\"\",\"tax_rate3\":0,\"sort_id\":0,\"line_total\":776,\"gross_line_total\":911.8,\"custom_value1\":\"https:\\/\\/picsum.photos\\/200\",\"custom_value2\":\"9\",\"custom_value3\":\"Quo recusandae.\",\"custom_value4\":\"Sit illo vel aut.\",\"type_id\":\"1\",\"tax_id\":\"1\",\"product_cost\":0,\"tax_amount\":135.8,\"date\":\"\",\"task_id\":\"\",\"expense_id\":\"\",\"unit_code\":\"C62\"}]', NULL, '', '', '', '', '', 0.000000, '', 0.000000, 'CA Sales Tax', 5.000000, 740.380000, 0, '1981-03-21', 'no', '', '', NULL, NULL, NULL, NULL, NULL, 0, 0, 0, 0, 1.000000, 6354.380000, 0.000000, 0.000000, NULL, NULL, '2025-07-30 01:41:05.239237', '2025-07-30 01:41:06.241799', NULL, NULL, NULL, NULL, NULL, 0, 6354.380000, NULL, 0, 0, NULL, NULL, NULL, 0.000000),
(4, 2, 2, NULL, 2, 2, NULL, NULL, NULL, NULL, '0003', 0.000000, 1, '', '2025-06-11', NULL, NULL, 0, '[{\"quantity\":1,\"cost\":508,\"product_key\":\"Quidem.\",\"notes\":\"Quis totam itaque.\",\"discount\":0,\"is_amount_discount\":true,\"tax_name1\":\"VAT\",\"tax_rate1\":17.5,\"tax_name2\":\"\",\"tax_rate2\":0,\"tax_name3\":\"\",\"tax_rate3\":0,\"sort_id\":0,\"line_total\":508,\"gross_line_total\":596.9,\"custom_value1\":\"https:\\/\\/picsum.photos\\/200\",\"custom_value2\":\"91\",\"custom_value3\":\"Ratione eveniet.\",\"custom_value4\":\"Architecto.\",\"type_id\":\"1\",\"tax_id\":\"1\",\"product_cost\":0,\"tax_amount\":88.9,\"date\":\"\",\"task_id\":\"\",\"expense_id\":\"\",\"unit_code\":\"C62\"},{\"quantity\":1,\"cost\":508,\"product_key\":\"Quidem.\",\"notes\":\"Quis totam itaque.\",\"discount\":0,\"is_amount_discount\":true,\"tax_name1\":\"VAT\",\"tax_rate1\":17.5,\"tax_name2\":\"\",\"tax_rate2\":0,\"tax_name3\":\"\",\"tax_rate3\":0,\"sort_id\":0,\"line_total\":508,\"gross_line_total\":596.9,\"custom_value1\":\"https:\\/\\/picsum.photos\\/200\",\"custom_value2\":\"91\",\"custom_value3\":\"Ratione eveniet.\",\"custom_value4\":\"Architecto.\",\"type_id\":\"1\",\"tax_id\":\"1\",\"product_cost\":0,\"tax_amount\":88.9,\"date\":\"\",\"task_id\":\"\",\"expense_id\":\"\",\"unit_code\":\"C62\"},{\"quantity\":1,\"cost\":350,\"product_key\":\"In.\",\"notes\":\"Aperiam velit.\",\"discount\":0,\"is_amount_discount\":true,\"tax_name1\":\"Sales Tax\",\"tax_rate1\":5,\"tax_name2\":\"\",\"tax_rate2\":0,\"tax_name3\":\"\",\"tax_rate3\":0,\"sort_id\":0,\"line_total\":350,\"gross_line_total\":367.5,\"custom_value1\":\"https:\\/\\/picsum.photos\\/200\",\"custom_value2\":\"47\",\"custom_value3\":\"Temporibus.\",\"custom_value4\":\"Et quas ab officiis.\",\"type_id\":\"1\",\"tax_id\":\"1\",\"product_cost\":0,\"tax_amount\":17.5,\"date\":\"\",\"task_id\":\"\",\"expense_id\":\"\",\"unit_code\":\"C62\"},{\"quantity\":1,\"cost\":589,\"product_key\":\"Odio.\",\"notes\":\"Autem officia nihil.\",\"discount\":0,\"is_amount_discount\":true,\"tax_name1\":\"Sales Tax\",\"tax_rate1\":5,\"tax_name2\":\"\",\"tax_rate2\":0,\"tax_name3\":\"\",\"tax_rate3\":0,\"sort_id\":0,\"line_total\":589,\"gross_line_total\":618.45,\"custom_value1\":\"https:\\/\\/picsum.photos\\/200\",\"custom_value2\":\"95\",\"custom_value3\":\"Veniam in.\",\"custom_value4\":\"Beatae fuga.\",\"type_id\":\"1\",\"tax_id\":\"1\",\"product_cost\":0,\"tax_amount\":29.45,\"date\":\"\",\"task_id\":\"\",\"expense_id\":\"\",\"unit_code\":\"C62\"},{\"quantity\":1,\"cost\":640,\"product_key\":\"Fugiat.\",\"notes\":\"Autem in est vitae.\",\"discount\":0,\"is_amount_discount\":true,\"tax_name1\":\"GST\",\"tax_rate1\":10,\"tax_name2\":\"\",\"tax_rate2\":0,\"tax_name3\":\"\",\"tax_rate3\":0,\"sort_id\":0,\"line_total\":640,\"gross_line_total\":704,\"custom_value1\":\"https:\\/\\/picsum.photos\\/200\",\"custom_value2\":\"62\",\"custom_value3\":\"Numquam nihil minus.\",\"custom_value4\":\"Explicabo nisi et.\",\"type_id\":\"1\",\"tax_id\":\"1\",\"product_cost\":0,\"tax_amount\":64,\"date\":\"\",\"task_id\":\"\",\"expense_id\":\"\",\"unit_code\":\"C62\"},{\"quantity\":1,\"cost\":795,\"product_key\":\"A eius.\",\"notes\":\"Quibusdam.\",\"discount\":0,\"is_amount_discount\":true,\"tax_name1\":\"Sales Tax\",\"tax_rate1\":5,\"tax_name2\":\"\",\"tax_rate2\":0,\"tax_name3\":\"\",\"tax_rate3\":0,\"sort_id\":0,\"line_total\":795,\"gross_line_total\":834.75,\"custom_value1\":\"https:\\/\\/picsum.photos\\/200\",\"custom_value2\":\"38\",\"custom_value3\":\"Aut maxime eos.\",\"custom_value4\":\"Sed voluptatum et.\",\"type_id\":\"1\",\"tax_id\":\"1\",\"product_cost\":0,\"tax_amount\":39.75,\"date\":\"\",\"task_id\":\"\",\"expense_id\":\"\",\"unit_code\":\"C62\"},{\"quantity\":1,\"cost\":611,\"product_key\":\"Qui.\",\"notes\":\"Est cum eligendi ab.\",\"discount\":0,\"is_amount_discount\":true,\"tax_name1\":\"GST\",\"tax_rate1\":10,\"tax_name2\":\"\",\"tax_rate2\":0,\"tax_name3\":\"\",\"tax_rate3\":0,\"sort_id\":0,\"line_total\":611,\"gross_line_total\":672.1,\"custom_value1\":\"https:\\/\\/picsum.photos\\/200\",\"custom_value2\":\"28\",\"custom_value3\":\"Veritatis.\",\"custom_value4\":\"Culpa ut ratione.\",\"type_id\":\"1\",\"tax_id\":\"1\",\"product_cost\":0,\"tax_amount\":61.1,\"date\":\"\",\"task_id\":\"\",\"expense_id\":\"\",\"unit_code\":\"C62\"},{\"quantity\":1,\"cost\":208,\"product_key\":\"Nihil.\",\"notes\":\"Eveniet enim aut.\",\"discount\":0,\"is_amount_discount\":true,\"tax_name1\":\"GST\",\"tax_rate1\":10,\"tax_name2\":\"\",\"tax_rate2\":0,\"tax_name3\":\"\",\"tax_rate3\":0,\"sort_id\":0,\"line_total\":208,\"gross_line_total\":228.8,\"custom_value1\":\"https:\\/\\/picsum.photos\\/200\",\"custom_value2\":\"45\",\"custom_value3\":\"Aliquam error aut.\",\"custom_value4\":\"Et voluptas tenetur.\",\"type_id\":\"1\",\"tax_id\":\"1\",\"product_cost\":0,\"tax_amount\":20.8,\"date\":\"\",\"task_id\":\"\",\"expense_id\":\"\",\"unit_code\":\"C62\"},{\"quantity\":1,\"cost\":36,\"product_key\":\"Ut sed.\",\"notes\":\"Quaerat consequatur.\",\"discount\":0,\"is_amount_discount\":true,\"tax_name1\":\"Sales Tax\",\"tax_rate1\":5,\"tax_name2\":\"\",\"tax_rate2\":0,\"tax_name3\":\"\",\"tax_rate3\":0,\"sort_id\":0,\"line_total\":36,\"gross_line_total\":37.8,\"custom_value1\":\"https:\\/\\/picsum.photos\\/200\",\"custom_value2\":\"29\",\"custom_value3\":\"Qui debitis sint.\",\"custom_value4\":\"Quia qui quisquam.\",\"type_id\":\"1\",\"tax_id\":\"1\",\"product_cost\":0,\"tax_amount\":1.8,\"date\":\"\",\"task_id\":\"\",\"expense_id\":\"\",\"unit_code\":\"C62\"},{\"quantity\":1,\"cost\":709,\"product_key\":\"Rerum.\",\"notes\":\"Sit at omnis.\",\"discount\":0,\"is_amount_discount\":true,\"tax_name1\":\"\",\"tax_rate1\":0,\"tax_name2\":\"\",\"tax_rate2\":0,\"tax_name3\":\"\",\"tax_rate3\":0,\"sort_id\":0,\"line_total\":709,\"gross_line_total\":709,\"custom_value1\":\"https:\\/\\/picsum.photos\\/200\",\"custom_value2\":\"81\",\"custom_value3\":\"Distinctio ab sit.\",\"custom_value4\":\"Eligendi qui ipsa.\",\"type_id\":\"1\",\"tax_id\":\"1\",\"product_cost\":0,\"tax_amount\":0,\"date\":\"\",\"task_id\":\"\",\"expense_id\":\"\",\"unit_code\":\"C62\"}]', NULL, '', '', '', '', 'GST', 10.000000, 'VAT', 17.500000, 'CA Sales Tax', 5.000000, 2022.250000, 0, '1996-11-07', 'no', '', '', NULL, NULL, NULL, NULL, NULL, 0, 0, 0, 0, 1.000000, 6976.250000, 6976.250000, 0.000000, NULL, NULL, '2025-07-30 01:41:09.637045', '2025-07-30 01:41:09.824168', NULL, NULL, NULL, NULL, NULL, 0, 0.000000, NULL, 0, 0, NULL, NULL, NULL, 0.000000),
(5, 9, 2, NULL, 2, 4, NULL, NULL, NULL, NULL, '0004', 0.000000, 1, '', '2025-07-11', NULL, NULL, 0, '[{\"quantity\":1,\"cost\":398,\"product_key\":\"Aut.\",\"notes\":\"Sed quis delectus.\",\"discount\":0,\"is_amount_discount\":true,\"tax_name1\":\"Sales Tax\",\"tax_rate1\":5,\"tax_name2\":\"\",\"tax_rate2\":0,\"tax_name3\":\"\",\"tax_rate3\":0,\"sort_id\":0,\"line_total\":398,\"gross_line_total\":417.9,\"custom_value1\":\"https:\\/\\/picsum.photos\\/200\",\"custom_value2\":\"26\",\"custom_value3\":\"Voluptatem facere.\",\"custom_value4\":\"Rerum et fugit quas.\",\"type_id\":\"1\",\"tax_id\":\"1\",\"product_cost\":0,\"tax_amount\":19.9,\"date\":\"\",\"task_id\":\"\",\"expense_id\":\"\",\"unit_code\":\"C62\"},{\"quantity\":1,\"cost\":18,\"product_key\":\"Saepe.\",\"notes\":\"Quia tenetur.\",\"discount\":0,\"is_amount_discount\":true,\"tax_name1\":\"Sales Tax\",\"tax_rate1\":5,\"tax_name2\":\"\",\"tax_rate2\":0,\"tax_name3\":\"\",\"tax_rate3\":0,\"sort_id\":0,\"line_total\":18,\"gross_line_total\":18.9,\"custom_value1\":\"https:\\/\\/picsum.photos\\/200\",\"custom_value2\":\"75\",\"custom_value3\":\"Debitis saepe quia.\",\"custom_value4\":\"Est voluptatibus.\",\"type_id\":\"1\",\"tax_id\":\"1\",\"product_cost\":0,\"tax_amount\":0.9,\"date\":\"\",\"task_id\":\"\",\"expense_id\":\"\",\"unit_code\":\"C62\"},{\"quantity\":1,\"cost\":640,\"product_key\":\"Fugiat.\",\"notes\":\"Autem in est vitae.\",\"discount\":0,\"is_amount_discount\":true,\"tax_name1\":\"VAT\",\"tax_rate1\":17.5,\"tax_name2\":\"\",\"tax_rate2\":0,\"tax_name3\":\"\",\"tax_rate3\":0,\"sort_id\":0,\"line_total\":640,\"gross_line_total\":752,\"custom_value1\":\"https:\\/\\/picsum.photos\\/200\",\"custom_value2\":\"62\",\"custom_value3\":\"Numquam nihil minus.\",\"custom_value4\":\"Explicabo nisi et.\",\"type_id\":\"1\",\"tax_id\":\"1\",\"product_cost\":0,\"tax_amount\":112,\"date\":\"\",\"task_id\":\"\",\"expense_id\":\"\",\"unit_code\":\"C62\"},{\"quantity\":1,\"cost\":995,\"product_key\":\"Quia.\",\"notes\":\"Corrupti numquam.\",\"discount\":0,\"is_amount_discount\":true,\"tax_name1\":\"GST\",\"tax_rate1\":10,\"tax_name2\":\"\",\"tax_rate2\":0,\"tax_name3\":\"\",\"tax_rate3\":0,\"sort_id\":0,\"line_total\":995,\"gross_line_total\":1094.5,\"custom_value1\":\"https:\\/\\/picsum.photos\\/200\",\"custom_value2\":\"65\",\"custom_value3\":\"Aperiam velit ut.\",\"custom_value4\":\"Maiores quaerat.\",\"type_id\":\"1\",\"tax_id\":\"1\",\"product_cost\":0,\"tax_amount\":99.5,\"date\":\"\",\"task_id\":\"\",\"expense_id\":\"\",\"unit_code\":\"C62\"},{\"quantity\":1,\"cost\":534,\"product_key\":\"Ut sed.\",\"notes\":\"Amet aut doloremque.\",\"discount\":0,\"is_amount_discount\":true,\"tax_name1\":\"VAT\",\"tax_rate1\":17.5,\"tax_name2\":\"\",\"tax_rate2\":0,\"tax_name3\":\"\",\"tax_rate3\":0,\"sort_id\":0,\"line_total\":534,\"gross_line_total\":627.45,\"custom_value1\":\"https:\\/\\/picsum.photos\\/200\",\"custom_value2\":\"91\",\"custom_value3\":\"Atque aliquam.\",\"custom_value4\":\"Repellendus magni.\",\"type_id\":\"1\",\"tax_id\":\"1\",\"product_cost\":0,\"tax_amount\":93.45,\"date\":\"\",\"task_id\":\"\",\"expense_id\":\"\",\"unit_code\":\"C62\"}]', NULL, '', '', '', '', '', 0.000000, 'VAT', 17.500000, '', 0.000000, 778.130000, 0, '2003-08-06', 'yes', '', '', NULL, NULL, NULL, NULL, NULL, 0, 0, 0, 0, 1.000000, 3363.130000, 0.000000, 0.000000, NULL, NULL, '2025-07-30 01:41:12.216925', '2025-07-30 01:41:13.761981', NULL, NULL, NULL, NULL, NULL, 0, 3363.130000, NULL, 0, 0, NULL, NULL, NULL, 0.000000),
(6, 6, 2, NULL, 2, 2, NULL, NULL, NULL, NULL, '0005', 0.000000, 1, '', '2025-05-25', NULL, NULL, 0, '[{\"quantity\":1,\"cost\":303,\"product_key\":\"Porro.\",\"notes\":\"Quae numquam.\",\"discount\":0,\"is_amount_discount\":true,\"tax_name1\":\"GST\",\"tax_rate1\":10,\"tax_name2\":\"\",\"tax_rate2\":0,\"tax_name3\":\"\",\"tax_rate3\":0,\"sort_id\":0,\"line_total\":303,\"gross_line_total\":333.3,\"custom_value1\":\"https:\\/\\/picsum.photos\\/200\",\"custom_value2\":\"93\",\"custom_value3\":\"Corrupti.\",\"custom_value4\":\"Rerum hic et est.\",\"type_id\":\"1\",\"tax_id\":\"1\",\"product_cost\":0,\"tax_amount\":30.3,\"date\":\"\",\"task_id\":\"\",\"expense_id\":\"\",\"unit_code\":\"C62\"},{\"quantity\":1,\"cost\":52,\"product_key\":\"Est.\",\"notes\":\"Aut et voluptas.\",\"discount\":0,\"is_amount_discount\":true,\"tax_name1\":\"Sales Tax\",\"tax_rate1\":5,\"tax_name2\":\"\",\"tax_rate2\":0,\"tax_name3\":\"\",\"tax_rate3\":0,\"sort_id\":0,\"line_total\":52,\"gross_line_total\":54.6,\"custom_value1\":\"https:\\/\\/picsum.photos\\/200\",\"custom_value2\":\"68\",\"custom_value3\":\"Nemo et sapiente.\",\"custom_value4\":\"Ex quibusdam est ea.\",\"type_id\":\"1\",\"tax_id\":\"1\",\"product_cost\":0,\"tax_amount\":2.6,\"date\":\"\",\"task_id\":\"\",\"expense_id\":\"\",\"unit_code\":\"C62\"}]', NULL, '', '', '', '', '', 0.000000, 'VAT', 17.500000, 'CA Sales Tax', 5.000000, 112.780000, 0, '1990-10-17', 'yes', '', '', NULL, NULL, NULL, NULL, NULL, 0, 0, 0, 0, 1.000000, 467.780000, 467.780000, 0.000000, NULL, NULL, '2025-07-30 01:41:18.240251', '2025-07-30 01:41:18.398005', NULL, NULL, NULL, NULL, NULL, 0, 0.000000, NULL, 0, 0, NULL, NULL, NULL, 0.000000),
(7, 2, 2, NULL, 2, 4, NULL, NULL, NULL, NULL, '0006', 0.000000, 1, '', '2025-05-08', NULL, NULL, 0, '[{\"quantity\":1,\"cost\":350,\"product_key\":\"In.\",\"notes\":\"Aperiam velit.\",\"discount\":0,\"is_amount_discount\":true,\"tax_name1\":\"Sales Tax\",\"tax_rate1\":5,\"tax_name2\":\"\",\"tax_rate2\":0,\"tax_name3\":\"\",\"tax_rate3\":0,\"sort_id\":0,\"line_total\":350,\"gross_line_total\":367.5,\"custom_value1\":\"https:\\/\\/picsum.photos\\/200\",\"custom_value2\":\"47\",\"custom_value3\":\"Temporibus.\",\"custom_value4\":\"Et quas ab officiis.\",\"type_id\":\"1\",\"tax_id\":\"1\",\"product_cost\":0,\"tax_amount\":17.5,\"date\":\"\",\"task_id\":\"\",\"expense_id\":\"\",\"unit_code\":\"C62\"},{\"quantity\":1,\"cost\":383,\"product_key\":\"Odio.\",\"notes\":\"Sapiente sint totam.\",\"discount\":0,\"is_amount_discount\":true,\"tax_name1\":\"Sales Tax\",\"tax_rate1\":5,\"tax_name2\":\"\",\"tax_rate2\":0,\"tax_name3\":\"\",\"tax_rate3\":0,\"sort_id\":0,\"line_total\":383,\"gross_line_total\":402.15,\"custom_value1\":\"https:\\/\\/picsum.photos\\/200\",\"custom_value2\":\"73\",\"custom_value3\":\"Vero harum deleniti.\",\"custom_value4\":\"Id autem sit.\",\"type_id\":\"1\",\"tax_id\":\"1\",\"product_cost\":0,\"tax_amount\":19.15,\"date\":\"\",\"task_id\":\"\",\"expense_id\":\"\",\"unit_code\":\"C62\"},{\"quantity\":1,\"cost\":733,\"product_key\":\"Fugit.\",\"notes\":\"Sequi tempore.\",\"discount\":0,\"is_amount_discount\":true,\"tax_name1\":\"VAT\",\"tax_rate1\":17.5,\"tax_name2\":\"\",\"tax_rate2\":0,\"tax_name3\":\"\",\"tax_rate3\":0,\"sort_id\":0,\"line_total\":733,\"gross_line_total\":861.28,\"custom_value1\":\"https:\\/\\/picsum.photos\\/200\",\"custom_value2\":\"29\",\"custom_value3\":\"Et porro quia omnis.\",\"custom_value4\":\"Nihil nihil dicta.\",\"type_id\":\"1\",\"tax_id\":\"1\",\"product_cost\":0,\"tax_amount\":128.28,\"date\":\"\",\"task_id\":\"\",\"expense_id\":\"\",\"unit_code\":\"C62\"},{\"quantity\":1,\"cost\":991,\"product_key\":\"Ut rem.\",\"notes\":\"Dolorem nam.\",\"discount\":0,\"is_amount_discount\":true,\"tax_name1\":\"Sales Tax\",\"tax_rate1\":5,\"tax_name2\":\"\",\"tax_rate2\":0,\"tax_name3\":\"\",\"tax_rate3\":0,\"sort_id\":0,\"line_total\":991,\"gross_line_total\":1040.55,\"custom_value1\":\"https:\\/\\/picsum.photos\\/200\",\"custom_value2\":\"84\",\"custom_value3\":\"Cumque adipisci.\",\"custom_value4\":\"Repellat placeat.\",\"type_id\":\"1\",\"tax_id\":\"1\",\"product_cost\":0,\"tax_amount\":49.55,\"date\":\"\",\"task_id\":\"\",\"expense_id\":\"\",\"unit_code\":\"C62\"},{\"quantity\":1,\"cost\":614,\"product_key\":\"Ipsa.\",\"notes\":\"Tempore quaerat.\",\"discount\":0,\"is_amount_discount\":true,\"tax_name1\":\"\",\"tax_rate1\":0,\"tax_name2\":\"\",\"tax_rate2\":0,\"tax_name3\":\"\",\"tax_rate3\":0,\"sort_id\":0,\"line_total\":614,\"gross_line_total\":614,\"custom_value1\":\"https:\\/\\/picsum.photos\\/200\",\"custom_value2\":\"35\",\"custom_value3\":\"Perferendis nobis.\",\"custom_value4\":\"Consequatur.\",\"type_id\":\"1\",\"tax_id\":\"1\",\"product_cost\":0,\"tax_amount\":0,\"date\":\"\",\"task_id\":\"\",\"expense_id\":\"\",\"unit_code\":\"C62\"},{\"quantity\":1,\"cost\":340,\"product_key\":\"Atque.\",\"notes\":\"Quis assumenda.\",\"discount\":0,\"is_amount_discount\":true,\"tax_name1\":\"\",\"tax_rate1\":0,\"tax_name2\":\"\",\"tax_rate2\":0,\"tax_name3\":\"\",\"tax_rate3\":0,\"sort_id\":0,\"line_total\":340,\"gross_line_total\":340,\"custom_value1\":\"https:\\/\\/picsum.photos\\/200\",\"custom_value2\":\"19\",\"custom_value3\":\"Aut et tempore.\",\"custom_value4\":\"Cum iusto.\",\"type_id\":\"1\",\"tax_id\":\"1\",\"product_cost\":0,\"tax_amount\":0,\"date\":\"\",\"task_id\":\"\",\"expense_id\":\"\",\"unit_code\":\"C62\"},{\"quantity\":1,\"cost\":303,\"product_key\":\"Porro.\",\"notes\":\"Quae numquam.\",\"discount\":0,\"is_amount_discount\":true,\"tax_name1\":\"VAT\",\"tax_rate1\":17.5,\"tax_name2\":\"\",\"tax_rate2\":0,\"tax_name3\":\"\",\"tax_rate3\":0,\"sort_id\":0,\"line_total\":303,\"gross_line_total\":356.03,\"custom_value1\":\"https:\\/\\/picsum.photos\\/200\",\"custom_value2\":\"93\",\"custom_value3\":\"Corrupti.\",\"custom_value4\":\"Rerum hic et est.\",\"type_id\":\"1\",\"tax_id\":\"1\",\"product_cost\":0,\"tax_amount\":53.03,\"date\":\"\",\"task_id\":\"\",\"expense_id\":\"\",\"unit_code\":\"C62\"},{\"quantity\":1,\"cost\":599,\"product_key\":\"Hic.\",\"notes\":\"Quos nihil ut et.\",\"discount\":0,\"is_amount_discount\":true,\"tax_name1\":\"Sales Tax\",\"tax_rate1\":5,\"tax_name2\":\"\",\"tax_rate2\":0,\"tax_name3\":\"\",\"tax_rate3\":0,\"sort_id\":0,\"line_total\":599,\"gross_line_total\":628.95,\"custom_value1\":\"https:\\/\\/picsum.photos\\/200\",\"custom_value2\":\"0\",\"custom_value3\":\"Excepturi qui.\",\"custom_value4\":\"Et rerum illum.\",\"type_id\":\"1\",\"tax_id\":\"1\",\"product_cost\":0,\"tax_amount\":29.95,\"date\":\"\",\"task_id\":\"\",\"expense_id\":\"\",\"unit_code\":\"C62\"}]', NULL, '', '', '', '', '', 0.000000, '', 0.000000, 'CA Sales Tax', 5.000000, 513.110000, 0, '2019-12-29', 'no', '', '', NULL, NULL, NULL, NULL, NULL, 0, 0, 0, 0, 1.000000, 4826.110000, 0.000000, 0.000000, NULL, NULL, '2025-07-30 01:41:21.059701', '2025-07-30 01:41:21.952194', NULL, NULL, NULL, NULL, NULL, 0, 4826.110000, NULL, 0, 0, NULL, NULL, NULL, 0.000000),
(8, 9, 2, NULL, 2, 4, NULL, NULL, NULL, NULL, '0007', 0.000000, 1, '', '2025-06-03', NULL, NULL, 0, '[{\"quantity\":1,\"cost\":893,\"product_key\":\"Minus.\",\"notes\":\"Odit consequatur.\",\"discount\":0,\"is_amount_discount\":true,\"tax_name1\":\"Sales Tax\",\"tax_rate1\":5,\"tax_name2\":\"\",\"tax_rate2\":0,\"tax_name3\":\"\",\"tax_rate3\":0,\"sort_id\":0,\"line_total\":893,\"gross_line_total\":937.65,\"custom_value1\":\"https:\\/\\/picsum.photos\\/200\",\"custom_value2\":\"66\",\"custom_value3\":\"Ea similique quis.\",\"custom_value4\":\"Adipisci aliquam.\",\"type_id\":\"1\",\"tax_id\":\"1\",\"product_cost\":0,\"tax_amount\":44.65,\"date\":\"\",\"task_id\":\"\",\"expense_id\":\"\",\"unit_code\":\"C62\"},{\"quantity\":1,\"cost\":713,\"product_key\":\"Sint.\",\"notes\":\"Fuga incidunt et.\",\"discount\":0,\"is_amount_discount\":true,\"tax_name1\":\"Sales Tax\",\"tax_rate1\":5,\"tax_name2\":\"\",\"tax_rate2\":0,\"tax_name3\":\"\",\"tax_rate3\":0,\"sort_id\":0,\"line_total\":713,\"gross_line_total\":748.65,\"custom_value1\":\"https:\\/\\/picsum.photos\\/200\",\"custom_value2\":\"91\",\"custom_value3\":\"Facere sunt.\",\"custom_value4\":\"Delectus qui esse.\",\"type_id\":\"1\",\"tax_id\":\"1\",\"product_cost\":0,\"tax_amount\":35.65,\"date\":\"\",\"task_id\":\"\",\"expense_id\":\"\",\"unit_code\":\"C62\"},{\"quantity\":1,\"cost\":626,\"product_key\":\"Alias.\",\"notes\":\"Rerum quisquam ad.\",\"discount\":0,\"is_amount_discount\":true,\"tax_name1\":\"Sales Tax\",\"tax_rate1\":5,\"tax_name2\":\"\",\"tax_rate2\":0,\"tax_name3\":\"\",\"tax_rate3\":0,\"sort_id\":0,\"line_total\":626,\"gross_line_total\":657.3,\"custom_value1\":\"https:\\/\\/picsum.photos\\/200\",\"custom_value2\":\"25\",\"custom_value3\":\"Nemo voluptatibus.\",\"custom_value4\":\"Nulla sapiente.\",\"type_id\":\"1\",\"tax_id\":\"1\",\"product_cost\":0,\"tax_amount\":31.3,\"date\":\"\",\"task_id\":\"\",\"expense_id\":\"\",\"unit_code\":\"C62\"},{\"quantity\":1,\"cost\":204,\"product_key\":\"Quos.\",\"notes\":\"Itaque magni est.\",\"discount\":0,\"is_amount_discount\":true,\"tax_name1\":\"VAT\",\"tax_rate1\":17.5,\"tax_name2\":\"\",\"tax_rate2\":0,\"tax_name3\":\"\",\"tax_rate3\":0,\"sort_id\":0,\"line_total\":204,\"gross_line_total\":239.7,\"custom_value1\":\"https:\\/\\/picsum.photos\\/200\",\"custom_value2\":\"39\",\"custom_value3\":\"Expedita velit.\",\"custom_value4\":\"Sit ullam id quia.\",\"type_id\":\"1\",\"tax_id\":\"1\",\"product_cost\":0,\"tax_amount\":35.7,\"date\":\"\",\"task_id\":\"\",\"expense_id\":\"\",\"unit_code\":\"C62\"},{\"quantity\":1,\"cost\":383,\"product_key\":\"Odio.\",\"notes\":\"Sapiente sint totam.\",\"discount\":0,\"is_amount_discount\":true,\"tax_name1\":\"GST\",\"tax_rate1\":10,\"tax_name2\":\"\",\"tax_rate2\":0,\"tax_name3\":\"\",\"tax_rate3\":0,\"sort_id\":0,\"line_total\":383,\"gross_line_total\":421.3,\"custom_value1\":\"https:\\/\\/picsum.photos\\/200\",\"custom_value2\":\"73\",\"custom_value3\":\"Vero harum deleniti.\",\"custom_value4\":\"Id autem sit.\",\"type_id\":\"1\",\"tax_id\":\"1\",\"product_cost\":0,\"tax_amount\":38.3,\"date\":\"\",\"task_id\":\"\",\"expense_id\":\"\",\"unit_code\":\"C62\"},{\"quantity\":1,\"cost\":605,\"product_key\":\"Quia.\",\"notes\":\"Asperiores qui ipsa.\",\"discount\":0,\"is_amount_discount\":true,\"tax_name1\":\"Sales Tax\",\"tax_rate1\":5,\"tax_name2\":\"\",\"tax_rate2\":0,\"tax_name3\":\"\",\"tax_rate3\":0,\"sort_id\":0,\"line_total\":605,\"gross_line_total\":635.25,\"custom_value1\":\"https:\\/\\/picsum.photos\\/200\",\"custom_value2\":\"53\",\"custom_value3\":\"Quo rerum velit.\",\"custom_value4\":\"Qui vero natus.\",\"type_id\":\"1\",\"tax_id\":\"1\",\"product_cost\":0,\"tax_amount\":30.25,\"date\":\"\",\"task_id\":\"\",\"expense_id\":\"\",\"unit_code\":\"C62\"},{\"quantity\":1,\"cost\":626,\"product_key\":\"Aut.\",\"notes\":\"Consequatur.\",\"discount\":0,\"is_amount_discount\":true,\"tax_name1\":\"Sales Tax\",\"tax_rate1\":5,\"tax_name2\":\"\",\"tax_rate2\":0,\"tax_name3\":\"\",\"tax_rate3\":0,\"sort_id\":0,\"line_total\":626,\"gross_line_total\":657.3,\"custom_value1\":\"https:\\/\\/picsum.photos\\/200\",\"custom_value2\":\"81\",\"custom_value3\":\"Ut sunt ut.\",\"custom_value4\":\"Nemo voluptatem ut.\",\"type_id\":\"1\",\"tax_id\":\"1\",\"product_cost\":0,\"tax_amount\":31.3,\"date\":\"\",\"task_id\":\"\",\"expense_id\":\"\",\"unit_code\":\"C62\"}]', NULL, '', '', '', '', '', 0.000000, 'VAT', 17.500000, '', 0.000000, 955.900000, 0, '2020-12-13', 'yes', '', '', NULL, NULL, NULL, NULL, NULL, 0, 0, 0, 0, 1.000000, 5005.900000, 0.000000, 0.000000, NULL, NULL, '2025-07-30 01:41:25.113097', '2025-07-30 01:41:26.951957', NULL, NULL, NULL, NULL, NULL, 0, 5005.900000, NULL, 0, 0, NULL, NULL, NULL, 0.000000),
(9, 8, 2, NULL, 2, 2, NULL, NULL, NULL, NULL, '0008', 0.000000, 1, '', '2025-06-02', NULL, NULL, 0, '[{\"quantity\":1,\"cost\":480,\"product_key\":\"Et.\",\"notes\":\"Eaque sit.\",\"discount\":0,\"is_amount_discount\":true,\"tax_name1\":\"Sales Tax\",\"tax_rate1\":5,\"tax_name2\":\"\",\"tax_rate2\":0,\"tax_name3\":\"\",\"tax_rate3\":0,\"sort_id\":0,\"line_total\":480,\"gross_line_total\":504,\"custom_value1\":\"https:\\/\\/picsum.photos\\/200\",\"custom_value2\":\"45\",\"custom_value3\":\"Accusamus ratione.\",\"custom_value4\":\"Consectetur.\",\"type_id\":\"1\",\"tax_id\":\"1\",\"product_cost\":0,\"tax_amount\":24,\"date\":\"\",\"task_id\":\"\",\"expense_id\":\"\",\"unit_code\":\"C62\"},{\"quantity\":1,\"cost\":788,\"product_key\":\"Hic.\",\"notes\":\"Cumque voluptatum.\",\"discount\":0,\"is_amount_discount\":true,\"tax_name1\":\"Sales Tax\",\"tax_rate1\":5,\"tax_name2\":\"\",\"tax_rate2\":0,\"tax_name3\":\"\",\"tax_rate3\":0,\"sort_id\":0,\"line_total\":788,\"gross_line_total\":827.4,\"custom_value1\":\"https:\\/\\/picsum.photos\\/200\",\"custom_value2\":\"91\",\"custom_value3\":\"Illo quo.\",\"custom_value4\":\"Nemo non voluptates.\",\"type_id\":\"1\",\"tax_id\":\"1\",\"product_cost\":0,\"tax_amount\":39.4,\"date\":\"\",\"task_id\":\"\",\"expense_id\":\"\",\"unit_code\":\"C62\"},{\"quantity\":1,\"cost\":204,\"product_key\":\"Quos.\",\"notes\":\"Itaque magni est.\",\"discount\":0,\"is_amount_discount\":true,\"tax_name1\":\"GST\",\"tax_rate1\":10,\"tax_name2\":\"\",\"tax_rate2\":0,\"tax_name3\":\"\",\"tax_rate3\":0,\"sort_id\":0,\"line_total\":204,\"gross_line_total\":224.4,\"custom_value1\":\"https:\\/\\/picsum.photos\\/200\",\"custom_value2\":\"39\",\"custom_value3\":\"Expedita velit.\",\"custom_value4\":\"Sit ullam id quia.\",\"type_id\":\"1\",\"tax_id\":\"1\",\"product_cost\":0,\"tax_amount\":20.4,\"date\":\"\",\"task_id\":\"\",\"expense_id\":\"\",\"unit_code\":\"C62\"},{\"quantity\":1,\"cost\":607,\"product_key\":\"Maxime.\",\"notes\":\"Sunt rerum.\",\"discount\":0,\"is_amount_discount\":true,\"tax_name1\":\"Sales Tax\",\"tax_rate1\":5,\"tax_name2\":\"\",\"tax_rate2\":0,\"tax_name3\":\"\",\"tax_rate3\":0,\"sort_id\":0,\"line_total\":607,\"gross_line_total\":637.35,\"custom_value1\":\"https:\\/\\/picsum.photos\\/200\",\"custom_value2\":\"18\",\"custom_value3\":\"Quam explicabo.\",\"custom_value4\":\"Deleniti quis ullam.\",\"type_id\":\"1\",\"tax_id\":\"1\",\"product_cost\":0,\"tax_amount\":30.35,\"date\":\"\",\"task_id\":\"\",\"expense_id\":\"\",\"unit_code\":\"C62\"},{\"quantity\":1,\"cost\":69,\"product_key\":\"Ut.\",\"notes\":\"Minima minus quam.\",\"discount\":0,\"is_amount_discount\":true,\"tax_name1\":\"VAT\",\"tax_rate1\":17.5,\"tax_name2\":\"\",\"tax_rate2\":0,\"tax_name3\":\"\",\"tax_rate3\":0,\"sort_id\":0,\"line_total\":69,\"gross_line_total\":81.08,\"custom_value1\":\"https:\\/\\/picsum.photos\\/200\",\"custom_value2\":\"52\",\"custom_value3\":\"Laudantium.\",\"custom_value4\":\"Unde ad perferendis.\",\"type_id\":\"1\",\"tax_id\":\"1\",\"product_cost\":0,\"tax_amount\":12.08,\"date\":\"\",\"task_id\":\"\",\"expense_id\":\"\",\"unit_code\":\"C62\"},{\"quantity\":1,\"cost\":626,\"product_key\":\"Alias.\",\"notes\":\"Rerum quisquam ad.\",\"discount\":0,\"is_amount_discount\":true,\"tax_name1\":\"\",\"tax_rate1\":0,\"tax_name2\":\"\",\"tax_rate2\":0,\"tax_name3\":\"\",\"tax_rate3\":0,\"sort_id\":0,\"line_total\":626,\"gross_line_total\":626,\"custom_value1\":\"https:\\/\\/picsum.photos\\/200\",\"custom_value2\":\"25\",\"custom_value3\":\"Nemo voluptatibus.\",\"custom_value4\":\"Nulla sapiente.\",\"type_id\":\"1\",\"tax_id\":\"1\",\"product_cost\":0,\"tax_amount\":0,\"date\":\"\",\"task_id\":\"\",\"expense_id\":\"\",\"unit_code\":\"C62\"},{\"quantity\":1,\"cost\":995,\"product_key\":\"Quia.\",\"notes\":\"Corrupti numquam.\",\"discount\":0,\"is_amount_discount\":true,\"tax_name1\":\"Sales Tax\",\"tax_rate1\":5,\"tax_name2\":\"\",\"tax_rate2\":0,\"tax_name3\":\"\",\"tax_rate3\":0,\"sort_id\":0,\"line_total\":995,\"gross_line_total\":1044.75,\"custom_value1\":\"https:\\/\\/picsum.photos\\/200\",\"custom_value2\":\"65\",\"custom_value3\":\"Aperiam velit ut.\",\"custom_value4\":\"Maiores quaerat.\",\"type_id\":\"1\",\"tax_id\":\"1\",\"product_cost\":0,\"tax_amount\":49.75,\"date\":\"\",\"task_id\":\"\",\"expense_id\":\"\",\"unit_code\":\"C62\"},{\"quantity\":1,\"cost\":204,\"product_key\":\"Quos.\",\"notes\":\"Itaque magni est.\",\"discount\":0,\"is_amount_discount\":true,\"tax_name1\":\"GST\",\"tax_rate1\":10,\"tax_name2\":\"\",\"tax_rate2\":0,\"tax_name3\":\"\",\"tax_rate3\":0,\"sort_id\":0,\"line_total\":204,\"gross_line_total\":224.4,\"custom_value1\":\"https:\\/\\/picsum.photos\\/200\",\"custom_value2\":\"39\",\"custom_value3\":\"Expedita velit.\",\"custom_value4\":\"Sit ullam id quia.\",\"type_id\":\"1\",\"tax_id\":\"1\",\"product_cost\":0,\"tax_amount\":20.4,\"date\":\"\",\"task_id\":\"\",\"expense_id\":\"\",\"unit_code\":\"C62\"},{\"quantity\":1,\"cost\":869,\"product_key\":\"Quam.\",\"notes\":\"Nisi fugiat qui nam.\",\"discount\":0,\"is_amount_discount\":true,\"tax_name1\":\"\",\"tax_rate1\":0,\"tax_name2\":\"\",\"tax_rate2\":0,\"tax_name3\":\"\",\"tax_rate3\":0,\"sort_id\":0,\"line_total\":869,\"gross_line_total\":869,\"custom_value1\":\"https:\\/\\/picsum.photos\\/200\",\"custom_value2\":\"76\",\"custom_value3\":\"Aut optio.\",\"custom_value4\":\"Nesciunt dolores.\",\"type_id\":\"1\",\"tax_id\":\"1\",\"product_cost\":0,\"tax_amount\":0,\"date\":\"\",\"task_id\":\"\",\"expense_id\":\"\",\"unit_code\":\"C62\"}]', NULL, '', '', '', '', '', 0.000000, '', 0.000000, '', 0.000000, 196.380000, 0, '2015-10-05', 'no', '', '', NULL, NULL, NULL, NULL, NULL, 0, 0, 0, 0, 1.000000, 5038.380000, 5038.380000, 0.000000, NULL, NULL, '2025-07-30 01:41:31.899611', '2025-07-30 01:41:32.097910', NULL, NULL, NULL, NULL, NULL, 0, 0.000000, NULL, 0, 0, NULL, NULL, NULL, 0.000000),
(10, 6, 2, NULL, 2, 2, NULL, NULL, NULL, NULL, '0009', 0.000000, 1, '', '2025-05-19', NULL, NULL, 0, '[{\"quantity\":1,\"cost\":63,\"product_key\":\"Animi.\",\"notes\":\"Nihil autem aliquid.\",\"discount\":0,\"is_amount_discount\":true,\"tax_name1\":\"\",\"tax_rate1\":0,\"tax_name2\":\"\",\"tax_rate2\":0,\"tax_name3\":\"\",\"tax_rate3\":0,\"sort_id\":0,\"line_total\":63,\"gross_line_total\":63,\"custom_value1\":\"https:\\/\\/picsum.photos\\/200\",\"custom_value2\":\"19\",\"custom_value3\":\"Pariatur.\",\"custom_value4\":\"Soluta neque.\",\"type_id\":\"1\",\"tax_id\":\"1\",\"product_cost\":0,\"tax_amount\":0,\"date\":\"\",\"task_id\":\"\",\"expense_id\":\"\",\"unit_code\":\"C62\"},{\"quantity\":1,\"cost\":457,\"product_key\":\"Sed.\",\"notes\":\"Illum quia non.\",\"discount\":0,\"is_amount_discount\":true,\"tax_name1\":\"Sales Tax\",\"tax_rate1\":5,\"tax_name2\":\"\",\"tax_rate2\":0,\"tax_name3\":\"\",\"tax_rate3\":0,\"sort_id\":0,\"line_total\":457,\"gross_line_total\":479.85,\"custom_value1\":\"https:\\/\\/picsum.photos\\/200\",\"custom_value2\":\"10\",\"custom_value3\":\"Accusamus molestiae.\",\"custom_value4\":\"Et possimus debitis.\",\"type_id\":\"1\",\"tax_id\":\"1\",\"product_cost\":0,\"tax_amount\":22.85,\"date\":\"\",\"task_id\":\"\",\"expense_id\":\"\",\"unit_code\":\"C62\"},{\"quantity\":1,\"cost\":298,\"product_key\":\"Dolore.\",\"notes\":\"Excepturi atque.\",\"discount\":0,\"is_amount_discount\":true,\"tax_name1\":\"VAT\",\"tax_rate1\":17.5,\"tax_name2\":\"\",\"tax_rate2\":0,\"tax_name3\":\"\",\"tax_rate3\":0,\"sort_id\":0,\"line_total\":298,\"gross_line_total\":350.15,\"custom_value1\":\"https:\\/\\/picsum.photos\\/200\",\"custom_value2\":\"65\",\"custom_value3\":\"Possimus ut.\",\"custom_value4\":\"Odio quia eos rem.\",\"type_id\":\"1\",\"tax_id\":\"1\",\"product_cost\":0,\"tax_amount\":52.15,\"date\":\"\",\"task_id\":\"\",\"expense_id\":\"\",\"unit_code\":\"C62\"},{\"quantity\":1,\"cost\":58,\"product_key\":\"Cumque.\",\"notes\":\"Quam voluptatem.\",\"discount\":0,\"is_amount_discount\":true,\"tax_name1\":\"VAT\",\"tax_rate1\":17.5,\"tax_name2\":\"\",\"tax_rate2\":0,\"tax_name3\":\"\",\"tax_rate3\":0,\"sort_id\":0,\"line_total\":58,\"gross_line_total\":68.15,\"custom_value1\":\"https:\\/\\/picsum.photos\\/200\",\"custom_value2\":\"74\",\"custom_value3\":\"Sed aut itaque.\",\"custom_value4\":\"Itaque non id.\",\"type_id\":\"1\",\"tax_id\":\"1\",\"product_cost\":0,\"tax_amount\":10.15,\"date\":\"\",\"task_id\":\"\",\"expense_id\":\"\",\"unit_code\":\"C62\"},{\"quantity\":1,\"cost\":804,\"product_key\":\"Est.\",\"notes\":\"Vitae ex aut quia.\",\"discount\":0,\"is_amount_discount\":true,\"tax_name1\":\"Sales Tax\",\"tax_rate1\":5,\"tax_name2\":\"\",\"tax_rate2\":0,\"tax_name3\":\"\",\"tax_rate3\":0,\"sort_id\":0,\"line_total\":804,\"gross_line_total\":844.2,\"custom_value1\":\"https:\\/\\/picsum.photos\\/200\",\"custom_value2\":\"97\",\"custom_value3\":\"Tempora tempora eos.\",\"custom_value4\":\"Sit eveniet quis.\",\"type_id\":\"1\",\"tax_id\":\"1\",\"product_cost\":0,\"tax_amount\":40.2,\"date\":\"\",\"task_id\":\"\",\"expense_id\":\"\",\"unit_code\":\"C62\"}]', NULL, '', '', '', '', 'GST', 10.000000, '', 0.000000, 'CA Sales Tax', 5.000000, 377.350000, 0, '1986-11-06', 'yes', '', '', NULL, NULL, NULL, NULL, NULL, 0, 0, 0, 0, 1.000000, 2057.350000, 2057.350000, 0.000000, NULL, NULL, '2025-07-30 01:41:35.049417', '2025-07-30 01:41:35.222792', NULL, NULL, NULL, NULL, NULL, 0, 0.000000, NULL, 0, 0, NULL, NULL, NULL, 0.000000);
INSERT INTO `invoices` (`id`, `client_id`, `user_id`, `assigned_user_id`, `company_id`, `status_id`, `project_id`, `vendor_id`, `recurring_id`, `design_id`, `number`, `discount`, `is_amount_discount`, `po_number`, `date`, `last_sent_date`, `due_date`, `is_deleted`, `line_items`, `backup`, `footer`, `public_notes`, `private_notes`, `terms`, `tax_name1`, `tax_rate1`, `tax_name2`, `tax_rate2`, `tax_name3`, `tax_rate3`, `total_taxes`, `uses_inclusive_taxes`, `custom_value1`, `custom_value2`, `custom_value3`, `custom_value4`, `next_send_date`, `custom_surcharge1`, `custom_surcharge2`, `custom_surcharge3`, `custom_surcharge4`, `custom_surcharge_tax1`, `custom_surcharge_tax2`, `custom_surcharge_tax3`, `custom_surcharge_tax4`, `exchange_rate`, `amount`, `balance`, `partial`, `partial_due_date`, `last_viewed`, `created_at`, `updated_at`, `deleted_at`, `reminder1_sent`, `reminder2_sent`, `reminder3_sent`, `reminder_last_sent`, `auto_bill_enabled`, `paid_to_date`, `subscription_id`, `auto_bill_tries`, `is_proforma`, `tax_data`, `e_invoice`, `sync`, `gateway_fee`) VALUES
(11, 9, 2, NULL, 2, 4, NULL, NULL, NULL, NULL, '0010', 0.000000, 1, '', '2025-06-10', NULL, NULL, 0, '[{\"quantity\":1,\"cost\":265,\"product_key\":\"Sed.\",\"notes\":\"Dolorem sapiente.\",\"discount\":0,\"is_amount_discount\":true,\"tax_name1\":\"VAT\",\"tax_rate1\":17.5,\"tax_name2\":\"\",\"tax_rate2\":0,\"tax_name3\":\"\",\"tax_rate3\":0,\"sort_id\":0,\"line_total\":265,\"gross_line_total\":311.38,\"custom_value1\":\"https:\\/\\/picsum.photos\\/200\",\"custom_value2\":\"80\",\"custom_value3\":\"Porro omnis sunt ab.\",\"custom_value4\":\"Nam autem voluptas.\",\"type_id\":\"1\",\"tax_id\":\"1\",\"product_cost\":0,\"tax_amount\":46.38,\"date\":\"\",\"task_id\":\"\",\"expense_id\":\"\",\"unit_code\":\"C62\"},{\"quantity\":1,\"cost\":393,\"product_key\":\"Qui.\",\"notes\":\"Quia praesentium.\",\"discount\":0,\"is_amount_discount\":true,\"tax_name1\":\"\",\"tax_rate1\":0,\"tax_name2\":\"\",\"tax_rate2\":0,\"tax_name3\":\"\",\"tax_rate3\":0,\"sort_id\":0,\"line_total\":393,\"gross_line_total\":393,\"custom_value1\":\"https:\\/\\/picsum.photos\\/200\",\"custom_value2\":\"51\",\"custom_value3\":\"Accusantium placeat.\",\"custom_value4\":\"Non eligendi dolor.\",\"type_id\":\"1\",\"tax_id\":\"1\",\"product_cost\":0,\"tax_amount\":0,\"date\":\"\",\"task_id\":\"\",\"expense_id\":\"\",\"unit_code\":\"C62\"},{\"quantity\":1,\"cost\":559,\"product_key\":\"Enim.\",\"notes\":\"Nihil sed nam.\",\"discount\":0,\"is_amount_discount\":true,\"tax_name1\":\"GST\",\"tax_rate1\":10,\"tax_name2\":\"\",\"tax_rate2\":0,\"tax_name3\":\"\",\"tax_rate3\":0,\"sort_id\":0,\"line_total\":559,\"gross_line_total\":614.9,\"custom_value1\":\"https:\\/\\/picsum.photos\\/200\",\"custom_value2\":\"3\",\"custom_value3\":\"Reprehenderit nisi.\",\"custom_value4\":\"Et delectus quaerat.\",\"type_id\":\"1\",\"tax_id\":\"1\",\"product_cost\":0,\"tax_amount\":55.9,\"date\":\"\",\"task_id\":\"\",\"expense_id\":\"\",\"unit_code\":\"C62\"},{\"quantity\":1,\"cost\":204,\"product_key\":\"Quos.\",\"notes\":\"Itaque magni est.\",\"discount\":0,\"is_amount_discount\":true,\"tax_name1\":\"\",\"tax_rate1\":0,\"tax_name2\":\"\",\"tax_rate2\":0,\"tax_name3\":\"\",\"tax_rate3\":0,\"sort_id\":0,\"line_total\":204,\"gross_line_total\":204,\"custom_value1\":\"https:\\/\\/picsum.photos\\/200\",\"custom_value2\":\"39\",\"custom_value3\":\"Expedita velit.\",\"custom_value4\":\"Sit ullam id quia.\",\"type_id\":\"1\",\"tax_id\":\"1\",\"product_cost\":0,\"tax_amount\":0,\"date\":\"\",\"task_id\":\"\",\"expense_id\":\"\",\"unit_code\":\"C62\"},{\"quantity\":1,\"cost\":642,\"product_key\":\"Esse.\",\"notes\":\"Odio neque.\",\"discount\":0,\"is_amount_discount\":true,\"tax_name1\":\"Sales Tax\",\"tax_rate1\":5,\"tax_name2\":\"\",\"tax_rate2\":0,\"tax_name3\":\"\",\"tax_rate3\":0,\"sort_id\":0,\"line_total\":642,\"gross_line_total\":674.1,\"custom_value1\":\"https:\\/\\/picsum.photos\\/200\",\"custom_value2\":\"31\",\"custom_value3\":\"Adipisci ducimus.\",\"custom_value4\":\"Ullam nisi.\",\"type_id\":\"1\",\"tax_id\":\"1\",\"product_cost\":0,\"tax_amount\":32.1,\"date\":\"\",\"task_id\":\"\",\"expense_id\":\"\",\"unit_code\":\"C62\"},{\"quantity\":1,\"cost\":820,\"product_key\":\"In ut.\",\"notes\":\"Voluptates.\",\"discount\":0,\"is_amount_discount\":true,\"tax_name1\":\"GST\",\"tax_rate1\":10,\"tax_name2\":\"\",\"tax_rate2\":0,\"tax_name3\":\"\",\"tax_rate3\":0,\"sort_id\":0,\"line_total\":820,\"gross_line_total\":902,\"custom_value1\":\"https:\\/\\/picsum.photos\\/200\",\"custom_value2\":\"66\",\"custom_value3\":\"Animi deserunt.\",\"custom_value4\":\"Quisquam maxime est.\",\"type_id\":\"1\",\"tax_id\":\"1\",\"product_cost\":0,\"tax_amount\":82,\"date\":\"\",\"task_id\":\"\",\"expense_id\":\"\",\"unit_code\":\"C62\"},{\"quantity\":1,\"cost\":589,\"product_key\":\"Odio.\",\"notes\":\"Autem officia nihil.\",\"discount\":0,\"is_amount_discount\":true,\"tax_name1\":\"GST\",\"tax_rate1\":10,\"tax_name2\":\"\",\"tax_rate2\":0,\"tax_name3\":\"\",\"tax_rate3\":0,\"sort_id\":0,\"line_total\":589,\"gross_line_total\":647.9,\"custom_value1\":\"https:\\/\\/picsum.photos\\/200\",\"custom_value2\":\"95\",\"custom_value3\":\"Veniam in.\",\"custom_value4\":\"Beatae fuga.\",\"type_id\":\"1\",\"tax_id\":\"1\",\"product_cost\":0,\"tax_amount\":58.9,\"date\":\"\",\"task_id\":\"\",\"expense_id\":\"\",\"unit_code\":\"C62\"},{\"quantity\":1,\"cost\":265,\"product_key\":\"Sed.\",\"notes\":\"Dolorem sapiente.\",\"discount\":0,\"is_amount_discount\":true,\"tax_name1\":\"Sales Tax\",\"tax_rate1\":5,\"tax_name2\":\"\",\"tax_rate2\":0,\"tax_name3\":\"\",\"tax_rate3\":0,\"sort_id\":0,\"line_total\":265,\"gross_line_total\":278.25,\"custom_value1\":\"https:\\/\\/picsum.photos\\/200\",\"custom_value2\":\"80\",\"custom_value3\":\"Porro omnis sunt ab.\",\"custom_value4\":\"Nam autem voluptas.\",\"type_id\":\"1\",\"tax_id\":\"1\",\"product_cost\":0,\"tax_amount\":13.25,\"date\":\"\",\"task_id\":\"\",\"expense_id\":\"\",\"unit_code\":\"C62\"},{\"quantity\":1,\"cost\":893,\"product_key\":\"Minus.\",\"notes\":\"Odit consequatur.\",\"discount\":0,\"is_amount_discount\":true,\"tax_name1\":\"Sales Tax\",\"tax_rate1\":5,\"tax_name2\":\"\",\"tax_rate2\":0,\"tax_name3\":\"\",\"tax_rate3\":0,\"sort_id\":0,\"line_total\":893,\"gross_line_total\":937.65,\"custom_value1\":\"https:\\/\\/picsum.photos\\/200\",\"custom_value2\":\"66\",\"custom_value3\":\"Ea similique quis.\",\"custom_value4\":\"Adipisci aliquam.\",\"type_id\":\"1\",\"tax_id\":\"1\",\"product_cost\":0,\"tax_amount\":44.65,\"date\":\"\",\"task_id\":\"\",\"expense_id\":\"\",\"unit_code\":\"C62\"},{\"quantity\":1,\"cost\":933,\"product_key\":\"At et.\",\"notes\":\"Rerum ipsam debitis.\",\"discount\":0,\"is_amount_discount\":true,\"tax_name1\":\"\",\"tax_rate1\":0,\"tax_name2\":\"\",\"tax_rate2\":0,\"tax_name3\":\"\",\"tax_rate3\":0,\"sort_id\":0,\"line_total\":933,\"gross_line_total\":933,\"custom_value1\":\"https:\\/\\/picsum.photos\\/200\",\"custom_value2\":\"4\",\"custom_value3\":\"Repudiandae aliquam.\",\"custom_value4\":\"Itaque at et ex.\",\"type_id\":\"1\",\"tax_id\":\"1\",\"product_cost\":0,\"tax_amount\":0,\"date\":\"\",\"task_id\":\"\",\"expense_id\":\"\",\"unit_code\":\"C62\"}]', NULL, '', '', '', '', '', 0.000000, '', 0.000000, 'CA Sales Tax', 5.000000, 611.330000, 0, '1971-04-15', 'yes', '', '', NULL, NULL, NULL, NULL, NULL, 0, 0, 0, 0, 1.000000, 6174.330000, 0.000000, 0.000000, NULL, NULL, '2025-07-30 01:41:38.157050', '2025-07-30 01:41:40.171071', NULL, NULL, NULL, NULL, NULL, 0, 6174.330000, NULL, 0, 0, NULL, NULL, NULL, 0.000000),
(12, 10, 2, NULL, 2, 2, NULL, NULL, NULL, NULL, '0011', 0.000000, 1, '', '2025-07-15', NULL, NULL, 0, '[{\"quantity\":1,\"cost\":534,\"product_key\":\"Ut sed.\",\"notes\":\"Amet aut doloremque.\",\"discount\":0,\"is_amount_discount\":true,\"tax_name1\":\"Sales Tax\",\"tax_rate1\":5,\"tax_name2\":\"\",\"tax_rate2\":0,\"tax_name3\":\"\",\"tax_rate3\":0,\"sort_id\":0,\"line_total\":534,\"gross_line_total\":560.7,\"custom_value1\":\"https:\\/\\/picsum.photos\\/200\",\"custom_value2\":\"91\",\"custom_value3\":\"Atque aliquam.\",\"custom_value4\":\"Repellendus magni.\",\"type_id\":\"1\",\"tax_id\":\"1\",\"product_cost\":0,\"tax_amount\":26.7,\"date\":\"\",\"task_id\":\"\",\"expense_id\":\"\",\"unit_code\":\"C62\"}]', NULL, '', '', '', '', 'GST', 10.000000, 'VAT', 17.500000, '', 0.000000, 173.550000, 0, '2016-10-29', 'no', '', '', NULL, NULL, NULL, NULL, NULL, 0, 0, 0, 0, 1.000000, 707.550000, 707.550000, 0.000000, NULL, NULL, '2025-07-30 01:41:45.434501', '2025-07-30 01:41:45.627579', NULL, NULL, NULL, NULL, NULL, 0, 0.000000, NULL, 0, 0, NULL, NULL, NULL, 0.000000),
(13, 7, 2, NULL, 2, 2, NULL, NULL, NULL, NULL, '0012', 0.000000, 1, '', '2025-06-30', NULL, NULL, 0, '[{\"quantity\":1,\"cost\":823,\"product_key\":\"Fugit.\",\"notes\":\"Magni quo.\",\"discount\":0,\"is_amount_discount\":true,\"tax_name1\":\"Sales Tax\",\"tax_rate1\":5,\"tax_name2\":\"\",\"tax_rate2\":0,\"tax_name3\":\"\",\"tax_rate3\":0,\"sort_id\":0,\"line_total\":823,\"gross_line_total\":864.15,\"custom_value1\":\"https:\\/\\/picsum.photos\\/200\",\"custom_value2\":\"82\",\"custom_value3\":\"Voluptas.\",\"custom_value4\":\"Repellendus saepe.\",\"type_id\":\"1\",\"tax_id\":\"1\",\"product_cost\":0,\"tax_amount\":41.15,\"date\":\"\",\"task_id\":\"\",\"expense_id\":\"\",\"unit_code\":\"C62\"},{\"quantity\":1,\"cost\":584,\"product_key\":\"Rem.\",\"notes\":\"Et quaerat sed.\",\"discount\":0,\"is_amount_discount\":true,\"tax_name1\":\"VAT\",\"tax_rate1\":17.5,\"tax_name2\":\"\",\"tax_rate2\":0,\"tax_name3\":\"\",\"tax_rate3\":0,\"sort_id\":0,\"line_total\":584,\"gross_line_total\":686.2,\"custom_value1\":\"https:\\/\\/picsum.photos\\/200\",\"custom_value2\":\"92\",\"custom_value3\":\"Temporibus voluptas.\",\"custom_value4\":\"Veniam consequuntur.\",\"type_id\":\"1\",\"tax_id\":\"1\",\"product_cost\":0,\"tax_amount\":102.2,\"date\":\"\",\"task_id\":\"\",\"expense_id\":\"\",\"unit_code\":\"C62\"},{\"quantity\":1,\"cost\":534,\"product_key\":\"Ut sed.\",\"notes\":\"Amet aut doloremque.\",\"discount\":0,\"is_amount_discount\":true,\"tax_name1\":\"Sales Tax\",\"tax_rate1\":5,\"tax_name2\":\"\",\"tax_rate2\":0,\"tax_name3\":\"\",\"tax_rate3\":0,\"sort_id\":0,\"line_total\":534,\"gross_line_total\":560.7,\"custom_value1\":\"https:\\/\\/picsum.photos\\/200\",\"custom_value2\":\"91\",\"custom_value3\":\"Atque aliquam.\",\"custom_value4\":\"Repellendus magni.\",\"type_id\":\"1\",\"tax_id\":\"1\",\"product_cost\":0,\"tax_amount\":26.7,\"date\":\"\",\"task_id\":\"\",\"expense_id\":\"\",\"unit_code\":\"C62\"},{\"quantity\":1,\"cost\":58,\"product_key\":\"Cumque.\",\"notes\":\"Quam voluptatem.\",\"discount\":0,\"is_amount_discount\":true,\"tax_name1\":\"Sales Tax\",\"tax_rate1\":5,\"tax_name2\":\"\",\"tax_rate2\":0,\"tax_name3\":\"\",\"tax_rate3\":0,\"sort_id\":0,\"line_total\":58,\"gross_line_total\":60.9,\"custom_value1\":\"https:\\/\\/picsum.photos\\/200\",\"custom_value2\":\"74\",\"custom_value3\":\"Sed aut itaque.\",\"custom_value4\":\"Itaque non id.\",\"type_id\":\"1\",\"tax_id\":\"1\",\"product_cost\":0,\"tax_amount\":2.9,\"date\":\"\",\"task_id\":\"\",\"expense_id\":\"\",\"unit_code\":\"C62\"},{\"quantity\":1,\"cost\":991,\"product_key\":\"Ut rem.\",\"notes\":\"Dolorem nam.\",\"discount\":0,\"is_amount_discount\":true,\"tax_name1\":\"VAT\",\"tax_rate1\":17.5,\"tax_name2\":\"\",\"tax_rate2\":0,\"tax_name3\":\"\",\"tax_rate3\":0,\"sort_id\":0,\"line_total\":991,\"gross_line_total\":1164.43,\"custom_value1\":\"https:\\/\\/picsum.photos\\/200\",\"custom_value2\":\"84\",\"custom_value3\":\"Cumque adipisci.\",\"custom_value4\":\"Repellat placeat.\",\"type_id\":\"1\",\"tax_id\":\"1\",\"product_cost\":0,\"tax_amount\":173.43,\"date\":\"\",\"task_id\":\"\",\"expense_id\":\"\",\"unit_code\":\"C62\"},{\"quantity\":1,\"cost\":208,\"product_key\":\"Est.\",\"notes\":\"Sint dolorem quidem.\",\"discount\":0,\"is_amount_discount\":true,\"tax_name1\":\"Sales Tax\",\"tax_rate1\":5,\"tax_name2\":\"\",\"tax_rate2\":0,\"tax_name3\":\"\",\"tax_rate3\":0,\"sort_id\":0,\"line_total\":208,\"gross_line_total\":218.4,\"custom_value1\":\"https:\\/\\/picsum.photos\\/200\",\"custom_value2\":\"86\",\"custom_value3\":\"Voluptatem eum.\",\"custom_value4\":\"Qui nemo dolorem.\",\"type_id\":\"1\",\"tax_id\":\"1\",\"product_cost\":0,\"tax_amount\":10.4,\"date\":\"\",\"task_id\":\"\",\"expense_id\":\"\",\"unit_code\":\"C62\"},{\"quantity\":1,\"cost\":9,\"product_key\":\"Eos.\",\"notes\":\"Sed cupiditate non.\",\"discount\":0,\"is_amount_discount\":true,\"tax_name1\":\"Sales Tax\",\"tax_rate1\":5,\"tax_name2\":\"\",\"tax_rate2\":0,\"tax_name3\":\"\",\"tax_rate3\":0,\"sort_id\":0,\"line_total\":9,\"gross_line_total\":9.45,\"custom_value1\":\"https:\\/\\/picsum.photos\\/200\",\"custom_value2\":\"24\",\"custom_value3\":\"Et totam.\",\"custom_value4\":\"Exercitationem qui.\",\"type_id\":\"1\",\"tax_id\":\"1\",\"product_cost\":0,\"tax_amount\":0.45,\"date\":\"\",\"task_id\":\"\",\"expense_id\":\"\",\"unit_code\":\"C62\"}]', NULL, '', '', '', '', '', 0.000000, '', 0.000000, 'CA Sales Tax', 5.000000, 517.580000, 0, '1973-11-16', 'no', '', '', NULL, NULL, NULL, NULL, NULL, 0, 0, 0, 0, 1.000000, 3724.580000, 3724.580000, 0.000000, NULL, NULL, '2025-07-30 01:41:48.285153', '2025-07-30 01:41:48.594236', NULL, NULL, NULL, NULL, NULL, 0, 0.000000, NULL, 0, 0, NULL, NULL, NULL, 0.000000),
(14, 10, 2, NULL, 2, 2, NULL, NULL, NULL, NULL, '0013', 0.000000, 1, '', '2025-07-27', NULL, NULL, 0, '[{\"quantity\":1,\"cost\":383,\"product_key\":\"Odio.\",\"notes\":\"Sapiente sint totam.\",\"discount\":0,\"is_amount_discount\":true,\"tax_name1\":\"GST\",\"tax_rate1\":10,\"tax_name2\":\"\",\"tax_rate2\":0,\"tax_name3\":\"\",\"tax_rate3\":0,\"sort_id\":0,\"line_total\":383,\"gross_line_total\":421.3,\"custom_value1\":\"https:\\/\\/picsum.photos\\/200\",\"custom_value2\":\"73\",\"custom_value3\":\"Vero harum deleniti.\",\"custom_value4\":\"Id autem sit.\",\"type_id\":\"1\",\"tax_id\":\"1\",\"product_cost\":0,\"tax_amount\":38.3,\"date\":\"\",\"task_id\":\"\",\"expense_id\":\"\",\"unit_code\":\"C62\"},{\"quantity\":1,\"cost\":58,\"product_key\":\"Cumque.\",\"notes\":\"Quam voluptatem.\",\"discount\":0,\"is_amount_discount\":true,\"tax_name1\":\"VAT\",\"tax_rate1\":17.5,\"tax_name2\":\"\",\"tax_rate2\":0,\"tax_name3\":\"\",\"tax_rate3\":0,\"sort_id\":0,\"line_total\":58,\"gross_line_total\":68.15,\"custom_value1\":\"https:\\/\\/picsum.photos\\/200\",\"custom_value2\":\"74\",\"custom_value3\":\"Sed aut itaque.\",\"custom_value4\":\"Itaque non id.\",\"type_id\":\"1\",\"tax_id\":\"1\",\"product_cost\":0,\"tax_amount\":10.15,\"date\":\"\",\"task_id\":\"\",\"expense_id\":\"\",\"unit_code\":\"C62\"},{\"quantity\":1,\"cost\":991,\"product_key\":\"Ut rem.\",\"notes\":\"Dolorem nam.\",\"discount\":0,\"is_amount_discount\":true,\"tax_name1\":\"Sales Tax\",\"tax_rate1\":5,\"tax_name2\":\"\",\"tax_rate2\":0,\"tax_name3\":\"\",\"tax_rate3\":0,\"sort_id\":0,\"line_total\":991,\"gross_line_total\":1040.55,\"custom_value1\":\"https:\\/\\/picsum.photos\\/200\",\"custom_value2\":\"84\",\"custom_value3\":\"Cumque adipisci.\",\"custom_value4\":\"Repellat placeat.\",\"type_id\":\"1\",\"tax_id\":\"1\",\"product_cost\":0,\"tax_amount\":49.55,\"date\":\"\",\"task_id\":\"\",\"expense_id\":\"\",\"unit_code\":\"C62\"},{\"quantity\":1,\"cost\":626,\"product_key\":\"Alias.\",\"notes\":\"Rerum quisquam ad.\",\"discount\":0,\"is_amount_discount\":true,\"tax_name1\":\"VAT\",\"tax_rate1\":17.5,\"tax_name2\":\"\",\"tax_rate2\":0,\"tax_name3\":\"\",\"tax_rate3\":0,\"sort_id\":0,\"line_total\":626,\"gross_line_total\":735.55,\"custom_value1\":\"https:\\/\\/picsum.photos\\/200\",\"custom_value2\":\"25\",\"custom_value3\":\"Nemo voluptatibus.\",\"custom_value4\":\"Nulla sapiente.\",\"type_id\":\"1\",\"tax_id\":\"1\",\"product_cost\":0,\"tax_amount\":109.55,\"date\":\"\",\"task_id\":\"\",\"expense_id\":\"\",\"unit_code\":\"C62\"},{\"quantity\":1,\"cost\":350,\"product_key\":\"In.\",\"notes\":\"Aperiam velit.\",\"discount\":0,\"is_amount_discount\":true,\"tax_name1\":\"VAT\",\"tax_rate1\":17.5,\"tax_name2\":\"\",\"tax_rate2\":0,\"tax_name3\":\"\",\"tax_rate3\":0,\"sort_id\":0,\"line_total\":350,\"gross_line_total\":411.25,\"custom_value1\":\"https:\\/\\/picsum.photos\\/200\",\"custom_value2\":\"47\",\"custom_value3\":\"Temporibus.\",\"custom_value4\":\"Et quas ab officiis.\",\"type_id\":\"1\",\"tax_id\":\"1\",\"product_cost\":0,\"tax_amount\":61.25,\"date\":\"\",\"task_id\":\"\",\"expense_id\":\"\",\"unit_code\":\"C62\"},{\"quantity\":1,\"cost\":58,\"product_key\":\"Cumque.\",\"notes\":\"Quam voluptatem.\",\"discount\":0,\"is_amount_discount\":true,\"tax_name1\":\"Sales Tax\",\"tax_rate1\":5,\"tax_name2\":\"\",\"tax_rate2\":0,\"tax_name3\":\"\",\"tax_rate3\":0,\"sort_id\":0,\"line_total\":58,\"gross_line_total\":60.9,\"custom_value1\":\"https:\\/\\/picsum.photos\\/200\",\"custom_value2\":\"74\",\"custom_value3\":\"Sed aut itaque.\",\"custom_value4\":\"Itaque non id.\",\"type_id\":\"1\",\"tax_id\":\"1\",\"product_cost\":0,\"tax_amount\":2.9,\"date\":\"\",\"task_id\":\"\",\"expense_id\":\"\",\"unit_code\":\"C62\"},{\"quantity\":1,\"cost\":559,\"product_key\":\"Enim.\",\"notes\":\"Nihil sed nam.\",\"discount\":0,\"is_amount_discount\":true,\"tax_name1\":\"\",\"tax_rate1\":0,\"tax_name2\":\"\",\"tax_rate2\":0,\"tax_name3\":\"\",\"tax_rate3\":0,\"sort_id\":0,\"line_total\":559,\"gross_line_total\":559,\"custom_value1\":\"https:\\/\\/picsum.photos\\/200\",\"custom_value2\":\"3\",\"custom_value3\":\"Reprehenderit nisi.\",\"custom_value4\":\"Et delectus quaerat.\",\"type_id\":\"1\",\"tax_id\":\"1\",\"product_cost\":0,\"tax_amount\":0,\"date\":\"\",\"task_id\":\"\",\"expense_id\":\"\",\"unit_code\":\"C62\"},{\"quantity\":1,\"cost\":266,\"product_key\":\"Et.\",\"notes\":\"Cupiditate iusto.\",\"discount\":0,\"is_amount_discount\":true,\"tax_name1\":\"Sales Tax\",\"tax_rate1\":5,\"tax_name2\":\"\",\"tax_rate2\":0,\"tax_name3\":\"\",\"tax_rate3\":0,\"sort_id\":0,\"line_total\":266,\"gross_line_total\":279.3,\"custom_value1\":\"https:\\/\\/picsum.photos\\/200\",\"custom_value2\":\"68\",\"custom_value3\":\"Ipsam cumque.\",\"custom_value4\":\"Eum corrupti rerum.\",\"type_id\":\"1\",\"tax_id\":\"1\",\"product_cost\":0,\"tax_amount\":13.3,\"date\":\"\",\"task_id\":\"\",\"expense_id\":\"\",\"unit_code\":\"C62\"},{\"quantity\":1,\"cost\":991,\"product_key\":\"Ut rem.\",\"notes\":\"Dolorem nam.\",\"discount\":0,\"is_amount_discount\":true,\"tax_name1\":\"Sales Tax\",\"tax_rate1\":5,\"tax_name2\":\"\",\"tax_rate2\":0,\"tax_name3\":\"\",\"tax_rate3\":0,\"sort_id\":0,\"line_total\":991,\"gross_line_total\":1040.55,\"custom_value1\":\"https:\\/\\/picsum.photos\\/200\",\"custom_value2\":\"84\",\"custom_value3\":\"Cumque adipisci.\",\"custom_value4\":\"Repellat placeat.\",\"type_id\":\"1\",\"tax_id\":\"1\",\"product_cost\":0,\"tax_amount\":49.55,\"date\":\"\",\"task_id\":\"\",\"expense_id\":\"\",\"unit_code\":\"C62\"}]', NULL, '', '', '', '', '', 0.000000, '', 0.000000, 'CA Sales Tax', 5.000000, 548.650000, 0, '1993-06-24', 'no', '', '', NULL, NULL, NULL, NULL, NULL, 0, 0, 0, 0, 1.000000, 4830.650000, 4830.650000, 0.000000, NULL, NULL, '2025-07-30 01:41:52.106897', '2025-07-30 01:41:52.407141', NULL, NULL, NULL, NULL, NULL, 0, 0.000000, NULL, 0, 0, NULL, NULL, NULL, 0.000000),
(15, 6, 2, NULL, 2, 2, NULL, NULL, NULL, NULL, '0014', 0.000000, 1, '', '2025-05-30', NULL, NULL, 0, '[{\"quantity\":1,\"cost\":362,\"product_key\":\"Dolor.\",\"notes\":\"Dignissimos unde.\",\"discount\":0,\"is_amount_discount\":true,\"tax_name1\":\"Sales Tax\",\"tax_rate1\":5,\"tax_name2\":\"\",\"tax_rate2\":0,\"tax_name3\":\"\",\"tax_rate3\":0,\"sort_id\":0,\"line_total\":362,\"gross_line_total\":380.1,\"custom_value1\":\"https:\\/\\/picsum.photos\\/200\",\"custom_value2\":\"85\",\"custom_value3\":\"Consequatur quo.\",\"custom_value4\":\"Voluptatum.\",\"type_id\":\"1\",\"tax_id\":\"1\",\"product_cost\":0,\"tax_amount\":18.1,\"date\":\"\",\"task_id\":\"\",\"expense_id\":\"\",\"unit_code\":\"C62\"},{\"quantity\":1,\"cost\":733,\"product_key\":\"Fugit.\",\"notes\":\"Sequi tempore.\",\"discount\":0,\"is_amount_discount\":true,\"tax_name1\":\"Sales Tax\",\"tax_rate1\":5,\"tax_name2\":\"\",\"tax_rate2\":0,\"tax_name3\":\"\",\"tax_rate3\":0,\"sort_id\":0,\"line_total\":733,\"gross_line_total\":769.65,\"custom_value1\":\"https:\\/\\/picsum.photos\\/200\",\"custom_value2\":\"29\",\"custom_value3\":\"Et porro quia omnis.\",\"custom_value4\":\"Nihil nihil dicta.\",\"type_id\":\"1\",\"tax_id\":\"1\",\"product_cost\":0,\"tax_amount\":36.65,\"date\":\"\",\"task_id\":\"\",\"expense_id\":\"\",\"unit_code\":\"C62\"},{\"quantity\":1,\"cost\":18,\"product_key\":\"Saepe.\",\"notes\":\"Quia tenetur.\",\"discount\":0,\"is_amount_discount\":true,\"tax_name1\":\"\",\"tax_rate1\":0,\"tax_name2\":\"\",\"tax_rate2\":0,\"tax_name3\":\"\",\"tax_rate3\":0,\"sort_id\":0,\"line_total\":18,\"gross_line_total\":18,\"custom_value1\":\"https:\\/\\/picsum.photos\\/200\",\"custom_value2\":\"75\",\"custom_value3\":\"Debitis saepe quia.\",\"custom_value4\":\"Est voluptatibus.\",\"type_id\":\"1\",\"tax_id\":\"1\",\"product_cost\":0,\"tax_amount\":0,\"date\":\"\",\"task_id\":\"\",\"expense_id\":\"\",\"unit_code\":\"C62\"},{\"quantity\":1,\"cost\":873,\"product_key\":\"In qui.\",\"notes\":\"Dolores id ullam et.\",\"discount\":0,\"is_amount_discount\":true,\"tax_name1\":\"Sales Tax\",\"tax_rate1\":5,\"tax_name2\":\"\",\"tax_rate2\":0,\"tax_name3\":\"\",\"tax_rate3\":0,\"sort_id\":0,\"line_total\":873,\"gross_line_total\":916.65,\"custom_value1\":\"https:\\/\\/picsum.photos\\/200\",\"custom_value2\":\"67\",\"custom_value3\":\"Aut optio est sed.\",\"custom_value4\":\"Nihil et qui fuga.\",\"type_id\":\"1\",\"tax_id\":\"1\",\"product_cost\":0,\"tax_amount\":43.65,\"date\":\"\",\"task_id\":\"\",\"expense_id\":\"\",\"unit_code\":\"C62\"},{\"quantity\":1,\"cost\":836,\"product_key\":\"Libero.\",\"notes\":\"Magni nihil sed sit.\",\"discount\":0,\"is_amount_discount\":true,\"tax_name1\":\"GST\",\"tax_rate1\":10,\"tax_name2\":\"\",\"tax_rate2\":0,\"tax_name3\":\"\",\"tax_rate3\":0,\"sort_id\":0,\"line_total\":836,\"gross_line_total\":919.6,\"custom_value1\":\"https:\\/\\/picsum.photos\\/200\",\"custom_value2\":\"39\",\"custom_value3\":\"Mollitia ipsa.\",\"custom_value4\":\"Tempore placeat et.\",\"type_id\":\"1\",\"tax_id\":\"1\",\"product_cost\":0,\"tax_amount\":83.6,\"date\":\"\",\"task_id\":\"\",\"expense_id\":\"\",\"unit_code\":\"C62\"},{\"quantity\":1,\"cost\":559,\"product_key\":\"Enim.\",\"notes\":\"Nihil sed nam.\",\"discount\":0,\"is_amount_discount\":true,\"tax_name1\":\"Sales Tax\",\"tax_rate1\":5,\"tax_name2\":\"\",\"tax_rate2\":0,\"tax_name3\":\"\",\"tax_rate3\":0,\"sort_id\":0,\"line_total\":559,\"gross_line_total\":586.95,\"custom_value1\":\"https:\\/\\/picsum.photos\\/200\",\"custom_value2\":\"3\",\"custom_value3\":\"Reprehenderit nisi.\",\"custom_value4\":\"Et delectus quaerat.\",\"type_id\":\"1\",\"tax_id\":\"1\",\"product_cost\":0,\"tax_amount\":27.95,\"date\":\"\",\"task_id\":\"\",\"expense_id\":\"\",\"unit_code\":\"C62\"},{\"quantity\":1,\"cost\":208,\"product_key\":\"Nihil.\",\"notes\":\"Eveniet enim aut.\",\"discount\":0,\"is_amount_discount\":true,\"tax_name1\":\"Sales Tax\",\"tax_rate1\":5,\"tax_name2\":\"\",\"tax_rate2\":0,\"tax_name3\":\"\",\"tax_rate3\":0,\"sort_id\":0,\"line_total\":208,\"gross_line_total\":218.4,\"custom_value1\":\"https:\\/\\/picsum.photos\\/200\",\"custom_value2\":\"45\",\"custom_value3\":\"Aliquam error aut.\",\"custom_value4\":\"Et voluptas tenetur.\",\"type_id\":\"1\",\"tax_id\":\"1\",\"product_cost\":0,\"tax_amount\":10.4,\"date\":\"\",\"task_id\":\"\",\"expense_id\":\"\",\"unit_code\":\"C62\"},{\"quantity\":1,\"cost\":795,\"product_key\":\"A eius.\",\"notes\":\"Quibusdam.\",\"discount\":0,\"is_amount_discount\":true,\"tax_name1\":\"VAT\",\"tax_rate1\":17.5,\"tax_name2\":\"\",\"tax_rate2\":0,\"tax_name3\":\"\",\"tax_rate3\":0,\"sort_id\":0,\"line_total\":795,\"gross_line_total\":934.13,\"custom_value1\":\"https:\\/\\/picsum.photos\\/200\",\"custom_value2\":\"38\",\"custom_value3\":\"Aut maxime eos.\",\"custom_value4\":\"Sed voluptatum et.\",\"type_id\":\"1\",\"tax_id\":\"1\",\"product_cost\":0,\"tax_amount\":139.13,\"date\":\"\",\"task_id\":\"\",\"expense_id\":\"\",\"unit_code\":\"C62\"}]', NULL, '', '', '', '', 'GST', 10.000000, '', 0.000000, '', 0.000000, 797.880000, 0, '2017-07-10', 'yes', '', '', NULL, NULL, NULL, NULL, NULL, 0, 0, 0, 0, 1.000000, 5181.880000, 5181.880000, 0.000000, NULL, NULL, '2025-07-30 01:41:55.712000', '2025-07-30 01:41:55.907531', NULL, NULL, NULL, NULL, NULL, 0, 0.000000, NULL, 0, 0, NULL, NULL, NULL, 0.000000),
(16, 2, 2, NULL, 2, 4, NULL, NULL, NULL, NULL, '0015', 0.000000, 1, '', '2025-05-27', NULL, NULL, 0, '[{\"quantity\":1,\"cost\":976,\"product_key\":\"Magni.\",\"notes\":\"Et exercitationem.\",\"discount\":0,\"is_amount_discount\":true,\"tax_name1\":\"Sales Tax\",\"tax_rate1\":5,\"tax_name2\":\"\",\"tax_rate2\":0,\"tax_name3\":\"\",\"tax_rate3\":0,\"sort_id\":0,\"line_total\":976,\"gross_line_total\":1024.8,\"custom_value1\":\"https:\\/\\/picsum.photos\\/200\",\"custom_value2\":\"42\",\"custom_value3\":\"Molestiae.\",\"custom_value4\":\"Atque omnis quae.\",\"type_id\":\"1\",\"tax_id\":\"1\",\"product_cost\":0,\"tax_amount\":48.8,\"date\":\"\",\"task_id\":\"\",\"expense_id\":\"\",\"unit_code\":\"C62\"},{\"quantity\":1,\"cost\":9,\"product_key\":\"Eos.\",\"notes\":\"Sed cupiditate non.\",\"discount\":0,\"is_amount_discount\":true,\"tax_name1\":\"VAT\",\"tax_rate1\":17.5,\"tax_name2\":\"\",\"tax_rate2\":0,\"tax_name3\":\"\",\"tax_rate3\":0,\"sort_id\":0,\"line_total\":9,\"gross_line_total\":10.58,\"custom_value1\":\"https:\\/\\/picsum.photos\\/200\",\"custom_value2\":\"24\",\"custom_value3\":\"Et totam.\",\"custom_value4\":\"Exercitationem qui.\",\"type_id\":\"1\",\"tax_id\":\"1\",\"product_cost\":0,\"tax_amount\":1.58,\"date\":\"\",\"task_id\":\"\",\"expense_id\":\"\",\"unit_code\":\"C62\"},{\"quantity\":1,\"cost\":293,\"product_key\":\"Amet.\",\"notes\":\"Ipsam cumque.\",\"discount\":0,\"is_amount_discount\":true,\"tax_name1\":\"Sales Tax\",\"tax_rate1\":5,\"tax_name2\":\"\",\"tax_rate2\":0,\"tax_name3\":\"\",\"tax_rate3\":0,\"sort_id\":0,\"line_total\":293,\"gross_line_total\":307.65,\"custom_value1\":\"https:\\/\\/picsum.photos\\/200\",\"custom_value2\":\"98\",\"custom_value3\":\"Laborum mollitia.\",\"custom_value4\":\"Qui et ratione est.\",\"type_id\":\"1\",\"tax_id\":\"1\",\"product_cost\":0,\"tax_amount\":14.65,\"date\":\"\",\"task_id\":\"\",\"expense_id\":\"\",\"unit_code\":\"C62\"},{\"quantity\":1,\"cost\":607,\"product_key\":\"Maxime.\",\"notes\":\"Sunt rerum.\",\"discount\":0,\"is_amount_discount\":true,\"tax_name1\":\"Sales Tax\",\"tax_rate1\":5,\"tax_name2\":\"\",\"tax_rate2\":0,\"tax_name3\":\"\",\"tax_rate3\":0,\"sort_id\":0,\"line_total\":607,\"gross_line_total\":637.35,\"custom_value1\":\"https:\\/\\/picsum.photos\\/200\",\"custom_value2\":\"18\",\"custom_value3\":\"Quam explicabo.\",\"custom_value4\":\"Deleniti quis ullam.\",\"type_id\":\"1\",\"tax_id\":\"1\",\"product_cost\":0,\"tax_amount\":30.35,\"date\":\"\",\"task_id\":\"\",\"expense_id\":\"\",\"unit_code\":\"C62\"},{\"quantity\":1,\"cost\":983,\"product_key\":\"Magnam.\",\"notes\":\"Aperiam occaecati.\",\"discount\":0,\"is_amount_discount\":true,\"tax_name1\":\"VAT\",\"tax_rate1\":17.5,\"tax_name2\":\"\",\"tax_rate2\":0,\"tax_name3\":\"\",\"tax_rate3\":0,\"sort_id\":0,\"line_total\":983,\"gross_line_total\":1155.03,\"custom_value1\":\"https:\\/\\/picsum.photos\\/200\",\"custom_value2\":\"81\",\"custom_value3\":\"Eos eum vero omnis.\",\"custom_value4\":\"Dolores repellendus.\",\"type_id\":\"1\",\"tax_id\":\"1\",\"product_cost\":0,\"tax_amount\":172.03,\"date\":\"\",\"task_id\":\"\",\"expense_id\":\"\",\"unit_code\":\"C62\"},{\"quantity\":1,\"cost\":599,\"product_key\":\"Hic.\",\"notes\":\"Quos nihil ut et.\",\"discount\":0,\"is_amount_discount\":true,\"tax_name1\":\"Sales Tax\",\"tax_rate1\":5,\"tax_name2\":\"\",\"tax_rate2\":0,\"tax_name3\":\"\",\"tax_rate3\":0,\"sort_id\":0,\"line_total\":599,\"gross_line_total\":628.95,\"custom_value1\":\"https:\\/\\/picsum.photos\\/200\",\"custom_value2\":\"0\",\"custom_value3\":\"Excepturi qui.\",\"custom_value4\":\"Et rerum illum.\",\"type_id\":\"1\",\"tax_id\":\"1\",\"product_cost\":0,\"tax_amount\":29.95,\"date\":\"\",\"task_id\":\"\",\"expense_id\":\"\",\"unit_code\":\"C62\"}]', NULL, '', '', '', '', 'GST', 10.000000, 'VAT', 17.500000, 'CA Sales Tax', 5.000000, 1424.140000, 0, '1996-08-24', 'yes', '', '', NULL, NULL, NULL, NULL, NULL, 0, 0, 0, 0, 1.000000, 4891.140000, 0.000000, 0.000000, NULL, NULL, '2025-07-30 01:41:58.707304', '2025-07-30 01:41:59.654786', NULL, NULL, NULL, NULL, NULL, 0, 4891.140000, NULL, 0, 0, NULL, NULL, NULL, 0.000000),
(17, 5, 2, NULL, 2, 4, NULL, NULL, NULL, NULL, '0016', 0.000000, 1, '', '2025-07-28', NULL, NULL, 0, '[{\"quantity\":1,\"cost\":733,\"product_key\":\"Fugit.\",\"notes\":\"Sequi tempore.\",\"discount\":0,\"is_amount_discount\":true,\"tax_name1\":\"VAT\",\"tax_rate1\":17.5,\"tax_name2\":\"\",\"tax_rate2\":0,\"tax_name3\":\"\",\"tax_rate3\":0,\"sort_id\":0,\"line_total\":733,\"gross_line_total\":861.28,\"custom_value1\":\"https:\\/\\/picsum.photos\\/200\",\"custom_value2\":\"29\",\"custom_value3\":\"Et porro quia omnis.\",\"custom_value4\":\"Nihil nihil dicta.\",\"type_id\":\"1\",\"tax_id\":\"1\",\"product_cost\":0,\"tax_amount\":128.28,\"date\":\"\",\"task_id\":\"\",\"expense_id\":\"\",\"unit_code\":\"C62\"},{\"quantity\":1,\"cost\":621,\"product_key\":\"Quia.\",\"notes\":\"Suscipit delectus.\",\"discount\":0,\"is_amount_discount\":true,\"tax_name1\":\"Sales Tax\",\"tax_rate1\":5,\"tax_name2\":\"\",\"tax_rate2\":0,\"tax_name3\":\"\",\"tax_rate3\":0,\"sort_id\":0,\"line_total\":621,\"gross_line_total\":652.05,\"custom_value1\":\"https:\\/\\/picsum.photos\\/200\",\"custom_value2\":\"53\",\"custom_value3\":\"Rerum possimus.\",\"custom_value4\":\"Adipisci aut beatae.\",\"type_id\":\"1\",\"tax_id\":\"1\",\"product_cost\":0,\"tax_amount\":31.05,\"date\":\"\",\"task_id\":\"\",\"expense_id\":\"\",\"unit_code\":\"C62\"},{\"quantity\":1,\"cost\":350,\"product_key\":\"In.\",\"notes\":\"Aperiam velit.\",\"discount\":0,\"is_amount_discount\":true,\"tax_name1\":\"Sales Tax\",\"tax_rate1\":5,\"tax_name2\":\"\",\"tax_rate2\":0,\"tax_name3\":\"\",\"tax_rate3\":0,\"sort_id\":0,\"line_total\":350,\"gross_line_total\":367.5,\"custom_value1\":\"https:\\/\\/picsum.photos\\/200\",\"custom_value2\":\"47\",\"custom_value3\":\"Temporibus.\",\"custom_value4\":\"Et quas ab officiis.\",\"type_id\":\"1\",\"tax_id\":\"1\",\"product_cost\":0,\"tax_amount\":17.5,\"date\":\"\",\"task_id\":\"\",\"expense_id\":\"\",\"unit_code\":\"C62\"},{\"quantity\":1,\"cost\":851,\"product_key\":\"Id.\",\"notes\":\"Expedita nihil.\",\"discount\":0,\"is_amount_discount\":true,\"tax_name1\":\"GST\",\"tax_rate1\":10,\"tax_name2\":\"\",\"tax_rate2\":0,\"tax_name3\":\"\",\"tax_rate3\":0,\"sort_id\":0,\"line_total\":851,\"gross_line_total\":936.1,\"custom_value1\":\"https:\\/\\/picsum.photos\\/200\",\"custom_value2\":\"66\",\"custom_value3\":\"Autem voluptate.\",\"custom_value4\":\"Laborum impedit.\",\"type_id\":\"1\",\"tax_id\":\"1\",\"product_cost\":0,\"tax_amount\":85.1,\"date\":\"\",\"task_id\":\"\",\"expense_id\":\"\",\"unit_code\":\"C62\"},{\"quantity\":1,\"cost\":820,\"product_key\":\"In ut.\",\"notes\":\"Voluptates.\",\"discount\":0,\"is_amount_discount\":true,\"tax_name1\":\"VAT\",\"tax_rate1\":17.5,\"tax_name2\":\"\",\"tax_rate2\":0,\"tax_name3\":\"\",\"tax_rate3\":0,\"sort_id\":0,\"line_total\":820,\"gross_line_total\":963.5,\"custom_value1\":\"https:\\/\\/picsum.photos\\/200\",\"custom_value2\":\"66\",\"custom_value3\":\"Animi deserunt.\",\"custom_value4\":\"Quisquam maxime est.\",\"type_id\":\"1\",\"tax_id\":\"1\",\"product_cost\":0,\"tax_amount\":143.5,\"date\":\"\",\"task_id\":\"\",\"expense_id\":\"\",\"unit_code\":\"C62\"},{\"quantity\":1,\"cost\":480,\"product_key\":\"Et.\",\"notes\":\"Eaque sit.\",\"discount\":0,\"is_amount_discount\":true,\"tax_name1\":\"Sales Tax\",\"tax_rate1\":5,\"tax_name2\":\"\",\"tax_rate2\":0,\"tax_name3\":\"\",\"tax_rate3\":0,\"sort_id\":0,\"line_total\":480,\"gross_line_total\":504,\"custom_value1\":\"https:\\/\\/picsum.photos\\/200\",\"custom_value2\":\"45\",\"custom_value3\":\"Accusamus ratione.\",\"custom_value4\":\"Consectetur.\",\"type_id\":\"1\",\"tax_id\":\"1\",\"product_cost\":0,\"tax_amount\":24,\"date\":\"\",\"task_id\":\"\",\"expense_id\":\"\",\"unit_code\":\"C62\"},{\"quantity\":1,\"cost\":661,\"product_key\":\"Odio.\",\"notes\":\"Et illo vero.\",\"discount\":0,\"is_amount_discount\":true,\"tax_name1\":\"VAT\",\"tax_rate1\":17.5,\"tax_name2\":\"\",\"tax_rate2\":0,\"tax_name3\":\"\",\"tax_rate3\":0,\"sort_id\":0,\"line_total\":661,\"gross_line_total\":776.6800000000001,\"custom_value1\":\"https:\\/\\/picsum.photos\\/200\",\"custom_value2\":\"76\",\"custom_value3\":\"Nihil accusamus.\",\"custom_value4\":\"Maiores culpa.\",\"type_id\":\"1\",\"tax_id\":\"1\",\"product_cost\":0,\"tax_amount\":115.68,\"date\":\"\",\"task_id\":\"\",\"expense_id\":\"\",\"unit_code\":\"C62\"},{\"quantity\":1,\"cost\":304,\"product_key\":\"Nisi.\",\"notes\":\"Voluptatum.\",\"discount\":0,\"is_amount_discount\":true,\"tax_name1\":\"Sales Tax\",\"tax_rate1\":5,\"tax_name2\":\"\",\"tax_rate2\":0,\"tax_name3\":\"\",\"tax_rate3\":0,\"sort_id\":0,\"line_total\":304,\"gross_line_total\":319.2,\"custom_value1\":\"https:\\/\\/picsum.photos\\/200\",\"custom_value2\":\"61\",\"custom_value3\":\"Qui aliquid.\",\"custom_value4\":\"Eveniet quasi quia.\",\"type_id\":\"1\",\"tax_id\":\"1\",\"product_cost\":0,\"tax_amount\":15.2,\"date\":\"\",\"task_id\":\"\",\"expense_id\":\"\",\"unit_code\":\"C62\"},{\"quantity\":1,\"cost\":240,\"product_key\":\"Et.\",\"notes\":\"Cumque aspernatur.\",\"discount\":0,\"is_amount_discount\":true,\"tax_name1\":\"VAT\",\"tax_rate1\":17.5,\"tax_name2\":\"\",\"tax_rate2\":0,\"tax_name3\":\"\",\"tax_rate3\":0,\"sort_id\":0,\"line_total\":240,\"gross_line_total\":282,\"custom_value1\":\"https:\\/\\/picsum.photos\\/200\",\"custom_value2\":\"54\",\"custom_value3\":\"Cumque et ut rerum.\",\"custom_value4\":\"Eum nobis quis est.\",\"type_id\":\"1\",\"tax_id\":\"1\",\"product_cost\":0,\"tax_amount\":42,\"date\":\"\",\"task_id\":\"\",\"expense_id\":\"\",\"unit_code\":\"C62\"}]', NULL, '', '', '', '', '', 0.000000, '', 0.000000, '', 0.000000, 602.310000, 0, '1995-06-07', 'no', '', '', NULL, NULL, NULL, NULL, NULL, 0, 0, 0, 0, 1.000000, 5662.310000, 0.000000, 0.000000, NULL, NULL, '2025-07-30 01:42:03.049098', '2025-07-30 01:42:04.990541', NULL, NULL, NULL, NULL, NULL, 0, 5662.310000, NULL, 0, 0, NULL, NULL, NULL, 0.000000),
(18, 9, 2, NULL, 2, 2, NULL, NULL, NULL, NULL, '0017', 0.000000, 1, '', '2025-07-02', NULL, NULL, 0, '[{\"quantity\":1,\"cost\":252,\"product_key\":\"Sequi.\",\"notes\":\"Modi dolor commodi.\",\"discount\":0,\"is_amount_discount\":true,\"tax_name1\":\"Sales Tax\",\"tax_rate1\":5,\"tax_name2\":\"\",\"tax_rate2\":0,\"tax_name3\":\"\",\"tax_rate3\":0,\"sort_id\":0,\"line_total\":252,\"gross_line_total\":264.6,\"custom_value1\":\"https:\\/\\/picsum.photos\\/200\",\"custom_value2\":\"2\",\"custom_value3\":\"Omnis voluptatem.\",\"custom_value4\":\"Non omnis aut optio.\",\"type_id\":\"1\",\"tax_id\":\"1\",\"product_cost\":0,\"tax_amount\":12.6,\"date\":\"\",\"task_id\":\"\",\"expense_id\":\"\",\"unit_code\":\"C62\"},{\"quantity\":1,\"cost\":371,\"product_key\":\"Et.\",\"notes\":\"Occaecati ut.\",\"discount\":0,\"is_amount_discount\":true,\"tax_name1\":\"Sales Tax\",\"tax_rate1\":5,\"tax_name2\":\"\",\"tax_rate2\":0,\"tax_name3\":\"\",\"tax_rate3\":0,\"sort_id\":0,\"line_total\":371,\"gross_line_total\":389.55,\"custom_value1\":\"https:\\/\\/picsum.photos\\/200\",\"custom_value2\":\"74\",\"custom_value3\":\"Eligendi vel.\",\"custom_value4\":\"Commodi vitae qui.\",\"type_id\":\"1\",\"tax_id\":\"1\",\"product_cost\":0,\"tax_amount\":18.55,\"date\":\"\",\"task_id\":\"\",\"expense_id\":\"\",\"unit_code\":\"C62\"},{\"quantity\":1,\"cost\":36,\"product_key\":\"Ut sed.\",\"notes\":\"Quaerat consequatur.\",\"discount\":0,\"is_amount_discount\":true,\"tax_name1\":\"\",\"tax_rate1\":0,\"tax_name2\":\"\",\"tax_rate2\":0,\"tax_name3\":\"\",\"tax_rate3\":0,\"sort_id\":0,\"line_total\":36,\"gross_line_total\":36,\"custom_value1\":\"https:\\/\\/picsum.photos\\/200\",\"custom_value2\":\"29\",\"custom_value3\":\"Qui debitis sint.\",\"custom_value4\":\"Quia qui quisquam.\",\"type_id\":\"1\",\"tax_id\":\"1\",\"product_cost\":0,\"tax_amount\":0,\"date\":\"\",\"task_id\":\"\",\"expense_id\":\"\",\"unit_code\":\"C62\"},{\"quantity\":1,\"cost\":995,\"product_key\":\"Quia.\",\"notes\":\"Corrupti numquam.\",\"discount\":0,\"is_amount_discount\":true,\"tax_name1\":\"Sales Tax\",\"tax_rate1\":5,\"tax_name2\":\"\",\"tax_rate2\":0,\"tax_name3\":\"\",\"tax_rate3\":0,\"sort_id\":0,\"line_total\":995,\"gross_line_total\":1044.75,\"custom_value1\":\"https:\\/\\/picsum.photos\\/200\",\"custom_value2\":\"65\",\"custom_value3\":\"Aperiam velit ut.\",\"custom_value4\":\"Maiores quaerat.\",\"type_id\":\"1\",\"tax_id\":\"1\",\"product_cost\":0,\"tax_amount\":49.75,\"date\":\"\",\"task_id\":\"\",\"expense_id\":\"\",\"unit_code\":\"C62\"},{\"quantity\":1,\"cost\":266,\"product_key\":\"Et.\",\"notes\":\"Cupiditate iusto.\",\"discount\":0,\"is_amount_discount\":true,\"tax_name1\":\"Sales Tax\",\"tax_rate1\":5,\"tax_name2\":\"\",\"tax_rate2\":0,\"tax_name3\":\"\",\"tax_rate3\":0,\"sort_id\":0,\"line_total\":266,\"gross_line_total\":279.3,\"custom_value1\":\"https:\\/\\/picsum.photos\\/200\",\"custom_value2\":\"68\",\"custom_value3\":\"Ipsam cumque.\",\"custom_value4\":\"Eum corrupti rerum.\",\"type_id\":\"1\",\"tax_id\":\"1\",\"product_cost\":0,\"tax_amount\":13.3,\"date\":\"\",\"task_id\":\"\",\"expense_id\":\"\",\"unit_code\":\"C62\"},{\"quantity\":1,\"cost\":611,\"product_key\":\"Qui.\",\"notes\":\"Est cum eligendi ab.\",\"discount\":0,\"is_amount_discount\":true,\"tax_name1\":\"Sales Tax\",\"tax_rate1\":5,\"tax_name2\":\"\",\"tax_rate2\":0,\"tax_name3\":\"\",\"tax_rate3\":0,\"sort_id\":0,\"line_total\":611,\"gross_line_total\":641.55,\"custom_value1\":\"https:\\/\\/picsum.photos\\/200\",\"custom_value2\":\"28\",\"custom_value3\":\"Veritatis.\",\"custom_value4\":\"Culpa ut ratione.\",\"type_id\":\"1\",\"tax_id\":\"1\",\"product_cost\":0,\"tax_amount\":30.55,\"date\":\"\",\"task_id\":\"\",\"expense_id\":\"\",\"unit_code\":\"C62\"},{\"quantity\":1,\"cost\":733,\"product_key\":\"Fugit.\",\"notes\":\"Sequi tempore.\",\"discount\":0,\"is_amount_discount\":true,\"tax_name1\":\"GST\",\"tax_rate1\":10,\"tax_name2\":\"\",\"tax_rate2\":0,\"tax_name3\":\"\",\"tax_rate3\":0,\"sort_id\":0,\"line_total\":733,\"gross_line_total\":806.3,\"custom_value1\":\"https:\\/\\/picsum.photos\\/200\",\"custom_value2\":\"29\",\"custom_value3\":\"Et porro quia omnis.\",\"custom_value4\":\"Nihil nihil dicta.\",\"type_id\":\"1\",\"tax_id\":\"1\",\"product_cost\":0,\"tax_amount\":73.3,\"date\":\"\",\"task_id\":\"\",\"expense_id\":\"\",\"unit_code\":\"C62\"},{\"quantity\":1,\"cost\":933,\"product_key\":\"At et.\",\"notes\":\"Rerum ipsam debitis.\",\"discount\":0,\"is_amount_discount\":true,\"tax_name1\":\"Sales Tax\",\"tax_rate1\":5,\"tax_name2\":\"\",\"tax_rate2\":0,\"tax_name3\":\"\",\"tax_rate3\":0,\"sort_id\":0,\"line_total\":933,\"gross_line_total\":979.65,\"custom_value1\":\"https:\\/\\/picsum.photos\\/200\",\"custom_value2\":\"4\",\"custom_value3\":\"Repudiandae aliquam.\",\"custom_value4\":\"Itaque at et ex.\",\"type_id\":\"1\",\"tax_id\":\"1\",\"product_cost\":0,\"tax_amount\":46.65,\"date\":\"\",\"task_id\":\"\",\"expense_id\":\"\",\"unit_code\":\"C62\"},{\"quantity\":1,\"cost\":364,\"product_key\":\"Illo.\",\"notes\":\"Iste et sapiente.\",\"discount\":0,\"is_amount_discount\":true,\"tax_name1\":\"VAT\",\"tax_rate1\":17.5,\"tax_name2\":\"\",\"tax_rate2\":0,\"tax_name3\":\"\",\"tax_rate3\":0,\"sort_id\":0,\"line_total\":364,\"gross_line_total\":427.7,\"custom_value1\":\"https:\\/\\/picsum.photos\\/200\",\"custom_value2\":\"51\",\"custom_value3\":\"Eaque non labore.\",\"custom_value4\":\"Tempore qui odit.\",\"type_id\":\"1\",\"tax_id\":\"1\",\"product_cost\":0,\"tax_amount\":63.7,\"date\":\"\",\"task_id\":\"\",\"expense_id\":\"\",\"unit_code\":\"C62\"},{\"quantity\":1,\"cost\":58,\"product_key\":\"Cumque.\",\"notes\":\"Quam voluptatem.\",\"discount\":0,\"is_amount_discount\":true,\"tax_name1\":\"Sales Tax\",\"tax_rate1\":5,\"tax_name2\":\"\",\"tax_rate2\":0,\"tax_name3\":\"\",\"tax_rate3\":0,\"sort_id\":0,\"line_total\":58,\"gross_line_total\":60.9,\"custom_value1\":\"https:\\/\\/picsum.photos\\/200\",\"custom_value2\":\"74\",\"custom_value3\":\"Sed aut itaque.\",\"custom_value4\":\"Itaque non id.\",\"type_id\":\"1\",\"tax_id\":\"1\",\"product_cost\":0,\"tax_amount\":2.9,\"date\":\"\",\"task_id\":\"\",\"expense_id\":\"\",\"unit_code\":\"C62\"}]', NULL, '', '', '', '', '', 0.000000, '', 0.000000, 'CA Sales Tax', 5.000000, 542.250000, 0, '1989-12-17', 'yes', '', '', NULL, NULL, NULL, NULL, NULL, 0, 0, 0, 0, 1.000000, 5161.250000, 5161.250000, 0.000000, NULL, NULL, '2025-07-30 01:42:10.041280', '2025-07-30 01:42:10.407440', NULL, NULL, NULL, NULL, NULL, 0, 0.000000, NULL, 0, 0, NULL, NULL, NULL, 0.000000),
(19, 5, 2, NULL, 2, 2, NULL, NULL, NULL, NULL, '0018', 0.000000, 1, '', '2025-06-22', NULL, NULL, 0, '[{\"quantity\":1,\"cost\":823,\"product_key\":\"Fugit.\",\"notes\":\"Magni quo.\",\"discount\":0,\"is_amount_discount\":true,\"tax_name1\":\"VAT\",\"tax_rate1\":17.5,\"tax_name2\":\"\",\"tax_rate2\":0,\"tax_name3\":\"\",\"tax_rate3\":0,\"sort_id\":0,\"line_total\":823,\"gross_line_total\":967.03,\"custom_value1\":\"https:\\/\\/picsum.photos\\/200\",\"custom_value2\":\"82\",\"custom_value3\":\"Voluptas.\",\"custom_value4\":\"Repellendus saepe.\",\"type_id\":\"1\",\"tax_id\":\"1\",\"product_cost\":0,\"tax_amount\":144.03,\"date\":\"\",\"task_id\":\"\",\"expense_id\":\"\",\"unit_code\":\"C62\"},{\"quantity\":1,\"cost\":374,\"product_key\":\"Hic ut.\",\"notes\":\"Autem autem sint.\",\"discount\":0,\"is_amount_discount\":true,\"tax_name1\":\"Sales Tax\",\"tax_rate1\":5,\"tax_name2\":\"\",\"tax_rate2\":0,\"tax_name3\":\"\",\"tax_rate3\":0,\"sort_id\":0,\"line_total\":374,\"gross_line_total\":392.7,\"custom_value1\":\"https:\\/\\/picsum.photos\\/200\",\"custom_value2\":\"85\",\"custom_value3\":\"Totam accusantium.\",\"custom_value4\":\"Voluptates quos.\",\"type_id\":\"1\",\"tax_id\":\"1\",\"product_cost\":0,\"tax_amount\":18.7,\"date\":\"\",\"task_id\":\"\",\"expense_id\":\"\",\"unit_code\":\"C62\"}]', NULL, '', '', '', '', '', 0.000000, '', 0.000000, '', 0.000000, 162.730000, 0, '1980-08-18', 'yes', '', '', NULL, NULL, NULL, NULL, NULL, 0, 0, 0, 0, 1.000000, 1359.730000, 1359.730000, 0.000000, NULL, NULL, '2025-07-30 01:42:14.663095', '2025-07-30 01:42:14.846529', NULL, NULL, NULL, NULL, NULL, 0, 0.000000, NULL, 0, 0, NULL, NULL, NULL, 0.000000),
(20, 9, 2, NULL, 2, 2, NULL, NULL, NULL, NULL, '0019', 0.000000, 1, '', '2025-05-16', NULL, NULL, 0, '[{\"quantity\":1,\"cost\":266,\"product_key\":\"Et.\",\"notes\":\"Cupiditate iusto.\",\"discount\":0,\"is_amount_discount\":true,\"tax_name1\":\"Sales Tax\",\"tax_rate1\":5,\"tax_name2\":\"\",\"tax_rate2\":0,\"tax_name3\":\"\",\"tax_rate3\":0,\"sort_id\":0,\"line_total\":266,\"gross_line_total\":279.3,\"custom_value1\":\"https:\\/\\/picsum.photos\\/200\",\"custom_value2\":\"68\",\"custom_value3\":\"Ipsam cumque.\",\"custom_value4\":\"Eum corrupti rerum.\",\"type_id\":\"1\",\"tax_id\":\"1\",\"product_cost\":0,\"tax_amount\":13.3,\"date\":\"\",\"task_id\":\"\",\"expense_id\":\"\",\"unit_code\":\"C62\"},{\"quantity\":1,\"cost\":265,\"product_key\":\"Sed.\",\"notes\":\"Dolorem sapiente.\",\"discount\":0,\"is_amount_discount\":true,\"tax_name1\":\"\",\"tax_rate1\":0,\"tax_name2\":\"\",\"tax_rate2\":0,\"tax_name3\":\"\",\"tax_rate3\":0,\"sort_id\":0,\"line_total\":265,\"gross_line_total\":265,\"custom_value1\":\"https:\\/\\/picsum.photos\\/200\",\"custom_value2\":\"80\",\"custom_value3\":\"Porro omnis sunt ab.\",\"custom_value4\":\"Nam autem voluptas.\",\"type_id\":\"1\",\"tax_id\":\"1\",\"product_cost\":0,\"tax_amount\":0,\"date\":\"\",\"task_id\":\"\",\"expense_id\":\"\",\"unit_code\":\"C62\"},{\"quantity\":1,\"cost\":530,\"product_key\":\"In.\",\"notes\":\"Laborum omnis quia.\",\"discount\":0,\"is_amount_discount\":true,\"tax_name1\":\"Sales Tax\",\"tax_rate1\":5,\"tax_name2\":\"\",\"tax_rate2\":0,\"tax_name3\":\"\",\"tax_rate3\":0,\"sort_id\":0,\"line_total\":530,\"gross_line_total\":556.5,\"custom_value1\":\"https:\\/\\/picsum.photos\\/200\",\"custom_value2\":\"90\",\"custom_value3\":\"Corrupti dolorum.\",\"custom_value4\":\"Quo ab doloribus.\",\"type_id\":\"1\",\"tax_id\":\"1\",\"product_cost\":0,\"tax_amount\":26.5,\"date\":\"\",\"task_id\":\"\",\"expense_id\":\"\",\"unit_code\":\"C62\"},{\"quantity\":1,\"cost\":795,\"product_key\":\"A eius.\",\"notes\":\"Quibusdam.\",\"discount\":0,\"is_amount_discount\":true,\"tax_name1\":\"VAT\",\"tax_rate1\":17.5,\"tax_name2\":\"\",\"tax_rate2\":0,\"tax_name3\":\"\",\"tax_rate3\":0,\"sort_id\":0,\"line_total\":795,\"gross_line_total\":934.13,\"custom_value1\":\"https:\\/\\/picsum.photos\\/200\",\"custom_value2\":\"38\",\"custom_value3\":\"Aut maxime eos.\",\"custom_value4\":\"Sed voluptatum et.\",\"type_id\":\"1\",\"tax_id\":\"1\",\"product_cost\":0,\"tax_amount\":139.13,\"date\":\"\",\"task_id\":\"\",\"expense_id\":\"\",\"unit_code\":\"C62\"},{\"quantity\":1,\"cost\":64,\"product_key\":\"Quis.\",\"notes\":\"Soluta maxime ea.\",\"discount\":0,\"is_amount_discount\":true,\"tax_name1\":\"\",\"tax_rate1\":0,\"tax_name2\":\"\",\"tax_rate2\":0,\"tax_name3\":\"\",\"tax_rate3\":0,\"sort_id\":0,\"line_total\":64,\"gross_line_total\":64,\"custom_value1\":\"https:\\/\\/picsum.photos\\/200\",\"custom_value2\":\"81\",\"custom_value3\":\"Laudantium aut.\",\"custom_value4\":\"Provident.\",\"type_id\":\"1\",\"tax_id\":\"1\",\"product_cost\":0,\"tax_amount\":0,\"date\":\"\",\"task_id\":\"\",\"expense_id\":\"\",\"unit_code\":\"C62\"},{\"quantity\":1,\"cost\":36,\"product_key\":\"Ut sed.\",\"notes\":\"Quaerat consequatur.\",\"discount\":0,\"is_amount_discount\":true,\"tax_name1\":\"Sales Tax\",\"tax_rate1\":5,\"tax_name2\":\"\",\"tax_rate2\":0,\"tax_name3\":\"\",\"tax_rate3\":0,\"sort_id\":0,\"line_total\":36,\"gross_line_total\":37.8,\"custom_value1\":\"https:\\/\\/picsum.photos\\/200\",\"custom_value2\":\"29\",\"custom_value3\":\"Qui debitis sint.\",\"custom_value4\":\"Quia qui quisquam.\",\"type_id\":\"1\",\"tax_id\":\"1\",\"product_cost\":0,\"tax_amount\":1.8,\"date\":\"\",\"task_id\":\"\",\"expense_id\":\"\",\"unit_code\":\"C62\"},{\"quantity\":1,\"cost\":303,\"product_key\":\"Porro.\",\"notes\":\"Quae numquam.\",\"discount\":0,\"is_amount_discount\":true,\"tax_name1\":\"VAT\",\"tax_rate1\":17.5,\"tax_name2\":\"\",\"tax_rate2\":0,\"tax_name3\":\"\",\"tax_rate3\":0,\"sort_id\":0,\"line_total\":303,\"gross_line_total\":356.03,\"custom_value1\":\"https:\\/\\/picsum.photos\\/200\",\"custom_value2\":\"93\",\"custom_value3\":\"Corrupti.\",\"custom_value4\":\"Rerum hic et est.\",\"type_id\":\"1\",\"tax_id\":\"1\",\"product_cost\":0,\"tax_amount\":53.03,\"date\":\"\",\"task_id\":\"\",\"expense_id\":\"\",\"unit_code\":\"C62\"},{\"quantity\":1,\"cost\":851,\"product_key\":\"Id.\",\"notes\":\"Expedita nihil.\",\"discount\":0,\"is_amount_discount\":true,\"tax_name1\":\"Sales Tax\",\"tax_rate1\":5,\"tax_name2\":\"\",\"tax_rate2\":0,\"tax_name3\":\"\",\"tax_rate3\":0,\"sort_id\":0,\"line_total\":851,\"gross_line_total\":893.55,\"custom_value1\":\"https:\\/\\/picsum.photos\\/200\",\"custom_value2\":\"66\",\"custom_value3\":\"Autem voluptate.\",\"custom_value4\":\"Laborum impedit.\",\"type_id\":\"1\",\"tax_id\":\"1\",\"product_cost\":0,\"tax_amount\":42.55,\"date\":\"\",\"task_id\":\"\",\"expense_id\":\"\",\"unit_code\":\"C62\"},{\"quantity\":1,\"cost\":64,\"product_key\":\"Quis.\",\"notes\":\"Soluta maxime ea.\",\"discount\":0,\"is_amount_discount\":true,\"tax_name1\":\"GST\",\"tax_rate1\":10,\"tax_name2\":\"\",\"tax_rate2\":0,\"tax_name3\":\"\",\"tax_rate3\":0,\"sort_id\":0,\"line_total\":64,\"gross_line_total\":70.4,\"custom_value1\":\"https:\\/\\/picsum.photos\\/200\",\"custom_value2\":\"81\",\"custom_value3\":\"Laudantium aut.\",\"custom_value4\":\"Provident.\",\"type_id\":\"1\",\"tax_id\":\"1\",\"product_cost\":0,\"tax_amount\":6.4,\"date\":\"\",\"task_id\":\"\",\"expense_id\":\"\",\"unit_code\":\"C62\"},{\"quantity\":1,\"cost\":739,\"product_key\":\"Et cum.\",\"notes\":\"Voluptatem est ad.\",\"discount\":0,\"is_amount_discount\":true,\"tax_name1\":\"\",\"tax_rate1\":0,\"tax_name2\":\"\",\"tax_rate2\":0,\"tax_name3\":\"\",\"tax_rate3\":0,\"sort_id\":0,\"line_total\":739,\"gross_line_total\":739,\"custom_value1\":\"https:\\/\\/picsum.photos\\/200\",\"custom_value2\":\"68\",\"custom_value3\":\"Ea sit ex assumenda.\",\"custom_value4\":\"Et nihil ut.\",\"type_id\":\"1\",\"tax_id\":\"1\",\"product_cost\":0,\"tax_amount\":0,\"date\":\"\",\"task_id\":\"\",\"expense_id\":\"\",\"unit_code\":\"C62\"}]', NULL, '', '', '', '', 'GST', 10.000000, 'VAT', 17.500000, 'CA Sales Tax', 5.000000, 1554.440000, 0, '2007-09-15', 'no', '', '', NULL, NULL, NULL, NULL, NULL, 0, 0, 0, 0, 1.000000, 5467.440000, 5467.440000, 0.000000, NULL, NULL, '2025-07-30 01:42:17.081093', '2025-07-30 01:42:17.346936', NULL, NULL, NULL, NULL, NULL, 0, 0.000000, NULL, 0, 0, NULL, NULL, NULL, 0.000000);
INSERT INTO `invoices` (`id`, `client_id`, `user_id`, `assigned_user_id`, `company_id`, `status_id`, `project_id`, `vendor_id`, `recurring_id`, `design_id`, `number`, `discount`, `is_amount_discount`, `po_number`, `date`, `last_sent_date`, `due_date`, `is_deleted`, `line_items`, `backup`, `footer`, `public_notes`, `private_notes`, `terms`, `tax_name1`, `tax_rate1`, `tax_name2`, `tax_rate2`, `tax_name3`, `tax_rate3`, `total_taxes`, `uses_inclusive_taxes`, `custom_value1`, `custom_value2`, `custom_value3`, `custom_value4`, `next_send_date`, `custom_surcharge1`, `custom_surcharge2`, `custom_surcharge3`, `custom_surcharge4`, `custom_surcharge_tax1`, `custom_surcharge_tax2`, `custom_surcharge_tax3`, `custom_surcharge_tax4`, `exchange_rate`, `amount`, `balance`, `partial`, `partial_due_date`, `last_viewed`, `created_at`, `updated_at`, `deleted_at`, `reminder1_sent`, `reminder2_sent`, `reminder3_sent`, `reminder_last_sent`, `auto_bill_enabled`, `paid_to_date`, `subscription_id`, `auto_bill_tries`, `is_proforma`, `tax_data`, `e_invoice`, `sync`, `gateway_fee`) VALUES
(21, 4, 2, NULL, 2, 2, NULL, NULL, NULL, NULL, '0020', 0.000000, 1, '', '2025-06-10', NULL, NULL, 0, '[{\"quantity\":1,\"cost\":208,\"product_key\":\"Est.\",\"notes\":\"Sint dolorem quidem.\",\"discount\":0,\"is_amount_discount\":true,\"tax_name1\":\"Sales Tax\",\"tax_rate1\":5,\"tax_name2\":\"\",\"tax_rate2\":0,\"tax_name3\":\"\",\"tax_rate3\":0,\"sort_id\":0,\"line_total\":208,\"gross_line_total\":218.4,\"custom_value1\":\"https:\\/\\/picsum.photos\\/200\",\"custom_value2\":\"86\",\"custom_value3\":\"Voluptatem eum.\",\"custom_value4\":\"Qui nemo dolorem.\",\"type_id\":\"1\",\"tax_id\":\"1\",\"product_cost\":0,\"tax_amount\":10.4,\"date\":\"\",\"task_id\":\"\",\"expense_id\":\"\",\"unit_code\":\"C62\"},{\"quantity\":1,\"cost\":530,\"product_key\":\"In.\",\"notes\":\"Laborum omnis quia.\",\"discount\":0,\"is_amount_discount\":true,\"tax_name1\":\"Sales Tax\",\"tax_rate1\":5,\"tax_name2\":\"\",\"tax_rate2\":0,\"tax_name3\":\"\",\"tax_rate3\":0,\"sort_id\":0,\"line_total\":530,\"gross_line_total\":556.5,\"custom_value1\":\"https:\\/\\/picsum.photos\\/200\",\"custom_value2\":\"90\",\"custom_value3\":\"Corrupti dolorum.\",\"custom_value4\":\"Quo ab doloribus.\",\"type_id\":\"1\",\"tax_id\":\"1\",\"product_cost\":0,\"tax_amount\":26.5,\"date\":\"\",\"task_id\":\"\",\"expense_id\":\"\",\"unit_code\":\"C62\"},{\"quantity\":1,\"cost\":742,\"product_key\":\"Qui ut.\",\"notes\":\"Soluta et fugiat.\",\"discount\":0,\"is_amount_discount\":true,\"tax_name1\":\"Sales Tax\",\"tax_rate1\":5,\"tax_name2\":\"\",\"tax_rate2\":0,\"tax_name3\":\"\",\"tax_rate3\":0,\"sort_id\":0,\"line_total\":742,\"gross_line_total\":779.1,\"custom_value1\":\"https:\\/\\/picsum.photos\\/200\",\"custom_value2\":\"37\",\"custom_value3\":\"Ipsam optio fugit.\",\"custom_value4\":\"Laborum optio ea.\",\"type_id\":\"1\",\"tax_id\":\"1\",\"product_cost\":0,\"tax_amount\":37.1,\"date\":\"\",\"task_id\":\"\",\"expense_id\":\"\",\"unit_code\":\"C62\"}]', NULL, '', '', '', '', 'GST', 10.000000, 'VAT', 17.500000, 'CA Sales Tax', 5.000000, 555.000000, 0, '2012-11-04', 'no', '', '', NULL, NULL, NULL, NULL, NULL, 0, 0, 0, 0, 1.000000, 2035.000000, 2035.000000, 0.000000, NULL, NULL, '2025-07-30 01:42:21.134161', '2025-07-30 01:42:21.342155', NULL, NULL, NULL, NULL, NULL, 0, 0.000000, NULL, 0, 0, NULL, NULL, NULL, 0.000000);

-- --------------------------------------------------------

--
-- Table structure for table `invoice_invitations`
--

CREATE TABLE `invoice_invitations` (
  `id` int(10) UNSIGNED NOT NULL,
  `company_id` int(10) UNSIGNED NOT NULL,
  `user_id` int(10) UNSIGNED NOT NULL,
  `client_contact_id` int(10) UNSIGNED NOT NULL,
  `invoice_id` int(10) UNSIGNED NOT NULL,
  `key` varchar(191) NOT NULL,
  `transaction_reference` varchar(191) DEFAULT NULL,
  `message_id` varchar(191) DEFAULT NULL,
  `email_error` mediumtext DEFAULT NULL,
  `signature_base64` text DEFAULT NULL,
  `signature_date` datetime DEFAULT NULL,
  `sent_date` datetime DEFAULT NULL,
  `viewed_date` datetime DEFAULT NULL,
  `opened_date` datetime DEFAULT NULL,
  `created_at` timestamp(6) NULL DEFAULT NULL,
  `updated_at` timestamp(6) NULL DEFAULT NULL,
  `deleted_at` timestamp(6) NULL DEFAULT NULL,
  `signature_ip` text DEFAULT NULL,
  `email_status` enum('delivered','bounced','spam') DEFAULT NULL
) ENGINE=InnoDB DEFAULT CHARSET=utf8mb4 COLLATE=utf8mb4_unicode_ci;

--
-- Dumping data for table `invoice_invitations`
--

INSERT INTO `invoice_invitations` (`id`, `company_id`, `user_id`, `client_contact_id`, `invoice_id`, `key`, `transaction_reference`, `message_id`, `email_error`, `signature_base64`, `signature_date`, `sent_date`, `viewed_date`, `opened_date`, `created_at`, `updated_at`, `deleted_at`, `signature_ip`, `email_status`) VALUES
(1, 1, 1, 1, 1, 'PqsvEFgpCsva3o7r1ah27mIPrfuxQdLI', NULL, NULL, '', '', NULL, '2025-07-30 08:40:51', NULL, NULL, '2025-07-30 01:40:50.908544', '2025-07-30 01:40:51.017000', NULL, NULL, NULL),
(2, 1, 1, 2, 1, '6pc811104jAXTSRivV60N4eUg7pMK8TQ', NULL, NULL, '', '', NULL, '2025-07-30 08:40:51', NULL, NULL, '2025-07-30 01:40:50.917176', '2025-07-30 01:40:51.022756', NULL, NULL, NULL),
(3, 2, 2, 23, 2, 'OQvSdhx6THZ86v6VcMq4pgcR3M2ga5ft', NULL, NULL, '', '', NULL, '2025-07-30 08:41:01', NULL, NULL, '2025-07-30 01:41:01.791320', '2025-07-30 01:41:01.869736', NULL, NULL, NULL),
(4, 2, 2, 24, 2, 'SMeVSFkgSR6REtCzt1ga6ngHLRGoJXg5', NULL, NULL, '', '', NULL, '2025-07-30 08:41:01', NULL, NULL, '2025-07-30 01:41:01.798853', '2025-07-30 01:41:01.874635', NULL, NULL, NULL),
(5, 2, 2, 25, 2, 'yZgQ62WPpWh4OWqMA8BvCYbRMs7srjA8', NULL, NULL, '', '', NULL, '2025-07-30 08:41:01', NULL, NULL, '2025-07-30 01:41:01.807424', '2025-07-30 01:41:01.878993', NULL, NULL, NULL),
(6, 2, 2, 19, 3, 'x5gHKZQeWaPPE7x2kMv0i6bK56gS1yyd', NULL, NULL, '', '', NULL, '2025-07-30 08:41:05', NULL, NULL, '2025-07-30 01:41:05.334678', '2025-07-30 01:41:05.408276', NULL, NULL, NULL),
(7, 2, 2, 20, 3, 'IVwENKtXfYYl0AIrleguz1L4Ni9gFitu', NULL, NULL, '', '', NULL, '2025-07-30 08:41:05', NULL, NULL, '2025-07-30 01:41:05.342558', '2025-07-30 01:41:05.413503', NULL, NULL, NULL),
(8, 2, 2, 3, 4, 'BBXbFWxz3oYyK9AnmYtU41Yii3MNp76g', NULL, NULL, '', '', NULL, '2025-07-30 08:41:09', NULL, NULL, '2025-07-30 01:41:09.701597', '2025-07-30 01:41:09.800453', NULL, NULL, NULL),
(9, 2, 2, 4, 4, '5YEaKvsqCv36Cb5yfUZIo8sG2AsiqZ2S', NULL, NULL, '', '', NULL, '2025-07-30 08:41:09', NULL, NULL, '2025-07-30 01:41:09.708994', '2025-07-30 01:41:09.806207', NULL, NULL, NULL),
(10, 2, 2, 5, 4, 'LoO6VTgfFsmDA3eH36s3WZlqK3qiZBpe', NULL, NULL, '', '', NULL, '2025-07-30 08:41:09', NULL, NULL, '2025-07-30 01:41:09.715678', '2025-07-30 01:41:09.811540', NULL, NULL, NULL),
(11, 2, 2, 6, 4, 'b7XcithTMLbE4phAlGYb17yXMXuNXzgU', NULL, NULL, '', '', NULL, '2025-07-30 08:41:09', NULL, NULL, '2025-07-30 01:41:09.722339', '2025-07-30 01:41:09.817022', NULL, NULL, NULL),
(12, 2, 2, 7, 4, 'vPEY3GhW2nXfiU2C3fS3OYX5IFQqhd3k', NULL, NULL, '', '', NULL, '2025-07-30 08:41:09', NULL, NULL, '2025-07-30 01:41:09.729225', '2025-07-30 01:41:09.822774', NULL, NULL, NULL),
(13, 2, 2, 26, 5, 'qHLeIJjm7qOY1Usm0EXWkd0HxGBqgXb8', NULL, NULL, '', '', NULL, '2025-07-30 08:41:12', NULL, NULL, '2025-07-30 01:41:12.371288', '2025-07-30 01:41:12.469495', NULL, NULL, NULL),
(14, 2, 2, 27, 5, 'EtbS1KR6yGhp9sZebTxKdzW7JuX3sENY', NULL, NULL, '', '', NULL, '2025-07-30 08:41:12', NULL, NULL, '2025-07-30 01:41:12.379059', '2025-07-30 01:41:12.475558', NULL, NULL, NULL),
(15, 2, 2, 28, 5, 'gyFEVIjL4Fys6XGv95VT2nWxv0MIlIRa', NULL, NULL, '', '', NULL, '2025-07-30 08:41:12', NULL, NULL, '2025-07-30 01:41:12.386112', '2025-07-30 01:41:12.481476', NULL, NULL, NULL),
(16, 2, 2, 29, 5, 'aRj51KoMZ4SXumevUqjrvstqaWxznokD', NULL, NULL, '', '', NULL, '2025-07-30 08:41:12', NULL, NULL, '2025-07-30 01:41:12.392952', '2025-07-30 01:41:12.487189', NULL, NULL, NULL),
(17, 2, 2, 19, 6, 'xhZ4GpX1MtDtz0ZOrvlyNAhVCR09IgTm', NULL, NULL, '', '', NULL, '2025-07-30 08:41:18', NULL, NULL, '2025-07-30 01:41:18.309074', '2025-07-30 01:41:18.389742', NULL, NULL, NULL),
(18, 2, 2, 20, 6, 'G3LIaMSXS4GpINOJYz877S3bRPYZNGvu', NULL, NULL, '', '', NULL, '2025-07-30 08:41:18', NULL, NULL, '2025-07-30 01:41:18.317410', '2025-07-30 01:41:18.396249', NULL, NULL, NULL),
(19, 2, 2, 3, 7, '0TgtNyob6DiP4JG8lIuFEcV0R8iYTatY', NULL, NULL, '', '', NULL, '2025-07-30 08:41:21', NULL, NULL, '2025-07-30 01:41:21.117176', '2025-07-30 01:41:21.226112', NULL, NULL, NULL),
(20, 2, 2, 4, 7, '06BhKswfxDK0oTFwlnYjrKdruyU4wmKd', NULL, NULL, '', '', NULL, '2025-07-30 08:41:21', NULL, NULL, '2025-07-30 01:41:21.124834', '2025-07-30 01:41:21.232327', NULL, NULL, NULL),
(21, 2, 2, 5, 7, 'cTpDQWsRQfmnpd9EMEcJuG8FiZb6aWZU', NULL, NULL, '', '', NULL, '2025-07-30 08:41:21', NULL, NULL, '2025-07-30 01:41:21.132574', '2025-07-30 01:41:21.238138', NULL, NULL, NULL),
(22, 2, 2, 6, 7, 'VRNRe9Av4AZ6O84xO20I8ufA8bCKo1y3', NULL, NULL, '', '', NULL, '2025-07-30 08:41:21', NULL, NULL, '2025-07-30 01:41:21.140396', '2025-07-30 01:41:21.243839', NULL, NULL, NULL),
(23, 2, 2, 7, 7, 'YNsVS8nxjEsZHdi20AhU0aQCp8EvPKdy', NULL, NULL, '', '', NULL, '2025-07-30 08:41:21', NULL, NULL, '2025-07-30 01:41:21.147765', '2025-07-30 01:41:21.250066', NULL, NULL, NULL),
(24, 2, 2, 26, 8, '4SNclEm7CreldcyGwhCwnuGkcyF7XjQF', NULL, NULL, '', '', NULL, '2025-07-30 08:41:25', NULL, NULL, '2025-07-30 01:41:25.289454', '2025-07-30 01:41:25.390532', NULL, NULL, NULL),
(25, 2, 2, 27, 8, 'uB8CZrgV76Ir6HZ6Kq5ktTZ9syPfPBCC', NULL, NULL, '', '', NULL, '2025-07-30 08:41:25', NULL, NULL, '2025-07-30 01:41:25.297898', '2025-07-30 01:41:25.398780', NULL, NULL, NULL),
(26, 2, 2, 28, 8, 'rOQwy6YocoID8qYcijlr2r6XXih7Pd7H', NULL, NULL, '', '', NULL, '2025-07-30 08:41:25', NULL, NULL, '2025-07-30 01:41:25.304031', '2025-07-30 01:41:25.405446', NULL, NULL, NULL),
(27, 2, 2, 29, 8, 'GTCP6ShdJe1Xudj3R2vn0berPhzS4VxX', NULL, NULL, '', '', NULL, '2025-07-30 08:41:25', NULL, NULL, '2025-07-30 01:41:25.311188', '2025-07-30 01:41:25.411156', NULL, NULL, NULL),
(28, 2, 2, 23, 9, 'J9U9zn6ptfvMeMqebMaI2Lelsf6NKT59', NULL, NULL, '', '', NULL, '2025-07-30 08:41:32', NULL, NULL, '2025-07-30 01:41:31.993981', '2025-07-30 01:41:32.081504', NULL, NULL, NULL),
(29, 2, 2, 24, 9, 'LGmIESFTCCQBGRdV5rk4kT0BB8hYOdVI', NULL, NULL, '', '', NULL, '2025-07-30 08:41:32', NULL, NULL, '2025-07-30 01:41:32.000965', '2025-07-30 01:41:32.089980', NULL, NULL, NULL),
(30, 2, 2, 25, 9, 'MBMbEYba8YJSfAAGZyeoJrIjKFvvZoyy', NULL, NULL, '', '', NULL, '2025-07-30 08:41:32', NULL, NULL, '2025-07-30 01:41:32.007494', '2025-07-30 01:41:32.096353', NULL, NULL, NULL),
(31, 2, 2, 19, 10, 'gJoaN2BkPHQ6wF15dp9n8CfwXfsOQhuc', NULL, NULL, '', '', NULL, '2025-07-30 08:41:35', NULL, NULL, '2025-07-30 01:41:35.123279', '2025-07-30 01:41:35.215716', NULL, NULL, NULL),
(32, 2, 2, 20, 10, 'Vm6qjeljEPOkKPcehwC5yeOkG14T5axx', NULL, NULL, '', '', NULL, '2025-07-30 08:41:35', NULL, NULL, '2025-07-30 01:41:35.134356', '2025-07-30 01:41:35.221361', NULL, NULL, NULL),
(33, 2, 2, 26, 11, 'psE5MYexBsU4mkRL85l0BzdHLukE84qJ', NULL, NULL, '', '', NULL, '2025-07-30 08:41:38', NULL, NULL, '2025-07-30 01:41:38.328995', '2025-07-30 01:41:38.435362', NULL, NULL, NULL),
(34, 2, 2, 27, 11, '8C9qpuJFMAfcBXj196XuqaWO2jX2rEJM', NULL, NULL, '', '', NULL, '2025-07-30 08:41:38', NULL, NULL, '2025-07-30 01:41:38.339271', '2025-07-30 01:41:38.441630', NULL, NULL, NULL),
(35, 2, 2, 28, 11, 'RCBkfrB85rPMhoCPdcE1xtvcGlS91r7N', NULL, NULL, '', '', NULL, '2025-07-30 08:41:38', NULL, NULL, '2025-07-30 01:41:38.347375', '2025-07-30 01:41:38.447387', NULL, NULL, NULL),
(36, 2, 2, 29, 11, 'LDMiESLt3zhv5sED1BAVxoRNvhkLyDw4', NULL, NULL, '', '', NULL, '2025-07-30 08:41:38', NULL, NULL, '2025-07-30 01:41:38.355117', '2025-07-30 01:41:38.453166', NULL, NULL, NULL),
(37, 2, 2, 30, 12, '3PEw7Go79M8eebtKoEYuIS2I0nCs8TRX', NULL, NULL, '', '', NULL, '2025-07-30 08:41:45', NULL, NULL, '2025-07-30 01:41:45.495990', '2025-07-30 01:41:45.604898', NULL, NULL, NULL),
(38, 2, 2, 31, 12, 'it5rwxD9oteffT76GOqjCItfu2MfOAAQ', NULL, NULL, '', '', NULL, '2025-07-30 08:41:45', NULL, NULL, '2025-07-30 01:41:45.505284', '2025-07-30 01:41:45.612215', NULL, NULL, NULL),
(39, 2, 2, 32, 12, 'mzKavkaXUXq4YA37BpBuhsG7DIBqIKXs', NULL, NULL, '', '', NULL, '2025-07-30 08:41:45', NULL, NULL, '2025-07-30 01:41:45.513121', '2025-07-30 01:41:45.619331', NULL, NULL, NULL),
(40, 2, 2, 33, 12, 'iPgpZmt0kbc09MylfrGExBUxzaSovxl3', NULL, NULL, '', '', NULL, '2025-07-30 08:41:45', NULL, NULL, '2025-07-30 01:41:45.521508', '2025-07-30 01:41:45.625163', NULL, NULL, NULL),
(41, 2, 2, 21, 13, 'YuZTMYFfyjJJT7R4RKsWJaUJwzI3gN3T', NULL, NULL, '', '', NULL, '2025-07-30 08:41:48', NULL, NULL, '2025-07-30 01:41:48.484151', '2025-07-30 01:41:48.586734', NULL, NULL, NULL),
(42, 2, 2, 22, 13, '6lfDrf022ooxFbGZA5wRxLRNCbVxF07p', NULL, NULL, '', '', NULL, '2025-07-30 08:41:48', NULL, NULL, '2025-07-30 01:41:48.493956', '2025-07-30 01:41:48.592670', NULL, NULL, NULL),
(43, 2, 2, 30, 14, 'ASHLDe0bReZSMuZohjcR96k2TCOkmv7t', NULL, NULL, '', '', NULL, '2025-07-30 08:41:52', NULL, NULL, '2025-07-30 01:41:52.225321', '2025-07-30 01:41:52.386997', NULL, NULL, NULL),
(44, 2, 2, 31, 14, '8QN5hEwi1UrkRgiVCGhT8ny7mm2xyDIQ', NULL, NULL, '', '', NULL, '2025-07-30 08:41:52', NULL, NULL, '2025-07-30 01:41:52.233777', '2025-07-30 01:41:52.393232', NULL, NULL, NULL),
(45, 2, 2, 32, 14, 'CShGKUC6xEkyKOCl95apcYZ75cIC2lyI', NULL, NULL, '', '', NULL, '2025-07-30 08:41:52', NULL, NULL, '2025-07-30 01:41:52.241794', '2025-07-30 01:41:52.399211', NULL, NULL, NULL),
(46, 2, 2, 33, 14, 'oKqGEbOGdcKtYE7r6xB0b4knsBC3Qdm3', NULL, NULL, '', '', NULL, '2025-07-30 08:41:52', NULL, NULL, '2025-07-30 01:41:52.248292', '2025-07-30 01:41:52.405632', NULL, NULL, NULL),
(47, 2, 2, 19, 15, '6Cq4D7BOq7dM4GhqqnJXAUmBKAhNHsuI', NULL, NULL, '', '', NULL, '2025-07-30 08:41:55', NULL, NULL, '2025-07-30 01:41:55.809298', '2025-07-30 01:41:55.899744', NULL, NULL, NULL),
(48, 2, 2, 20, 15, 'gFWML62HOvq3SpMXdnfzfTdyQos19Swh', NULL, NULL, '', '', NULL, '2025-07-30 08:41:55', NULL, NULL, '2025-07-30 01:41:55.820414', '2025-07-30 01:41:55.905764', NULL, NULL, NULL),
(49, 2, 2, 3, 16, 'Iut4Q0v7aZnRYn0xLmcujUJcJlSwg9vW', NULL, NULL, '', '', NULL, '2025-07-30 08:41:58', NULL, NULL, '2025-07-30 01:41:58.770244', '2025-07-30 01:41:58.885939', NULL, NULL, NULL),
(50, 2, 2, 4, 16, 'mXDSO3cUjAP74QBxRI021VOPimV4FRtv', NULL, NULL, '', '', NULL, '2025-07-30 08:41:58', NULL, NULL, '2025-07-30 01:41:58.778046', '2025-07-30 01:41:58.892273', NULL, NULL, NULL),
(51, 2, 2, 5, 16, 'orO37IZsEgE64JZ7UfUsAPQeJIcgkVOs', NULL, NULL, '', '', NULL, '2025-07-30 08:41:58', NULL, NULL, '2025-07-30 01:41:58.786031', '2025-07-30 01:41:58.898487', NULL, NULL, NULL),
(52, 2, 2, 6, 16, 'n8QrhysH2hDl0q7N38DTWgFLM54onYKk', NULL, NULL, '', '', NULL, '2025-07-30 08:41:58', NULL, NULL, '2025-07-30 01:41:58.793553', '2025-07-30 01:41:58.905484', NULL, NULL, NULL),
(53, 2, 2, 7, 16, 'ancadbmmQFtz5dzbvA11i6BNLL6N1egV', NULL, NULL, '', '', NULL, '2025-07-30 08:41:58', NULL, NULL, '2025-07-30 01:41:58.800755', '2025-07-30 01:41:58.910748', NULL, NULL, NULL),
(54, 2, 2, 14, 17, 'QMR7NpRwmtrT1UN4WGjs7Nx6CadBFNHC', NULL, NULL, '', '', NULL, '2025-07-30 08:42:03', NULL, NULL, '2025-07-30 01:42:03.220640', '2025-07-30 01:42:03.344558', NULL, NULL, NULL),
(55, 2, 2, 15, 17, 'AYLx54jxBnpbzsOuxgaGPCTRPD7eH26L', NULL, NULL, '', '', NULL, '2025-07-30 08:42:03', NULL, NULL, '2025-07-30 01:42:03.229328', '2025-07-30 01:42:03.351617', NULL, NULL, NULL),
(56, 2, 2, 16, 17, 'T9ZLCmK8d6zYVPm6l1b73ukXf7LHX60B', NULL, NULL, '', '', NULL, '2025-07-30 08:42:03', NULL, NULL, '2025-07-30 01:42:03.236874', '2025-07-30 01:42:03.358778', NULL, NULL, NULL),
(57, 2, 2, 17, 17, 'JKPoGuswuw7ChKMLKZExYwHYCRkRxk8j', NULL, NULL, '', '', NULL, '2025-07-30 08:42:03', NULL, NULL, '2025-07-30 01:42:03.244266', '2025-07-30 01:42:03.364687', NULL, NULL, NULL),
(58, 2, 2, 18, 17, 'nPr5YkOKGGsXmaBjuhj7991f1unyDfaT', NULL, NULL, '', '', NULL, '2025-07-30 08:42:03', NULL, NULL, '2025-07-30 01:42:03.251487', '2025-07-30 01:42:03.370490', NULL, NULL, NULL),
(59, 2, 2, 26, 18, 'hzXLGZhCbakkSHUd7x3vZko0rkiA06FY', NULL, NULL, '', '', NULL, '2025-07-30 08:42:10', NULL, NULL, '2025-07-30 01:42:10.263326', '2025-07-30 01:42:10.385213', NULL, NULL, NULL),
(60, 2, 2, 27, 18, 'yRrHSWIQjNWOJ1fCErNHqsAuTb6gfHgT', NULL, NULL, '', '', NULL, '2025-07-30 08:42:10', NULL, NULL, '2025-07-30 01:42:10.272053', '2025-07-30 01:42:10.391363', NULL, NULL, NULL),
(61, 2, 2, 28, 18, 'VyQUGlZZK5zK3dYp9jf29gXmhPEcMh47', NULL, NULL, '', '', NULL, '2025-07-30 08:42:10', NULL, NULL, '2025-07-30 01:42:10.279667', '2025-07-30 01:42:10.398316', NULL, NULL, NULL),
(62, 2, 2, 29, 18, 'rzxQBXPoHJ8YXP3BjzKzDAuE8lPZzSaO', NULL, NULL, '', '', NULL, '2025-07-30 08:42:10', NULL, NULL, '2025-07-30 01:42:10.288103', '2025-07-30 01:42:10.405436', NULL, NULL, NULL),
(63, 2, 2, 14, 19, 'xk9RPjeYe9dxPSdrOr3JffLEZ7MdwOyI', NULL, NULL, '', '', NULL, '2025-07-30 08:42:14', NULL, NULL, '2025-07-30 01:42:14.721928', '2025-07-30 01:42:14.823042', NULL, NULL, NULL),
(64, 2, 2, 15, 19, 'RoG15rXPch6JPvk4LhEwdkFRFr57Dzcr', NULL, NULL, '', '', NULL, '2025-07-30 08:42:14', NULL, NULL, '2025-07-30 01:42:14.729322', '2025-07-30 01:42:14.828546', NULL, NULL, NULL),
(65, 2, 2, 16, 19, 'jMRYky8ia55L9Yqn3qAPOsbhhW8oA1d4', NULL, NULL, '', '', NULL, '2025-07-30 08:42:14', NULL, NULL, '2025-07-30 01:42:14.736457', '2025-07-30 01:42:14.834580', NULL, NULL, NULL),
(66, 2, 2, 17, 19, '5IYixdkksMHtB2OrvR74LPrd0meSFRhF', NULL, NULL, '', '', NULL, '2025-07-30 08:42:14', NULL, NULL, '2025-07-30 01:42:14.743717', '2025-07-30 01:42:14.840205', NULL, NULL, NULL),
(67, 2, 2, 18, 19, '8n1jmQWCT2PUbGUhBGR4EKAbFV57HKUg', NULL, NULL, '', '', NULL, '2025-07-30 08:42:14', NULL, NULL, '2025-07-30 01:42:14.751495', '2025-07-30 01:42:14.845194', NULL, NULL, NULL),
(68, 2, 2, 26, 20, 'SF6GAXOHcAexOZQX3qItlmH31IlaMU7G', NULL, NULL, '', '', NULL, '2025-07-30 08:42:17', NULL, NULL, '2025-07-30 01:42:17.233711', '2025-07-30 01:42:17.329545', NULL, NULL, NULL),
(69, 2, 2, 27, 20, 'UtqiYtYQv6NggHsTZRlST2MQFeImYGZq', NULL, NULL, '', '', NULL, '2025-07-30 08:42:17', NULL, NULL, '2025-07-30 01:42:17.240429', '2025-07-30 01:42:17.335136', NULL, NULL, NULL),
(70, 2, 2, 28, 20, '1Ol9aZADlyAyUKvGxx29GHzCmm91G1JO', NULL, NULL, '', '', NULL, '2025-07-30 08:42:17', NULL, NULL, '2025-07-30 01:42:17.246372', '2025-07-30 01:42:17.340276', NULL, NULL, NULL),
(71, 2, 2, 29, 20, 'qAX6EnIc16e9L5cUTvczLVmGOcxcPwE3', NULL, NULL, '', '', NULL, '2025-07-30 08:42:17', NULL, NULL, '2025-07-30 01:42:17.252500', '2025-07-30 01:42:17.345607', NULL, NULL, NULL),
(72, 2, 2, 12, 21, 'YfS3Di4O09kRUyvYv1auOhMcvJAHGelz', NULL, NULL, '', '', NULL, '2025-07-30 08:42:21', NULL, NULL, '2025-07-30 01:42:21.244900', '2025-07-30 01:42:21.333767', NULL, NULL, NULL),
(73, 2, 2, 13, 21, 'a4QLNtUshp8lDOS6hAwyPw1Ub3pqEHcG', NULL, NULL, '', '', NULL, '2025-07-30 08:42:21', NULL, NULL, '2025-07-30 01:42:21.253944', '2025-07-30 01:42:21.340431', NULL, NULL, NULL);

-- --------------------------------------------------------

--
-- Table structure for table `jobs`
--

CREATE TABLE `jobs` (
  `id` bigint(20) UNSIGNED NOT NULL,
  `queue` varchar(191) NOT NULL,
  `payload` longtext NOT NULL,
  `attempts` tinyint(3) UNSIGNED NOT NULL,
  `reserved_at` int(10) UNSIGNED DEFAULT NULL,
  `available_at` int(10) UNSIGNED NOT NULL,
  `created_at` int(10) UNSIGNED NOT NULL
) ENGINE=InnoDB DEFAULT CHARSET=utf8mb4 COLLATE=utf8mb4_unicode_ci;

-- --------------------------------------------------------

--
-- Table structure for table `languages`
--

CREATE TABLE `languages` (
  `id` int(10) UNSIGNED NOT NULL,
  `name` varchar(191) NOT NULL,
  `locale` varchar(191) NOT NULL
) ENGINE=InnoDB DEFAULT CHARSET=utf8mb4 COLLATE=utf8mb4_unicode_ci;

--
-- Dumping data for table `languages`
--

INSERT INTO `languages` (`id`, `name`, `locale`) VALUES
(1, 'English - United States', 'en'),
(2, 'Italian', 'it'),
(3, 'German', 'de'),
(4, 'French', 'fr'),
(5, 'Portuguese - Brazilian', 'pt_BR'),
(6, 'Dutch', 'nl'),
(7, 'Spanish', 'es'),
(8, 'Norwegian', 'nb_NO'),
(9, 'Danish', 'da'),
(10, 'Japanese', 'ja'),
(11, 'Swedish', 'sv'),
(12, 'Spanish - Spain', 'es_ES'),
(13, 'French - Canada', 'fr_CA'),
(14, 'Lithuanian', 'lt'),
(15, 'Polish', 'pl'),
(16, 'Czech', 'cs'),
(17, 'Croatian', 'hr'),
(18, 'Albanian', 'sq'),
(19, 'Greek', 'el'),
(20, 'English - United Kingdom', 'en_GB'),
(21, 'Portuguese - Portugal', 'pt_PT'),
(22, 'Slovenian', 'sl'),
(23, 'Finnish', 'fi'),
(24, 'Romanian', 'ro'),
(25, 'Turkish - Turkey', 'tr_TR'),
(26, 'Thai', 'th'),
(27, 'Macedonian', 'mk_MK'),
(28, 'Chinese - Taiwan', 'zh_TW'),
(29, 'Russian (Russia)', 'ru_RU'),
(30, 'Arabic', 'ar'),
(31, 'Persian', 'fa'),
(32, 'Latvian', 'lv_LV'),
(33, 'Serbian', 'sr'),
(34, 'Slovak', 'sk'),
(35, 'Estonian', 'et'),
(36, 'Bulgarian', 'bg'),
(37, 'Hebrew', 'he'),
(38, 'Khmer', 'km_KH'),
(39, 'Hungarian', 'hu'),
(40, 'French - Swiss', 'fr_CH'),
(41, 'Lao', 'lo_LA'),
(42, 'Vietnamese', 'vi'),
(43, 'Indonesian', 'id');

-- --------------------------------------------------------

--
-- Table structure for table `licenses`
--

CREATE TABLE `licenses` (
  `id` int(10) UNSIGNED NOT NULL,
  `created_at` timestamp NULL DEFAULT NULL,
  `updated_at` timestamp NULL DEFAULT NULL,
  `deleted_at` timestamp NULL DEFAULT NULL,
  `first_name` varchar(191) DEFAULT NULL,
  `last_name` varchar(191) DEFAULT NULL,
  `email` varchar(191) DEFAULT NULL,
  `license_key` varchar(191) DEFAULT NULL,
  `is_claimed` tinyint(1) DEFAULT NULL,
  `transaction_reference` varchar(191) DEFAULT NULL,
  `product_id` int(10) UNSIGNED DEFAULT NULL,
  `recurring_invoice_id` bigint(20) UNSIGNED DEFAULT NULL,
  `e_invoice_quota` int(10) UNSIGNED DEFAULT NULL,
  `is_flagged` tinyint(1) NOT NULL DEFAULT 0,
  `entities` text DEFAULT NULL
) ENGINE=InnoDB DEFAULT CHARSET=utf8mb4 COLLATE=utf8mb4_unicode_ci;

-- --------------------------------------------------------

--
-- Table structure for table `map_settings`
--

CREATE TABLE `map_settings` (
  `id` bigint(20) UNSIGNED NOT NULL,
  `latitude` decimal(10,7) NOT NULL,
  `longitude` decimal(10,7) NOT NULL,
  `created_at` timestamp NULL DEFAULT NULL,
  `updated_at` timestamp NULL DEFAULT NULL
) ENGINE=InnoDB DEFAULT CHARSET=utf8mb4 COLLATE=utf8mb4_unicode_ci;

-- --------------------------------------------------------

--
-- Table structure for table `messages`
--

CREATE TABLE `messages` (
  `id` bigint(20) UNSIGNED NOT NULL,
  `device_id` bigint(20) UNSIGNED DEFAULT NULL,
  `client_id` int(10) UNSIGNED DEFAULT NULL,
  `message_template_id` bigint(20) UNSIGNED DEFAULT NULL,
  `message` text DEFAULT NULL,
  `file` varchar(191) DEFAULT NULL,
  `from` varchar(191) DEFAULT NULL,
  `url` text DEFAULT NULL,
  `status` varchar(191) NOT NULL DEFAULT 'sent',
  `created_at` timestamp NULL DEFAULT NULL,
  `updated_at` timestamp NULL DEFAULT NULL
) ENGINE=InnoDB DEFAULT CHARSET=utf8mb4 COLLATE=utf8mb4_unicode_ci;

-- --------------------------------------------------------

--
-- Table structure for table `message_templates`
--

CREATE TABLE `message_templates` (
  `id` bigint(20) UNSIGNED NOT NULL,
  `title` varchar(191) NOT NULL,
  `content` text NOT NULL,
  `created_at` timestamp NULL DEFAULT NULL,
  `updated_at` timestamp NULL DEFAULT NULL
) ENGINE=InnoDB DEFAULT CHARSET=utf8mb4 COLLATE=utf8mb4_unicode_ci;

-- --------------------------------------------------------

--
-- Table structure for table `migrations`
--

CREATE TABLE `migrations` (
  `id` int(10) UNSIGNED NOT NULL,
  `migration` varchar(191) NOT NULL,
  `batch` int(11) NOT NULL
) ENGINE=InnoDB DEFAULT CHARSET=utf8mb4 COLLATE=utf8mb4_unicode_ci;

--
-- Dumping data for table `migrations`
--

INSERT INTO `migrations` (`id`, `migration`, `batch`) VALUES
(1, '2014_10_12_100000_create_password_resets_table', 1),
(2, '2014_10_13_000000_create_users_table', 1),
(3, '2019_11_10_115926_create_failed_jobs_table', 1),
(4, '2020_03_05_123315_create_jobs_table', 1),
(5, '2020_04_08_234530_add_is_deleted_column_to_company_tokens_table', 1),
(6, '2020_05_13_035355_add_google_refresh_token_to_users_table', 1),
(7, '2020_07_05_084934_company_too_large_attribute', 1),
(8, '2020_07_08_065301_add_token_id_to_activity_table', 1),
(9, '2020_07_21_112424_update_enabled_modules_value', 1),
(10, '2020_07_28_104218_shop_token', 1),
(11, '2020_08_04_080851_add_is_deleted_to_group_settings', 1),
(12, '2020_08_11_221627_add_is_deleted_flag_to_client_gateway_token_table', 1),
(13, '2020_08_13_095946_remove_photo_design', 1),
(14, '2020_08_13_212702_add_reminder_sent_fields_to_entity_tables', 1),
(15, '2020_08_18_140557_add_is_public_to_documents_table', 1),
(16, '2020_09_22_205113_id_number_fields_for_missing_entities', 1),
(17, '2020_09_27_215800_update_gateway_table_visible_column', 1),
(18, '2020_10_11_211122_vendor_schema_update', 1),
(19, '2020_10_12_204517_project_number_column', 1),
(20, '2020_10_14_201320_project_ids_to_entities', 1),
(21, '2020_10_19_101823_project_name_unique_removal', 1),
(22, '2020_10_21_222738_expenses_nullable_assigned_user', 1),
(23, '2020_10_22_204900_company_table_fields', 1),
(24, '2020_10_27_021751_tasks_invoice_documents', 1),
(25, '2020_10_28_224711_status_sort_order', 1),
(26, '2020_10_28_225022_assigned_user_tasks_table', 1),
(27, '2020_10_29_001541_vendors_phone_column', 1),
(28, '2020_10_29_093836_change_start_time_column_type', 1),
(29, '2020_10_29_204434_tasks_table_project_nullable', 1),
(30, '2020_10_29_210402_change_default_show_tasks_table', 1),
(31, '2020_10_30_084139_change_expense_currency_id_column', 1),
(32, '2020_11_01_031750_drop_migrating_column', 1),
(33, '2020_11_03_200345_company_gateway_fields_refactor', 1),
(34, '2020_11_08_212050_custom_fields_for_payments_table', 1),
(35, '2020_11_12_104413_company_gateway_rename_column', 1),
(36, '2020_11_15_203755_soft_delete_paymentables', 1),
(37, '2020_12_14_114722_task_fields', 1),
(38, '2020_12_17_104033_add_enable_product_discount_field_to_companies_table', 1),
(39, '2020_12_20_005609_change_products_table_cost_resolution', 1),
(40, '2020_12_23_220648_remove_null_values_in_countries_table', 1),
(41, '2021_01_03_215053_update_canadian_dollar_symbol', 1),
(42, '2021_01_05_013203_improve_decimal_resolution', 1),
(43, '2021_01_07_023350_update_singapore_dollar_symbol', 1),
(44, '2021_01_08_093324_expenses_table_additional_fields', 1),
(45, '2021_01_11_092056_fix_company_settings_url', 1),
(46, '2021_01_17_040331_change_custom_surcharge_column_type', 1),
(47, '2021_01_23_044502_scheduler_is_running_check', 1),
(48, '2021_01_24_052645_add_paid_to_date_column', 1),
(49, '2021_01_25_095351_add_number_field_to_clients_and_vendors', 1),
(50, '2021_01_29_121502_add_permission_changed_timestamp', 1),
(51, '2021_02_15_214724_additional_company_properties', 1),
(52, '2021_02_19_212722_email_last_confirmed_email_address_users_table', 1),
(53, '2021_02_25_205901_enum_invitations_email_status', 1),
(54, '2021_02_27_091713_add_invoice_task_datelog_property', 1),
(55, '2021_03_03_230941_add_has_password_field_to_user_table', 1),
(56, '2021_03_08_123729_create_billing_subscriptions_table', 1),
(57, '2021_03_08_205030_add_russian_lang', 1),
(58, '2021_03_09_132242_add_currency_id_to_billing_subscriptions_table', 1),
(59, '2021_03_18_113704_change_2fa_column_from_varchar_to_text', 1),
(60, '2021_03_19_221024_add_unique_constraints_on_all_entities', 1),
(61, '2021_03_20_033751_add_invoice_id_to_client_subscriptions_table', 1),
(62, '2021_03_23_233844_add_nullable_constraint_to_recurring_invoice_id', 1),
(63, '2021_03_25_082025_refactor_billing_scriptions_table', 1),
(64, '2021_03_26_201148_add_price_column_to_subscriptions_table', 1),
(65, '2021_04_01_093128_modify_column_on_subscriptions_table', 1),
(66, '2021_04_05_115345_add_trial_duration_to_accounts_table', 1),
(67, '2021_04_05_213802_add_rest_fields_to_webhooks_table', 1),
(68, '2021_04_06_131028_create_licenses_table', 1),
(69, '2021_04_12_095424_stripe_connect_gateway', 1),
(70, '2021_04_13_013424_add_subscription_id_to_activities_table', 1),
(71, '2021_04_22_110240_add_property_to_checkout_gateway_config', 1),
(72, '2021_04_29_085418_add_number_years_active_to_company_users_table', 1),
(73, '2021_05_03_152940_make_braintree_provider_visible', 1),
(74, '2021_05_04_231430_add_task_property_to_companies_table', 1),
(75, '2021_05_05_014713_activate_we_pay', 1),
(76, '2021_05_10_041528_add_recurring_invoice_id_to_activities_table', 1),
(77, '2021_05_27_105157_add_tech_design', 1),
(78, '2021_05_30_100933_make_documents_assigned_user_nullable', 1),
(79, '2021_06_10_221012_add_ninja_portal_column_to_accounts_table', 1),
(80, '2021_06_24_095942_payments_table_currency_nullable', 1),
(81, '2021_07_10_085821_activate_payfast_payment_driver', 1),
(82, '2021_07_19_074503_set_invoice_task_datelog_true_in_companies_table', 1),
(83, '2021_07_20_095537_activate_paytrace_payment_driver', 1),
(84, '2021_07_21_213344_change_english_languages_tables', 1),
(85, '2021_07_21_234227_activate_eway_payment_driver', 1),
(86, '2021_08_03_115024_activate_mollie_payment_driver', 1),
(87, '2021_08_05_235942_add_zelle_payment_type', 1),
(88, '2021_08_07_222435_add_markdown_enabled_column_to_companies_table', 1),
(89, '2021_08_10_034407_add_more_languages', 1),
(90, '2021_08_14_054458_square_payment_driver', 1),
(91, '2021_08_18_220124_use_comma_as_decimal_place_companies_table', 1),
(92, '2021_08_23_101529_recurring_expenses_schema', 1),
(93, '2021_08_25_093105_report_include_drafts_in_companies_table', 1),
(94, '2021_09_05_101209_update_braintree_gateway', 1),
(95, '2021_09_20_233053_set_square_test_mode_boolean', 1),
(96, '2021_09_23_100629_add_currencies', 1),
(97, '2021_09_24_201319_add_mollie_bank_transfer_to_payment_types', 1),
(98, '2021_09_24_211504_add_kbc_to_payment_types', 1),
(99, '2021_09_24_213858_add_bancontact_to_payment_types', 1),
(100, '2021_09_28_154647_activate_gocardless_payment_driver', 1),
(101, '2021_09_29_190258_add_required_client_registration_fields', 1),
(102, '2021_10_04_134908_add_ideal_to_payment_types', 1),
(103, '2021_10_06_044800_updated_bold_and_modern_designs', 1),
(104, '2021_10_07_141737_razorpay', 1),
(105, '2021_10_07_155410_add_hosted_page_to_payment_types', 1),
(106, '2021_10_15_00000_stripe_payment_gateways', 1),
(107, '2021_10_16_135200_add_direct_debit_to_payment_types', 1),
(108, '2021_10_19_142200_add_gateway_type_for_direct_debit', 1),
(109, '2021_10_20_005529_add_filename_to_backups_table', 1),
(110, '2021_11_08_131308_onboarding', 1),
(111, '2021_11_09_115919_update_designs', 1),
(112, '2021_11_10_184847_add_is_migrate_column_to_accounts_table', 1),
(113, '2021_11_11_163121_add_instant_bank_transfer', 1),
(114, '2021_12_20_095542_add_serbian_language_translations', 1),
(115, '2022_01_02_022421_add_slovak_language', 1),
(116, '2022_01_06_061231_add_app_domain_id_to_gateways_table', 1),
(117, '2022_01_18_004856_add_estonian_language', 1),
(118, '2022_01_19_085907_add_platform_column_to_accounts_table', 1),
(119, '2022_01_19_232436_add_kyd_currency', 1),
(120, '2022_01_27_223617_add_client_count_to_accounts_table', 1),
(121, '2022_02_06_091629_add_client_currency_conversion_to_companies_table', 1),
(122, '2022_02_25_015411_update_stripe_apple_domain_config', 1),
(123, '2022_03_09_053508_transaction_events', 1),
(124, '2022_03_24_090728_markdown_email_enabled_wysiwyg_editor', 1),
(125, '2022_03_29_014025_reverse_apple_domain_for_hosted', 1),
(126, '2022_04_14_121548_forte_payment_gateway', 1),
(127, '2022_04_22_115838_client_settings_parse_for_types', 1),
(128, '2022_04_26_032252_convert_custom_fields_column_from_varchar_to_text', 1),
(129, '2022_05_08_004937_heal_stripe_gateway_configuration', 1),
(130, '2022_05_12_56879_add_stripe_klarna', 1),
(131, '2022_05_16_224917_add_auto_bill_tries_to_invoices_table', 1),
(132, '2022_05_18_055442_update_custom_value_four_columns', 1),
(133, '2022_05_18_162152_create_scheduled_jobs_table', 1),
(134, '2022_05_18_162443_create_schedulers_table', 1),
(135, '2022_05_23_050754_drop_redundant_column_show_production_description_dropdown', 1),
(136, '2022_05_28_234651_create_purchase_orders_table', 1),
(137, '2022_05_30_181109_drop_scheduled_jobs_table', 1),
(138, '2022_05_30_184320_add_job_related_fields_to_schedulers_table', 1),
(139, '2022_05_31_101504_inventory_management_schema', 1),
(140, '2022_06_01_215859_set_recurring_client_timestamp', 1),
(141, '2022_06_01_224339_create_purchase_order_invitations_table', 1),
(142, '2022_06_10_030503_set_account_flag_for_react', 1),
(143, '2022_06_16_025156_add_react_switching_flag', 1),
(144, '2022_06_17_082627_change_refresh_token_column_size', 1),
(145, '2022_06_21_104350_fixes_for_description_in_pdf_designs', 1),
(146, '2022_06_22_090547_set_oauth_expiry_column', 1),
(147, '2022_06_24_141018_upgrade_failed_jobs_table', 1),
(148, '2022_06_30_000126_add_flag_to_accounts_table', 1),
(149, '2022_07_06_080127_add_purchase_order_to_expense', 1),
(150, '2022_07_09_235510_add_index_to_payment_hash', 1),
(151, '2022_07_12_45766_add_matomo', 1),
(152, '2022_07_18_033756_fixes_for_date_formats_table_react', 1),
(153, '2022_07_21_023805_add_hebrew_language', 1),
(154, '2022_07_26_091216_add_sms_verification_to_hosted_account', 1),
(155, '2022_07_28_232340_enabled_expense_tax_rates_to_companies_table', 1),
(156, '2022_07_29_091235_correction_for_companies_table_types', 1),
(157, '2022_08_05_023357_bank_integration', 1),
(158, '2022_08_11_011534_licenses_table_for_self_host', 1),
(159, '2022_08_24_215917_invoice_task_project_companies_table', 1),
(160, '2022_08_26_232500_add_email_status_column_to_purchase_order_invitations_table', 1),
(161, '2022_08_28_210111_add_index_to_payments_table', 1),
(162, '2022_09_05_024719_update_designs_for_tech_template', 1),
(163, '2022_09_07_101731_add_reporting_option_to_companies_table', 1),
(164, '2022_09_21_012417_add_threeds_to_braintree', 1),
(165, '2022_09_30_235337_add_idempotency_key_to_payments', 1),
(166, '2022_10_05_205645_add_indexes_to_client_hash', 1),
(167, '2022_10_06_011344_add_key_to_products', 1),
(168, '2022_10_07_065455_add_key_to_company_tokens_table', 1),
(169, '2022_10_10_070137_add_documentable_index', 1),
(170, '2022_10_27_044909_add_user_sms_verification_code', 1),
(171, '2022_11_02_063742_add_verified_number_flag_to_users_table', 1),
(172, '2022_11_04_013539_disabled_upstream_bank_integrations_table', 1),
(173, '2022_11_06_215526_drop_html_backups_column_from_backups_table', 1),
(174, '2022_11_13_034143_bank_transaction_rules_table', 1),
(175, '2022_11_16_093535_calmness_design', 1),
(176, '2022_11_22_215618_lock_tasks_when_invoiced', 1),
(177, '2022_11_30_063229_add_payment_id_to_bank_transaction_table', 1),
(178, '2022_12_07_024625_add_properties_to_companies_table', 1),
(179, '2022_12_14_004639_vendor_currency_update', 1),
(180, '2022_12_20_063038_set_proforma_invoice_type', 1),
(181, '2022_16_12_54687_add_stripe_bacs', 1),
(182, '2023_01_12_125540_set_auto_bill_on_regular_invoice_setting', 1),
(183, '2023_01_27_023127_update_design_templates', 1),
(184, '2023_02_02_062938_add_additional_required_fields_gateways', 1),
(185, '2023_02_05_042351_add_foreign_key_for_vendors', 1),
(186, '2023_02_07_114011_add_additional_product_fields', 1),
(187, '2023_02_14_064135_create_react_settings_column_company_user_table', 1),
(188, '2023_02_28_064453_update_designs', 1),
(189, '2023_02_28_200056_add_visible_prop_to_companies_table', 1),
(190, '2023_03_09_121033_add_payment_balance_to_clients_table', 1),
(191, '2023_03_10_100629_add_currencies', 1),
(192, '2023_03_13_156872_add_e_invoice_type_to_clients_table', 1),
(193, '2023_03_17_012309_add_proforma_flag_for_recurring_invoices', 1),
(194, '2023_03_21_053933_tax_calculations_for_invoices', 1),
(195, '2023_03_24_054758_add_client_is_exempt_from_taxes', 1),
(196, '2023_04_20_215159_drop_e_invoice_type_column', 1),
(197, '2023_04_27_045639_add_kmher_language', 1),
(198, '2023_05_03_023956_add_shopify_user_id', 1),
(199, '2023_05_15_103212_e_invoice_ssl_storage', 1),
(200, '2023_06_04_064713_project_and_task_columns_for_company_model', 1),
(201, '2023_06_13_220252_add_hungarian_translations', 1),
(202, '2023_06_20_123355_add_paypal_rest_payment_driver', 1),
(203, '2023_07_06_063512_update_designs', 1),
(204, '2023_07_08_000314_add_french_swiss_translations', 1),
(205, '2023_07_12_074829_add_thai_baht_currency_symbol', 1),
(206, '2023_07_18_214607_add_start_date_column_to_tasks', 1),
(207, '2023_07_22_234329_change_currency_format_for_indonesian_rupiah', 1),
(208, '2023_08_06_070205_create_view_dashboard_permission_migration', 1),
(209, '2023_08_08_212710_add_signature_ip_address_to_purchase_order_invitations', 1),
(210, '2023_08_09_224955_add_nicaragua_currency', 1),
(211, '2023_09_11_003230_add_client_and_company_classifications', 1),
(212, '2023_09_21_042010_add_template_flag_to_designs_table', 1),
(213, '2023_10_01_102220_add_language_id_to_users_table', 1),
(214, '2023_10_08_092508_add_refund_meta_and_category_to_payments_table', 1),
(215, '2023_10_10_083024_add_ariary_currency', 1),
(216, '2023_10_15_204204_add_paypal_ppcp', 1),
(217, '2023_10_18_061415_add_user_notification_suppression', 1),
(218, '2023_11_26_082959_add_bank_integration_id', 1),
(219, '2023_11_27_095042_add_hash_and_meta_columns_to_tasks_table', 1),
(220, '2023_11_30_042431_2023_11_30_add_payment_visibility', 1),
(221, '2023_12_10_110951_inbound_mail_parsing', 1),
(222, '2024_01_09_084515_product_cost_field_population', 1),
(223, '2024_01_10_071427_normalize_product_cost_types', 1),
(224, '2024_01_10_155555_add_bank_transaction_nordigen_field', 1),
(225, '2024_01_12_073629_laos_currency_translation', 1),
(226, '2024_01_29_080555_2024_01_29_update_timezones_naming', 1),
(227, '2024_02_06_204031_correction_for_krw_currency', 1),
(228, '2024_02_16_011055_smtp_configuration', 1),
(229, '2024_02_28_180250_add_steps_to_subscriptions', 1),
(230, '2024_03_07_195116_add_tax_data_to_quotes', 1),
(231, '2024_03_14_201844_adjust_discount_column_max_resolution', 1),
(232, '2024_03_24_200109_new_currencies_03_24', 1),
(233, '2024_04_24_064301_optional_display_required_fields_payment_gateways', 1),
(234, '2024_05_02_030103_2024_05_02_update_timezones', 1),
(235, '2024_05_03_145535_btcpay_gateway', 1),
(236, '2024_05_19_215103_2024_05_20_einvoice_columns', 1),
(237, '2024_05_26_210407_2024_05_28_kwd_precision', 1),
(238, '2024_06_02_083543_2024_06_01_add_einvoice_to_client_table', 1),
(239, '2024_06_04_123926_2024_06_04_fixes_for_btc_migration', 1),
(240, '2024_06_08_043343_2024_06_08__i_s_k_currency_precision', 1),
(241, '2024_06_11_231143_add_rotessa_gateway', 1),
(242, '2024_06_19_015127_2024_06_19_referral_meta_data', 1),
(243, '2024_06_23_040253_2024-06-23_indexesforinvoiceid_payment_hashes', 1),
(244, '2024_07_10_043241_2024_07_10_invoice_id_index_on_projects_table', 1),
(245, '2024_07_16_231556_2024_07_17_add_dubai_timezone', 1),
(246, '2024_07_29_235430_2024_30_07_tax_model_migration', 1),
(247, '2024_08_02_144614_alter_companies_quickbooks', 1),
(248, '2024_08_04_225558_tax_model_migration_v2', 1),
(249, '2024_08_21_001832_add_einvoice_option_license', 1),
(250, '2024_08_26_055523_add_qb_product_hash', 1),
(251, '2024_09_06_042040_cba_powerboard', 1),
(252, '2024_09_15_022436_add_autonomous_es_regions', 1),
(253, '2024_09_16_221343_add_remaining_cycles_to_subscriptions', 1),
(254, '2024_09_21_062105_2024_09_21_add_vn_lang', 1),
(255, '2024_09_22_084749_2024_09_23_add_sync_column_for_qb', 1),
(256, '2024_10_03_235524_add_is_tax_exempt_vendors_table', 1),
(257, '2024_10_08_034355_add_account_e_invoice_quota', 1),
(258, '2024_10_09_220533_invoice_gateway_fee', 1),
(259, '2024_10_11_151650_create_e_invoice_tokens_table', 1),
(260, '2024_10_11_153311_add_e_invoicing_token', 1),
(261, '2024_10_14_214658_add_routing_id_to_vendors_table', 1),
(262, '2024_10_18_211558_updated_currencies', 1),
(263, '2024_11_11_043923_kill_switch_licenses_table', 1),
(264, '2024_11_19_020259_add_entity_set_to_licenses_table', 1),
(265, '2024_11_21_011625_add_e_invoicing_logs_table', 1),
(266, '2024_11_28_054808_add_referral_earning_column_to_users_table', 1),
(267, '2024_12_18_023826_2024_12_18_enforce_tax_data_model', 1),
(268, '2025_01_25_121854_create_message_templates_table', 1),
(269, '2025_02_19_023706_create_devices_table', 1),
(270, '2025_02_20_132315_create_chatbot_table', 1),
(271, '2025_02_25_023707_create_messages_table', 1),
(272, '2025_05_29_074750_create_scheduled_messages_table', 1),
(273, '2025_05_29_083400_create_client_scheduled_message_table', 1),
(274, '2025_05_30_051154_create_fo_lokasis_table', 1),
(275, '2025_05_30_051208_create_fo_kabel_odcs_table', 1),
(276, '2025_05_30_051209_create_fo_odcs_table', 1),
(277, '2025_05_30_051307_create_fo_kabel_tube_odcs_table', 1),
(278, '2025_05_30_051314_create_fo_kabel_core_odcs_table', 1),
(279, '2025_05_30_051315_create_fo_odps_table', 1),
(280, '2025_05_30_051320_create_fo_client_ftths_table', 1),
(281, '2025_05_30_051321_create_fo_joint_boxes_table', 1),
(282, '2025_06_11_020224_create_admin_contacts_table', 1),
(283, '2025_06_30_103115_create_filter_lokasi_table', 1),
(284, '2025_07_14_015212_add_unique_constraints_to_fo_tables', 1),
(285, '2025_07_14_025431_create_map_settings_table', 1);

-- --------------------------------------------------------

--
-- Table structure for table `password_resets`
--

CREATE TABLE `password_resets` (
  `email` varchar(128) NOT NULL,
  `token` varchar(255) NOT NULL,
  `created_at` timestamp NULL DEFAULT NULL
) ENGINE=InnoDB DEFAULT CHARSET=utf8mb4 COLLATE=utf8mb4_unicode_ci;

-- --------------------------------------------------------

--
-- Table structure for table `paymentables`
--

CREATE TABLE `paymentables` (
  `id` int(10) UNSIGNED NOT NULL,
  `payment_id` int(10) UNSIGNED NOT NULL,
  `paymentable_id` int(10) UNSIGNED NOT NULL,
  `amount` decimal(16,4) NOT NULL DEFAULT 0.0000,
  `refunded` decimal(16,4) NOT NULL DEFAULT 0.0000,
  `paymentable_type` varchar(191) NOT NULL,
  `created_at` timestamp NULL DEFAULT NULL,
  `updated_at` timestamp NULL DEFAULT NULL,
  `deleted_at` timestamp(6) NULL DEFAULT NULL
) ENGINE=InnoDB DEFAULT CHARSET=utf8mb4 COLLATE=utf8mb4_unicode_ci;

--
-- Dumping data for table `paymentables`
--

INSERT INTO `paymentables` (`id`, `payment_id`, `paymentable_id`, `amount`, `refunded`, `paymentable_type`, `created_at`, `updated_at`, `deleted_at`) VALUES
(1, 1, 1, 7433.4100, 0.0000, 'invoices', '2025-07-30 01:40:52', '2025-07-30 01:40:52', NULL),
(2, 2, 2, 1898.7300, 0.0000, 'invoices', '2025-07-30 01:41:02', '2025-07-30 01:41:02', NULL),
(3, 3, 3, 6354.3800, 0.0000, 'invoices', '2025-07-30 01:41:06', '2025-07-30 01:41:06', NULL),
(4, 4, 5, 3363.1300, 0.0000, 'invoices', '2025-07-30 01:41:13', '2025-07-30 01:41:13', NULL),
(5, 5, 7, 4826.1100, 0.0000, 'invoices', '2025-07-30 01:41:21', '2025-07-30 01:41:21', NULL),
(6, 6, 8, 5005.9000, 0.0000, 'invoices', '2025-07-30 01:41:26', '2025-07-30 01:41:26', NULL),
(7, 7, 11, 6174.3300, 0.0000, 'invoices', '2025-07-30 01:41:40', '2025-07-30 01:41:40', NULL),
(8, 8, 16, 4891.1400, 0.0000, 'invoices', '2025-07-30 01:41:59', '2025-07-30 01:41:59', NULL),
(9, 9, 17, 5662.3100, 0.0000, 'invoices', '2025-07-30 01:42:05', '2025-07-30 01:42:05', NULL);

-- --------------------------------------------------------

--
-- Table structure for table `payments`
--

CREATE TABLE `payments` (
  `id` int(10) UNSIGNED NOT NULL,
  `company_id` int(10) UNSIGNED NOT NULL,
  `client_id` int(10) UNSIGNED NOT NULL,
  `project_id` int(10) UNSIGNED DEFAULT NULL,
  `vendor_id` int(10) UNSIGNED DEFAULT NULL,
  `user_id` int(10) UNSIGNED DEFAULT NULL,
  `assigned_user_id` int(10) UNSIGNED DEFAULT NULL,
  `client_contact_id` int(10) UNSIGNED DEFAULT NULL,
  `invitation_id` int(10) UNSIGNED DEFAULT NULL,
  `company_gateway_id` int(10) UNSIGNED DEFAULT NULL,
  `gateway_type_id` int(10) UNSIGNED DEFAULT NULL,
  `type_id` int(10) UNSIGNED DEFAULT NULL,
  `status_id` int(10) UNSIGNED NOT NULL,
  `amount` decimal(20,6) NOT NULL,
  `refunded` decimal(20,6) NOT NULL,
  `applied` decimal(20,6) NOT NULL,
  `date` date DEFAULT NULL,
  `transaction_reference` varchar(191) DEFAULT NULL,
  `payer_id` varchar(191) DEFAULT NULL,
  `number` varchar(191) DEFAULT NULL,
  `private_notes` text DEFAULT NULL,
  `created_at` timestamp(6) NULL DEFAULT NULL,
  `updated_at` timestamp(6) NULL DEFAULT NULL,
  `deleted_at` timestamp(6) NULL DEFAULT NULL,
  `is_deleted` tinyint(1) NOT NULL DEFAULT 0,
  `is_manual` tinyint(1) NOT NULL DEFAULT 0,
  `exchange_rate` decimal(20,6) NOT NULL,
  `currency_id` int(10) UNSIGNED NOT NULL,
  `exchange_currency_id` int(10) UNSIGNED DEFAULT NULL,
  `meta` text DEFAULT NULL,
  `custom_value1` text NOT NULL,
  `custom_value2` text NOT NULL,
  `custom_value3` text NOT NULL,
  `custom_value4` text NOT NULL,
  `transaction_id` bigint(20) UNSIGNED DEFAULT NULL,
  `idempotency_key` varchar(64) DEFAULT NULL,
  `refund_meta` text DEFAULT NULL,
  `category_id` int(10) UNSIGNED DEFAULT NULL
) ENGINE=InnoDB DEFAULT CHARSET=utf8mb4 COLLATE=utf8mb4_unicode_ci;

--
-- Dumping data for table `payments`
--

INSERT INTO `payments` (`id`, `company_id`, `client_id`, `project_id`, `vendor_id`, `user_id`, `assigned_user_id`, `client_contact_id`, `invitation_id`, `company_gateway_id`, `gateway_type_id`, `type_id`, `status_id`, `amount`, `refunded`, `applied`, `date`, `transaction_reference`, `payer_id`, `number`, `private_notes`, `created_at`, `updated_at`, `deleted_at`, `is_deleted`, `is_manual`, `exchange_rate`, `currency_id`, `exchange_currency_id`, `meta`, `custom_value1`, `custom_value2`, `custom_value3`, `custom_value4`, `transaction_id`, `idempotency_key`, `refund_meta`, `category_id`) VALUES
(1, 1, 1, NULL, NULL, 1, NULL, NULL, NULL, NULL, NULL, NULL, 4, 7433.410000, 0.000000, 7433.410000, '2025-07-29', 'Manual entry', NULL, '0001', NULL, '2025-07-30 01:40:52.654123', '2025-07-30 01:40:52.688638', NULL, 0, 1, 1.000000, 41, 1, NULL, '', '', '', '', NULL, NULL, NULL, NULL),
(2, 2, 8, NULL, NULL, 2, NULL, NULL, NULL, NULL, NULL, NULL, 4, 1898.730000, 0.000000, 1898.730000, '2025-07-29', 'Manual entry', NULL, '0001', NULL, '2025-07-30 01:41:02.449887', '2025-07-30 01:41:02.483416', NULL, 0, 1, 1.000000, 26, 1, NULL, '', '', '', '', NULL, NULL, NULL, NULL),
(3, 2, 6, NULL, NULL, 2, NULL, NULL, NULL, NULL, NULL, NULL, 4, 6354.380000, 0.000000, 6354.380000, '2025-07-29', 'Manual entry', NULL, '0002', NULL, '2025-07-30 01:41:06.247877', '2025-07-30 01:41:06.276277', NULL, 0, 1, 1.000000, 75, 1, NULL, '', '', '', '', NULL, NULL, NULL, NULL),
(4, 2, 9, NULL, NULL, 2, NULL, NULL, NULL, NULL, NULL, NULL, 4, 3363.130000, 0.000000, 3363.130000, '2025-07-29', 'Manual entry', NULL, '0003', NULL, '2025-07-30 01:41:13.768690', '2025-07-30 01:41:13.808707', NULL, 0, 1, 1.000000, 31, 1, NULL, '', '', '', '', NULL, NULL, NULL, NULL),
(5, 2, 2, NULL, NULL, 2, NULL, NULL, NULL, NULL, NULL, NULL, 4, 4826.110000, 0.000000, 4826.110000, '2025-07-29', 'Manual entry', NULL, '0004', NULL, '2025-07-30 01:41:21.958496', '2025-07-30 01:41:21.991374', NULL, 0, 1, 1.000000, 72, 1, NULL, '', '', '', '', NULL, NULL, NULL, NULL),
(6, 2, 9, NULL, NULL, 2, NULL, NULL, NULL, NULL, NULL, NULL, 4, 5005.900000, 0.000000, 5005.900000, '2025-07-29', 'Manual entry', NULL, '0005', NULL, '2025-07-30 01:41:26.958239', '2025-07-30 01:41:27.000138', NULL, 0, 1, 1.000000, 31, 1, NULL, '', '', '', '', NULL, NULL, NULL, NULL),
(7, 2, 9, NULL, NULL, 2, NULL, NULL, NULL, NULL, NULL, NULL, 4, 6174.330000, 0.000000, 6174.330000, '2025-07-29', 'Manual entry', NULL, '0006', NULL, '2025-07-30 01:41:40.177269', '2025-07-30 01:41:40.211947', NULL, 0, 1, 1.000000, 31, 1, NULL, '', '', '', '', NULL, NULL, NULL, NULL),
(8, 2, 2, NULL, NULL, 2, NULL, NULL, NULL, NULL, NULL, NULL, 4, 4891.140000, 0.000000, 4891.140000, '2025-07-29', 'Manual entry', NULL, '0007', NULL, '2025-07-30 01:41:59.661164', '2025-07-30 01:41:59.698554', NULL, 0, 1, 1.000000, 72, 1, NULL, '', '', '', '', NULL, NULL, NULL, NULL),
(9, 2, 5, NULL, NULL, 2, NULL, NULL, NULL, NULL, NULL, NULL, 4, 5662.310000, 0.000000, 5662.310000, '2025-07-29', 'Manual entry', NULL, '0008', NULL, '2025-07-30 01:42:04.998072', '2025-07-30 01:42:05.039417', NULL, 0, 1, 1.000000, 67, 1, NULL, '', '', '', '', NULL, NULL, NULL, NULL);

-- --------------------------------------------------------

--
-- Table structure for table `payment_hashes`
--

CREATE TABLE `payment_hashes` (
  `id` int(10) UNSIGNED NOT NULL,
  `hash` varchar(255) NOT NULL,
  `fee_total` decimal(16,4) NOT NULL,
  `fee_invoice_id` int(10) UNSIGNED DEFAULT NULL,
  `data` mediumtext NOT NULL,
  `payment_id` int(10) UNSIGNED DEFAULT NULL,
  `created_at` timestamp(6) NULL DEFAULT NULL,
  `updated_at` timestamp(6) NULL DEFAULT NULL
) ENGINE=InnoDB DEFAULT CHARSET=utf8mb4 COLLATE=utf8mb4_unicode_ci;

-- --------------------------------------------------------

--
-- Table structure for table `payment_libraries`
--

CREATE TABLE `payment_libraries` (
  `id` int(10) UNSIGNED NOT NULL,
  `created_at` timestamp(6) NULL DEFAULT NULL,
  `updated_at` timestamp(6) NULL DEFAULT NULL,
  `name` varchar(191) DEFAULT NULL,
  `visible` tinyint(1) NOT NULL DEFAULT 1
) ENGINE=InnoDB DEFAULT CHARSET=utf8mb4 COLLATE=utf8mb4_unicode_ci;

--
-- Dumping data for table `payment_libraries`
--

INSERT INTO `payment_libraries` (`id`, `created_at`, `updated_at`, `name`, `visible`) VALUES
(1, '2025-07-30 01:39:36.175586', '2025-07-30 01:39:36.175586', 'Omnipay', 1);

-- --------------------------------------------------------

--
-- Table structure for table `payment_terms`
--

CREATE TABLE `payment_terms` (
  `id` int(10) UNSIGNED NOT NULL,
  `num_days` int(11) DEFAULT NULL,
  `name` varchar(191) DEFAULT NULL,
  `company_id` int(10) UNSIGNED DEFAULT NULL,
  `user_id` int(10) UNSIGNED DEFAULT NULL,
  `is_deleted` tinyint(1) NOT NULL DEFAULT 0,
  `created_at` timestamp(6) NULL DEFAULT NULL,
  `updated_at` timestamp(6) NULL DEFAULT NULL,
  `deleted_at` timestamp(6) NULL DEFAULT NULL
) ENGINE=InnoDB DEFAULT CHARSET=utf8mb4 COLLATE=utf8mb4_unicode_ci;

-- --------------------------------------------------------

--
-- Table structure for table `payment_types`
--

CREATE TABLE `payment_types` (
  `id` int(10) UNSIGNED NOT NULL,
  `name` varchar(191) NOT NULL,
  `gateway_type_id` int(11) DEFAULT NULL
) ENGINE=InnoDB DEFAULT CHARSET=utf8mb4 COLLATE=utf8mb4_unicode_ci;

--
-- Dumping data for table `payment_types`
--

INSERT INTO `payment_types` (`id`, `name`, `gateway_type_id`) VALUES
(1, 'Bank Transfer', 2),
(2, 'Cash', NULL),
(3, 'Debit', 1),
(4, 'ACH', 2),
(5, 'Visa Card', 1),
(6, 'MasterCard', 1),
(7, 'American Express', 1),
(8, 'Discover Card', 1),
(9, 'Diners Card', 1),
(10, 'EuroCard', 1),
(11, 'Nova', 1),
(12, 'Credit Card Other', 1),
(13, 'PayPal', 3),
(14, 'Google Wallet', NULL),
(15, 'Check', NULL),
(16, 'Carte Blanche', 1),
(17, 'UnionPay', 1),
(18, 'JCB', 1),
(19, 'Laser', 1),
(20, 'Maestro', 1),
(21, 'Solo', 1),
(22, 'Switch', 1),
(23, 'iZettle', 1),
(24, 'Swish', 2),
(25, 'Venmo', NULL),
(26, 'Money Order', NULL),
(27, 'Alipay', 7),
(28, 'Sofort', 8),
(29, 'SEPA', 9),
(30, 'GoCardless', 10),
(31, 'Crypto', 4),
(32, 'Credit', 14),
(33, 'Zelle', NULL),
(34, 'Mollie Bank Transfer', 2),
(35, 'KBC/CBC', 11),
(36, 'Bancontact', 12),
(37, 'iDEAL', 13),
(38, 'Hosted Page', 14),
(39, 'GiroPay', 15),
(40, 'Przelewy24', 16),
(41, 'EPS', 17),
(42, 'Direct Debit', 18),
(43, 'BECS', 20),
(44, 'ACSS', 19),
(45, 'Instant Bank Pay', 21),
(47, 'Klarna', 23),
(48, 'Interac E-Transfer', NULL),
(49, 'BACS', 24);

-- --------------------------------------------------------

--
-- Table structure for table `products`
--

CREATE TABLE `products` (
  `id` int(10) UNSIGNED NOT NULL,
  `company_id` int(10) UNSIGNED NOT NULL,
  `user_id` int(10) UNSIGNED NOT NULL,
  `assigned_user_id` int(10) UNSIGNED DEFAULT NULL,
  `project_id` int(10) UNSIGNED DEFAULT NULL,
  `vendor_id` int(10) UNSIGNED DEFAULT NULL,
  `custom_value1` text NOT NULL,
  `custom_value2` text NOT NULL,
  `custom_value3` text NOT NULL,
  `custom_value4` text NOT NULL,
  `product_key` varchar(191) DEFAULT NULL,
  `notes` text DEFAULT NULL,
  `cost` decimal(20,6) NOT NULL,
  `price` decimal(20,6) NOT NULL,
  `quantity` decimal(20,6) NOT NULL,
  `tax_name1` varchar(191) DEFAULT NULL,
  `tax_rate1` decimal(20,6) NOT NULL,
  `tax_name2` varchar(191) DEFAULT NULL,
  `tax_rate2` decimal(20,6) NOT NULL,
  `tax_name3` varchar(191) DEFAULT NULL,
  `tax_rate3` decimal(20,6) NOT NULL,
  `deleted_at` timestamp(6) NULL DEFAULT NULL,
  `created_at` timestamp(6) NULL DEFAULT NULL,
  `updated_at` timestamp(6) NULL DEFAULT NULL,
  `is_deleted` tinyint(1) NOT NULL DEFAULT 0,
  `in_stock_quantity` int(11) NOT NULL DEFAULT 0,
  `stock_notification` tinyint(1) NOT NULL DEFAULT 1,
  `stock_notification_threshold` int(11) NOT NULL DEFAULT 0,
  `max_quantity` int(10) UNSIGNED DEFAULT NULL,
  `product_image` varchar(191) DEFAULT NULL,
  `tax_id` int(10) UNSIGNED DEFAULT NULL,
  `hash` varchar(191) DEFAULT NULL,
  `sync` text DEFAULT NULL
) ENGINE=InnoDB DEFAULT CHARSET=utf8mb4 COLLATE=utf8mb4_unicode_ci;

--
-- Dumping data for table `products`
--

INSERT INTO `products` (`id`, `company_id`, `user_id`, `assigned_user_id`, `project_id`, `vendor_id`, `custom_value1`, `custom_value2`, `custom_value3`, `custom_value4`, `product_key`, `notes`, `cost`, `price`, `quantity`, `tax_name1`, `tax_rate1`, `tax_name2`, `tax_rate2`, `tax_name3`, `tax_rate3`, `deleted_at`, `created_at`, `updated_at`, `is_deleted`, `in_stock_quantity`, `stock_notification`, `stock_notification_threshold`, `max_quantity`, `product_image`, `tax_id`, `hash`, `sync`) VALUES
(1, 1, 1, NULL, NULL, NULL, 'https://picsum.photos/200', '37', 'Ipsam optio fugit.', 'Laborum optio ea.', 'Qui ut.', 'Soluta et fugiat.', 742.000000, 831.000000, 1.000000, NULL, 0.000000, NULL, 0.000000, NULL, 0.000000, NULL, '2025-07-30 01:40:50.220224', '2025-07-30 01:40:50.220224', 0, 0, 1, 0, NULL, NULL, 1, NULL, NULL),
(2, 1, 1, NULL, NULL, NULL, 'https://picsum.photos/200', '39', 'Expedita velit.', 'Sit ullam id quia.', 'Quos.', 'Itaque magni est.', 204.000000, 26.000000, 17.000000, NULL, 0.000000, NULL, 0.000000, NULL, 0.000000, NULL, '2025-07-30 01:40:50.226346', '2025-07-30 01:40:50.226346', 0, 0, 1, 0, NULL, NULL, 1, NULL, NULL),
(3, 1, 1, NULL, NULL, NULL, 'https://picsum.photos/200', '17', 'Voluptatibus.', 'Sit dolores dolorum.', 'Et aut.', 'Consectetur itaque.', 488.000000, 848.000000, 43.000000, NULL, 0.000000, NULL, 0.000000, NULL, 0.000000, NULL, '2025-07-30 01:40:50.229475', '2025-07-30 01:40:50.229475', 0, 0, 1, 0, NULL, NULL, 1, NULL, NULL),
(4, 1, 1, NULL, NULL, NULL, 'https://picsum.photos/200', '91', 'Illo quo.', 'Nemo non voluptates.', 'Hic.', 'Cumque voluptatum.', 788.000000, 297.000000, 26.000000, NULL, 0.000000, NULL, 0.000000, NULL, 0.000000, NULL, '2025-07-30 01:40:50.231624', '2025-07-30 01:40:50.231624', 0, 0, 1, 0, NULL, NULL, 1, NULL, NULL),
(5, 1, 1, NULL, NULL, NULL, 'https://picsum.photos/200', '38', 'Aut maxime eos.', 'Sed voluptatum et.', 'A eius.', 'Quibusdam.', 795.000000, 406.000000, 57.000000, NULL, 0.000000, NULL, 0.000000, NULL, 0.000000, NULL, '2025-07-30 01:40:50.233423', '2025-07-30 01:40:50.233423', 0, 0, 1, 0, NULL, NULL, 1, NULL, NULL),
(6, 1, 1, NULL, NULL, NULL, 'https://picsum.photos/200', '62', 'Numquam nihil minus.', 'Explicabo nisi et.', 'Fugiat.', 'Autem in est vitae.', 640.000000, 142.000000, 100.000000, NULL, 0.000000, NULL, 0.000000, NULL, 0.000000, NULL, '2025-07-30 01:40:50.234963', '2025-07-30 01:40:50.234963', 0, 0, 1, 0, NULL, NULL, 1, NULL, NULL),
(7, 1, 1, NULL, NULL, NULL, 'https://picsum.photos/200', '1', 'Consequatur ut.', 'Excepturi quo ut.', 'Ex ea.', 'Fugiat ipsam.', 414.000000, 883.000000, 28.000000, NULL, 0.000000, NULL, 0.000000, NULL, 0.000000, NULL, '2025-07-30 01:40:50.236629', '2025-07-30 01:40:50.236629', 0, 0, 1, 0, NULL, NULL, 1, NULL, NULL),
(8, 1, 1, NULL, NULL, NULL, 'https://picsum.photos/200', '66', 'Nisi numquam quia.', 'Similique est.', 'Est.', 'Ipsum sapiente sed.', 137.000000, 943.000000, 23.000000, NULL, 0.000000, NULL, 0.000000, NULL, 0.000000, NULL, '2025-07-30 01:40:50.238490', '2025-07-30 01:40:50.238490', 0, 0, 1, 0, NULL, NULL, 1, NULL, NULL),
(9, 1, 1, NULL, NULL, NULL, 'https://picsum.photos/200', '91', 'Facere sunt.', 'Delectus qui esse.', 'Sint.', 'Fuga incidunt et.', 713.000000, 213.000000, 59.000000, NULL, 0.000000, NULL, 0.000000, NULL, 0.000000, NULL, '2025-07-30 01:40:50.240286', '2025-07-30 01:40:50.240286', 0, 0, 1, 0, NULL, NULL, 1, NULL, NULL),
(10, 1, 1, NULL, NULL, NULL, 'https://picsum.photos/200', '10', 'Accusamus molestiae.', 'Et possimus debitis.', 'Sed.', 'Illum quia non.', 457.000000, 226.000000, 17.000000, NULL, 0.000000, NULL, 0.000000, NULL, 0.000000, NULL, '2025-07-30 01:40:50.241865', '2025-07-30 01:40:50.241865', 0, 0, 1, 0, NULL, NULL, 1, NULL, NULL),
(11, 1, 1, NULL, NULL, NULL, 'https://picsum.photos/200', '86', 'Maiores ex enim.', 'Omnis culpa.', 'Rerum.', 'Corrupti voluptates.', 329.000000, 796.000000, 51.000000, NULL, 0.000000, NULL, 0.000000, NULL, 0.000000, NULL, '2025-07-30 01:40:50.243427', '2025-07-30 01:40:50.243427', 0, 0, 1, 0, NULL, NULL, 1, NULL, NULL),
(12, 1, 1, NULL, NULL, NULL, 'https://picsum.photos/200', '74', 'Eligendi vel.', 'Commodi vitae qui.', 'Et.', 'Occaecati ut.', 371.000000, 42.000000, 62.000000, NULL, 0.000000, NULL, 0.000000, NULL, 0.000000, NULL, '2025-07-30 01:40:50.245093', '2025-07-30 01:40:50.245093', 0, 0, 1, 0, NULL, NULL, 1, NULL, NULL),
(13, 1, 1, NULL, NULL, NULL, 'https://picsum.photos/200', '98', 'Laborum mollitia.', 'Qui et ratione est.', 'Amet.', 'Ipsam cumque.', 293.000000, 374.000000, 55.000000, NULL, 0.000000, NULL, 0.000000, NULL, 0.000000, NULL, '2025-07-30 01:40:50.247001', '2025-07-30 01:40:50.247001', 0, 0, 1, 0, NULL, NULL, 1, NULL, NULL),
(14, 1, 1, NULL, NULL, NULL, 'https://picsum.photos/200', '25', 'Nemo voluptatibus.', 'Nulla sapiente.', 'Alias.', 'Rerum quisquam ad.', 626.000000, 895.000000, 54.000000, NULL, 0.000000, NULL, 0.000000, NULL, 0.000000, NULL, '2025-07-30 01:40:50.248972', '2025-07-30 01:40:50.248972', 0, 0, 1, 0, NULL, NULL, 1, NULL, NULL),
(15, 1, 1, NULL, NULL, NULL, 'https://picsum.photos/200', '68', 'Ea sit ex assumenda.', 'Et nihil ut.', 'Et cum.', 'Voluptatem est ad.', 739.000000, 896.000000, 97.000000, NULL, 0.000000, NULL, 0.000000, NULL, 0.000000, NULL, '2025-07-30 01:40:50.250624', '2025-07-30 01:40:50.250624', 0, 0, 1, 0, NULL, NULL, 1, NULL, NULL),
(16, 1, 1, NULL, NULL, NULL, 'https://picsum.photos/200', '75', 'Debitis saepe quia.', 'Est voluptatibus.', 'Saepe.', 'Quia tenetur.', 18.000000, 602.000000, 79.000000, NULL, 0.000000, NULL, 0.000000, NULL, 0.000000, NULL, '2025-07-30 01:40:50.252035', '2025-07-30 01:40:50.252035', 0, 0, 1, 0, NULL, NULL, 1, NULL, NULL),
(17, 1, 1, NULL, NULL, NULL, 'https://picsum.photos/200', '51', 'Accusantium placeat.', 'Non eligendi dolor.', 'Qui.', 'Quia praesentium.', 393.000000, 131.000000, 12.000000, NULL, 0.000000, NULL, 0.000000, NULL, 0.000000, NULL, '2025-07-30 01:40:50.253409', '2025-07-30 01:40:50.253409', 0, 0, 1, 0, NULL, NULL, 1, NULL, NULL),
(18, 1, 1, NULL, NULL, NULL, 'https://picsum.photos/200', '42', 'Molestiae.', 'Atque omnis quae.', 'Magni.', 'Et exercitationem.', 976.000000, 195.000000, 79.000000, NULL, 0.000000, NULL, 0.000000, NULL, 0.000000, NULL, '2025-07-30 01:40:50.254755', '2025-07-30 01:40:50.254755', 0, 0, 1, 0, NULL, NULL, 1, NULL, NULL),
(19, 1, 1, NULL, NULL, NULL, 'https://picsum.photos/200', '43', 'Molestias at ipsa.', 'Architecto.', 'Sequi.', 'Id delectus.', 218.000000, 109.000000, 44.000000, NULL, 0.000000, NULL, 0.000000, NULL, 0.000000, NULL, '2025-07-30 01:40:50.256145', '2025-07-30 01:40:50.256145', 0, 0, 1, 0, NULL, NULL, 1, NULL, NULL),
(20, 1, 1, NULL, NULL, NULL, 'https://picsum.photos/200', '26', 'Voluptatem facere.', 'Rerum et fugit quas.', 'Aut.', 'Sed quis delectus.', 398.000000, 121.000000, 18.000000, NULL, 0.000000, NULL, 0.000000, NULL, 0.000000, NULL, '2025-07-30 01:40:50.257716', '2025-07-30 01:40:50.257716', 0, 0, 1, 0, NULL, NULL, 1, NULL, NULL),
(21, 1, 1, NULL, NULL, NULL, 'https://picsum.photos/200', '29', 'Et porro quia omnis.', 'Nihil nihil dicta.', 'Fugit.', 'Sequi tempore.', 733.000000, 737.000000, 34.000000, NULL, 0.000000, NULL, 0.000000, NULL, 0.000000, NULL, '2025-07-30 01:40:50.259216', '2025-07-30 01:40:50.259216', 0, 0, 1, 0, NULL, NULL, 1, NULL, NULL),
(22, 1, 1, NULL, NULL, NULL, 'https://picsum.photos/200', '45', 'Accusamus ratione.', 'Consectetur.', 'Et.', 'Eaque sit.', 480.000000, 125.000000, 18.000000, NULL, 0.000000, NULL, 0.000000, NULL, 0.000000, NULL, '2025-07-30 01:40:50.260661', '2025-07-30 01:40:50.260661', 0, 0, 1, 0, NULL, NULL, 1, NULL, NULL),
(23, 1, 1, NULL, NULL, NULL, 'https://picsum.photos/200', '95', 'Veniam in.', 'Beatae fuga.', 'Odio.', 'Autem officia nihil.', 589.000000, 621.000000, 45.000000, NULL, 0.000000, NULL, 0.000000, NULL, 0.000000, NULL, '2025-07-30 01:40:50.262022', '2025-07-30 01:40:50.262022', 0, 0, 1, 0, NULL, NULL, 1, NULL, NULL),
(24, 1, 1, NULL, NULL, NULL, 'https://picsum.photos/200', '90', 'Quo enim aliquid.', 'Minima consequuntur.', 'Sed.', 'Quaerat quo nisi.', 190.000000, 311.000000, 75.000000, NULL, 0.000000, NULL, 0.000000, NULL, 0.000000, NULL, '2025-07-30 01:40:50.263369', '2025-07-30 01:40:50.263369', 0, 0, 1, 0, NULL, NULL, 1, NULL, NULL),
(25, 1, 1, NULL, NULL, NULL, 'https://picsum.photos/200', '73', 'Quae omnis et.', 'Fugit quam dolorem.', 'Dolore.', 'Sed quae qui.', 11.000000, 690.000000, 88.000000, NULL, 0.000000, NULL, 0.000000, NULL, 0.000000, NULL, '2025-07-30 01:40:50.264906', '2025-07-30 01:40:50.264906', 0, 0, 1, 0, NULL, NULL, 1, NULL, NULL),
(26, 1, 1, NULL, NULL, NULL, 'https://picsum.photos/200', '84', 'Cumque adipisci.', 'Repellat placeat.', 'Ut rem.', 'Dolorem nam.', 991.000000, 457.000000, 36.000000, NULL, 0.000000, NULL, 0.000000, NULL, 0.000000, NULL, '2025-07-30 01:40:50.266578', '2025-07-30 01:40:50.266578', 0, 0, 1, 0, NULL, NULL, 1, NULL, NULL),
(27, 1, 1, NULL, NULL, NULL, 'https://picsum.photos/200', '53', 'Quo rerum velit.', 'Qui vero natus.', 'Quia.', 'Asperiores qui ipsa.', 605.000000, 893.000000, 81.000000, NULL, 0.000000, NULL, 0.000000, NULL, 0.000000, NULL, '2025-07-30 01:40:50.268472', '2025-07-30 01:40:50.268472', 0, 0, 1, 0, NULL, NULL, 1, NULL, NULL),
(28, 1, 1, NULL, NULL, NULL, 'https://picsum.photos/200', '39', 'Mollitia ipsa.', 'Tempore placeat et.', 'Libero.', 'Magni nihil sed sit.', 836.000000, 812.000000, 48.000000, NULL, 0.000000, NULL, 0.000000, NULL, 0.000000, NULL, '2025-07-30 01:40:50.269995', '2025-07-30 01:40:50.269995', 0, 0, 1, 0, NULL, NULL, 1, NULL, NULL),
(29, 1, 1, NULL, NULL, NULL, 'https://picsum.photos/200', '73', 'Vero harum deleniti.', 'Id autem sit.', 'Odio.', 'Sapiente sint totam.', 383.000000, 382.000000, 73.000000, NULL, 0.000000, NULL, 0.000000, NULL, 0.000000, NULL, '2025-07-30 01:40:50.271591', '2025-07-30 01:40:50.271591', 0, 0, 1, 0, NULL, NULL, 1, NULL, NULL),
(30, 1, 1, NULL, NULL, NULL, 'https://picsum.photos/200', '28', 'Veritatis.', 'Culpa ut ratione.', 'Qui.', 'Est cum eligendi ab.', 611.000000, 712.000000, 17.000000, NULL, 0.000000, NULL, 0.000000, NULL, 0.000000, NULL, '2025-07-30 01:40:50.272986', '2025-07-30 01:40:50.272986', 0, 0, 1, 0, NULL, NULL, 1, NULL, NULL),
(31, 1, 1, NULL, NULL, NULL, 'https://picsum.photos/200', '24', 'Et totam.', 'Exercitationem qui.', 'Eos.', 'Sed cupiditate non.', 9.000000, 869.000000, 48.000000, NULL, 0.000000, NULL, 0.000000, NULL, 0.000000, NULL, '2025-07-30 01:40:50.274325', '2025-07-30 01:40:50.274325', 0, 0, 1, 0, NULL, NULL, 1, NULL, NULL),
(32, 1, 1, NULL, NULL, NULL, 'https://picsum.photos/200', '26', 'Quis et ipsa.', 'Harum possimus enim.', 'Et ea.', 'Culpa qui voluptate.', 697.000000, 747.000000, 76.000000, NULL, 0.000000, NULL, 0.000000, NULL, 0.000000, NULL, '2025-07-30 01:40:50.275680', '2025-07-30 01:40:50.275680', 0, 0, 1, 0, NULL, NULL, 1, NULL, NULL),
(33, 1, 1, NULL, NULL, NULL, 'https://picsum.photos/200', '3', 'Quis hic aliquid et.', 'Qui quae.', 'Dolor.', 'Labore sit qui.', 946.000000, 710.000000, 70.000000, NULL, 0.000000, NULL, 0.000000, NULL, 0.000000, NULL, '2025-07-30 01:40:50.277167', '2025-07-30 01:40:50.277167', 0, 0, 1, 0, NULL, NULL, 1, NULL, NULL),
(34, 1, 1, NULL, NULL, NULL, 'https://picsum.photos/200', '42', 'Sunt nisi minima.', 'Consequatur fuga.', 'Fuga.', 'Sunt nihil voluptas.', 333.000000, 372.000000, 11.000000, NULL, 0.000000, NULL, 0.000000, NULL, 0.000000, NULL, '2025-07-30 01:40:50.279101', '2025-07-30 01:40:50.279101', 0, 0, 1, 0, NULL, NULL, 1, NULL, NULL),
(35, 1, 1, NULL, NULL, NULL, 'https://picsum.photos/200', '91', 'Atque aliquam.', 'Repellendus magni.', 'Ut sed.', 'Amet aut doloremque.', 534.000000, 282.000000, 91.000000, NULL, 0.000000, NULL, 0.000000, NULL, 0.000000, NULL, '2025-07-30 01:40:50.281045', '2025-07-30 01:40:50.281045', 0, 0, 1, 0, NULL, NULL, 1, NULL, NULL),
(36, 1, 1, NULL, NULL, NULL, 'https://picsum.photos/200', '2', 'Omnis voluptatem.', 'Non omnis aut optio.', 'Sequi.', 'Modi dolor commodi.', 252.000000, 387.000000, 67.000000, NULL, 0.000000, NULL, 0.000000, NULL, 0.000000, NULL, '2025-07-30 01:40:50.282692', '2025-07-30 01:40:50.282692', 0, 0, 1, 0, NULL, NULL, 1, NULL, NULL),
(37, 1, 1, NULL, NULL, NULL, 'https://picsum.photos/200', '67', 'Cum mollitia ipsam.', 'Eius itaque ut ut.', 'Nihil.', 'Rem nulla nisi fuga.', 650.000000, 669.000000, 51.000000, NULL, 0.000000, NULL, 0.000000, NULL, 0.000000, NULL, '2025-07-30 01:40:50.284097', '2025-07-30 01:40:50.284097', 0, 0, 1, 0, NULL, NULL, 1, NULL, NULL),
(38, 1, 1, NULL, NULL, NULL, 'https://picsum.photos/200', '76', 'Nihil accusamus.', 'Maiores culpa.', 'Odio.', 'Et illo vero.', 661.000000, 170.000000, 100.000000, NULL, 0.000000, NULL, 0.000000, NULL, 0.000000, NULL, '2025-07-30 01:40:50.285422', '2025-07-30 01:40:50.285422', 0, 0, 1, 0, NULL, NULL, 1, NULL, NULL),
(39, 1, 1, NULL, NULL, NULL, 'https://picsum.photos/200', '47', 'Placeat quia fugiat.', 'Saepe et aut in.', 'Sit.', 'Voluptatibus eos.', 735.000000, 738.000000, 53.000000, NULL, 0.000000, NULL, 0.000000, NULL, 0.000000, NULL, '2025-07-30 01:40:50.286889', '2025-07-30 01:40:50.286889', 0, 0, 1, 0, NULL, NULL, 1, NULL, NULL),
(40, 1, 1, NULL, NULL, NULL, 'https://picsum.photos/200', '0', 'Excepturi qui.', 'Et rerum illum.', 'Hic.', 'Quos nihil ut et.', 599.000000, 684.000000, 53.000000, NULL, 0.000000, NULL, 0.000000, NULL, 0.000000, NULL, '2025-07-30 01:40:50.288660', '2025-07-30 01:40:50.288660', 0, 0, 1, 0, NULL, NULL, 1, NULL, NULL),
(41, 1, 1, NULL, NULL, NULL, 'https://picsum.photos/200', '85', 'Neque cumque aut.', 'Nisi voluptatibus.', 'Fugiat.', 'Omnis quia.', 4.000000, 661.000000, 49.000000, NULL, 0.000000, NULL, 0.000000, NULL, 0.000000, NULL, '2025-07-30 01:40:50.290126', '2025-07-30 01:40:50.290126', 0, 0, 1, 0, NULL, NULL, 1, NULL, NULL),
(42, 1, 1, NULL, NULL, NULL, 'https://picsum.photos/200', '4', 'Repudiandae aliquam.', 'Itaque at et ex.', 'At et.', 'Rerum ipsam debitis.', 933.000000, 236.000000, 62.000000, NULL, 0.000000, NULL, 0.000000, NULL, 0.000000, NULL, '2025-07-30 01:40:50.291540', '2025-07-30 01:40:50.291540', 0, 0, 1, 0, NULL, NULL, 1, NULL, NULL),
(43, 1, 1, NULL, NULL, NULL, 'https://picsum.photos/200', '4', 'Aut sunt vel.', 'Natus veniam rerum.', 'Quidem.', 'Quibusdam earum.', 443.000000, 852.000000, 99.000000, NULL, 0.000000, NULL, 0.000000, NULL, 0.000000, NULL, '2025-07-30 01:40:50.292924', '2025-07-30 01:40:50.292924', 0, 0, 1, 0, NULL, NULL, 1, NULL, NULL),
(44, 1, 1, NULL, NULL, NULL, 'https://picsum.photos/200', '91', 'Ratione eveniet.', 'Architecto.', 'Quidem.', 'Quis totam itaque.', 508.000000, 337.000000, 75.000000, NULL, 0.000000, NULL, 0.000000, NULL, 0.000000, NULL, '2025-07-30 01:40:50.294419', '2025-07-30 01:40:50.294419', 0, 0, 1, 0, NULL, NULL, 1, NULL, NULL),
(45, 1, 1, NULL, NULL, NULL, 'https://picsum.photos/200', '45', 'Aliquam error aut.', 'Et voluptas tenetur.', 'Nihil.', 'Eveniet enim aut.', 208.000000, 157.000000, 95.000000, NULL, 0.000000, NULL, 0.000000, NULL, 0.000000, NULL, '2025-07-30 01:40:50.295901', '2025-07-30 01:40:50.295901', 0, 0, 1, 0, NULL, NULL, 1, NULL, NULL),
(46, 1, 1, NULL, NULL, NULL, 'https://picsum.photos/200', '36', 'Ea est quia enim.', 'Nobis tenetur.', 'Iusto.', 'Dolores odit est.', 170.000000, 797.000000, 4.000000, NULL, 0.000000, NULL, 0.000000, NULL, 0.000000, NULL, '2025-07-30 01:40:50.297425', '2025-07-30 01:40:50.297425', 0, 0, 1, 0, NULL, NULL, 1, NULL, NULL),
(47, 1, 1, NULL, NULL, NULL, 'https://picsum.photos/200', '58', 'Et omnis ipsa.', 'Iste inventore.', 'Sequi.', 'Ratione voluptatum.', 746.000000, 759.000000, 67.000000, NULL, 0.000000, NULL, 0.000000, NULL, 0.000000, NULL, '2025-07-30 01:40:50.298926', '2025-07-30 01:40:50.298926', 0, 0, 1, 0, NULL, NULL, 1, NULL, NULL),
(48, 1, 1, NULL, NULL, NULL, 'https://picsum.photos/200', '90', 'Corrupti dolorum.', 'Quo ab doloribus.', 'In.', 'Laborum omnis quia.', 530.000000, 550.000000, 42.000000, NULL, 0.000000, NULL, 0.000000, NULL, 0.000000, NULL, '2025-07-30 01:40:50.300297', '2025-07-30 01:40:50.300297', 0, 0, 1, 0, NULL, NULL, 1, NULL, NULL),
(49, 1, 1, NULL, NULL, NULL, 'https://picsum.photos/200', '16', 'Excepturi id.', 'Architecto cum eos.', 'Ut.', 'Quo accusantium.', 985.000000, 400.000000, 98.000000, NULL, 0.000000, NULL, 0.000000, NULL, 0.000000, NULL, '2025-07-30 01:40:50.301685', '2025-07-30 01:40:50.301685', 0, 0, 1, 0, NULL, NULL, 1, NULL, NULL),
(50, 1, 1, NULL, NULL, NULL, 'https://picsum.photos/200', '37', 'Quod pariatur error.', 'Et nesciunt ut.', 'Porro.', 'Occaecati quis qui.', 194.000000, 157.000000, 27.000000, NULL, 0.000000, NULL, 0.000000, NULL, 0.000000, NULL, '2025-07-30 01:40:50.303035', '2025-07-30 01:40:50.303035', 0, 0, 1, 0, NULL, NULL, 1, NULL, NULL),
(51, 2, 2, NULL, NULL, NULL, 'https://picsum.photos/200', '81', 'Distinctio ab sit.', 'Eligendi qui ipsa.', 'Rerum.', 'Sit at omnis.', 709.000000, 287.000000, 97.000000, NULL, 0.000000, NULL, 0.000000, NULL, 0.000000, NULL, '2025-07-30 01:40:57.200798', '2025-07-30 01:40:57.200798', 0, 0, 1, 0, NULL, NULL, 1, NULL, NULL),
(52, 2, 2, NULL, NULL, NULL, 'https://picsum.photos/200', '19', 'Pariatur.', 'Soluta neque.', 'Animi.', 'Nihil autem aliquid.', 63.000000, 170.000000, 27.000000, NULL, 0.000000, NULL, 0.000000, NULL, 0.000000, NULL, '2025-07-30 01:40:57.204478', '2025-07-30 01:40:57.204478', 0, 0, 1, 0, NULL, NULL, 1, NULL, NULL),
(53, 2, 2, NULL, NULL, NULL, 'https://picsum.photos/200', '29', 'Qui debitis sint.', 'Quia qui quisquam.', 'Ut sed.', 'Quaerat consequatur.', 36.000000, 332.000000, 89.000000, NULL, 0.000000, NULL, 0.000000, NULL, 0.000000, NULL, '2025-07-30 01:40:57.206454', '2025-07-30 01:40:57.206454', 0, 0, 1, 0, NULL, NULL, 1, NULL, NULL),
(54, 2, 2, NULL, NULL, NULL, 'https://picsum.photos/200', '86', 'Voluptatem eum.', 'Qui nemo dolorem.', 'Est.', 'Sint dolorem quidem.', 208.000000, 874.000000, 99.000000, NULL, 0.000000, NULL, 0.000000, NULL, 0.000000, NULL, '2025-07-30 01:40:57.208149', '2025-07-30 01:40:57.208149', 0, 0, 1, 0, NULL, NULL, 1, NULL, NULL),
(55, 2, 2, NULL, NULL, NULL, 'https://picsum.photos/200', '56', 'Cumque eos.', 'Eius accusantium id.', 'Cum.', 'Maiores placeat.', 652.000000, 972.000000, 30.000000, NULL, 0.000000, NULL, 0.000000, NULL, 0.000000, NULL, '2025-07-30 01:40:57.209853', '2025-07-30 01:40:57.209853', 0, 0, 1, 0, NULL, NULL, 1, NULL, NULL),
(56, 2, 2, NULL, NULL, NULL, 'https://picsum.photos/200', '81', 'Quos distinctio.', 'Inventore quos.', 'Labore.', 'Rem et explicabo in.', 873.000000, 481.000000, 6.000000, NULL, 0.000000, NULL, 0.000000, NULL, 0.000000, NULL, '2025-07-30 01:40:57.211804', '2025-07-30 01:40:57.211804', 0, 0, 1, 0, NULL, NULL, 1, NULL, NULL),
(57, 2, 2, NULL, NULL, NULL, 'https://picsum.photos/200', '55', 'Quia non.', 'Eum aut non est ut.', 'Est.', 'Sint numquam.', 167.000000, 257.000000, 84.000000, NULL, 0.000000, NULL, 0.000000, NULL, 0.000000, NULL, '2025-07-30 01:40:57.213564', '2025-07-30 01:40:57.213564', 0, 0, 1, 0, NULL, NULL, 1, NULL, NULL),
(58, 2, 2, NULL, NULL, NULL, 'https://picsum.photos/200', '67', 'Aut optio est sed.', 'Nihil et qui fuga.', 'In qui.', 'Dolores id ullam et.', 873.000000, 457.000000, 18.000000, NULL, 0.000000, NULL, 0.000000, NULL, 0.000000, NULL, '2025-07-30 01:40:57.215895', '2025-07-30 01:40:57.215895', 0, 0, 1, 0, NULL, NULL, 1, NULL, NULL),
(59, 2, 2, NULL, NULL, NULL, 'https://picsum.photos/200', '74', 'Sed aut itaque.', 'Itaque non id.', 'Cumque.', 'Quam voluptatem.', 58.000000, 758.000000, 6.000000, NULL, 0.000000, NULL, 0.000000, NULL, 0.000000, NULL, '2025-07-30 01:40:57.217937', '2025-07-30 01:40:57.217937', 0, 0, 1, 0, NULL, NULL, 1, NULL, NULL),
(60, 2, 2, NULL, NULL, NULL, 'https://picsum.photos/200', '9', 'Quo recusandae.', 'Sit illo vel aut.', 'Nisi.', 'Est et cum quam.', 776.000000, 165.000000, 88.000000, NULL, 0.000000, NULL, 0.000000, NULL, 0.000000, NULL, '2025-07-30 01:40:57.220578', '2025-07-30 01:40:57.220578', 0, 0, 1, 0, NULL, NULL, 1, NULL, NULL),
(61, 2, 2, NULL, NULL, NULL, 'https://picsum.photos/200', '3', 'Reprehenderit nisi.', 'Et delectus quaerat.', 'Enim.', 'Nihil sed nam.', 559.000000, 211.000000, 97.000000, NULL, 0.000000, NULL, 0.000000, NULL, 0.000000, NULL, '2025-07-30 01:40:57.222444', '2025-07-30 01:40:57.222444', 0, 0, 1, 0, NULL, NULL, 1, NULL, NULL),
(62, 2, 2, NULL, NULL, NULL, 'https://picsum.photos/200', '81', 'Laudantium aut.', 'Provident.', 'Quis.', 'Soluta maxime ea.', 64.000000, 195.000000, 66.000000, NULL, 0.000000, NULL, 0.000000, NULL, 0.000000, NULL, '2025-07-30 01:40:57.224074', '2025-07-30 01:40:57.224074', 0, 0, 1, 0, NULL, NULL, 1, NULL, NULL),
(63, 2, 2, NULL, NULL, NULL, 'https://picsum.photos/200', '85', 'Totam accusantium.', 'Voluptates quos.', 'Hic ut.', 'Autem autem sint.', 374.000000, 932.000000, 57.000000, NULL, 0.000000, NULL, 0.000000, NULL, 0.000000, NULL, '2025-07-30 01:40:57.226091', '2025-07-30 01:40:57.226091', 0, 0, 1, 0, NULL, NULL, 1, NULL, NULL),
(64, 2, 2, NULL, NULL, NULL, 'https://picsum.photos/200', '81', 'Ut sunt ut.', 'Nemo voluptatem ut.', 'Aut.', 'Consequatur.', 626.000000, 856.000000, 73.000000, NULL, 0.000000, NULL, 0.000000, NULL, 0.000000, NULL, '2025-07-30 01:40:57.228271', '2025-07-30 01:40:57.228271', 0, 0, 1, 0, NULL, NULL, 1, NULL, NULL),
(65, 2, 2, NULL, NULL, NULL, 'https://picsum.photos/200', '53', 'Rerum possimus.', 'Adipisci aut beatae.', 'Quia.', 'Suscipit delectus.', 621.000000, 185.000000, 83.000000, NULL, 0.000000, NULL, 0.000000, NULL, 0.000000, NULL, '2025-07-30 01:40:57.230083', '2025-07-30 01:40:57.230083', 0, 0, 1, 0, NULL, NULL, 1, NULL, NULL),
(66, 2, 2, NULL, NULL, NULL, 'https://picsum.photos/200', '54', 'Cumque et ut rerum.', 'Eum nobis quis est.', 'Et.', 'Cumque aspernatur.', 240.000000, 344.000000, 43.000000, NULL, 0.000000, NULL, 0.000000, NULL, 0.000000, NULL, '2025-07-30 01:40:57.231737', '2025-07-30 01:40:57.231737', 0, 0, 1, 0, NULL, NULL, 1, NULL, NULL),
(67, 2, 2, NULL, NULL, NULL, 'https://picsum.photos/200', '92', 'Temporibus voluptas.', 'Veniam consequuntur.', 'Rem.', 'Et quaerat sed.', 584.000000, 798.000000, 1.000000, NULL, 0.000000, NULL, 0.000000, NULL, 0.000000, NULL, '2025-07-30 01:40:57.233494', '2025-07-30 01:40:57.233494', 0, 0, 1, 0, NULL, NULL, 1, NULL, NULL),
(68, 2, 2, NULL, NULL, NULL, 'https://picsum.photos/200', '66', 'Ea similique quis.', 'Adipisci aliquam.', 'Minus.', 'Odit consequatur.', 893.000000, 448.000000, 16.000000, NULL, 0.000000, NULL, 0.000000, NULL, 0.000000, NULL, '2025-07-30 01:40:57.235312', '2025-07-30 01:40:57.235312', 0, 0, 1, 0, NULL, NULL, 1, NULL, NULL),
(69, 2, 2, NULL, NULL, NULL, 'https://picsum.photos/200', '19', 'Aut et tempore.', 'Cum iusto.', 'Atque.', 'Quis assumenda.', 340.000000, 827.000000, 86.000000, NULL, 0.000000, NULL, 0.000000, NULL, 0.000000, NULL, '2025-07-30 01:40:57.237450', '2025-07-30 01:40:57.237450', 0, 0, 1, 0, NULL, NULL, 1, NULL, NULL),
(70, 2, 2, NULL, NULL, NULL, 'https://picsum.photos/200', '51', 'Eaque non labore.', 'Tempore qui odit.', 'Illo.', 'Iste et sapiente.', 364.000000, 162.000000, 32.000000, NULL, 0.000000, NULL, 0.000000, NULL, 0.000000, NULL, '2025-07-30 01:40:57.239320', '2025-07-30 01:40:57.239320', 0, 0, 1, 0, NULL, NULL, 1, NULL, NULL),
(71, 2, 2, NULL, NULL, NULL, 'https://picsum.photos/200', '42', 'Et est rerum est.', 'Sit a voluptatem ea.', 'Cum.', 'Praesentium vitae.', 546.000000, 995.000000, 89.000000, NULL, 0.000000, NULL, 0.000000, NULL, 0.000000, NULL, '2025-07-30 01:40:57.241028', '2025-07-30 01:40:57.241028', 0, 0, 1, 0, NULL, NULL, 1, NULL, NULL),
(72, 2, 2, NULL, NULL, NULL, 'https://picsum.photos/200', '61', 'Qui aliquid.', 'Eveniet quasi quia.', 'Nisi.', 'Voluptatum.', 304.000000, 728.000000, 45.000000, NULL, 0.000000, NULL, 0.000000, NULL, 0.000000, NULL, '2025-07-30 01:40:57.242750', '2025-07-30 01:40:57.242750', 0, 0, 1, 0, NULL, NULL, 1, NULL, NULL),
(73, 2, 2, NULL, NULL, NULL, 'https://picsum.photos/200', '97', 'Tempora tempora eos.', 'Sit eveniet quis.', 'Est.', 'Vitae ex aut quia.', 804.000000, 355.000000, 78.000000, NULL, 0.000000, NULL, 0.000000, NULL, 0.000000, NULL, '2025-07-30 01:40:57.244826', '2025-07-30 01:40:57.244826', 0, 0, 1, 0, NULL, NULL, 1, NULL, NULL),
(74, 2, 2, NULL, NULL, NULL, 'https://picsum.photos/200', '42', 'Commodi animi et.', 'Nulla et eaque.', 'Est.', 'Aut voluptatem.', 677.000000, 211.000000, 35.000000, NULL, 0.000000, NULL, 0.000000, NULL, 0.000000, NULL, '2025-07-30 01:40:57.246611', '2025-07-30 01:40:57.246611', 0, 0, 1, 0, NULL, NULL, 1, NULL, NULL),
(75, 2, 2, NULL, NULL, NULL, 'https://picsum.photos/200', '68', 'Ipsam cumque.', 'Eum corrupti rerum.', 'Et.', 'Cupiditate iusto.', 266.000000, 926.000000, 64.000000, NULL, 0.000000, NULL, 0.000000, NULL, 0.000000, NULL, '2025-07-30 01:40:57.249418', '2025-07-30 01:40:57.249418', 0, 0, 1, 0, NULL, NULL, 1, NULL, NULL),
(76, 2, 2, NULL, NULL, NULL, 'https://picsum.photos/200', '55', 'Placeat dolorum.', 'Exercitationem.', 'Totam.', 'Et rerum vitae.', 543.000000, 383.000000, 80.000000, NULL, 0.000000, NULL, 0.000000, NULL, 0.000000, NULL, '2025-07-30 01:40:57.251401', '2025-07-30 01:40:57.251401', 0, 0, 1, 0, NULL, NULL, 1, NULL, NULL),
(77, 2, 2, NULL, NULL, NULL, 'https://picsum.photos/200', '64', 'Quam ratione vitae.', 'Aut quo aliquam ad.', 'Sed.', 'Dolores officiis.', 50.000000, 995.000000, 4.000000, NULL, 0.000000, NULL, 0.000000, NULL, 0.000000, NULL, '2025-07-30 01:40:57.253213', '2025-07-30 01:40:57.253213', 0, 0, 1, 0, NULL, NULL, 1, NULL, NULL),
(78, 2, 2, NULL, NULL, NULL, 'https://picsum.photos/200', '31', 'Adipisci ducimus.', 'Ullam nisi.', 'Esse.', 'Odio neque.', 642.000000, 269.000000, 58.000000, NULL, 0.000000, NULL, 0.000000, NULL, 0.000000, NULL, '2025-07-30 01:40:57.255038', '2025-07-30 01:40:57.255038', 0, 0, 1, 0, NULL, NULL, 1, NULL, NULL),
(79, 2, 2, NULL, NULL, NULL, 'https://picsum.photos/200', '65', 'Aperiam velit ut.', 'Maiores quaerat.', 'Quia.', 'Corrupti numquam.', 995.000000, 317.000000, 92.000000, NULL, 0.000000, NULL, 0.000000, NULL, 0.000000, NULL, '2025-07-30 01:40:57.256557', '2025-07-30 01:40:57.256557', 0, 0, 1, 0, NULL, NULL, 1, NULL, NULL),
(80, 2, 2, NULL, NULL, NULL, 'https://picsum.photos/200', '93', 'Corrupti.', 'Rerum hic et est.', 'Porro.', 'Quae numquam.', 303.000000, 123.000000, 49.000000, NULL, 0.000000, NULL, 0.000000, NULL, 0.000000, NULL, '2025-07-30 01:40:57.258288', '2025-07-30 01:40:57.258288', 0, 0, 1, 0, NULL, NULL, 1, NULL, NULL),
(81, 2, 2, NULL, NULL, NULL, 'https://picsum.photos/200', '65', 'Possimus ut.', 'Odio quia eos rem.', 'Dolore.', 'Excepturi atque.', 298.000000, 228.000000, 8.000000, NULL, 0.000000, NULL, 0.000000, NULL, 0.000000, NULL, '2025-07-30 01:40:57.259953', '2025-07-30 01:40:57.259953', 0, 0, 1, 0, NULL, NULL, 1, NULL, NULL),
(82, 2, 2, NULL, NULL, NULL, 'https://picsum.photos/200', '18', 'Quam explicabo.', 'Deleniti quis ullam.', 'Maxime.', 'Sunt rerum.', 607.000000, 466.000000, 18.000000, NULL, 0.000000, NULL, 0.000000, NULL, 0.000000, NULL, '2025-07-30 01:40:57.261988', '2025-07-30 01:40:57.261988', 0, 0, 1, 0, NULL, NULL, 1, NULL, NULL),
(83, 2, 2, NULL, NULL, NULL, 'https://picsum.photos/200', '66', 'Animi deserunt.', 'Quisquam maxime est.', 'In ut.', 'Voluptates.', 820.000000, 768.000000, 63.000000, NULL, 0.000000, NULL, 0.000000, NULL, 0.000000, NULL, '2025-07-30 01:40:57.263949', '2025-07-30 01:40:57.263949', 0, 0, 1, 0, NULL, NULL, 1, NULL, NULL),
(84, 2, 2, NULL, NULL, NULL, 'https://picsum.photos/200', '68', 'Nemo et sapiente.', 'Ex quibusdam est ea.', 'Est.', 'Aut et voluptas.', 52.000000, 878.000000, 84.000000, NULL, 0.000000, NULL, 0.000000, NULL, 0.000000, NULL, '2025-07-30 01:40:57.265999', '2025-07-30 01:40:57.265999', 0, 0, 1, 0, NULL, NULL, 1, NULL, NULL),
(85, 2, 2, NULL, NULL, NULL, 'https://picsum.photos/200', '80', 'Porro omnis sunt ab.', 'Nam autem voluptas.', 'Sed.', 'Dolorem sapiente.', 265.000000, 271.000000, 98.000000, NULL, 0.000000, NULL, 0.000000, NULL, 0.000000, NULL, '2025-07-30 01:40:57.268581', '2025-07-30 01:40:57.268581', 0, 0, 1, 0, NULL, NULL, 1, NULL, NULL),
(86, 2, 2, NULL, NULL, NULL, 'https://picsum.photos/200', '52', 'Laudantium.', 'Unde ad perferendis.', 'Ut.', 'Minima minus quam.', 69.000000, 472.000000, 99.000000, NULL, 0.000000, NULL, 0.000000, NULL, 0.000000, NULL, '2025-07-30 01:40:57.271265', '2025-07-30 01:40:57.271265', 0, 0, 1, 0, NULL, NULL, 1, NULL, NULL),
(87, 2, 2, NULL, NULL, NULL, 'https://picsum.photos/200', '72', 'Quibusdam eum quam.', 'Deserunt voluptate.', 'Et.', 'Est voluptatem.', 945.000000, 817.000000, 23.000000, NULL, 0.000000, NULL, 0.000000, NULL, 0.000000, NULL, '2025-07-30 01:40:57.273608', '2025-07-30 01:40:57.273608', 0, 0, 1, 0, NULL, NULL, 1, NULL, NULL),
(88, 2, 2, NULL, NULL, NULL, 'https://picsum.photos/200', '82', 'Voluptas.', 'Repellendus saepe.', 'Fugit.', 'Magni quo.', 823.000000, 358.000000, 21.000000, NULL, 0.000000, NULL, 0.000000, NULL, 0.000000, NULL, '2025-07-30 01:40:57.275268', '2025-07-30 01:40:57.275268', 0, 0, 1, 0, NULL, NULL, 1, NULL, NULL),
(89, 2, 2, NULL, NULL, NULL, 'https://picsum.photos/200', '74', 'Officiis dolores.', 'Eos consequatur.', 'Eum.', 'Aut laudantium at.', 125.000000, 522.000000, 35.000000, NULL, 0.000000, NULL, 0.000000, NULL, 0.000000, NULL, '2025-07-30 01:40:57.277738', '2025-07-30 01:40:57.277738', 0, 0, 1, 0, NULL, NULL, 1, NULL, NULL),
(90, 2, 2, NULL, NULL, NULL, 'https://picsum.photos/200', '85', 'Consequatur quo.', 'Voluptatum.', 'Dolor.', 'Dignissimos unde.', 362.000000, 151.000000, 19.000000, NULL, 0.000000, NULL, 0.000000, NULL, 0.000000, NULL, '2025-07-30 01:40:57.279862', '2025-07-30 01:40:57.279862', 0, 0, 1, 0, NULL, NULL, 1, NULL, NULL),
(91, 2, 2, NULL, NULL, NULL, 'https://picsum.photos/200', '35', 'Perferendis nobis.', 'Consequatur.', 'Ipsa.', 'Tempore quaerat.', 614.000000, 316.000000, 53.000000, NULL, 0.000000, NULL, 0.000000, NULL, 0.000000, NULL, '2025-07-30 01:40:57.281748', '2025-07-30 01:40:57.281748', 0, 0, 1, 0, NULL, NULL, 1, NULL, NULL),
(92, 2, 2, NULL, NULL, NULL, 'https://picsum.photos/200', '81', 'Eos eum vero omnis.', 'Dolores repellendus.', 'Magnam.', 'Aperiam occaecati.', 983.000000, 737.000000, 34.000000, NULL, 0.000000, NULL, 0.000000, NULL, 0.000000, NULL, '2025-07-30 01:40:57.283629', '2025-07-30 01:40:57.283629', 0, 0, 1, 0, NULL, NULL, 1, NULL, NULL),
(93, 2, 2, NULL, NULL, NULL, 'https://picsum.photos/200', '47', 'Temporibus.', 'Et quas ab officiis.', 'In.', 'Aperiam velit.', 350.000000, 782.000000, 67.000000, NULL, 0.000000, NULL, 0.000000, NULL, 0.000000, NULL, '2025-07-30 01:40:57.286111', '2025-07-30 01:40:57.286111', 0, 0, 1, 0, NULL, NULL, 1, NULL, NULL),
(94, 2, 2, NULL, NULL, NULL, 'https://picsum.photos/200', '27', 'Itaque a natus quis.', 'Soluta est error.', 'Earum.', 'Ea voluptates magni.', 168.000000, 568.000000, 75.000000, NULL, 0.000000, NULL, 0.000000, NULL, 0.000000, NULL, '2025-07-30 01:40:57.287931', '2025-07-30 01:40:57.287931', 0, 0, 1, 0, NULL, NULL, 1, NULL, NULL),
(95, 2, 2, NULL, NULL, NULL, 'https://picsum.photos/200', '47', 'Facere modi eaque.', 'Dicta quam tempora.', 'Non.', 'Qui nemo explicabo.', 97.000000, 569.000000, 44.000000, NULL, 0.000000, NULL, 0.000000, NULL, 0.000000, NULL, '2025-07-30 01:40:57.289528', '2025-07-30 01:40:57.289528', 0, 0, 1, 0, NULL, NULL, 1, NULL, NULL),
(96, 2, 2, NULL, NULL, NULL, 'https://picsum.photos/200', '54', 'Veniam qui beatae.', 'Et et ea aut.', 'Est ad.', 'Odit facere qui sit.', 394.000000, 974.000000, 76.000000, NULL, 0.000000, NULL, 0.000000, NULL, 0.000000, NULL, '2025-07-30 01:40:57.291086', '2025-07-30 01:40:57.291086', 0, 0, 1, 0, NULL, NULL, 1, NULL, NULL),
(97, 2, 2, NULL, NULL, NULL, 'https://picsum.photos/200', '66', 'Autem voluptate.', 'Laborum impedit.', 'Id.', 'Expedita nihil.', 851.000000, 852.000000, 14.000000, NULL, 0.000000, NULL, 0.000000, NULL, 0.000000, NULL, '2025-07-30 01:40:57.292976', '2025-07-30 01:40:57.292976', 0, 0, 1, 0, NULL, NULL, 1, NULL, NULL),
(98, 2, 2, NULL, NULL, NULL, 'https://picsum.photos/200', '1', 'Omnis magni.', 'Neque beatae sint.', 'Sed.', 'Et non hic.', 494.000000, 760.000000, 51.000000, NULL, 0.000000, NULL, 0.000000, NULL, 0.000000, NULL, '2025-07-30 01:40:57.294832', '2025-07-30 01:40:57.294832', 0, 0, 1, 0, NULL, NULL, 1, NULL, NULL),
(99, 2, 2, NULL, NULL, NULL, 'https://picsum.photos/200', '76', 'Aut optio.', 'Nesciunt dolores.', 'Quam.', 'Nisi fugiat qui nam.', 869.000000, 410.000000, 84.000000, NULL, 0.000000, NULL, 0.000000, NULL, 0.000000, NULL, '2025-07-30 01:40:57.296579', '2025-07-30 01:40:57.296579', 0, 0, 1, 0, NULL, NULL, 1, NULL, NULL),
(100, 2, 2, NULL, NULL, NULL, 'https://picsum.photos/200', '55', 'Eveniet aut dolorum.', 'Sunt labore ipsam.', 'Magni.', 'Qui quia hic.', 580.000000, 433.000000, 76.000000, NULL, 0.000000, NULL, 0.000000, NULL, 0.000000, NULL, '2025-07-30 01:40:57.298277', '2025-07-30 01:40:57.298277', 0, 0, 1, 0, NULL, NULL, 1, NULL, NULL);

-- --------------------------------------------------------

--
-- Table structure for table `projects`
--

CREATE TABLE `projects` (
  `id` int(10) UNSIGNED NOT NULL,
  `user_id` int(10) UNSIGNED NOT NULL,
  `assigned_user_id` int(10) UNSIGNED DEFAULT NULL,
  `company_id` int(10) UNSIGNED NOT NULL,
  `client_id` int(10) UNSIGNED DEFAULT NULL,
  `name` varchar(191) NOT NULL,
  `task_rate` decimal(20,6) NOT NULL,
  `due_date` date DEFAULT NULL,
  `private_notes` text DEFAULT NULL,
  `budgeted_hours` decimal(20,6) NOT NULL,
  `custom_value1` text NOT NULL,
  `custom_value2` text NOT NULL,
  `custom_value3` text NOT NULL,
  `custom_value4` text NOT NULL,
  `created_at` timestamp(6) NULL DEFAULT NULL,
  `updated_at` timestamp(6) NULL DEFAULT NULL,
  `deleted_at` timestamp NULL DEFAULT NULL,
  `public_notes` text DEFAULT NULL,
  `is_deleted` tinyint(1) NOT NULL DEFAULT 0,
  `number` varchar(191) DEFAULT NULL,
  `color` varchar(191) NOT NULL DEFAULT '#fff',
  `current_hours` int(10) UNSIGNED DEFAULT NULL
) ENGINE=InnoDB DEFAULT CHARSET=utf8mb4 COLLATE=utf8mb4_unicode_ci;

--
-- Dumping data for table `projects`
--

INSERT INTO `projects` (`id`, `user_id`, `assigned_user_id`, `company_id`, `client_id`, `name`, `task_rate`, `due_date`, `private_notes`, `budgeted_hours`, `custom_value1`, `custom_value2`, `custom_value3`, `custom_value4`, `created_at`, `updated_at`, `deleted_at`, `public_notes`, `is_deleted`, `number`, `color`, `current_hours`) VALUES
(1, 1, NULL, 1, NULL, 'Zoey Parker', 0.000000, NULL, NULL, 0.000000, '', '', '', '', '2025-07-30 01:40:57.076772', '2025-07-30 01:40:57.076772', NULL, 'Enim non aliquid error quas voluptatem.', 0, NULL, '#fff', NULL),
(2, 2, NULL, 2, NULL, 'Kole Bergnaum PhD', 0.000000, NULL, NULL, 0.000000, '', '', '', '', '2025-07-30 01:41:05.198435', '2025-07-30 01:41:05.198435', NULL, 'Illum quas facere ut quia.', 0, NULL, '#fff', NULL),
(3, 2, NULL, 2, NULL, 'Miss Lynn Towne', 0.000000, NULL, NULL, 0.000000, '', '', '', '', '2025-07-30 01:41:09.595431', '2025-07-30 01:41:09.595431', NULL, 'Sit libero quisquam eos ipsa.', 0, NULL, '#fff', NULL),
(4, 2, NULL, 2, NULL, 'Dr. Daisha Kertzmann', 0.000000, NULL, NULL, 0.000000, '', '', '', '', '2025-07-30 01:41:12.182764', '2025-07-30 01:41:12.182764', NULL, 'Assumenda aperiam provident rerum quas.', 0, NULL, '#fff', NULL),
(5, 2, NULL, 2, NULL, 'Ms. Valentine Hartmann', 0.000000, NULL, NULL, 0.000000, '', '', '', '', '2025-07-30 01:41:18.217907', '2025-07-30 01:41:18.217907', NULL, 'Deserunt quia asperiores voluptas sed.', 0, NULL, '#fff', NULL),
(6, 2, NULL, 2, NULL, 'Nikolas Bruen', 0.000000, NULL, NULL, 0.000000, '', '', '', '', '2025-07-30 01:41:21.015636', '2025-07-30 01:41:21.015636', NULL, 'Iste eos sunt quae officia voluptatem quasi enim.', 0, NULL, '#fff', NULL),
(7, 2, NULL, 2, NULL, 'Guido Crona DVM', 0.000000, NULL, NULL, 0.000000, '', '', '', '', '2025-07-30 01:41:25.075717', '2025-07-30 01:41:25.075717', NULL, 'Aspernatur beatae animi odit vel eaque nostrum.', 0, NULL, '#fff', NULL),
(8, 2, NULL, 2, NULL, 'Dexter Hoppe', 0.000000, NULL, NULL, 0.000000, '', '', '', '', '2025-07-30 01:41:31.853056', '2025-07-30 01:41:31.853056', NULL, 'Quibusdam cumque numquam sint.', 0, NULL, '#fff', NULL),
(9, 2, NULL, 2, NULL, 'Zetta Daugherty', 0.000000, NULL, NULL, 0.000000, '', '', '', '', '2025-07-30 01:41:35.017773', '2025-07-30 01:41:35.017773', NULL, 'Odio quia omnis laboriosam quae quo sit.', 0, NULL, '#fff', NULL),
(10, 2, NULL, 2, NULL, 'Dr. Joaquin Donnelly MD', 0.000000, NULL, NULL, 0.000000, '', '', '', '', '2025-07-30 01:41:38.105497', '2025-07-30 01:41:38.105497', NULL, 'A labore porro dolorum sunt.', 0, NULL, '#fff', NULL),
(11, 2, NULL, 2, NULL, 'Nico Corkery', 0.000000, NULL, NULL, 0.000000, '', '', '', '', '2025-07-30 01:41:45.418992', '2025-07-30 01:41:45.418992', NULL, 'Est repellendus quidem nobis quia nisi rem.', 0, NULL, '#fff', NULL),
(12, 2, NULL, 2, NULL, 'Aditya Stamm', 0.000000, NULL, NULL, 0.000000, '', '', '', '', '2025-07-30 01:41:48.226094', '2025-07-30 01:41:48.226094', NULL, 'Et nobis ullam excepturi omnis.', 0, NULL, '#fff', NULL),
(13, 2, NULL, 2, NULL, 'Mr. Alfonzo Bayer IV', 0.000000, NULL, NULL, 0.000000, '', '', '', '', '2025-07-30 01:41:52.054508', '2025-07-30 01:41:52.054508', NULL, 'Tenetur est iure ipsum.', 0, NULL, '#fff', NULL),
(14, 2, NULL, 2, NULL, 'Dr. Esperanza Hyatt Sr.', 0.000000, NULL, NULL, 0.000000, '', '', '', '', '2025-07-30 01:41:55.670796', '2025-07-30 01:41:55.670796', NULL, 'Et esse voluptate deleniti distinctio sed non.', 0, NULL, '#fff', NULL),
(15, 2, NULL, 2, NULL, 'Julius Morar', 0.000000, NULL, NULL, 0.000000, '', '', '', '', '2025-07-30 01:41:58.671549', '2025-07-30 01:41:58.671549', NULL, 'Tempora ducimus officiis quod.', 0, NULL, '#fff', NULL),
(16, 2, NULL, 2, NULL, 'Stone Jakubowski', 0.000000, NULL, NULL, 0.000000, '', '', '', '', '2025-07-30 01:42:03.000996', '2025-07-30 01:42:03.000996', NULL, 'Voluptates numquam consequatur ea libero.', 0, NULL, '#fff', NULL),
(17, 2, NULL, 2, NULL, 'Trinity Simonis III', 0.000000, NULL, NULL, 0.000000, '', '', '', '', '2025-07-30 01:42:09.990024', '2025-07-30 01:42:09.990024', NULL, 'Aut et ipsum hic aut ut distinctio.', 0, NULL, '#fff', NULL),
(18, 2, NULL, 2, NULL, 'Stan Hagenes', 0.000000, NULL, NULL, 0.000000, '', '', '', '', '2025-07-30 01:42:14.647835', '2025-07-30 01:42:14.647835', NULL, 'Minus et consequatur saepe quasi.', 0, NULL, '#fff', NULL),
(19, 2, NULL, 2, NULL, 'Prof. Troy Lindgren V', 0.000000, NULL, NULL, 0.000000, '', '', '', '', '2025-07-30 01:42:17.037710', '2025-07-30 01:42:17.037710', NULL, 'Modi fuga velit dolorum aperiam consequatur.', 0, NULL, '#fff', NULL),
(20, 2, NULL, 2, NULL, 'Beryl Shields', 0.000000, NULL, NULL, 0.000000, '', '', '', '', '2025-07-30 01:42:21.112502', '2025-07-30 01:42:21.112502', NULL, 'Aut qui ut fuga vel.', 0, NULL, '#fff', NULL);

-- --------------------------------------------------------

--
-- Table structure for table `purchase_orders`
--

CREATE TABLE `purchase_orders` (
  `id` bigint(20) UNSIGNED NOT NULL,
  `client_id` int(10) UNSIGNED DEFAULT NULL,
  `user_id` int(10) UNSIGNED NOT NULL,
  `assigned_user_id` int(10) UNSIGNED DEFAULT NULL,
  `company_id` int(10) UNSIGNED NOT NULL,
  `status_id` int(10) UNSIGNED NOT NULL,
  `project_id` int(10) UNSIGNED DEFAULT NULL,
  `vendor_id` int(10) UNSIGNED DEFAULT NULL,
  `recurring_id` int(10) UNSIGNED DEFAULT NULL,
  `design_id` int(10) UNSIGNED DEFAULT NULL,
  `invoice_id` int(10) UNSIGNED DEFAULT NULL,
  `number` varchar(191) DEFAULT NULL,
  `discount` decimal(20,6) NOT NULL DEFAULT 0.000000,
  `is_amount_discount` tinyint(1) NOT NULL DEFAULT 0,
  `po_number` varchar(191) DEFAULT NULL,
  `date` date DEFAULT NULL,
  `last_sent_date` datetime DEFAULT NULL,
  `due_date` date DEFAULT NULL,
  `is_deleted` tinyint(1) NOT NULL DEFAULT 0,
  `line_items` mediumtext DEFAULT NULL,
  `backup` mediumtext DEFAULT NULL,
  `footer` text DEFAULT NULL,
  `public_notes` text DEFAULT NULL,
  `private_notes` text DEFAULT NULL,
  `terms` text DEFAULT NULL,
  `tax_name1` varchar(191) DEFAULT NULL,
  `tax_rate1` decimal(20,6) NOT NULL DEFAULT 0.000000,
  `tax_name2` varchar(191) DEFAULT NULL,
  `tax_rate2` decimal(20,6) NOT NULL DEFAULT 0.000000,
  `tax_name3` varchar(191) DEFAULT NULL,
  `tax_rate3` decimal(20,6) NOT NULL DEFAULT 0.000000,
  `total_taxes` decimal(20,6) NOT NULL DEFAULT 0.000000,
  `uses_inclusive_taxes` tinyint(1) NOT NULL DEFAULT 0,
  `reminder1_sent` date DEFAULT NULL,
  `reminder2_sent` date DEFAULT NULL,
  `reminder3_sent` date DEFAULT NULL,
  `reminder_last_sent` date DEFAULT NULL,
  `custom_value1` text DEFAULT NULL,
  `custom_value2` text DEFAULT NULL,
  `custom_value3` text DEFAULT NULL,
  `custom_value4` text DEFAULT NULL,
  `next_send_date` datetime DEFAULT NULL,
  `custom_surcharge1` decimal(20,6) DEFAULT NULL,
  `custom_surcharge2` decimal(20,6) DEFAULT NULL,
  `custom_surcharge3` decimal(20,6) DEFAULT NULL,
  `custom_surcharge4` decimal(20,6) DEFAULT NULL,
  `custom_surcharge_tax1` tinyint(1) NOT NULL DEFAULT 0,
  `custom_surcharge_tax2` tinyint(1) NOT NULL DEFAULT 0,
  `custom_surcharge_tax3` tinyint(1) NOT NULL DEFAULT 0,
  `custom_surcharge_tax4` tinyint(1) NOT NULL DEFAULT 0,
  `exchange_rate` decimal(20,6) NOT NULL DEFAULT 1.000000,
  `balance` decimal(20,6) NOT NULL,
  `partial` decimal(20,6) DEFAULT NULL,
  `amount` decimal(20,6) NOT NULL,
  `paid_to_date` decimal(20,6) NOT NULL DEFAULT 0.000000,
  `partial_due_date` datetime DEFAULT NULL,
  `last_viewed` datetime DEFAULT NULL,
  `deleted_at` timestamp NULL DEFAULT NULL,
  `created_at` timestamp NULL DEFAULT NULL,
  `updated_at` timestamp NULL DEFAULT NULL,
  `expense_id` int(10) UNSIGNED DEFAULT NULL,
  `currency_id` int(10) UNSIGNED DEFAULT NULL,
  `tax_data` mediumtext DEFAULT NULL,
  `e_invoice` mediumtext DEFAULT NULL
) ENGINE=InnoDB DEFAULT CHARSET=utf8mb4 COLLATE=utf8mb4_unicode_ci;

-- --------------------------------------------------------

--
-- Table structure for table `purchase_order_invitations`
--

CREATE TABLE `purchase_order_invitations` (
  `id` bigint(20) UNSIGNED NOT NULL,
  `company_id` int(10) UNSIGNED NOT NULL,
  `user_id` int(10) UNSIGNED NOT NULL,
  `vendor_contact_id` int(10) UNSIGNED NOT NULL,
  `purchase_order_id` bigint(20) UNSIGNED NOT NULL,
  `key` varchar(191) NOT NULL,
  `transaction_reference` varchar(191) DEFAULT NULL,
  `message_id` varchar(191) DEFAULT NULL,
  `email_error` mediumtext DEFAULT NULL,
  `signature_base64` text DEFAULT NULL,
  `signature_date` datetime DEFAULT NULL,
  `sent_date` datetime DEFAULT NULL,
  `viewed_date` datetime DEFAULT NULL,
  `opened_date` datetime DEFAULT NULL,
  `created_at` timestamp(6) NULL DEFAULT NULL,
  `updated_at` timestamp(6) NULL DEFAULT NULL,
  `deleted_at` timestamp(6) NULL DEFAULT NULL,
  `email_status` enum('delivered','bounced','spam') DEFAULT NULL,
  `signature_ip` text DEFAULT NULL
) ENGINE=InnoDB DEFAULT CHARSET=utf8mb4 COLLATE=utf8mb4_unicode_ci;

-- --------------------------------------------------------

--
-- Table structure for table `quotes`
--

CREATE TABLE `quotes` (
  `id` int(10) UNSIGNED NOT NULL,
  `client_id` int(10) UNSIGNED NOT NULL,
  `user_id` int(10) UNSIGNED NOT NULL,
  `assigned_user_id` int(10) UNSIGNED DEFAULT NULL,
  `company_id` int(10) UNSIGNED NOT NULL,
  `status_id` int(10) UNSIGNED NOT NULL,
  `project_id` int(10) UNSIGNED DEFAULT NULL,
  `vendor_id` int(10) UNSIGNED DEFAULT NULL,
  `recurring_id` int(10) UNSIGNED DEFAULT NULL,
  `design_id` int(10) UNSIGNED DEFAULT NULL,
  `invoice_id` int(10) UNSIGNED DEFAULT NULL,
  `number` varchar(191) DEFAULT NULL,
  `discount` decimal(20,6) NOT NULL DEFAULT 0.000000,
  `is_amount_discount` tinyint(1) NOT NULL DEFAULT 0,
  `po_number` varchar(191) DEFAULT NULL,
  `date` date DEFAULT NULL,
  `last_sent_date` date DEFAULT NULL,
  `due_date` datetime DEFAULT NULL,
  `next_send_date` datetime DEFAULT NULL,
  `is_deleted` tinyint(1) NOT NULL DEFAULT 0,
  `line_items` mediumtext DEFAULT NULL,
  `backup` mediumtext DEFAULT NULL,
  `footer` text DEFAULT NULL,
  `public_notes` text DEFAULT NULL,
  `private_notes` text DEFAULT NULL,
  `terms` text DEFAULT NULL,
  `tax_name1` varchar(191) DEFAULT NULL,
  `tax_rate1` decimal(20,6) NOT NULL,
  `tax_name2` varchar(191) DEFAULT NULL,
  `tax_rate2` decimal(20,6) NOT NULL,
  `tax_name3` varchar(191) DEFAULT NULL,
  `tax_rate3` decimal(20,6) NOT NULL,
  `total_taxes` decimal(20,6) NOT NULL,
  `uses_inclusive_taxes` tinyint(1) NOT NULL DEFAULT 0,
  `custom_value1` text NOT NULL,
  `custom_value2` text NOT NULL,
  `custom_value3` text NOT NULL,
  `custom_value4` text NOT NULL,
  `custom_surcharge1` decimal(20,6) DEFAULT NULL,
  `custom_surcharge2` decimal(20,6) DEFAULT NULL,
  `custom_surcharge3` decimal(20,6) DEFAULT NULL,
  `custom_surcharge4` decimal(20,6) DEFAULT NULL,
  `custom_surcharge_tax1` tinyint(1) NOT NULL DEFAULT 0,
  `custom_surcharge_tax2` tinyint(1) NOT NULL DEFAULT 0,
  `custom_surcharge_tax3` tinyint(1) NOT NULL DEFAULT 0,
  `custom_surcharge_tax4` tinyint(1) NOT NULL DEFAULT 0,
  `exchange_rate` decimal(20,6) NOT NULL,
  `amount` decimal(20,6) NOT NULL,
  `balance` decimal(20,6) NOT NULL,
  `partial` decimal(20,6) NOT NULL,
  `partial_due_date` datetime DEFAULT NULL,
  `last_viewed` datetime DEFAULT NULL,
  `created_at` timestamp(6) NULL DEFAULT NULL,
  `updated_at` timestamp(6) NULL DEFAULT NULL,
  `deleted_at` timestamp(6) NULL DEFAULT NULL,
  `reminder1_sent` date DEFAULT NULL,
  `reminder2_sent` date DEFAULT NULL,
  `reminder3_sent` date DEFAULT NULL,
  `reminder_last_sent` date DEFAULT NULL,
  `paid_to_date` decimal(20,6) NOT NULL DEFAULT 0.000000,
  `subscription_id` int(10) UNSIGNED DEFAULT NULL,
  `tax_data` mediumtext DEFAULT NULL,
  `e_invoice` mediumtext DEFAULT NULL
) ENGINE=InnoDB DEFAULT CHARSET=utf8mb4 COLLATE=utf8mb4_unicode_ci;

--
-- Dumping data for table `quotes`
--

INSERT INTO `quotes` (`id`, `client_id`, `user_id`, `assigned_user_id`, `company_id`, `status_id`, `project_id`, `vendor_id`, `recurring_id`, `design_id`, `invoice_id`, `number`, `discount`, `is_amount_discount`, `po_number`, `date`, `last_sent_date`, `due_date`, `next_send_date`, `is_deleted`, `line_items`, `backup`, `footer`, `public_notes`, `private_notes`, `terms`, `tax_name1`, `tax_rate1`, `tax_name2`, `tax_rate2`, `tax_name3`, `tax_rate3`, `total_taxes`, `uses_inclusive_taxes`, `custom_value1`, `custom_value2`, `custom_value3`, `custom_value4`, `custom_surcharge1`, `custom_surcharge2`, `custom_surcharge3`, `custom_surcharge4`, `custom_surcharge_tax1`, `custom_surcharge_tax2`, `custom_surcharge_tax3`, `custom_surcharge_tax4`, `exchange_rate`, `amount`, `balance`, `partial`, `partial_due_date`, `last_viewed`, `created_at`, `updated_at`, `deleted_at`, `reminder1_sent`, `reminder2_sent`, `reminder3_sent`, `reminder_last_sent`, `paid_to_date`, `subscription_id`, `tax_data`, `e_invoice`) VALUES
(1, 1, 1, NULL, 1, 2, NULL, NULL, NULL, NULL, NULL, '0001', 7.000000, 0, 'Vitae aut.', '1985-08-26', NULL, NULL, NULL, 0, '[{\"quantity\":1,\"cost\":534,\"product_key\":\"Ut sed.\",\"notes\":\"Amet aut doloremque.\",\"discount\":0,\"is_amount_discount\":false,\"tax_name1\":\"Sales Tax\",\"tax_rate1\":5,\"tax_name2\":\"\",\"tax_rate2\":0,\"tax_name3\":\"\",\"tax_rate3\":0,\"sort_id\":0,\"line_total\":534,\"gross_line_total\":558.83,\"custom_value1\":\"https:\\/\\/picsum.photos\\/200\",\"custom_value2\":\"91\",\"custom_value3\":\"Atque aliquam.\",\"custom_value4\":\"Repellendus magni.\",\"type_id\":\"1\",\"tax_id\":\"1\",\"product_cost\":0,\"tax_amount\":24.83,\"date\":\"\",\"task_id\":\"\",\"expense_id\":\"\",\"unit_code\":\"C62\"},{\"quantity\":1,\"cost\":11,\"product_key\":\"Dolore.\",\"notes\":\"Sed quae qui.\",\"discount\":0,\"is_amount_discount\":false,\"tax_name1\":\"Sales Tax\",\"tax_rate1\":5,\"tax_name2\":\"\",\"tax_rate2\":0,\"tax_name3\":\"\",\"tax_rate3\":0,\"sort_id\":0,\"line_total\":11,\"gross_line_total\":11.51,\"custom_value1\":\"https:\\/\\/picsum.photos\\/200\",\"custom_value2\":\"73\",\"custom_value3\":\"Quae omnis et.\",\"custom_value4\":\"Fugit quam dolorem.\",\"type_id\":\"1\",\"tax_id\":\"1\",\"product_cost\":0,\"tax_amount\":0.51,\"date\":\"\",\"task_id\":\"\",\"expense_id\":\"\",\"unit_code\":\"C62\"},{\"quantity\":1,\"cost\":383,\"product_key\":\"Odio.\",\"notes\":\"Sapiente sint totam.\",\"discount\":0,\"is_amount_discount\":false,\"tax_name1\":\"Sales Tax\",\"tax_rate1\":5,\"tax_name2\":\"\",\"tax_rate2\":0,\"tax_name3\":\"\",\"tax_rate3\":0,\"sort_id\":0,\"line_total\":383,\"gross_line_total\":400.81,\"custom_value1\":\"https:\\/\\/picsum.photos\\/200\",\"custom_value2\":\"73\",\"custom_value3\":\"Vero harum deleniti.\",\"custom_value4\":\"Id autem sit.\",\"type_id\":\"1\",\"tax_id\":\"1\",\"product_cost\":0,\"tax_amount\":17.81,\"date\":\"\",\"task_id\":\"\",\"expense_id\":\"\",\"unit_code\":\"C62\"},{\"quantity\":1,\"cost\":650,\"product_key\":\"Nihil.\",\"notes\":\"Rem nulla nisi fuga.\",\"discount\":0,\"is_amount_discount\":false,\"tax_name1\":\"Sales Tax\",\"tax_rate1\":5,\"tax_name2\":\"\",\"tax_rate2\":0,\"tax_name3\":\"\",\"tax_rate3\":0,\"sort_id\":0,\"line_total\":650,\"gross_line_total\":680.23,\"custom_value1\":\"https:\\/\\/picsum.photos\\/200\",\"custom_value2\":\"67\",\"custom_value3\":\"Cum mollitia ipsam.\",\"custom_value4\":\"Eius itaque ut ut.\",\"type_id\":\"1\",\"tax_id\":\"1\",\"product_cost\":0,\"tax_amount\":30.23,\"date\":\"\",\"task_id\":\"\",\"expense_id\":\"\",\"unit_code\":\"C62\"},{\"quantity\":1,\"cost\":788,\"product_key\":\"Hic.\",\"notes\":\"Cumque voluptatum.\",\"discount\":0,\"is_amount_discount\":false,\"tax_name1\":\"VAT\",\"tax_rate1\":17.5,\"tax_name2\":\"\",\"tax_rate2\":0,\"tax_name3\":\"\",\"tax_rate3\":0,\"sort_id\":0,\"line_total\":788,\"gross_line_total\":916.25,\"custom_value1\":\"https:\\/\\/picsum.photos\\/200\",\"custom_value2\":\"91\",\"custom_value3\":\"Illo quo.\",\"custom_value4\":\"Nemo non voluptates.\",\"type_id\":\"1\",\"tax_id\":\"1\",\"product_cost\":0,\"tax_amount\":128.25,\"date\":\"\",\"task_id\":\"\",\"expense_id\":\"\",\"unit_code\":\"C62\"},{\"quantity\":1,\"cost\":640,\"product_key\":\"Fugiat.\",\"notes\":\"Autem in est vitae.\",\"discount\":0,\"is_amount_discount\":false,\"tax_name1\":\"GST\",\"tax_rate1\":10,\"tax_name2\":\"\",\"tax_rate2\":0,\"tax_name3\":\"\",\"tax_rate3\":0,\"sort_id\":0,\"line_total\":640,\"gross_line_total\":699.52,\"custom_value1\":\"https:\\/\\/picsum.photos\\/200\",\"custom_value2\":\"62\",\"custom_value3\":\"Numquam nihil minus.\",\"custom_value4\":\"Explicabo nisi et.\",\"type_id\":\"1\",\"tax_id\":\"1\",\"product_cost\":0,\"tax_amount\":59.52,\"date\":\"\",\"task_id\":\"\",\"expense_id\":\"\",\"unit_code\":\"C62\"},{\"quantity\":1,\"cost\":480,\"product_key\":\"Et.\",\"notes\":\"Eaque sit.\",\"discount\":0,\"is_amount_discount\":false,\"tax_name1\":\"GST\",\"tax_rate1\":10,\"tax_name2\":\"\",\"tax_rate2\":0,\"tax_name3\":\"\",\"tax_rate3\":0,\"sort_id\":0,\"line_total\":480,\"gross_line_total\":524.64,\"custom_value1\":\"https:\\/\\/picsum.photos\\/200\",\"custom_value2\":\"45\",\"custom_value3\":\"Accusamus ratione.\",\"custom_value4\":\"Consectetur.\",\"type_id\":\"1\",\"tax_id\":\"1\",\"product_cost\":0,\"tax_amount\":44.64,\"date\":\"\",\"task_id\":\"\",\"expense_id\":\"\",\"unit_code\":\"C62\"},{\"quantity\":1,\"cost\":208,\"product_key\":\"Nihil.\",\"notes\":\"Eveniet enim aut.\",\"discount\":0,\"is_amount_discount\":false,\"tax_name1\":\"Sales Tax\",\"tax_rate1\":5,\"tax_name2\":\"\",\"tax_rate2\":0,\"tax_name3\":\"\",\"tax_rate3\":0,\"sort_id\":0,\"line_total\":208,\"gross_line_total\":217.67,\"custom_value1\":\"https:\\/\\/picsum.photos\\/200\",\"custom_value2\":\"45\",\"custom_value3\":\"Aliquam error aut.\",\"custom_value4\":\"Et voluptas tenetur.\",\"type_id\":\"1\",\"tax_id\":\"1\",\"product_cost\":0,\"tax_amount\":9.67,\"date\":\"\",\"task_id\":\"\",\"expense_id\":\"\",\"unit_code\":\"C62\"},{\"quantity\":1,\"cost\":398,\"product_key\":\"Aut.\",\"notes\":\"Sed quis delectus.\",\"discount\":0,\"is_amount_discount\":false,\"tax_name1\":\"VAT\",\"tax_rate1\":17.5,\"tax_name2\":\"\",\"tax_rate2\":0,\"tax_name3\":\"\",\"tax_rate3\":0,\"sort_id\":0,\"line_total\":398,\"gross_line_total\":462.77,\"custom_value1\":\"https:\\/\\/picsum.photos\\/200\",\"custom_value2\":\"26\",\"custom_value3\":\"Voluptatem facere.\",\"custom_value4\":\"Rerum et fugit quas.\",\"type_id\":\"1\",\"tax_id\":\"1\",\"product_cost\":0,\"tax_amount\":64.77,\"date\":\"\",\"task_id\":\"\",\"expense_id\":\"\",\"unit_code\":\"C62\"}]', NULL, NULL, NULL, NULL, NULL, 'GST', 10.000000, 'VAT', 17.500000, 'CA Sales Tax', 5.000000, 1617.040000, 0, '', '', '', '', NULL, NULL, NULL, NULL, 0, 0, 0, 0, 0.000000, 5422.600000, 0.000000, 0.000000, NULL, NULL, '2025-07-30 01:40:56.453630', '2025-07-30 01:40:56.629642', NULL, NULL, NULL, NULL, NULL, 0.000000, NULL, NULL, NULL),
(2, 5, 2, NULL, 2, 2, NULL, NULL, NULL, NULL, NULL, '0001', 3.000000, 0, 'Est.', '1981-01-18', NULL, NULL, NULL, 0, '[{\"quantity\":1,\"cost\":208,\"product_key\":\"Nihil.\",\"notes\":\"Eveniet enim aut.\",\"discount\":0,\"is_amount_discount\":false,\"tax_name1\":\"Sales Tax\",\"tax_rate1\":5,\"tax_name2\":\"\",\"tax_rate2\":0,\"tax_name3\":\"\",\"tax_rate3\":0,\"sort_id\":0,\"line_total\":208,\"gross_line_total\":218.09,\"custom_value1\":\"https:\\/\\/picsum.photos\\/200\",\"custom_value2\":\"45\",\"custom_value3\":\"Aliquam error aut.\",\"custom_value4\":\"Et voluptas tenetur.\",\"type_id\":\"1\",\"tax_id\":\"1\",\"product_cost\":0,\"tax_amount\":10.09,\"date\":\"\",\"task_id\":\"\",\"expense_id\":\"\",\"unit_code\":\"C62\"},{\"quantity\":1,\"cost\":333,\"product_key\":\"Fuga.\",\"notes\":\"Sunt nihil voluptas.\",\"discount\":0,\"is_amount_discount\":false,\"tax_name1\":\"Sales Tax\",\"tax_rate1\":5,\"tax_name2\":\"\",\"tax_rate2\":0,\"tax_name3\":\"\",\"tax_rate3\":0,\"sort_id\":0,\"line_total\":333,\"gross_line_total\":349.15,\"custom_value1\":\"https:\\/\\/picsum.photos\\/200\",\"custom_value2\":\"42\",\"custom_value3\":\"Sunt nisi minima.\",\"custom_value4\":\"Consequatur fuga.\",\"type_id\":\"1\",\"tax_id\":\"1\",\"product_cost\":0,\"tax_amount\":16.15,\"date\":\"\",\"task_id\":\"\",\"expense_id\":\"\",\"unit_code\":\"C62\"},{\"quantity\":1,\"cost\":995,\"product_key\":\"Quia.\",\"notes\":\"Corrupti numquam.\",\"discount\":0,\"is_amount_discount\":false,\"tax_name1\":\"Sales Tax\",\"tax_rate1\":5,\"tax_name2\":\"\",\"tax_rate2\":0,\"tax_name3\":\"\",\"tax_rate3\":0,\"sort_id\":0,\"line_total\":995,\"gross_line_total\":1043.26,\"custom_value1\":\"https:\\/\\/picsum.photos\\/200\",\"custom_value2\":\"65\",\"custom_value3\":\"Aperiam velit ut.\",\"custom_value4\":\"Maiores quaerat.\",\"type_id\":\"1\",\"tax_id\":\"1\",\"product_cost\":0,\"tax_amount\":48.26,\"date\":\"\",\"task_id\":\"\",\"expense_id\":\"\",\"unit_code\":\"C62\"},{\"quantity\":1,\"cost\":946,\"product_key\":\"Dolor.\",\"notes\":\"Labore sit qui.\",\"discount\":0,\"is_amount_discount\":false,\"tax_name1\":\"Sales Tax\",\"tax_rate1\":5,\"tax_name2\":\"\",\"tax_rate2\":0,\"tax_name3\":\"\",\"tax_rate3\":0,\"sort_id\":0,\"line_total\":946,\"gross_line_total\":991.88,\"custom_value1\":\"https:\\/\\/picsum.photos\\/200\",\"custom_value2\":\"3\",\"custom_value3\":\"Quis hic aliquid et.\",\"custom_value4\":\"Qui quae.\",\"type_id\":\"1\",\"tax_id\":\"1\",\"product_cost\":0,\"tax_amount\":45.88,\"date\":\"\",\"task_id\":\"\",\"expense_id\":\"\",\"unit_code\":\"C62\"},{\"quantity\":1,\"cost\":836,\"product_key\":\"Libero.\",\"notes\":\"Magni nihil sed sit.\",\"discount\":0,\"is_amount_discount\":false,\"tax_name1\":\"VAT\",\"tax_rate1\":17.5,\"tax_name2\":\"\",\"tax_rate2\":0,\"tax_name3\":\"\",\"tax_rate3\":0,\"sort_id\":0,\"line_total\":836,\"gross_line_total\":977.91,\"custom_value1\":\"https:\\/\\/picsum.photos\\/200\",\"custom_value2\":\"39\",\"custom_value3\":\"Mollitia ipsa.\",\"custom_value4\":\"Tempore placeat et.\",\"type_id\":\"1\",\"tax_id\":\"1\",\"product_cost\":0,\"tax_amount\":141.91,\"date\":\"\",\"task_id\":\"\",\"expense_id\":\"\",\"unit_code\":\"C62\"},{\"quantity\":1,\"cost\":125,\"product_key\":\"Eum.\",\"notes\":\"Aut laudantium at.\",\"discount\":0,\"is_amount_discount\":false,\"tax_name1\":\"GST\",\"tax_rate1\":10,\"tax_name2\":\"\",\"tax_rate2\":0,\"tax_name3\":\"\",\"tax_rate3\":0,\"sort_id\":0,\"line_total\":125,\"gross_line_total\":137.13,\"custom_value1\":\"https:\\/\\/picsum.photos\\/200\",\"custom_value2\":\"74\",\"custom_value3\":\"Officiis dolores.\",\"custom_value4\":\"Eos consequatur.\",\"type_id\":\"1\",\"tax_id\":\"1\",\"product_cost\":0,\"tax_amount\":12.13,\"date\":\"\",\"task_id\":\"\",\"expense_id\":\"\",\"unit_code\":\"C62\"},{\"quantity\":1,\"cost\":64,\"product_key\":\"Quis.\",\"notes\":\"Soluta maxime ea.\",\"discount\":0,\"is_amount_discount\":false,\"tax_name1\":\"\",\"tax_rate1\":0,\"tax_name2\":\"\",\"tax_rate2\":0,\"tax_name3\":\"\",\"tax_rate3\":0,\"sort_id\":0,\"line_total\":64,\"gross_line_total\":64,\"custom_value1\":\"https:\\/\\/picsum.photos\\/200\",\"custom_value2\":\"81\",\"custom_value3\":\"Laudantium aut.\",\"custom_value4\":\"Provident.\",\"type_id\":\"1\",\"tax_id\":\"1\",\"product_cost\":0,\"tax_amount\":0,\"date\":\"\",\"task_id\":\"\",\"expense_id\":\"\",\"unit_code\":\"C62\"}]', NULL, NULL, NULL, NULL, NULL, 'GST', 10.000000, 'VAT', 17.500000, 'THIRDTAX', 5.000000, 1380.000000, 0, '', '', '', '', NULL, NULL, NULL, NULL, 0, 0, 0, 0, 0.000000, 4781.790000, 0.000000, 0.000000, NULL, NULL, '2025-07-30 01:41:04.716302', '2025-07-30 01:41:04.851289', NULL, NULL, NULL, NULL, NULL, 0.000000, NULL, NULL, NULL),
(3, 9, 2, NULL, 2, 2, NULL, NULL, NULL, NULL, NULL, '0002', 9.000000, 0, 'Quia.', '2016-12-04', NULL, NULL, NULL, 0, '[{\"quantity\":1,\"cost\":873,\"product_key\":\"In qui.\",\"notes\":\"Dolores id ullam et.\",\"discount\":0,\"is_amount_discount\":false,\"tax_name1\":\"VAT\",\"tax_rate1\":17.5,\"tax_name2\":\"\",\"tax_rate2\":0,\"tax_name3\":\"\",\"tax_rate3\":0,\"sort_id\":0,\"line_total\":873,\"gross_line_total\":1012.03,\"custom_value1\":\"https:\\/\\/picsum.photos\\/200\",\"custom_value2\":\"67\",\"custom_value3\":\"Aut optio est sed.\",\"custom_value4\":\"Nihil et qui fuga.\",\"type_id\":\"1\",\"tax_id\":\"1\",\"product_cost\":0,\"tax_amount\":139.03,\"date\":\"\",\"task_id\":\"\",\"expense_id\":\"\",\"unit_code\":\"C62\"},{\"quantity\":1,\"cost\":383,\"product_key\":\"Odio.\",\"notes\":\"Sapiente sint totam.\",\"discount\":0,\"is_amount_discount\":false,\"tax_name1\":\"GST\",\"tax_rate1\":10,\"tax_name2\":\"\",\"tax_rate2\":0,\"tax_name3\":\"\",\"tax_rate3\":0,\"sort_id\":0,\"line_total\":383,\"gross_line_total\":417.85,\"custom_value1\":\"https:\\/\\/picsum.photos\\/200\",\"custom_value2\":\"73\",\"custom_value3\":\"Vero harum deleniti.\",\"custom_value4\":\"Id autem sit.\",\"type_id\":\"1\",\"tax_id\":\"1\",\"product_cost\":0,\"tax_amount\":34.85,\"date\":\"\",\"task_id\":\"\",\"expense_id\":\"\",\"unit_code\":\"C62\"},{\"quantity\":1,\"cost\":626,\"product_key\":\"Aut.\",\"notes\":\"Consequatur.\",\"discount\":0,\"is_amount_discount\":false,\"tax_name1\":\"\",\"tax_rate1\":0,\"tax_name2\":\"\",\"tax_rate2\":0,\"tax_name3\":\"\",\"tax_rate3\":0,\"sort_id\":0,\"line_total\":626,\"gross_line_total\":626,\"custom_value1\":\"https:\\/\\/picsum.photos\\/200\",\"custom_value2\":\"81\",\"custom_value3\":\"Ut sunt ut.\",\"custom_value4\":\"Nemo voluptatem ut.\",\"type_id\":\"1\",\"tax_id\":\"1\",\"product_cost\":0,\"tax_amount\":0,\"date\":\"\",\"task_id\":\"\",\"expense_id\":\"\",\"unit_code\":\"C62\"},{\"quantity\":1,\"cost\":494,\"product_key\":\"Sed.\",\"notes\":\"Et non hic.\",\"discount\":0,\"is_amount_discount\":false,\"tax_name1\":\"Sales Tax\",\"tax_rate1\":5,\"tax_name2\":\"\",\"tax_rate2\":0,\"tax_name3\":\"\",\"tax_rate3\":0,\"sort_id\":0,\"line_total\":494,\"gross_line_total\":516.48,\"custom_value1\":\"https:\\/\\/picsum.photos\\/200\",\"custom_value2\":\"1\",\"custom_value3\":\"Omnis magni.\",\"custom_value4\":\"Neque beatae sint.\",\"type_id\":\"1\",\"tax_id\":\"1\",\"product_cost\":0,\"tax_amount\":22.48,\"date\":\"\",\"task_id\":\"\",\"expense_id\":\"\",\"unit_code\":\"C62\"},{\"quantity\":1,\"cost\":58,\"product_key\":\"Cumque.\",\"notes\":\"Quam voluptatem.\",\"discount\":0,\"is_amount_discount\":false,\"tax_name1\":\"\",\"tax_rate1\":0,\"tax_name2\":\"\",\"tax_rate2\":0,\"tax_name3\":\"\",\"tax_rate3\":0,\"sort_id\":0,\"line_total\":58,\"gross_line_total\":58,\"custom_value1\":\"https:\\/\\/picsum.photos\\/200\",\"custom_value2\":\"74\",\"custom_value3\":\"Sed aut itaque.\",\"custom_value4\":\"Itaque non id.\",\"type_id\":\"1\",\"tax_id\":\"1\",\"product_cost\":0,\"tax_amount\":0,\"date\":\"\",\"task_id\":\"\",\"expense_id\":\"\",\"unit_code\":\"C62\"},{\"quantity\":1,\"cost\":873,\"product_key\":\"Labore.\",\"notes\":\"Rem et explicabo in.\",\"discount\":0,\"is_amount_discount\":false,\"tax_name1\":\"Sales Tax\",\"tax_rate1\":5,\"tax_name2\":\"\",\"tax_rate2\":0,\"tax_name3\":\"\",\"tax_rate3\":0,\"sort_id\":0,\"line_total\":873,\"gross_line_total\":912.72,\"custom_value1\":\"https:\\/\\/picsum.photos\\/200\",\"custom_value2\":\"81\",\"custom_value3\":\"Quos distinctio.\",\"custom_value4\":\"Inventore quos.\",\"type_id\":\"1\",\"tax_id\":\"1\",\"product_cost\":0,\"tax_amount\":39.72,\"date\":\"\",\"task_id\":\"\",\"expense_id\":\"\",\"unit_code\":\"C62\"},{\"quantity\":1,\"cost\":137,\"product_key\":\"Est.\",\"notes\":\"Ipsum sapiente sed.\",\"discount\":0,\"is_amount_discount\":false,\"tax_name1\":\"Sales Tax\",\"tax_rate1\":5,\"tax_name2\":\"\",\"tax_rate2\":0,\"tax_name3\":\"\",\"tax_rate3\":0,\"sort_id\":0,\"line_total\":137,\"gross_line_total\":143.23,\"custom_value1\":\"https:\\/\\/picsum.photos\\/200\",\"custom_value2\":\"66\",\"custom_value3\":\"Nisi numquam quia.\",\"custom_value4\":\"Similique est.\",\"type_id\":\"1\",\"tax_id\":\"1\",\"product_cost\":0,\"tax_amount\":6.23,\"date\":\"\",\"task_id\":\"\",\"expense_id\":\"\",\"unit_code\":\"C62\"},{\"quantity\":1,\"cost\":333,\"product_key\":\"Fuga.\",\"notes\":\"Sunt nihil voluptas.\",\"discount\":0,\"is_amount_discount\":false,\"tax_name1\":\"Sales Tax\",\"tax_rate1\":5,\"tax_name2\":\"\",\"tax_rate2\":0,\"tax_name3\":\"\",\"tax_rate3\":0,\"sort_id\":0,\"line_total\":333,\"gross_line_total\":348.15,\"custom_value1\":\"https:\\/\\/picsum.photos\\/200\",\"custom_value2\":\"42\",\"custom_value3\":\"Sunt nisi minima.\",\"custom_value4\":\"Consequatur fuga.\",\"type_id\":\"1\",\"tax_id\":\"1\",\"product_cost\":0,\"tax_amount\":15.15,\"date\":\"\",\"task_id\":\"\",\"expense_id\":\"\",\"unit_code\":\"C62\"},{\"quantity\":1,\"cost\":713,\"product_key\":\"Sint.\",\"notes\":\"Fuga incidunt et.\",\"discount\":0,\"is_amount_discount\":false,\"tax_name1\":\"Sales Tax\",\"tax_rate1\":5,\"tax_name2\":\"\",\"tax_rate2\":0,\"tax_name3\":\"\",\"tax_rate3\":0,\"sort_id\":0,\"line_total\":713,\"gross_line_total\":745.44,\"custom_value1\":\"https:\\/\\/picsum.photos\\/200\",\"custom_value2\":\"91\",\"custom_value3\":\"Facere sunt.\",\"custom_value4\":\"Delectus qui esse.\",\"type_id\":\"1\",\"tax_id\":\"1\",\"product_cost\":0,\"tax_amount\":32.44,\"date\":\"\",\"task_id\":\"\",\"expense_id\":\"\",\"unit_code\":\"C62\"},{\"quantity\":1,\"cost\":788,\"product_key\":\"Hic.\",\"notes\":\"Cumque voluptatum.\",\"discount\":0,\"is_amount_discount\":false,\"tax_name1\":\"\",\"tax_rate1\":0,\"tax_name2\":\"\",\"tax_rate2\":0,\"tax_name3\":\"\",\"tax_rate3\":0,\"sort_id\":0,\"line_total\":788,\"gross_line_total\":788,\"custom_value1\":\"https:\\/\\/picsum.photos\\/200\",\"custom_value2\":\"91\",\"custom_value3\":\"Illo quo.\",\"custom_value4\":\"Nemo non voluptates.\",\"type_id\":\"1\",\"tax_id\":\"1\",\"product_cost\":0,\"tax_amount\":0,\"date\":\"\",\"task_id\":\"\",\"expense_id\":\"\",\"unit_code\":\"C62\"}]', NULL, NULL, NULL, NULL, NULL, 'GST', 10.000000, 'VAT', 17.500000, 'CA Sales Tax', 5.000000, 1850.870000, 0, '', '', '', '', NULL, NULL, NULL, NULL, 0, 0, 0, 0, 0.000000, 6653.850000, 0.000000, 0.000000, NULL, NULL, '2025-07-30 01:41:08.972598', '2025-07-30 01:41:09.162272', NULL, NULL, NULL, NULL, NULL, 0.000000, NULL, NULL, NULL),
(4, 5, 2, NULL, 2, 2, NULL, NULL, NULL, NULL, NULL, '0003', 6.000000, 0, 'Sequi.', '1990-11-02', NULL, NULL, NULL, 0, '[{\"quantity\":1,\"cost\":265,\"product_key\":\"Sed.\",\"notes\":\"Dolorem sapiente.\",\"discount\":0,\"is_amount_discount\":false,\"tax_name1\":\"VAT\",\"tax_rate1\":17.5,\"tax_name2\":\"\",\"tax_rate2\":0,\"tax_name3\":\"\",\"tax_rate3\":0,\"sort_id\":0,\"line_total\":265,\"gross_line_total\":308.59000000000003,\"custom_value1\":\"https:\\/\\/picsum.photos\\/200\",\"custom_value2\":\"80\",\"custom_value3\":\"Porro omnis sunt ab.\",\"custom_value4\":\"Nam autem voluptas.\",\"type_id\":\"1\",\"tax_id\":\"1\",\"product_cost\":0,\"tax_amount\":43.59,\"date\":\"\",\"task_id\":\"\",\"expense_id\":\"\",\"unit_code\":\"C62\"},{\"quantity\":1,\"cost\":340,\"product_key\":\"Atque.\",\"notes\":\"Quis assumenda.\",\"discount\":0,\"is_amount_discount\":false,\"tax_name1\":\"Sales Tax\",\"tax_rate1\":5,\"tax_name2\":\"\",\"tax_rate2\":0,\"tax_name3\":\"\",\"tax_rate3\":0,\"sort_id\":0,\"line_total\":340,\"gross_line_total\":355.98,\"custom_value1\":\"https:\\/\\/picsum.photos\\/200\",\"custom_value2\":\"19\",\"custom_value3\":\"Aut et tempore.\",\"custom_value4\":\"Cum iusto.\",\"type_id\":\"1\",\"tax_id\":\"1\",\"product_cost\":0,\"tax_amount\":15.98,\"date\":\"\",\"task_id\":\"\",\"expense_id\":\"\",\"unit_code\":\"C62\"},{\"quantity\":1,\"cost\":64,\"product_key\":\"Quis.\",\"notes\":\"Soluta maxime ea.\",\"discount\":0,\"is_amount_discount\":false,\"tax_name1\":\"\",\"tax_rate1\":0,\"tax_name2\":\"\",\"tax_rate2\":0,\"tax_name3\":\"\",\"tax_rate3\":0,\"sort_id\":0,\"line_total\":64,\"gross_line_total\":64,\"custom_value1\":\"https:\\/\\/picsum.photos\\/200\",\"custom_value2\":\"81\",\"custom_value3\":\"Laudantium aut.\",\"custom_value4\":\"Provident.\",\"type_id\":\"1\",\"tax_id\":\"1\",\"product_cost\":0,\"tax_amount\":0,\"date\":\"\",\"task_id\":\"\",\"expense_id\":\"\",\"unit_code\":\"C62\"}]', NULL, NULL, NULL, NULL, NULL, 'GST', 10.000000, 'VAT', 17.500000, 'THIRDTAX', 5.000000, 263.950000, 0, '', '', '', '', NULL, NULL, NULL, NULL, 0, 0, 0, 0, 0.000000, 892.810000, 0.000000, 0.000000, NULL, NULL, '2025-07-30 01:41:11.545585', '2025-07-30 01:41:11.659706', NULL, NULL, NULL, NULL, NULL, 0.000000, NULL, NULL, NULL),
(5, 6, 2, NULL, 2, 2, NULL, NULL, NULL, NULL, NULL, '0004', 7.000000, 1, 'Delectus.', '1990-11-20', NULL, NULL, NULL, 0, '[{\"quantity\":1,\"cost\":626,\"product_key\":\"Alias.\",\"notes\":\"Rerum quisquam ad.\",\"discount\":0,\"is_amount_discount\":true,\"tax_name1\":\"VAT\",\"tax_rate1\":17.5,\"tax_name2\":\"\",\"tax_rate2\":0,\"tax_name3\":\"\",\"tax_rate3\":0,\"sort_id\":0,\"line_total\":626,\"gross_line_total\":735.27,\"custom_value1\":\"https:\\/\\/picsum.photos\\/200\",\"custom_value2\":\"25\",\"custom_value3\":\"Nemo voluptatibus.\",\"custom_value4\":\"Nulla sapiente.\",\"type_id\":\"1\",\"tax_id\":\"1\",\"product_cost\":0,\"tax_amount\":109.27,\"date\":\"\",\"task_id\":\"\",\"expense_id\":\"\",\"unit_code\":\"C62\"},{\"quantity\":1,\"cost\":167,\"product_key\":\"Est.\",\"notes\":\"Sint numquam.\",\"discount\":0,\"is_amount_discount\":true,\"tax_name1\":\"Sales Tax\",\"tax_rate1\":5,\"tax_name2\":\"\",\"tax_rate2\":0,\"tax_name3\":\"\",\"tax_rate3\":0,\"sort_id\":0,\"line_total\":167,\"gross_line_total\":175.33,\"custom_value1\":\"https:\\/\\/picsum.photos\\/200\",\"custom_value2\":\"55\",\"custom_value3\":\"Quia non.\",\"custom_value4\":\"Eum aut non est ut.\",\"type_id\":\"1\",\"tax_id\":\"1\",\"product_cost\":0,\"tax_amount\":8.33,\"date\":\"\",\"task_id\":\"\",\"expense_id\":\"\",\"unit_code\":\"C62\"},{\"quantity\":1,\"cost\":443,\"product_key\":\"Quidem.\",\"notes\":\"Quibusdam earum.\",\"discount\":0,\"is_amount_discount\":true,\"tax_name1\":\"VAT\",\"tax_rate1\":17.5,\"tax_name2\":\"\",\"tax_rate2\":0,\"tax_name3\":\"\",\"tax_rate3\":0,\"sort_id\":0,\"line_total\":443,\"gross_line_total\":520.3199999999999,\"custom_value1\":\"https:\\/\\/picsum.photos\\/200\",\"custom_value2\":\"4\",\"custom_value3\":\"Aut sunt vel.\",\"custom_value4\":\"Natus veniam rerum.\",\"type_id\":\"1\",\"tax_id\":\"1\",\"product_cost\":0,\"tax_amount\":77.32,\"date\":\"\",\"task_id\":\"\",\"expense_id\":\"\",\"unit_code\":\"C62\"},{\"quantity\":1,\"cost\":546,\"product_key\":\"Cum.\",\"notes\":\"Praesentium vitae.\",\"discount\":0,\"is_amount_discount\":true,\"tax_name1\":\"GST\",\"tax_rate1\":10,\"tax_name2\":\"\",\"tax_rate2\":0,\"tax_name3\":\"\",\"tax_rate3\":0,\"sort_id\":0,\"line_total\":546,\"gross_line_total\":600.46,\"custom_value1\":\"https:\\/\\/picsum.photos\\/200\",\"custom_value2\":\"42\",\"custom_value3\":\"Et est rerum est.\",\"custom_value4\":\"Sit a voluptatem ea.\",\"type_id\":\"1\",\"tax_id\":\"1\",\"product_cost\":0,\"tax_amount\":54.46,\"date\":\"\",\"task_id\":\"\",\"expense_id\":\"\",\"unit_code\":\"C62\"},{\"quantity\":1,\"cost\":333,\"product_key\":\"Fuga.\",\"notes\":\"Sunt nihil voluptas.\",\"discount\":0,\"is_amount_discount\":true,\"tax_name1\":\"GST\",\"tax_rate1\":10,\"tax_name2\":\"\",\"tax_rate2\":0,\"tax_name3\":\"\",\"tax_rate3\":0,\"sort_id\":0,\"line_total\":333,\"gross_line_total\":366.21,\"custom_value1\":\"https:\\/\\/picsum.photos\\/200\",\"custom_value2\":\"42\",\"custom_value3\":\"Sunt nisi minima.\",\"custom_value4\":\"Consequatur fuga.\",\"type_id\":\"1\",\"tax_id\":\"1\",\"product_cost\":0,\"tax_amount\":33.21,\"date\":\"\",\"task_id\":\"\",\"expense_id\":\"\",\"unit_code\":\"C62\"},{\"quantity\":1,\"cost\":190,\"product_key\":\"Sed.\",\"notes\":\"Quaerat quo nisi.\",\"discount\":0,\"is_amount_discount\":true,\"tax_name1\":\"\",\"tax_rate1\":0,\"tax_name2\":\"\",\"tax_rate2\":0,\"tax_name3\":\"\",\"tax_rate3\":0,\"sort_id\":0,\"line_total\":190,\"gross_line_total\":190,\"custom_value1\":\"https:\\/\\/picsum.photos\\/200\",\"custom_value2\":\"90\",\"custom_value3\":\"Quo enim aliquid.\",\"custom_value4\":\"Minima consequuntur.\",\"type_id\":\"1\",\"tax_id\":\"1\",\"product_cost\":0,\"tax_amount\":0,\"date\":\"\",\"task_id\":\"\",\"expense_id\":\"\",\"unit_code\":\"C62\"},{\"quantity\":1,\"cost\":394,\"product_key\":\"Est ad.\",\"notes\":\"Odit facere qui sit.\",\"discount\":0,\"is_amount_discount\":true,\"tax_name1\":\"Sales Tax\",\"tax_rate1\":5,\"tax_name2\":\"\",\"tax_rate2\":0,\"tax_name3\":\"\",\"tax_rate3\":0,\"sort_id\":0,\"line_total\":394,\"gross_line_total\":413.65,\"custom_value1\":\"https:\\/\\/picsum.photos\\/200\",\"custom_value2\":\"54\",\"custom_value3\":\"Veniam qui beatae.\",\"custom_value4\":\"Et et ea aut.\",\"type_id\":\"1\",\"tax_id\":\"1\",\"product_cost\":0,\"tax_amount\":19.65,\"date\":\"\",\"task_id\":\"\",\"expense_id\":\"\",\"unit_code\":\"C62\"}]', NULL, NULL, NULL, NULL, NULL, 'GST', 10.000000, 'VAT', 17.500000, 'THIRDTAX', 5.000000, 1177.140000, 0, '', '', '', '', NULL, NULL, NULL, NULL, 0, 0, 0, 0, 0.000000, 3869.140000, 0.000000, 0.000000, NULL, NULL, '2025-07-30 01:41:17.724008', '2025-07-30 01:41:17.871086', NULL, NULL, NULL, NULL, NULL, 0.000000, NULL, NULL, NULL),
(6, 9, 2, NULL, 2, 2, NULL, NULL, NULL, NULL, NULL, '0005', 1.000000, 1, 'Harum.', '2025-07-08', NULL, NULL, NULL, 0, '[{\"quantity\":1,\"cost\":371,\"product_key\":\"Et.\",\"notes\":\"Occaecati ut.\",\"discount\":0,\"is_amount_discount\":true,\"tax_name1\":\"Sales Tax\",\"tax_rate1\":5,\"tax_name2\":\"\",\"tax_rate2\":0,\"tax_name3\":\"\",\"tax_rate3\":0,\"sort_id\":0,\"line_total\":371,\"gross_line_total\":389.53,\"custom_value1\":\"https:\\/\\/picsum.photos\\/200\",\"custom_value2\":\"74\",\"custom_value3\":\"Eligendi vel.\",\"custom_value4\":\"Commodi vitae qui.\",\"type_id\":\"1\",\"tax_id\":\"1\",\"product_cost\":0,\"tax_amount\":18.53,\"date\":\"\",\"task_id\":\"\",\"expense_id\":\"\",\"unit_code\":\"C62\"},{\"quantity\":1,\"cost\":374,\"product_key\":\"Hic ut.\",\"notes\":\"Autem autem sint.\",\"discount\":0,\"is_amount_discount\":true,\"tax_name1\":\"Sales Tax\",\"tax_rate1\":5,\"tax_name2\":\"\",\"tax_rate2\":0,\"tax_name3\":\"\",\"tax_rate3\":0,\"sort_id\":0,\"line_total\":374,\"gross_line_total\":392.68,\"custom_value1\":\"https:\\/\\/picsum.photos\\/200\",\"custom_value2\":\"85\",\"custom_value3\":\"Totam accusantium.\",\"custom_value4\":\"Voluptates quos.\",\"type_id\":\"1\",\"tax_id\":\"1\",\"product_cost\":0,\"tax_amount\":18.68,\"date\":\"\",\"task_id\":\"\",\"expense_id\":\"\",\"unit_code\":\"C62\"},{\"quantity\":1,\"cost\":125,\"product_key\":\"Eum.\",\"notes\":\"Aut laudantium at.\",\"discount\":0,\"is_amount_discount\":true,\"tax_name1\":\"Sales Tax\",\"tax_rate1\":5,\"tax_name2\":\"\",\"tax_rate2\":0,\"tax_name3\":\"\",\"tax_rate3\":0,\"sort_id\":0,\"line_total\":125,\"gross_line_total\":131.24,\"custom_value1\":\"https:\\/\\/picsum.photos\\/200\",\"custom_value2\":\"74\",\"custom_value3\":\"Officiis dolores.\",\"custom_value4\":\"Eos consequatur.\",\"type_id\":\"1\",\"tax_id\":\"1\",\"product_cost\":0,\"tax_amount\":6.24,\"date\":\"\",\"task_id\":\"\",\"expense_id\":\"\",\"unit_code\":\"C62\"}]', NULL, NULL, NULL, NULL, NULL, 'GST', 10.000000, 'VAT', 17.500000, 'CA Sales Tax', 5.000000, 325.880000, 0, '', '', '', '', NULL, NULL, NULL, NULL, 0, 0, 0, 0, 0.000000, 1194.880000, 0.000000, 0.000000, NULL, NULL, '2025-07-30 01:41:20.166541', '2025-07-30 01:41:20.337467', NULL, NULL, NULL, NULL, NULL, 0.000000, NULL, NULL, NULL),
(7, 5, 2, NULL, 2, 2, NULL, NULL, NULL, NULL, NULL, '0006', 3.000000, 0, 'Dolorem.', '2002-03-01', NULL, NULL, NULL, 0, '[{\"quantity\":1,\"cost\":788,\"product_key\":\"Hic.\",\"notes\":\"Cumque voluptatum.\",\"discount\":0,\"is_amount_discount\":false,\"tax_name1\":\"Sales Tax\",\"tax_rate1\":5,\"tax_name2\":\"\",\"tax_rate2\":0,\"tax_name3\":\"\",\"tax_rate3\":0,\"sort_id\":0,\"line_total\":788,\"gross_line_total\":826.22,\"custom_value1\":\"https:\\/\\/picsum.photos\\/200\",\"custom_value2\":\"91\",\"custom_value3\":\"Illo quo.\",\"custom_value4\":\"Nemo non voluptates.\",\"type_id\":\"1\",\"tax_id\":\"1\",\"product_cost\":0,\"tax_amount\":38.22,\"date\":\"\",\"task_id\":\"\",\"expense_id\":\"\",\"unit_code\":\"C62\"},{\"quantity\":1,\"cost\":605,\"product_key\":\"Quia.\",\"notes\":\"Asperiores qui ipsa.\",\"discount\":0,\"is_amount_discount\":false,\"tax_name1\":\"Sales Tax\",\"tax_rate1\":5,\"tax_name2\":\"\",\"tax_rate2\":0,\"tax_name3\":\"\",\"tax_rate3\":0,\"sort_id\":0,\"line_total\":605,\"gross_line_total\":634.34,\"custom_value1\":\"https:\\/\\/picsum.photos\\/200\",\"custom_value2\":\"53\",\"custom_value3\":\"Quo rerum velit.\",\"custom_value4\":\"Qui vero natus.\",\"type_id\":\"1\",\"tax_id\":\"1\",\"product_cost\":0,\"tax_amount\":29.34,\"date\":\"\",\"task_id\":\"\",\"expense_id\":\"\",\"unit_code\":\"C62\"},{\"quantity\":1,\"cost\":605,\"product_key\":\"Quia.\",\"notes\":\"Asperiores qui ipsa.\",\"discount\":0,\"is_amount_discount\":false,\"tax_name1\":\"VAT\",\"tax_rate1\":17.5,\"tax_name2\":\"\",\"tax_rate2\":0,\"tax_name3\":\"\",\"tax_rate3\":0,\"sort_id\":0,\"line_total\":605,\"gross_line_total\":707.7,\"custom_value1\":\"https:\\/\\/picsum.photos\\/200\",\"custom_value2\":\"53\",\"custom_value3\":\"Quo rerum velit.\",\"custom_value4\":\"Qui vero natus.\",\"type_id\":\"1\",\"tax_id\":\"1\",\"product_cost\":0,\"tax_amount\":102.7,\"date\":\"\",\"task_id\":\"\",\"expense_id\":\"\",\"unit_code\":\"C62\"},{\"quantity\":1,\"cost\":362,\"product_key\":\"Dolor.\",\"notes\":\"Dignissimos unde.\",\"discount\":0,\"is_amount_discount\":false,\"tax_name1\":\"VAT\",\"tax_rate1\":17.5,\"tax_name2\":\"\",\"tax_rate2\":0,\"tax_name3\":\"\",\"tax_rate3\":0,\"sort_id\":0,\"line_total\":362,\"gross_line_total\":423.45,\"custom_value1\":\"https:\\/\\/picsum.photos\\/200\",\"custom_value2\":\"85\",\"custom_value3\":\"Consequatur quo.\",\"custom_value4\":\"Voluptatum.\",\"type_id\":\"1\",\"tax_id\":\"1\",\"product_cost\":0,\"tax_amount\":61.45,\"date\":\"\",\"task_id\":\"\",\"expense_id\":\"\",\"unit_code\":\"C62\"}]', NULL, NULL, NULL, NULL, NULL, 'GST', 10.000000, 'VAT', 17.500000, 'CA Sales Tax', 5.000000, 975.700000, 0, '', '', '', '', NULL, NULL, NULL, NULL, 0, 0, 0, 0, 0.000000, 3264.900000, 0.000000, 0.000000, NULL, NULL, '2025-07-30 01:41:24.464082', '2025-07-30 01:41:24.601153', NULL, NULL, NULL, NULL, NULL, 0.000000, NULL, NULL, NULL),
(8, 3, 2, NULL, 2, 2, NULL, NULL, NULL, NULL, NULL, '0007', 4.000000, 0, 'Id.', '2000-02-19', NULL, NULL, NULL, 0, '[{\"quantity\":1,\"cost\":605,\"product_key\":\"Quia.\",\"notes\":\"Asperiores qui ipsa.\",\"discount\":0,\"is_amount_discount\":false,\"tax_name1\":\"Sales Tax\",\"tax_rate1\":5,\"tax_name2\":\"\",\"tax_rate2\":0,\"tax_name3\":\"\",\"tax_rate3\":0,\"sort_id\":0,\"line_total\":605,\"gross_line_total\":634.04,\"custom_value1\":\"https:\\/\\/picsum.photos\\/200\",\"custom_value2\":\"53\",\"custom_value3\":\"Quo rerum velit.\",\"custom_value4\":\"Qui vero natus.\",\"type_id\":\"1\",\"tax_id\":\"1\",\"product_cost\":0,\"tax_amount\":29.04,\"date\":\"\",\"task_id\":\"\",\"expense_id\":\"\",\"unit_code\":\"C62\"},{\"quantity\":1,\"cost\":443,\"product_key\":\"Quidem.\",\"notes\":\"Quibusdam earum.\",\"discount\":0,\"is_amount_discount\":false,\"tax_name1\":\"GST\",\"tax_rate1\":10,\"tax_name2\":\"\",\"tax_rate2\":0,\"tax_name3\":\"\",\"tax_rate3\":0,\"sort_id\":0,\"line_total\":443,\"gross_line_total\":485.53,\"custom_value1\":\"https:\\/\\/picsum.photos\\/200\",\"custom_value2\":\"4\",\"custom_value3\":\"Aut sunt vel.\",\"custom_value4\":\"Natus veniam rerum.\",\"type_id\":\"1\",\"tax_id\":\"1\",\"product_cost\":0,\"tax_amount\":42.53,\"date\":\"\",\"task_id\":\"\",\"expense_id\":\"\",\"unit_code\":\"C62\"},{\"quantity\":1,\"cost\":640,\"product_key\":\"Fugiat.\",\"notes\":\"Autem in est vitae.\",\"discount\":0,\"is_amount_discount\":false,\"tax_name1\":\"Sales Tax\",\"tax_rate1\":5,\"tax_name2\":\"\",\"tax_rate2\":0,\"tax_name3\":\"\",\"tax_rate3\":0,\"sort_id\":0,\"line_total\":640,\"gross_line_total\":670.72,\"custom_value1\":\"https:\\/\\/picsum.photos\\/200\",\"custom_value2\":\"62\",\"custom_value3\":\"Numquam nihil minus.\",\"custom_value4\":\"Explicabo nisi et.\",\"type_id\":\"1\",\"tax_id\":\"1\",\"product_cost\":0,\"tax_amount\":30.72,\"date\":\"\",\"task_id\":\"\",\"expense_id\":\"\",\"unit_code\":\"C62\"}]', NULL, NULL, NULL, NULL, NULL, 'GST', 10.000000, 'VAT', 17.500000, 'THIRDTAX', 5.000000, 628.940000, 0, '', '', '', '', NULL, NULL, NULL, NULL, 0, 0, 0, 0, 0.000000, 2249.420000, 0.000000, 0.000000, NULL, NULL, '2025-07-30 01:41:31.340232', '2025-07-30 01:41:31.466313', NULL, NULL, NULL, NULL, NULL, 0.000000, NULL, NULL, NULL),
(9, 10, 2, NULL, 2, 2, NULL, NULL, NULL, NULL, NULL, '0008', 4.000000, 0, 'Rerum aut.', '1974-10-23', NULL, NULL, NULL, 0, '[{\"quantity\":1,\"cost\":168,\"product_key\":\"Earum.\",\"notes\":\"Ea voluptates magni.\",\"discount\":0,\"is_amount_discount\":false,\"tax_name1\":\"VAT\",\"tax_rate1\":17.5,\"tax_name2\":\"\",\"tax_rate2\":0,\"tax_name3\":\"\",\"tax_rate3\":0,\"sort_id\":0,\"line_total\":168,\"gross_line_total\":196.22,\"custom_value1\":\"https:\\/\\/picsum.photos\\/200\",\"custom_value2\":\"27\",\"custom_value3\":\"Itaque a natus quis.\",\"custom_value4\":\"Soluta est error.\",\"type_id\":\"1\",\"tax_id\":\"1\",\"product_cost\":0,\"tax_amount\":28.22,\"date\":\"\",\"task_id\":\"\",\"expense_id\":\"\",\"unit_code\":\"C62\"},{\"quantity\":1,\"cost\":218,\"product_key\":\"Sequi.\",\"notes\":\"Id delectus.\",\"discount\":0,\"is_amount_discount\":false,\"tax_name1\":\"GST\",\"tax_rate1\":10,\"tax_name2\":\"\",\"tax_rate2\":0,\"tax_name3\":\"\",\"tax_rate3\":0,\"sort_id\":0,\"line_total\":218,\"gross_line_total\":238.93,\"custom_value1\":\"https:\\/\\/picsum.photos\\/200\",\"custom_value2\":\"43\",\"custom_value3\":\"Molestias at ipsa.\",\"custom_value4\":\"Architecto.\",\"type_id\":\"1\",\"tax_id\":\"1\",\"product_cost\":0,\"tax_amount\":20.93,\"date\":\"\",\"task_id\":\"\",\"expense_id\":\"\",\"unit_code\":\"C62\"},{\"quantity\":1,\"cost\":167,\"product_key\":\"Est.\",\"notes\":\"Sint numquam.\",\"discount\":0,\"is_amount_discount\":false,\"tax_name1\":\"\",\"tax_rate1\":0,\"tax_name2\":\"\",\"tax_rate2\":0,\"tax_name3\":\"\",\"tax_rate3\":0,\"sort_id\":0,\"line_total\":167,\"gross_line_total\":167,\"custom_value1\":\"https:\\/\\/picsum.photos\\/200\",\"custom_value2\":\"55\",\"custom_value3\":\"Quia non.\",\"custom_value4\":\"Eum aut non est ut.\",\"type_id\":\"1\",\"tax_id\":\"1\",\"product_cost\":0,\"tax_amount\":0,\"date\":\"\",\"task_id\":\"\",\"expense_id\":\"\",\"unit_code\":\"C62\"},{\"quantity\":1,\"cost\":383,\"product_key\":\"Odio.\",\"notes\":\"Sapiente sint totam.\",\"discount\":0,\"is_amount_discount\":false,\"tax_name1\":\"Sales Tax\",\"tax_rate1\":5,\"tax_name2\":\"\",\"tax_rate2\":0,\"tax_name3\":\"\",\"tax_rate3\":0,\"sort_id\":0,\"line_total\":383,\"gross_line_total\":401.38,\"custom_value1\":\"https:\\/\\/picsum.photos\\/200\",\"custom_value2\":\"73\",\"custom_value3\":\"Vero harum deleniti.\",\"custom_value4\":\"Id autem sit.\",\"type_id\":\"1\",\"tax_id\":\"1\",\"product_cost\":0,\"tax_amount\":18.38,\"date\":\"\",\"task_id\":\"\",\"expense_id\":\"\",\"unit_code\":\"C62\"},{\"quantity\":1,\"cost\":488,\"product_key\":\"Et aut.\",\"notes\":\"Consectetur itaque.\",\"discount\":0,\"is_amount_discount\":false,\"tax_name1\":\"Sales Tax\",\"tax_rate1\":5,\"tax_name2\":\"\",\"tax_rate2\":0,\"tax_name3\":\"\",\"tax_rate3\":0,\"sort_id\":0,\"line_total\":488,\"gross_line_total\":511.42,\"custom_value1\":\"https:\\/\\/picsum.photos\\/200\",\"custom_value2\":\"17\",\"custom_value3\":\"Voluptatibus.\",\"custom_value4\":\"Sit dolores dolorum.\",\"type_id\":\"1\",\"tax_id\":\"1\",\"product_cost\":0,\"tax_amount\":23.42,\"date\":\"\",\"task_id\":\"\",\"expense_id\":\"\",\"unit_code\":\"C62\"},{\"quantity\":1,\"cost\":976,\"product_key\":\"Magni.\",\"notes\":\"Et exercitationem.\",\"discount\":0,\"is_amount_discount\":false,\"tax_name1\":\"Sales Tax\",\"tax_rate1\":5,\"tax_name2\":\"\",\"tax_rate2\":0,\"tax_name3\":\"\",\"tax_rate3\":0,\"sort_id\":0,\"line_total\":976,\"gross_line_total\":1022.85,\"custom_value1\":\"https:\\/\\/picsum.photos\\/200\",\"custom_value2\":\"42\",\"custom_value3\":\"Molestiae.\",\"custom_value4\":\"Atque omnis quae.\",\"type_id\":\"1\",\"tax_id\":\"1\",\"product_cost\":0,\"tax_amount\":46.85,\"date\":\"\",\"task_id\":\"\",\"expense_id\":\"\",\"unit_code\":\"C62\"}]', NULL, NULL, NULL, NULL, NULL, 'GST', 10.000000, 'VAT', 17.500000, 'CA Sales Tax', 5.000000, 886.600000, 0, '', '', '', '', NULL, NULL, NULL, NULL, 0, 0, 0, 0, 0.000000, 3190.600000, 0.000000, 0.000000, NULL, NULL, '2025-07-30 01:41:34.291036', '2025-07-30 01:41:34.462856', NULL, NULL, NULL, NULL, NULL, 0.000000, NULL, NULL, NULL),
(10, 11, 2, NULL, 2, 2, NULL, NULL, NULL, NULL, NULL, '0009', 1.000000, 0, 'Odio.', '1970-05-20', NULL, NULL, NULL, 0, '[{\"quantity\":1,\"cost\":534,\"product_key\":\"Ut sed.\",\"notes\":\"Amet aut doloremque.\",\"discount\":0,\"is_amount_discount\":false,\"tax_name1\":\"Sales Tax\",\"tax_rate1\":5,\"tax_name2\":\"\",\"tax_rate2\":0,\"tax_name3\":\"\",\"tax_rate3\":0,\"sort_id\":0,\"line_total\":534,\"gross_line_total\":560.43,\"custom_value1\":\"https:\\/\\/picsum.photos\\/200\",\"custom_value2\":\"91\",\"custom_value3\":\"Atque aliquam.\",\"custom_value4\":\"Repellendus magni.\",\"type_id\":\"1\",\"tax_id\":\"1\",\"product_cost\":0,\"tax_amount\":26.43,\"date\":\"\",\"task_id\":\"\",\"expense_id\":\"\",\"unit_code\":\"C62\"},{\"quantity\":1,\"cost\":494,\"product_key\":\"Sed.\",\"notes\":\"Et non hic.\",\"discount\":0,\"is_amount_discount\":false,\"tax_name1\":\"GST\",\"tax_rate1\":10,\"tax_name2\":\"\",\"tax_rate2\":0,\"tax_name3\":\"\",\"tax_rate3\":0,\"sort_id\":0,\"line_total\":494,\"gross_line_total\":542.91,\"custom_value1\":\"https:\\/\\/picsum.photos\\/200\",\"custom_value2\":\"1\",\"custom_value3\":\"Omnis magni.\",\"custom_value4\":\"Neque beatae sint.\",\"type_id\":\"1\",\"tax_id\":\"1\",\"product_cost\":0,\"tax_amount\":48.91,\"date\":\"\",\"task_id\":\"\",\"expense_id\":\"\",\"unit_code\":\"C62\"},{\"quantity\":1,\"cost\":985,\"product_key\":\"Ut.\",\"notes\":\"Quo accusantium.\",\"discount\":0,\"is_amount_discount\":false,\"tax_name1\":\"GST\",\"tax_rate1\":10,\"tax_name2\":\"\",\"tax_rate2\":0,\"tax_name3\":\"\",\"tax_rate3\":0,\"sort_id\":0,\"line_total\":985,\"gross_line_total\":1082.52,\"custom_value1\":\"https:\\/\\/picsum.photos\\/200\",\"custom_value2\":\"16\",\"custom_value3\":\"Excepturi id.\",\"custom_value4\":\"Architecto cum eos.\",\"type_id\":\"1\",\"tax_id\":\"1\",\"product_cost\":0,\"tax_amount\":97.52,\"date\":\"\",\"task_id\":\"\",\"expense_id\":\"\",\"unit_code\":\"C62\"},{\"quantity\":1,\"cost\":333,\"product_key\":\"Fuga.\",\"notes\":\"Sunt nihil voluptas.\",\"discount\":0,\"is_amount_discount\":false,\"tax_name1\":\"VAT\",\"tax_rate1\":17.5,\"tax_name2\":\"\",\"tax_rate2\":0,\"tax_name3\":\"\",\"tax_rate3\":0,\"sort_id\":0,\"line_total\":333,\"gross_line_total\":390.69,\"custom_value1\":\"https:\\/\\/picsum.photos\\/200\",\"custom_value2\":\"42\",\"custom_value3\":\"Sunt nisi minima.\",\"custom_value4\":\"Consequatur fuga.\",\"type_id\":\"1\",\"tax_id\":\"1\",\"product_cost\":0,\"tax_amount\":57.69,\"date\":\"\",\"task_id\":\"\",\"expense_id\":\"\",\"unit_code\":\"C62\"},{\"quantity\":1,\"cost\":650,\"product_key\":\"Nihil.\",\"notes\":\"Rem nulla nisi fuga.\",\"discount\":0,\"is_amount_discount\":false,\"tax_name1\":\"VAT\",\"tax_rate1\":17.5,\"tax_name2\":\"\",\"tax_rate2\":0,\"tax_name3\":\"\",\"tax_rate3\":0,\"sort_id\":0,\"line_total\":650,\"gross_line_total\":762.61,\"custom_value1\":\"https:\\/\\/picsum.photos\\/200\",\"custom_value2\":\"67\",\"custom_value3\":\"Cum mollitia ipsam.\",\"custom_value4\":\"Eius itaque ut ut.\",\"type_id\":\"1\",\"tax_id\":\"1\",\"product_cost\":0,\"tax_amount\":112.61,\"date\":\"\",\"task_id\":\"\",\"expense_id\":\"\",\"unit_code\":\"C62\"},{\"quantity\":1,\"cost\":650,\"product_key\":\"Nihil.\",\"notes\":\"Rem nulla nisi fuga.\",\"discount\":0,\"is_amount_discount\":false,\"tax_name1\":\"Sales Tax\",\"tax_rate1\":5,\"tax_name2\":\"\",\"tax_rate2\":0,\"tax_name3\":\"\",\"tax_rate3\":0,\"sort_id\":0,\"line_total\":650,\"gross_line_total\":682.18,\"custom_value1\":\"https:\\/\\/picsum.photos\\/200\",\"custom_value2\":\"67\",\"custom_value3\":\"Cum mollitia ipsam.\",\"custom_value4\":\"Eius itaque ut ut.\",\"type_id\":\"1\",\"tax_id\":\"1\",\"product_cost\":0,\"tax_amount\":32.18,\"date\":\"\",\"task_id\":\"\",\"expense_id\":\"\",\"unit_code\":\"C62\"},{\"quantity\":1,\"cost\":713,\"product_key\":\"Sint.\",\"notes\":\"Fuga incidunt et.\",\"discount\":0,\"is_amount_discount\":false,\"tax_name1\":\"VAT\",\"tax_rate1\":17.5,\"tax_name2\":\"\",\"tax_rate2\":0,\"tax_name3\":\"\",\"tax_rate3\":0,\"sort_id\":0,\"line_total\":713,\"gross_line_total\":836.53,\"custom_value1\":\"https:\\/\\/picsum.photos\\/200\",\"custom_value2\":\"91\",\"custom_value3\":\"Facere sunt.\",\"custom_value4\":\"Delectus qui esse.\",\"type_id\":\"1\",\"tax_id\":\"1\",\"product_cost\":0,\"tax_amount\":123.53,\"date\":\"\",\"task_id\":\"\",\"expense_id\":\"\",\"unit_code\":\"C62\"},{\"quantity\":1,\"cost\":52,\"product_key\":\"Est.\",\"notes\":\"Aut et voluptas.\",\"discount\":0,\"is_amount_discount\":false,\"tax_name1\":\"GST\",\"tax_rate1\":10,\"tax_name2\":\"\",\"tax_rate2\":0,\"tax_name3\":\"\",\"tax_rate3\":0,\"sort_id\":0,\"line_total\":52,\"gross_line_total\":57.15,\"custom_value1\":\"https:\\/\\/picsum.photos\\/200\",\"custom_value2\":\"68\",\"custom_value3\":\"Nemo et sapiente.\",\"custom_value4\":\"Ex quibusdam est ea.\",\"type_id\":\"1\",\"tax_id\":\"1\",\"product_cost\":0,\"tax_amount\":5.15,\"date\":\"\",\"task_id\":\"\",\"expense_id\":\"\",\"unit_code\":\"C62\"},{\"quantity\":1,\"cost\":4,\"product_key\":\"Fugiat.\",\"notes\":\"Omnis quia.\",\"discount\":0,\"is_amount_discount\":false,\"tax_name1\":\"Sales Tax\",\"tax_rate1\":5,\"tax_name2\":\"\",\"tax_rate2\":0,\"tax_name3\":\"\",\"tax_rate3\":0,\"sort_id\":0,\"line_total\":4,\"gross_line_total\":4.2,\"custom_value1\":\"https:\\/\\/picsum.photos\\/200\",\"custom_value2\":\"85\",\"custom_value3\":\"Neque cumque aut.\",\"custom_value4\":\"Nisi voluptatibus.\",\"type_id\":\"1\",\"tax_id\":\"1\",\"product_cost\":0,\"tax_amount\":0.2,\"date\":\"\",\"task_id\":\"\",\"expense_id\":\"\",\"unit_code\":\"C62\"}]', NULL, NULL, NULL, NULL, NULL, 'GST', 10.000000, 'VAT', 17.500000, 'THIRDTAX', 5.000000, 1924.750000, 0, '', '', '', '', NULL, NULL, NULL, NULL, 0, 0, 0, 0, 0.000000, 6295.600000, 0.000000, 0.000000, NULL, NULL, '2025-07-30 01:41:37.226193', '2025-07-30 01:41:37.429987', NULL, NULL, NULL, NULL, NULL, 0.000000, NULL, NULL, NULL),
(11, 9, 2, NULL, 2, 2, NULL, NULL, NULL, NULL, NULL, '0010', 7.000000, 1, 'Molestiae.', '1986-11-20', NULL, NULL, NULL, 0, '[{\"quantity\":1,\"cost\":869,\"product_key\":\"Quam.\",\"notes\":\"Nisi fugiat qui nam.\",\"discount\":0,\"is_amount_discount\":true,\"tax_name1\":\"Sales Tax\",\"tax_rate1\":5,\"tax_name2\":\"\",\"tax_rate2\":0,\"tax_name3\":\"\",\"tax_rate3\":0,\"sort_id\":0,\"line_total\":869,\"gross_line_total\":912.29,\"custom_value1\":\"https:\\/\\/picsum.photos\\/200\",\"custom_value2\":\"76\",\"custom_value3\":\"Aut optio.\",\"custom_value4\":\"Nesciunt dolores.\",\"type_id\":\"1\",\"tax_id\":\"1\",\"product_cost\":0,\"tax_amount\":43.29,\"date\":\"\",\"task_id\":\"\",\"expense_id\":\"\",\"unit_code\":\"C62\"},{\"quantity\":1,\"cost\":742,\"product_key\":\"Qui ut.\",\"notes\":\"Soluta et fugiat.\",\"discount\":0,\"is_amount_discount\":true,\"tax_name1\":\"Sales Tax\",\"tax_rate1\":5,\"tax_name2\":\"\",\"tax_rate2\":0,\"tax_name3\":\"\",\"tax_rate3\":0,\"sort_id\":0,\"line_total\":742,\"gross_line_total\":778.96,\"custom_value1\":\"https:\\/\\/picsum.photos\\/200\",\"custom_value2\":\"37\",\"custom_value3\":\"Ipsam optio fugit.\",\"custom_value4\":\"Laborum optio ea.\",\"type_id\":\"1\",\"tax_id\":\"1\",\"product_cost\":0,\"tax_amount\":36.96,\"date\":\"\",\"task_id\":\"\",\"expense_id\":\"\",\"unit_code\":\"C62\"},{\"quantity\":1,\"cost\":240,\"product_key\":\"Et.\",\"notes\":\"Cumque aspernatur.\",\"discount\":0,\"is_amount_discount\":true,\"tax_name1\":\"Sales Tax\",\"tax_rate1\":5,\"tax_name2\":\"\",\"tax_rate2\":0,\"tax_name3\":\"\",\"tax_rate3\":0,\"sort_id\":0,\"line_total\":240,\"gross_line_total\":251.95,\"custom_value1\":\"https:\\/\\/picsum.photos\\/200\",\"custom_value2\":\"54\",\"custom_value3\":\"Cumque et ut rerum.\",\"custom_value4\":\"Eum nobis quis est.\",\"type_id\":\"1\",\"tax_id\":\"1\",\"product_cost\":0,\"tax_amount\":11.95,\"date\":\"\",\"task_id\":\"\",\"expense_id\":\"\",\"unit_code\":\"C62\"}]', NULL, NULL, NULL, NULL, NULL, 'GST', 10.000000, 'VAT', 17.500000, 'THIRDTAX', 5.000000, 691.500000, 0, '', '', '', '', NULL, NULL, NULL, NULL, 0, 0, 0, 0, 0.000000, 2535.500000, 0.000000, 0.000000, NULL, NULL, '2025-07-30 01:41:44.773436', '2025-07-30 01:41:44.947007', NULL, NULL, NULL, NULL, NULL, 0.000000, NULL, NULL, NULL);
INSERT INTO `quotes` (`id`, `client_id`, `user_id`, `assigned_user_id`, `company_id`, `status_id`, `project_id`, `vendor_id`, `recurring_id`, `design_id`, `invoice_id`, `number`, `discount`, `is_amount_discount`, `po_number`, `date`, `last_sent_date`, `due_date`, `next_send_date`, `is_deleted`, `line_items`, `backup`, `footer`, `public_notes`, `private_notes`, `terms`, `tax_name1`, `tax_rate1`, `tax_name2`, `tax_rate2`, `tax_name3`, `tax_rate3`, `total_taxes`, `uses_inclusive_taxes`, `custom_value1`, `custom_value2`, `custom_value3`, `custom_value4`, `custom_surcharge1`, `custom_surcharge2`, `custom_surcharge3`, `custom_surcharge4`, `custom_surcharge_tax1`, `custom_surcharge_tax2`, `custom_surcharge_tax3`, `custom_surcharge_tax4`, `exchange_rate`, `amount`, `balance`, `partial`, `partial_due_date`, `last_viewed`, `created_at`, `updated_at`, `deleted_at`, `reminder1_sent`, `reminder2_sent`, `reminder3_sent`, `reminder_last_sent`, `paid_to_date`, `subscription_id`, `tax_data`, `e_invoice`) VALUES
(12, 11, 2, NULL, 2, 2, NULL, NULL, NULL, NULL, NULL, '0011', 7.000000, 1, 'Eos.', '2006-01-02', NULL, NULL, NULL, 0, '[{\"quantity\":1,\"cost\":991,\"product_key\":\"Ut rem.\",\"notes\":\"Dolorem nam.\",\"discount\":0,\"is_amount_discount\":true,\"tax_name1\":\"Sales Tax\",\"tax_rate1\":5,\"tax_name2\":\"\",\"tax_rate2\":0,\"tax_name3\":\"\",\"tax_rate3\":0,\"sort_id\":0,\"line_total\":991,\"gross_line_total\":1040.49,\"custom_value1\":\"https:\\/\\/picsum.photos\\/200\",\"custom_value2\":\"84\",\"custom_value3\":\"Cumque adipisci.\",\"custom_value4\":\"Repellat placeat.\",\"type_id\":\"1\",\"tax_id\":\"1\",\"product_cost\":0,\"tax_amount\":49.49,\"date\":\"\",\"task_id\":\"\",\"expense_id\":\"\",\"unit_code\":\"C62\"},{\"quantity\":1,\"cost\":626,\"product_key\":\"Alias.\",\"notes\":\"Rerum quisquam ad.\",\"discount\":0,\"is_amount_discount\":true,\"tax_name1\":\"VAT\",\"tax_rate1\":17.5,\"tax_name2\":\"\",\"tax_rate2\":0,\"tax_name3\":\"\",\"tax_rate3\":0,\"sort_id\":0,\"line_total\":626,\"gross_line_total\":735.42,\"custom_value1\":\"https:\\/\\/picsum.photos\\/200\",\"custom_value2\":\"25\",\"custom_value3\":\"Nemo voluptatibus.\",\"custom_value4\":\"Nulla sapiente.\",\"type_id\":\"1\",\"tax_id\":\"1\",\"product_cost\":0,\"tax_amount\":109.42,\"date\":\"\",\"task_id\":\"\",\"expense_id\":\"\",\"unit_code\":\"C62\"},{\"quantity\":1,\"cost\":64,\"product_key\":\"Quis.\",\"notes\":\"Soluta maxime ea.\",\"discount\":0,\"is_amount_discount\":true,\"tax_name1\":\"\",\"tax_rate1\":0,\"tax_name2\":\"\",\"tax_rate2\":0,\"tax_name3\":\"\",\"tax_rate3\":0,\"sort_id\":0,\"line_total\":64,\"gross_line_total\":64,\"custom_value1\":\"https:\\/\\/picsum.photos\\/200\",\"custom_value2\":\"81\",\"custom_value3\":\"Laudantium aut.\",\"custom_value4\":\"Provident.\",\"type_id\":\"1\",\"tax_id\":\"1\",\"product_cost\":0,\"tax_amount\":0,\"date\":\"\",\"task_id\":\"\",\"expense_id\":\"\",\"unit_code\":\"C62\"},{\"quantity\":1,\"cost\":893,\"product_key\":\"Minus.\",\"notes\":\"Odit consequatur.\",\"discount\":0,\"is_amount_discount\":true,\"tax_name1\":\"GST\",\"tax_rate1\":10,\"tax_name2\":\"\",\"tax_rate2\":0,\"tax_name3\":\"\",\"tax_rate3\":0,\"sort_id\":0,\"line_total\":893,\"gross_line_total\":982.19,\"custom_value1\":\"https:\\/\\/picsum.photos\\/200\",\"custom_value2\":\"66\",\"custom_value3\":\"Ea similique quis.\",\"custom_value4\":\"Adipisci aliquam.\",\"type_id\":\"1\",\"tax_id\":\"1\",\"product_cost\":0,\"tax_amount\":89.19,\"date\":\"\",\"task_id\":\"\",\"expense_id\":\"\",\"unit_code\":\"C62\"},{\"quantity\":1,\"cost\":873,\"product_key\":\"Labore.\",\"notes\":\"Rem et explicabo in.\",\"discount\":0,\"is_amount_discount\":true,\"tax_name1\":\"GST\",\"tax_rate1\":10,\"tax_name2\":\"\",\"tax_rate2\":0,\"tax_name3\":\"\",\"tax_rate3\":0,\"sort_id\":0,\"line_total\":873,\"gross_line_total\":960.2,\"custom_value1\":\"https:\\/\\/picsum.photos\\/200\",\"custom_value2\":\"81\",\"custom_value3\":\"Quos distinctio.\",\"custom_value4\":\"Inventore quos.\",\"type_id\":\"1\",\"tax_id\":\"1\",\"product_cost\":0,\"tax_amount\":87.2,\"date\":\"\",\"task_id\":\"\",\"expense_id\":\"\",\"unit_code\":\"C62\"},{\"quantity\":1,\"cost\":820,\"product_key\":\"In ut.\",\"notes\":\"Voluptates.\",\"discount\":0,\"is_amount_discount\":true,\"tax_name1\":\"GST\",\"tax_rate1\":10,\"tax_name2\":\"\",\"tax_rate2\":0,\"tax_name3\":\"\",\"tax_rate3\":0,\"sort_id\":0,\"line_total\":820,\"gross_line_total\":901.9,\"custom_value1\":\"https:\\/\\/picsum.photos\\/200\",\"custom_value2\":\"66\",\"custom_value3\":\"Animi deserunt.\",\"custom_value4\":\"Quisquam maxime est.\",\"type_id\":\"1\",\"tax_id\":\"1\",\"product_cost\":0,\"tax_amount\":81.9,\"date\":\"\",\"task_id\":\"\",\"expense_id\":\"\",\"unit_code\":\"C62\"},{\"quantity\":1,\"cost\":976,\"product_key\":\"Magni.\",\"notes\":\"Et exercitationem.\",\"discount\":0,\"is_amount_discount\":true,\"tax_name1\":\"Sales Tax\",\"tax_rate1\":5,\"tax_name2\":\"\",\"tax_rate2\":0,\"tax_name3\":\"\",\"tax_rate3\":0,\"sort_id\":0,\"line_total\":976,\"gross_line_total\":1024.74,\"custom_value1\":\"https:\\/\\/picsum.photos\\/200\",\"custom_value2\":\"42\",\"custom_value3\":\"Molestiae.\",\"custom_value4\":\"Atque omnis quae.\",\"type_id\":\"1\",\"tax_id\":\"1\",\"product_cost\":0,\"tax_amount\":48.74,\"date\":\"\",\"task_id\":\"\",\"expense_id\":\"\",\"unit_code\":\"C62\"},{\"quantity\":1,\"cost\":125,\"product_key\":\"Eum.\",\"notes\":\"Aut laudantium at.\",\"discount\":0,\"is_amount_discount\":true,\"tax_name1\":\"Sales Tax\",\"tax_rate1\":5,\"tax_name2\":\"\",\"tax_rate2\":0,\"tax_name3\":\"\",\"tax_rate3\":0,\"sort_id\":0,\"line_total\":125,\"gross_line_total\":131.24,\"custom_value1\":\"https:\\/\\/picsum.photos\\/200\",\"custom_value2\":\"74\",\"custom_value3\":\"Officiis dolores.\",\"custom_value4\":\"Eos consequatur.\",\"type_id\":\"1\",\"tax_id\":\"1\",\"product_cost\":0,\"tax_amount\":6.24,\"date\":\"\",\"task_id\":\"\",\"expense_id\":\"\",\"unit_code\":\"C62\"},{\"quantity\":1,\"cost\":480,\"product_key\":\"Et.\",\"notes\":\"Eaque sit.\",\"discount\":0,\"is_amount_discount\":true,\"tax_name1\":\"\",\"tax_rate1\":0,\"tax_name2\":\"\",\"tax_rate2\":0,\"tax_name3\":\"\",\"tax_rate3\":0,\"sort_id\":0,\"line_total\":480,\"gross_line_total\":480,\"custom_value1\":\"https:\\/\\/picsum.photos\\/200\",\"custom_value2\":\"45\",\"custom_value3\":\"Accusamus ratione.\",\"custom_value4\":\"Consectetur.\",\"type_id\":\"1\",\"tax_id\":\"1\",\"product_cost\":0,\"tax_amount\":0,\"date\":\"\",\"task_id\":\"\",\"expense_id\":\"\",\"unit_code\":\"C62\"}]', NULL, NULL, NULL, NULL, NULL, 'GST', 10.000000, 'VAT', 17.500000, 'CA Sales Tax', 5.000000, 2370.510000, 0, '', '', '', '', NULL, NULL, NULL, NULL, 0, 0, 0, 0, 0.000000, 8211.510000, 0.000000, 0.000000, NULL, NULL, '2025-07-30 01:41:47.438714', '2025-07-30 01:41:47.667661', NULL, NULL, NULL, NULL, NULL, 0.000000, NULL, NULL, NULL),
(13, 6, 2, NULL, 2, 2, NULL, NULL, NULL, NULL, NULL, '0012', 10.000000, 1, 'Nisi.', '2009-03-13', NULL, NULL, NULL, 0, '[{\"quantity\":1,\"cost\":350,\"product_key\":\"In.\",\"notes\":\"Aperiam velit.\",\"discount\":0,\"is_amount_discount\":true,\"tax_name1\":\"Sales Tax\",\"tax_rate1\":5,\"tax_name2\":\"\",\"tax_rate2\":0,\"tax_name3\":\"\",\"tax_rate3\":0,\"sort_id\":0,\"line_total\":350,\"gross_line_total\":367.32,\"custom_value1\":\"https:\\/\\/picsum.photos\\/200\",\"custom_value2\":\"47\",\"custom_value3\":\"Temporibus.\",\"custom_value4\":\"Et quas ab officiis.\",\"type_id\":\"1\",\"tax_id\":\"1\",\"product_cost\":0,\"tax_amount\":17.32,\"date\":\"\",\"task_id\":\"\",\"expense_id\":\"\",\"unit_code\":\"C62\"},{\"quantity\":1,\"cost\":167,\"product_key\":\"Est.\",\"notes\":\"Sint numquam.\",\"discount\":0,\"is_amount_discount\":true,\"tax_name1\":\"Sales Tax\",\"tax_rate1\":5,\"tax_name2\":\"\",\"tax_rate2\":0,\"tax_name3\":\"\",\"tax_rate3\":0,\"sort_id\":0,\"line_total\":167,\"gross_line_total\":175.26,\"custom_value1\":\"https:\\/\\/picsum.photos\\/200\",\"custom_value2\":\"55\",\"custom_value3\":\"Quia non.\",\"custom_value4\":\"Eum aut non est ut.\",\"type_id\":\"1\",\"tax_id\":\"1\",\"product_cost\":0,\"tax_amount\":8.26,\"date\":\"\",\"task_id\":\"\",\"expense_id\":\"\",\"unit_code\":\"C62\"},{\"quantity\":1,\"cost\":457,\"product_key\":\"Sed.\",\"notes\":\"Illum quia non.\",\"discount\":0,\"is_amount_discount\":true,\"tax_name1\":\"VAT\",\"tax_rate1\":17.5,\"tax_name2\":\"\",\"tax_rate2\":0,\"tax_name3\":\"\",\"tax_rate3\":0,\"sort_id\":0,\"line_total\":457,\"gross_line_total\":536.15,\"custom_value1\":\"https:\\/\\/picsum.photos\\/200\",\"custom_value2\":\"10\",\"custom_value3\":\"Accusamus molestiae.\",\"custom_value4\":\"Et possimus debitis.\",\"type_id\":\"1\",\"tax_id\":\"1\",\"product_cost\":0,\"tax_amount\":79.15,\"date\":\"\",\"task_id\":\"\",\"expense_id\":\"\",\"unit_code\":\"C62\"}]', NULL, NULL, NULL, NULL, NULL, 'GST', 10.000000, 'VAT', 17.500000, 'THIRDTAX', 5.000000, 418.030000, 0, '', '', '', '', NULL, NULL, NULL, NULL, 0, 0, 0, 0, 0.000000, 1382.030000, 0.000000, 0.000000, NULL, NULL, '2025-07-30 01:41:51.602053', '2025-07-30 01:41:51.705250', NULL, NULL, NULL, NULL, NULL, 0.000000, NULL, NULL, NULL),
(14, 2, 2, NULL, 2, 2, NULL, NULL, NULL, NULL, NULL, '0013', 8.000000, 1, 'Nihil.', '1999-03-02', NULL, NULL, NULL, 0, '[{\"quantity\":1,\"cost\":589,\"product_key\":\"Odio.\",\"notes\":\"Autem officia nihil.\",\"discount\":0,\"is_amount_discount\":true,\"tax_name1\":\"Sales Tax\",\"tax_rate1\":5,\"tax_name2\":\"\",\"tax_rate2\":0,\"tax_name3\":\"\",\"tax_rate3\":0,\"sort_id\":0,\"line_total\":589,\"gross_line_total\":618.39,\"custom_value1\":\"https:\\/\\/picsum.photos\\/200\",\"custom_value2\":\"95\",\"custom_value3\":\"Veniam in.\",\"custom_value4\":\"Beatae fuga.\",\"type_id\":\"1\",\"tax_id\":\"1\",\"product_cost\":0,\"tax_amount\":29.39,\"date\":\"\",\"task_id\":\"\",\"expense_id\":\"\",\"unit_code\":\"C62\"},{\"quantity\":1,\"cost\":746,\"product_key\":\"Sequi.\",\"notes\":\"Ratione voluptatum.\",\"discount\":0,\"is_amount_discount\":true,\"tax_name1\":\"Sales Tax\",\"tax_rate1\":5,\"tax_name2\":\"\",\"tax_rate2\":0,\"tax_name3\":\"\",\"tax_rate3\":0,\"sort_id\":0,\"line_total\":746,\"gross_line_total\":783.22,\"custom_value1\":\"https:\\/\\/picsum.photos\\/200\",\"custom_value2\":\"58\",\"custom_value3\":\"Et omnis ipsa.\",\"custom_value4\":\"Iste inventore.\",\"type_id\":\"1\",\"tax_id\":\"1\",\"product_cost\":0,\"tax_amount\":37.22,\"date\":\"\",\"task_id\":\"\",\"expense_id\":\"\",\"unit_code\":\"C62\"},{\"quantity\":1,\"cost\":559,\"product_key\":\"Enim.\",\"notes\":\"Nihil sed nam.\",\"discount\":0,\"is_amount_discount\":true,\"tax_name1\":\"VAT\",\"tax_rate1\":17.5,\"tax_name2\":\"\",\"tax_rate2\":0,\"tax_name3\":\"\",\"tax_rate3\":0,\"sort_id\":0,\"line_total\":559,\"gross_line_total\":656.61,\"custom_value1\":\"https:\\/\\/picsum.photos\\/200\",\"custom_value2\":\"3\",\"custom_value3\":\"Reprehenderit nisi.\",\"custom_value4\":\"Et delectus quaerat.\",\"type_id\":\"1\",\"tax_id\":\"1\",\"product_cost\":0,\"tax_amount\":97.61,\"date\":\"\",\"task_id\":\"\",\"expense_id\":\"\",\"unit_code\":\"C62\"},{\"quantity\":1,\"cost\":543,\"product_key\":\"Totam.\",\"notes\":\"Et rerum vitae.\",\"discount\":0,\"is_amount_discount\":true,\"tax_name1\":\"VAT\",\"tax_rate1\":17.5,\"tax_name2\":\"\",\"tax_rate2\":0,\"tax_name3\":\"\",\"tax_rate3\":0,\"sort_id\":0,\"line_total\":543,\"gross_line_total\":637.8199999999999,\"custom_value1\":\"https:\\/\\/picsum.photos\\/200\",\"custom_value2\":\"55\",\"custom_value3\":\"Placeat dolorum.\",\"custom_value4\":\"Exercitationem.\",\"type_id\":\"1\",\"tax_id\":\"1\",\"product_cost\":0,\"tax_amount\":94.82,\"date\":\"\",\"task_id\":\"\",\"expense_id\":\"\",\"unit_code\":\"C62\"},{\"quantity\":1,\"cost\":97,\"product_key\":\"Non.\",\"notes\":\"Qui nemo explicabo.\",\"discount\":0,\"is_amount_discount\":true,\"tax_name1\":\"VAT\",\"tax_rate1\":17.5,\"tax_name2\":\"\",\"tax_rate2\":0,\"tax_name3\":\"\",\"tax_rate3\":0,\"sort_id\":0,\"line_total\":97,\"gross_line_total\":113.94,\"custom_value1\":\"https:\\/\\/picsum.photos\\/200\",\"custom_value2\":\"47\",\"custom_value3\":\"Facere modi eaque.\",\"custom_value4\":\"Dicta quam tempora.\",\"type_id\":\"1\",\"tax_id\":\"1\",\"product_cost\":0,\"tax_amount\":16.94,\"date\":\"\",\"task_id\":\"\",\"expense_id\":\"\",\"unit_code\":\"C62\"},{\"quantity\":1,\"cost\":11,\"product_key\":\"Dolore.\",\"notes\":\"Sed quae qui.\",\"discount\":0,\"is_amount_discount\":true,\"tax_name1\":\"Sales Tax\",\"tax_rate1\":5,\"tax_name2\":\"\",\"tax_rate2\":0,\"tax_name3\":\"\",\"tax_rate3\":0,\"sort_id\":0,\"line_total\":11,\"gross_line_total\":11.55,\"custom_value1\":\"https:\\/\\/picsum.photos\\/200\",\"custom_value2\":\"73\",\"custom_value3\":\"Quae omnis et.\",\"custom_value4\":\"Fugit quam dolorem.\",\"type_id\":\"1\",\"tax_id\":\"1\",\"product_cost\":0,\"tax_amount\":0.55,\"date\":\"\",\"task_id\":\"\",\"expense_id\":\"\",\"unit_code\":\"C62\"},{\"quantity\":1,\"cost\":559,\"product_key\":\"Enim.\",\"notes\":\"Nihil sed nam.\",\"discount\":0,\"is_amount_discount\":true,\"tax_name1\":\"\",\"tax_rate1\":0,\"tax_name2\":\"\",\"tax_rate2\":0,\"tax_name3\":\"\",\"tax_rate3\":0,\"sort_id\":0,\"line_total\":559,\"gross_line_total\":559,\"custom_value1\":\"https:\\/\\/picsum.photos\\/200\",\"custom_value2\":\"3\",\"custom_value3\":\"Reprehenderit nisi.\",\"custom_value4\":\"Et delectus quaerat.\",\"type_id\":\"1\",\"tax_id\":\"1\",\"product_cost\":0,\"tax_amount\":0,\"date\":\"\",\"task_id\":\"\",\"expense_id\":\"\",\"unit_code\":\"C62\"},{\"quantity\":1,\"cost\":170,\"product_key\":\"Iusto.\",\"notes\":\"Dolores odit est.\",\"discount\":0,\"is_amount_discount\":true,\"tax_name1\":\"Sales Tax\",\"tax_rate1\":5,\"tax_name2\":\"\",\"tax_rate2\":0,\"tax_name3\":\"\",\"tax_rate3\":0,\"sort_id\":0,\"line_total\":170,\"gross_line_total\":178.48,\"custom_value1\":\"https:\\/\\/picsum.photos\\/200\",\"custom_value2\":\"36\",\"custom_value3\":\"Ea est quia enim.\",\"custom_value4\":\"Nobis tenetur.\",\"type_id\":\"1\",\"tax_id\":\"1\",\"product_cost\":0,\"tax_amount\":8.48,\"date\":\"\",\"task_id\":\"\",\"expense_id\":\"\",\"unit_code\":\"C62\"},{\"quantity\":1,\"cost\":194,\"product_key\":\"Porro.\",\"notes\":\"Occaecati quis qui.\",\"discount\":0,\"is_amount_discount\":true,\"tax_name1\":\"\",\"tax_rate1\":0,\"tax_name2\":\"\",\"tax_rate2\":0,\"tax_name3\":\"\",\"tax_rate3\":0,\"sort_id\":0,\"line_total\":194,\"gross_line_total\":194,\"custom_value1\":\"https:\\/\\/picsum.photos\\/200\",\"custom_value2\":\"37\",\"custom_value3\":\"Quod pariatur error.\",\"custom_value4\":\"Et nesciunt ut.\",\"type_id\":\"1\",\"tax_id\":\"1\",\"product_cost\":0,\"tax_amount\":0,\"date\":\"\",\"task_id\":\"\",\"expense_id\":\"\",\"unit_code\":\"C62\"},{\"quantity\":1,\"cost\":167,\"product_key\":\"Est.\",\"notes\":\"Sint numquam.\",\"discount\":0,\"is_amount_discount\":true,\"tax_name1\":\"Sales Tax\",\"tax_rate1\":5,\"tax_name2\":\"\",\"tax_rate2\":0,\"tax_name3\":\"\",\"tax_rate3\":0,\"sort_id\":0,\"line_total\":167,\"gross_line_total\":175.33,\"custom_value1\":\"https:\\/\\/picsum.photos\\/200\",\"custom_value2\":\"55\",\"custom_value3\":\"Quia non.\",\"custom_value4\":\"Eum aut non est ut.\",\"type_id\":\"1\",\"tax_id\":\"1\",\"product_cost\":0,\"tax_amount\":8.33,\"date\":\"\",\"task_id\":\"\",\"expense_id\":\"\",\"unit_code\":\"C62\"}]', NULL, NULL, NULL, NULL, NULL, 'GST', 10.000000, 'VAT', 17.500000, 'THIRDTAX', 5.000000, 1472.120000, 0, '', '', '', '', NULL, NULL, NULL, NULL, 0, 0, 0, 0, 0.000000, 5099.120000, 0.000000, 0.000000, NULL, NULL, '2025-07-30 01:41:54.834483', '2025-07-30 01:41:54.971134', NULL, NULL, NULL, NULL, NULL, 0.000000, NULL, NULL, NULL),
(15, 9, 2, NULL, 2, 2, NULL, NULL, NULL, NULL, NULL, '0014', 3.000000, 0, 'Dolores.', '2021-04-10', NULL, NULL, NULL, 0, '[{\"quantity\":1,\"cost\":394,\"product_key\":\"Est ad.\",\"notes\":\"Odit facere qui sit.\",\"discount\":0,\"is_amount_discount\":false,\"tax_name1\":\"Sales Tax\",\"tax_rate1\":5,\"tax_name2\":\"\",\"tax_rate2\":0,\"tax_name3\":\"\",\"tax_rate3\":0,\"sort_id\":0,\"line_total\":394,\"gross_line_total\":413.11,\"custom_value1\":\"https:\\/\\/picsum.photos\\/200\",\"custom_value2\":\"54\",\"custom_value3\":\"Veniam qui beatae.\",\"custom_value4\":\"Et et ea aut.\",\"type_id\":\"1\",\"tax_id\":\"1\",\"product_cost\":0,\"tax_amount\":19.11,\"date\":\"\",\"task_id\":\"\",\"expense_id\":\"\",\"unit_code\":\"C62\"},{\"quantity\":1,\"cost\":69,\"product_key\":\"Ut.\",\"notes\":\"Minima minus quam.\",\"discount\":0,\"is_amount_discount\":false,\"tax_name1\":\"Sales Tax\",\"tax_rate1\":5,\"tax_name2\":\"\",\"tax_rate2\":0,\"tax_name3\":\"\",\"tax_rate3\":0,\"sort_id\":0,\"line_total\":69,\"gross_line_total\":72.35,\"custom_value1\":\"https:\\/\\/picsum.photos\\/200\",\"custom_value2\":\"52\",\"custom_value3\":\"Laudantium.\",\"custom_value4\":\"Unde ad perferendis.\",\"type_id\":\"1\",\"tax_id\":\"1\",\"product_cost\":0,\"tax_amount\":3.35,\"date\":\"\",\"task_id\":\"\",\"expense_id\":\"\",\"unit_code\":\"C62\"},{\"quantity\":1,\"cost\":329,\"product_key\":\"Rerum.\",\"notes\":\"Corrupti voluptates.\",\"discount\":0,\"is_amount_discount\":false,\"tax_name1\":\"Sales Tax\",\"tax_rate1\":5,\"tax_name2\":\"\",\"tax_rate2\":0,\"tax_name3\":\"\",\"tax_rate3\":0,\"sort_id\":0,\"line_total\":329,\"gross_line_total\":344.96,\"custom_value1\":\"https:\\/\\/picsum.photos\\/200\",\"custom_value2\":\"86\",\"custom_value3\":\"Maiores ex enim.\",\"custom_value4\":\"Omnis culpa.\",\"type_id\":\"1\",\"tax_id\":\"1\",\"product_cost\":0,\"tax_amount\":15.96,\"date\":\"\",\"task_id\":\"\",\"expense_id\":\"\",\"unit_code\":\"C62\"},{\"quantity\":1,\"cost\":873,\"product_key\":\"Labore.\",\"notes\":\"Rem et explicabo in.\",\"discount\":0,\"is_amount_discount\":false,\"tax_name1\":\"\",\"tax_rate1\":0,\"tax_name2\":\"\",\"tax_rate2\":0,\"tax_name3\":\"\",\"tax_rate3\":0,\"sort_id\":0,\"line_total\":873,\"gross_line_total\":873,\"custom_value1\":\"https:\\/\\/picsum.photos\\/200\",\"custom_value2\":\"81\",\"custom_value3\":\"Quos distinctio.\",\"custom_value4\":\"Inventore quos.\",\"type_id\":\"1\",\"tax_id\":\"1\",\"product_cost\":0,\"tax_amount\":0,\"date\":\"\",\"task_id\":\"\",\"expense_id\":\"\",\"unit_code\":\"C62\"},{\"quantity\":1,\"cost\":304,\"product_key\":\"Nisi.\",\"notes\":\"Voluptatum.\",\"discount\":0,\"is_amount_discount\":false,\"tax_name1\":\"VAT\",\"tax_rate1\":17.5,\"tax_name2\":\"\",\"tax_rate2\":0,\"tax_name3\":\"\",\"tax_rate3\":0,\"sort_id\":0,\"line_total\":304,\"gross_line_total\":355.6,\"custom_value1\":\"https:\\/\\/picsum.photos\\/200\",\"custom_value2\":\"61\",\"custom_value3\":\"Qui aliquid.\",\"custom_value4\":\"Eveniet quasi quia.\",\"type_id\":\"1\",\"tax_id\":\"1\",\"product_cost\":0,\"tax_amount\":51.6,\"date\":\"\",\"task_id\":\"\",\"expense_id\":\"\",\"unit_code\":\"C62\"},{\"quantity\":1,\"cost\":735,\"product_key\":\"Sit.\",\"notes\":\"Voluptatibus eos.\",\"discount\":0,\"is_amount_discount\":false,\"tax_name1\":\"VAT\",\"tax_rate1\":17.5,\"tax_name2\":\"\",\"tax_rate2\":0,\"tax_name3\":\"\",\"tax_rate3\":0,\"sort_id\":0,\"line_total\":735,\"gross_line_total\":859.77,\"custom_value1\":\"https:\\/\\/picsum.photos\\/200\",\"custom_value2\":\"47\",\"custom_value3\":\"Placeat quia fugiat.\",\"custom_value4\":\"Saepe et aut in.\",\"type_id\":\"1\",\"tax_id\":\"1\",\"product_cost\":0,\"tax_amount\":124.77,\"date\":\"\",\"task_id\":\"\",\"expense_id\":\"\",\"unit_code\":\"C62\"},{\"quantity\":1,\"cost\":983,\"product_key\":\"Magnam.\",\"notes\":\"Aperiam occaecati.\",\"discount\":0,\"is_amount_discount\":false,\"tax_name1\":\"Sales Tax\",\"tax_rate1\":5,\"tax_name2\":\"\",\"tax_rate2\":0,\"tax_name3\":\"\",\"tax_rate3\":0,\"sort_id\":0,\"line_total\":983,\"gross_line_total\":1030.68,\"custom_value1\":\"https:\\/\\/picsum.photos\\/200\",\"custom_value2\":\"81\",\"custom_value3\":\"Eos eum vero omnis.\",\"custom_value4\":\"Dolores repellendus.\",\"type_id\":\"1\",\"tax_id\":\"1\",\"product_cost\":0,\"tax_amount\":47.68,\"date\":\"\",\"task_id\":\"\",\"expense_id\":\"\",\"unit_code\":\"C62\"},{\"quantity\":1,\"cost\":393,\"product_key\":\"Qui.\",\"notes\":\"Quia praesentium.\",\"discount\":0,\"is_amount_discount\":false,\"tax_name1\":\"VAT\",\"tax_rate1\":17.5,\"tax_name2\":\"\",\"tax_rate2\":0,\"tax_name3\":\"\",\"tax_rate3\":0,\"sort_id\":0,\"line_total\":393,\"gross_line_total\":459.71,\"custom_value1\":\"https:\\/\\/picsum.photos\\/200\",\"custom_value2\":\"51\",\"custom_value3\":\"Accusantium placeat.\",\"custom_value4\":\"Non eligendi dolor.\",\"type_id\":\"1\",\"tax_id\":\"1\",\"product_cost\":0,\"tax_amount\":66.71,\"date\":\"\",\"task_id\":\"\",\"expense_id\":\"\",\"unit_code\":\"C62\"},{\"quantity\":1,\"cost\":293,\"product_key\":\"Amet.\",\"notes\":\"Ipsam cumque.\",\"discount\":0,\"is_amount_discount\":false,\"tax_name1\":\"GST\",\"tax_rate1\":10,\"tax_name2\":\"\",\"tax_rate2\":0,\"tax_name3\":\"\",\"tax_rate3\":0,\"sort_id\":0,\"line_total\":293,\"gross_line_total\":321.42,\"custom_value1\":\"https:\\/\\/picsum.photos\\/200\",\"custom_value2\":\"98\",\"custom_value3\":\"Laborum mollitia.\",\"custom_value4\":\"Qui et ratione est.\",\"type_id\":\"1\",\"tax_id\":\"1\",\"product_cost\":0,\"tax_amount\":28.42,\"date\":\"\",\"task_id\":\"\",\"expense_id\":\"\",\"unit_code\":\"C62\"}]', NULL, NULL, NULL, NULL, NULL, 'GST', 10.000000, 'VAT', 17.500000, 'THIRDTAX', 5.000000, 1736.190000, 0, '', '', '', '', NULL, NULL, NULL, NULL, 0, 0, 0, 0, 0.000000, 5978.000000, 0.000000, 0.000000, NULL, NULL, '2025-07-30 01:41:58.171763', '2025-07-30 01:41:58.394972', NULL, NULL, NULL, NULL, NULL, 0.000000, NULL, NULL, NULL),
(16, 8, 2, NULL, 2, 2, NULL, NULL, NULL, NULL, NULL, '0015', 8.000000, 1, 'Dolor.', '1994-01-10', NULL, NULL, NULL, 0, '[{\"quantity\":1,\"cost\":208,\"product_key\":\"Nihil.\",\"notes\":\"Eveniet enim aut.\",\"discount\":0,\"is_amount_discount\":true,\"tax_name1\":\"\",\"tax_rate1\":0,\"tax_name2\":\"\",\"tax_rate2\":0,\"tax_name3\":\"\",\"tax_rate3\":0,\"sort_id\":0,\"line_total\":208,\"gross_line_total\":208,\"custom_value1\":\"https:\\/\\/picsum.photos\\/200\",\"custom_value2\":\"45\",\"custom_value3\":\"Aliquam error aut.\",\"custom_value4\":\"Et voluptas tenetur.\",\"type_id\":\"1\",\"tax_id\":\"1\",\"product_cost\":0,\"tax_amount\":0,\"date\":\"\",\"task_id\":\"\",\"expense_id\":\"\",\"unit_code\":\"C62\"},{\"quantity\":1,\"cost\":742,\"product_key\":\"Qui ut.\",\"notes\":\"Soluta et fugiat.\",\"discount\":0,\"is_amount_discount\":true,\"tax_name1\":\"GST\",\"tax_rate1\":10,\"tax_name2\":\"\",\"tax_rate2\":0,\"tax_name3\":\"\",\"tax_rate3\":0,\"sort_id\":0,\"line_total\":742,\"gross_line_total\":815.97,\"custom_value1\":\"https:\\/\\/picsum.photos\\/200\",\"custom_value2\":\"37\",\"custom_value3\":\"Ipsam optio fugit.\",\"custom_value4\":\"Laborum optio ea.\",\"type_id\":\"1\",\"tax_id\":\"1\",\"product_cost\":0,\"tax_amount\":73.97,\"date\":\"\",\"task_id\":\"\",\"expense_id\":\"\",\"unit_code\":\"C62\"},{\"quantity\":1,\"cost\":580,\"product_key\":\"Magni.\",\"notes\":\"Qui quia hic.\",\"discount\":0,\"is_amount_discount\":true,\"tax_name1\":\"VAT\",\"tax_rate1\":17.5,\"tax_name2\":\"\",\"tax_rate2\":0,\"tax_name3\":\"\",\"tax_rate3\":0,\"sort_id\":0,\"line_total\":580,\"gross_line_total\":681.1800000000001,\"custom_value1\":\"https:\\/\\/picsum.photos\\/200\",\"custom_value2\":\"55\",\"custom_value3\":\"Eveniet aut dolorum.\",\"custom_value4\":\"Sunt labore ipsam.\",\"type_id\":\"1\",\"tax_id\":\"1\",\"product_cost\":0,\"tax_amount\":101.18,\"date\":\"\",\"task_id\":\"\",\"expense_id\":\"\",\"unit_code\":\"C62\"},{\"quantity\":1,\"cost\":393,\"product_key\":\"Qui.\",\"notes\":\"Quia praesentium.\",\"discount\":0,\"is_amount_discount\":true,\"tax_name1\":\"GST\",\"tax_rate1\":10,\"tax_name2\":\"\",\"tax_rate2\":0,\"tax_name3\":\"\",\"tax_rate3\":0,\"sort_id\":0,\"line_total\":393,\"gross_line_total\":432.18,\"custom_value1\":\"https:\\/\\/picsum.photos\\/200\",\"custom_value2\":\"51\",\"custom_value3\":\"Accusantium placeat.\",\"custom_value4\":\"Non eligendi dolor.\",\"type_id\":\"1\",\"tax_id\":\"1\",\"product_cost\":0,\"tax_amount\":39.18,\"date\":\"\",\"task_id\":\"\",\"expense_id\":\"\",\"unit_code\":\"C62\"},{\"quantity\":1,\"cost\":543,\"product_key\":\"Totam.\",\"notes\":\"Et rerum vitae.\",\"discount\":0,\"is_amount_discount\":true,\"tax_name1\":\"Sales Tax\",\"tax_rate1\":5,\"tax_name2\":\"\",\"tax_rate2\":0,\"tax_name3\":\"\",\"tax_rate3\":0,\"sort_id\":0,\"line_total\":543,\"gross_line_total\":570.07,\"custom_value1\":\"https:\\/\\/picsum.photos\\/200\",\"custom_value2\":\"55\",\"custom_value3\":\"Placeat dolorum.\",\"custom_value4\":\"Exercitationem.\",\"type_id\":\"1\",\"tax_id\":\"1\",\"product_cost\":0,\"tax_amount\":27.07,\"date\":\"\",\"task_id\":\"\",\"expense_id\":\"\",\"unit_code\":\"C62\"},{\"quantity\":1,\"cost\":36,\"product_key\":\"Ut sed.\",\"notes\":\"Quaerat consequatur.\",\"discount\":0,\"is_amount_discount\":true,\"tax_name1\":\"Sales Tax\",\"tax_rate1\":5,\"tax_name2\":\"\",\"tax_rate2\":0,\"tax_name3\":\"\",\"tax_rate3\":0,\"sort_id\":0,\"line_total\":36,\"gross_line_total\":37.79,\"custom_value1\":\"https:\\/\\/picsum.photos\\/200\",\"custom_value2\":\"29\",\"custom_value3\":\"Qui debitis sint.\",\"custom_value4\":\"Quia qui quisquam.\",\"type_id\":\"1\",\"tax_id\":\"1\",\"product_cost\":0,\"tax_amount\":1.79,\"date\":\"\",\"task_id\":\"\",\"expense_id\":\"\",\"unit_code\":\"C62\"},{\"quantity\":1,\"cost\":64,\"product_key\":\"Quis.\",\"notes\":\"Soluta maxime ea.\",\"discount\":0,\"is_amount_discount\":true,\"tax_name1\":\"\",\"tax_rate1\":0,\"tax_name2\":\"\",\"tax_rate2\":0,\"tax_name3\":\"\",\"tax_rate3\":0,\"sort_id\":0,\"line_total\":64,\"gross_line_total\":64,\"custom_value1\":\"https:\\/\\/picsum.photos\\/200\",\"custom_value2\":\"81\",\"custom_value3\":\"Laudantium aut.\",\"custom_value4\":\"Provident.\",\"type_id\":\"1\",\"tax_id\":\"1\",\"product_cost\":0,\"tax_amount\":0,\"date\":\"\",\"task_id\":\"\",\"expense_id\":\"\",\"unit_code\":\"C62\"}]', NULL, NULL, NULL, NULL, NULL, 'GST', 10.000000, 'VAT', 17.500000, 'CA Sales Tax', 5.000000, 1074.540000, 0, '', '', '', '', NULL, NULL, NULL, NULL, 0, 0, 0, 0, 0.000000, 3632.540000, 0.000000, 0.000000, NULL, NULL, '2025-07-30 01:42:02.494269', '2025-07-30 01:42:02.659978', NULL, NULL, NULL, NULL, NULL, 0.000000, NULL, NULL, NULL),
(17, 4, 2, NULL, 2, 2, NULL, NULL, NULL, NULL, NULL, '0016', 8.000000, 0, 'Id.', '1975-11-23', NULL, NULL, NULL, 0, '[{\"quantity\":1,\"cost\":746,\"product_key\":\"Sequi.\",\"notes\":\"Ratione voluptatum.\",\"discount\":0,\"is_amount_discount\":false,\"tax_name1\":\"Sales Tax\",\"tax_rate1\":5,\"tax_name2\":\"\",\"tax_rate2\":0,\"tax_name3\":\"\",\"tax_rate3\":0,\"sort_id\":0,\"line_total\":746,\"gross_line_total\":780.32,\"custom_value1\":\"https:\\/\\/picsum.photos\\/200\",\"custom_value2\":\"58\",\"custom_value3\":\"Et omnis ipsa.\",\"custom_value4\":\"Iste inventore.\",\"type_id\":\"1\",\"tax_id\":\"1\",\"product_cost\":0,\"tax_amount\":34.32,\"date\":\"\",\"task_id\":\"\",\"expense_id\":\"\",\"unit_code\":\"C62\"},{\"quantity\":1,\"cost\":125,\"product_key\":\"Eum.\",\"notes\":\"Aut laudantium at.\",\"discount\":0,\"is_amount_discount\":false,\"tax_name1\":\"GST\",\"tax_rate1\":10,\"tax_name2\":\"\",\"tax_rate2\":0,\"tax_name3\":\"\",\"tax_rate3\":0,\"sort_id\":0,\"line_total\":125,\"gross_line_total\":136.5,\"custom_value1\":\"https:\\/\\/picsum.photos\\/200\",\"custom_value2\":\"74\",\"custom_value3\":\"Officiis dolores.\",\"custom_value4\":\"Eos consequatur.\",\"type_id\":\"1\",\"tax_id\":\"1\",\"product_cost\":0,\"tax_amount\":11.5,\"date\":\"\",\"task_id\":\"\",\"expense_id\":\"\",\"unit_code\":\"C62\"},{\"quantity\":1,\"cost\":9,\"product_key\":\"Eos.\",\"notes\":\"Sed cupiditate non.\",\"discount\":0,\"is_amount_discount\":false,\"tax_name1\":\"Sales Tax\",\"tax_rate1\":5,\"tax_name2\":\"\",\"tax_rate2\":0,\"tax_name3\":\"\",\"tax_rate3\":0,\"sort_id\":0,\"line_total\":9,\"gross_line_total\":9.41,\"custom_value1\":\"https:\\/\\/picsum.photos\\/200\",\"custom_value2\":\"24\",\"custom_value3\":\"Et totam.\",\"custom_value4\":\"Exercitationem qui.\",\"type_id\":\"1\",\"tax_id\":\"1\",\"product_cost\":0,\"tax_amount\":0.41,\"date\":\"\",\"task_id\":\"\",\"expense_id\":\"\",\"unit_code\":\"C62\"},{\"quantity\":1,\"cost\":303,\"product_key\":\"Porro.\",\"notes\":\"Quae numquam.\",\"discount\":0,\"is_amount_discount\":false,\"tax_name1\":\"Sales Tax\",\"tax_rate1\":5,\"tax_name2\":\"\",\"tax_rate2\":0,\"tax_name3\":\"\",\"tax_rate3\":0,\"sort_id\":0,\"line_total\":303,\"gross_line_total\":316.94,\"custom_value1\":\"https:\\/\\/picsum.photos\\/200\",\"custom_value2\":\"93\",\"custom_value3\":\"Corrupti.\",\"custom_value4\":\"Rerum hic et est.\",\"type_id\":\"1\",\"tax_id\":\"1\",\"product_cost\":0,\"tax_amount\":13.94,\"date\":\"\",\"task_id\":\"\",\"expense_id\":\"\",\"unit_code\":\"C62\"},{\"quantity\":1,\"cost\":739,\"product_key\":\"Et cum.\",\"notes\":\"Voluptatem est ad.\",\"discount\":0,\"is_amount_discount\":false,\"tax_name1\":\"Sales Tax\",\"tax_rate1\":5,\"tax_name2\":\"\",\"tax_rate2\":0,\"tax_name3\":\"\",\"tax_rate3\":0,\"sort_id\":0,\"line_total\":739,\"gross_line_total\":772.99,\"custom_value1\":\"https:\\/\\/picsum.photos\\/200\",\"custom_value2\":\"68\",\"custom_value3\":\"Ea sit ex assumenda.\",\"custom_value4\":\"Et nihil ut.\",\"type_id\":\"1\",\"tax_id\":\"1\",\"product_cost\":0,\"tax_amount\":33.99,\"date\":\"\",\"task_id\":\"\",\"expense_id\":\"\",\"unit_code\":\"C62\"},{\"quantity\":1,\"cost\":125,\"product_key\":\"Eum.\",\"notes\":\"Aut laudantium at.\",\"discount\":0,\"is_amount_discount\":false,\"tax_name1\":\"VAT\",\"tax_rate1\":17.5,\"tax_name2\":\"\",\"tax_rate2\":0,\"tax_name3\":\"\",\"tax_rate3\":0,\"sort_id\":0,\"line_total\":125,\"gross_line_total\":145.13,\"custom_value1\":\"https:\\/\\/picsum.photos\\/200\",\"custom_value2\":\"74\",\"custom_value3\":\"Officiis dolores.\",\"custom_value4\":\"Eos consequatur.\",\"type_id\":\"1\",\"tax_id\":\"1\",\"product_cost\":0,\"tax_amount\":20.13,\"date\":\"\",\"task_id\":\"\",\"expense_id\":\"\",\"unit_code\":\"C62\"},{\"quantity\":1,\"cost\":713,\"product_key\":\"Sint.\",\"notes\":\"Fuga incidunt et.\",\"discount\":0,\"is_amount_discount\":false,\"tax_name1\":\"Sales Tax\",\"tax_rate1\":5,\"tax_name2\":\"\",\"tax_rate2\":0,\"tax_name3\":\"\",\"tax_rate3\":0,\"sort_id\":0,\"line_total\":713,\"gross_line_total\":745.8,\"custom_value1\":\"https:\\/\\/picsum.photos\\/200\",\"custom_value2\":\"91\",\"custom_value3\":\"Facere sunt.\",\"custom_value4\":\"Delectus qui esse.\",\"type_id\":\"1\",\"tax_id\":\"1\",\"product_cost\":0,\"tax_amount\":32.8,\"date\":\"\",\"task_id\":\"\",\"expense_id\":\"\",\"unit_code\":\"C62\"},{\"quantity\":1,\"cost\":443,\"product_key\":\"Quidem.\",\"notes\":\"Quibusdam earum.\",\"discount\":0,\"is_amount_discount\":false,\"tax_name1\":\"Sales Tax\",\"tax_rate1\":5,\"tax_name2\":\"\",\"tax_rate2\":0,\"tax_name3\":\"\",\"tax_rate3\":0,\"sort_id\":0,\"line_total\":443,\"gross_line_total\":463.38,\"custom_value1\":\"https:\\/\\/picsum.photos\\/200\",\"custom_value2\":\"4\",\"custom_value3\":\"Aut sunt vel.\",\"custom_value4\":\"Natus veniam rerum.\",\"type_id\":\"1\",\"tax_id\":\"1\",\"product_cost\":0,\"tax_amount\":20.38,\"date\":\"\",\"task_id\":\"\",\"expense_id\":\"\",\"unit_code\":\"C62\"},{\"quantity\":1,\"cost\":362,\"product_key\":\"Dolor.\",\"notes\":\"Dignissimos unde.\",\"discount\":0,\"is_amount_discount\":false,\"tax_name1\":\"Sales Tax\",\"tax_rate1\":5,\"tax_name2\":\"\",\"tax_rate2\":0,\"tax_name3\":\"\",\"tax_rate3\":0,\"sort_id\":0,\"line_total\":362,\"gross_line_total\":378.65,\"custom_value1\":\"https:\\/\\/picsum.photos\\/200\",\"custom_value2\":\"85\",\"custom_value3\":\"Consequatur quo.\",\"custom_value4\":\"Voluptatum.\",\"type_id\":\"1\",\"tax_id\":\"1\",\"product_cost\":0,\"tax_amount\":16.65,\"date\":\"\",\"task_id\":\"\",\"expense_id\":\"\",\"unit_code\":\"C62\"}]', NULL, NULL, NULL, NULL, NULL, 'GST', 10.000000, 'VAT', 17.500000, 'THIRDTAX', 5.000000, 1250.060000, 0, '', '', '', '', NULL, NULL, NULL, NULL, 0, 0, 0, 0, 0.000000, 4529.860000, 0.000000, 0.000000, NULL, NULL, '2025-07-30 01:42:09.369317', '2025-07-30 01:42:09.597245', NULL, NULL, NULL, NULL, NULL, 0.000000, NULL, NULL, NULL),
(18, 4, 2, NULL, 2, 2, NULL, NULL, NULL, NULL, NULL, '0017', 5.000000, 1, 'Non.', '1971-10-19', NULL, NULL, NULL, 0, '[{\"quantity\":1,\"cost\":742,\"product_key\":\"Qui ut.\",\"notes\":\"Soluta et fugiat.\",\"discount\":0,\"is_amount_discount\":true,\"tax_name1\":\"Sales Tax\",\"tax_rate1\":5,\"tax_name2\":\"\",\"tax_rate2\":0,\"tax_name3\":\"\",\"tax_rate3\":0,\"sort_id\":0,\"line_total\":742,\"gross_line_total\":779.04,\"custom_value1\":\"https:\\/\\/picsum.photos\\/200\",\"custom_value2\":\"37\",\"custom_value3\":\"Ipsam optio fugit.\",\"custom_value4\":\"Laborum optio ea.\",\"type_id\":\"1\",\"tax_id\":\"1\",\"product_cost\":0,\"tax_amount\":37.04,\"date\":\"\",\"task_id\":\"\",\"expense_id\":\"\",\"unit_code\":\"C62\"},{\"quantity\":1,\"cost\":530,\"product_key\":\"In.\",\"notes\":\"Laborum omnis quia.\",\"discount\":0,\"is_amount_discount\":true,\"tax_name1\":\"GST\",\"tax_rate1\":10,\"tax_name2\":\"\",\"tax_rate2\":0,\"tax_name3\":\"\",\"tax_rate3\":0,\"sort_id\":0,\"line_total\":530,\"gross_line_total\":582.91,\"custom_value1\":\"https:\\/\\/picsum.photos\\/200\",\"custom_value2\":\"90\",\"custom_value3\":\"Corrupti dolorum.\",\"custom_value4\":\"Quo ab doloribus.\",\"type_id\":\"1\",\"tax_id\":\"1\",\"product_cost\":0,\"tax_amount\":52.91,\"date\":\"\",\"task_id\":\"\",\"expense_id\":\"\",\"unit_code\":\"C62\"},{\"quantity\":1,\"cost\":836,\"product_key\":\"Libero.\",\"notes\":\"Magni nihil sed sit.\",\"discount\":0,\"is_amount_discount\":true,\"tax_name1\":\"Sales Tax\",\"tax_rate1\":5,\"tax_name2\":\"\",\"tax_rate2\":0,\"tax_name3\":\"\",\"tax_rate3\":0,\"sort_id\":0,\"line_total\":836,\"gross_line_total\":877.73,\"custom_value1\":\"https:\\/\\/picsum.photos\\/200\",\"custom_value2\":\"39\",\"custom_value3\":\"Mollitia ipsa.\",\"custom_value4\":\"Tempore placeat et.\",\"type_id\":\"1\",\"tax_id\":\"1\",\"product_cost\":0,\"tax_amount\":41.73,\"date\":\"\",\"task_id\":\"\",\"expense_id\":\"\",\"unit_code\":\"C62\"},{\"quantity\":1,\"cost\":893,\"product_key\":\"Minus.\",\"notes\":\"Odit consequatur.\",\"discount\":0,\"is_amount_discount\":true,\"tax_name1\":\"Sales Tax\",\"tax_rate1\":5,\"tax_name2\":\"\",\"tax_rate2\":0,\"tax_name3\":\"\",\"tax_rate3\":0,\"sort_id\":0,\"line_total\":893,\"gross_line_total\":937.58,\"custom_value1\":\"https:\\/\\/picsum.photos\\/200\",\"custom_value2\":\"66\",\"custom_value3\":\"Ea similique quis.\",\"custom_value4\":\"Adipisci aliquam.\",\"type_id\":\"1\",\"tax_id\":\"1\",\"product_cost\":0,\"tax_amount\":44.58,\"date\":\"\",\"task_id\":\"\",\"expense_id\":\"\",\"unit_code\":\"C62\"}]', NULL, NULL, NULL, NULL, NULL, 'GST', 10.000000, 'VAT', 17.500000, 'THIRDTAX', 5.000000, 1149.960000, 0, '', '', '', '', NULL, NULL, NULL, NULL, 0, 0, 0, 0, 0.000000, 4145.960000, 0.000000, 0.000000, NULL, NULL, '2025-07-30 01:42:14.086941', '2025-07-30 01:42:14.218719', NULL, NULL, NULL, NULL, NULL, 0.000000, NULL, NULL, NULL),
(19, 9, 2, NULL, 2, 2, NULL, NULL, NULL, NULL, NULL, '0018', 10.000000, 0, 'Voluptas.', '1991-06-17', NULL, NULL, NULL, 0, '[{\"quantity\":1,\"cost\":394,\"product_key\":\"Est ad.\",\"notes\":\"Odit facere qui sit.\",\"discount\":0,\"is_amount_discount\":false,\"tax_name1\":\"Sales Tax\",\"tax_rate1\":5,\"tax_name2\":\"\",\"tax_rate2\":0,\"tax_name3\":\"\",\"tax_rate3\":0,\"sort_id\":0,\"line_total\":394,\"gross_line_total\":411.73,\"custom_value1\":\"https:\\/\\/picsum.photos\\/200\",\"custom_value2\":\"54\",\"custom_value3\":\"Veniam qui beatae.\",\"custom_value4\":\"Et et ea aut.\",\"type_id\":\"1\",\"tax_id\":\"1\",\"product_cost\":0,\"tax_amount\":17.73,\"date\":\"\",\"task_id\":\"\",\"expense_id\":\"\",\"unit_code\":\"C62\"}]', NULL, NULL, NULL, NULL, NULL, 'GST', 10.000000, 'VAT', 17.500000, 'CA Sales Tax', 5.000000, 132.980000, 0, '', '', '', '', NULL, NULL, NULL, NULL, 0, 0, 0, 0, 0.000000, 487.580000, 0.000000, 0.000000, NULL, NULL, '2025-07-30 01:42:16.425344', '2025-07-30 01:42:16.524842', NULL, NULL, NULL, NULL, NULL, 0.000000, NULL, NULL, NULL),
(20, 5, 2, NULL, 2, 2, NULL, NULL, NULL, NULL, NULL, '0019', 2.000000, 0, 'Quo.', '1996-03-14', NULL, NULL, NULL, 0, '[{\"quantity\":1,\"cost\":374,\"product_key\":\"Hic ut.\",\"notes\":\"Autem autem sint.\",\"discount\":0,\"is_amount_discount\":false,\"tax_name1\":\"Sales Tax\",\"tax_rate1\":5,\"tax_name2\":\"\",\"tax_rate2\":0,\"tax_name3\":\"\",\"tax_rate3\":0,\"sort_id\":0,\"line_total\":374,\"gross_line_total\":392.33,\"custom_value1\":\"https:\\/\\/picsum.photos\\/200\",\"custom_value2\":\"85\",\"custom_value3\":\"Totam accusantium.\",\"custom_value4\":\"Voluptates quos.\",\"type_id\":\"1\",\"tax_id\":\"1\",\"product_cost\":0,\"tax_amount\":18.33,\"date\":\"\",\"task_id\":\"\",\"expense_id\":\"\",\"unit_code\":\"C62\"},{\"quantity\":1,\"cost\":589,\"product_key\":\"Odio.\",\"notes\":\"Autem officia nihil.\",\"discount\":0,\"is_amount_discount\":false,\"tax_name1\":\"GST\",\"tax_rate1\":10,\"tax_name2\":\"\",\"tax_rate2\":0,\"tax_name3\":\"\",\"tax_rate3\":0,\"sort_id\":0,\"line_total\":589,\"gross_line_total\":646.72,\"custom_value1\":\"https:\\/\\/picsum.photos\\/200\",\"custom_value2\":\"95\",\"custom_value3\":\"Veniam in.\",\"custom_value4\":\"Beatae fuga.\",\"type_id\":\"1\",\"tax_id\":\"1\",\"product_cost\":0,\"tax_amount\":57.72,\"date\":\"\",\"task_id\":\"\",\"expense_id\":\"\",\"unit_code\":\"C62\"},{\"quantity\":1,\"cost\":995,\"product_key\":\"Quia.\",\"notes\":\"Corrupti numquam.\",\"discount\":0,\"is_amount_discount\":false,\"tax_name1\":\"VAT\",\"tax_rate1\":17.5,\"tax_name2\":\"\",\"tax_rate2\":0,\"tax_name3\":\"\",\"tax_rate3\":0,\"sort_id\":0,\"line_total\":995,\"gross_line_total\":1165.6399999999999,\"custom_value1\":\"https:\\/\\/picsum.photos\\/200\",\"custom_value2\":\"65\",\"custom_value3\":\"Aperiam velit ut.\",\"custom_value4\":\"Maiores quaerat.\",\"type_id\":\"1\",\"tax_id\":\"1\",\"product_cost\":0,\"tax_amount\":170.64,\"date\":\"\",\"task_id\":\"\",\"expense_id\":\"\",\"unit_code\":\"C62\"}]', NULL, NULL, NULL, NULL, NULL, 'GST', 10.000000, 'VAT', 17.500000, 'CA Sales Tax', 5.000000, 870.310000, 0, '', '', '', '', NULL, NULL, NULL, NULL, 0, 0, 0, 0, 0.000000, 2789.150000, 0.000000, 0.000000, NULL, NULL, '2025-07-30 01:42:20.602079', '2025-07-30 01:42:20.753485', NULL, NULL, NULL, NULL, NULL, 0.000000, NULL, NULL, NULL);

-- --------------------------------------------------------

--
-- Table structure for table `quote_invitations`
--

CREATE TABLE `quote_invitations` (
  `id` int(10) UNSIGNED NOT NULL,
  `company_id` int(10) UNSIGNED NOT NULL,
  `user_id` int(10) UNSIGNED NOT NULL,
  `client_contact_id` int(10) UNSIGNED NOT NULL,
  `quote_id` int(10) UNSIGNED NOT NULL,
  `key` varchar(191) NOT NULL,
  `transaction_reference` varchar(191) DEFAULT NULL,
  `message_id` varchar(191) DEFAULT NULL,
  `email_error` mediumtext DEFAULT NULL,
  `signature_base64` text DEFAULT NULL,
  `signature_date` datetime DEFAULT NULL,
  `sent_date` datetime DEFAULT NULL,
  `viewed_date` datetime DEFAULT NULL,
  `opened_date` datetime DEFAULT NULL,
  `created_at` timestamp(6) NULL DEFAULT NULL,
  `updated_at` timestamp(6) NULL DEFAULT NULL,
  `deleted_at` timestamp(6) NULL DEFAULT NULL,
  `signature_ip` text DEFAULT NULL,
  `email_status` enum('delivered','bounced','spam') DEFAULT NULL
) ENGINE=InnoDB DEFAULT CHARSET=utf8mb4 COLLATE=utf8mb4_unicode_ci;

--
-- Dumping data for table `quote_invitations`
--

INSERT INTO `quote_invitations` (`id`, `company_id`, `user_id`, `client_contact_id`, `quote_id`, `key`, `transaction_reference`, `message_id`, `email_error`, `signature_base64`, `signature_date`, `sent_date`, `viewed_date`, `opened_date`, `created_at`, `updated_at`, `deleted_at`, `signature_ip`, `email_status`) VALUES
(1, 1, 1, 1, 1, 'wZUgdXe213eGaQAFVJqnRuegnWOC0v7b', NULL, NULL, '', '', NULL, NULL, NULL, NULL, '2025-07-30 01:40:56.623683', '2025-07-30 01:40:56.623683', NULL, NULL, NULL),
(2, 1, 1, 2, 1, 'AUN2ev8Bc1Iq7X1KWuDpMzWjh8c3wvyk', NULL, NULL, '', '', NULL, NULL, NULL, NULL, '2025-07-30 01:40:56.628475', '2025-07-30 01:40:56.628475', NULL, NULL, NULL),
(3, 2, 2, 14, 2, 'sAlZY9x2gFXBE5TZIUX1UhVrBdyFapzi', NULL, NULL, '', '', NULL, NULL, NULL, NULL, '2025-07-30 01:41:04.832537', '2025-07-30 01:41:04.832537', NULL, NULL, NULL),
(4, 2, 2, 15, 2, 'B4azwnOoJFarGyfhyCTP27oPDZG3iyAS', NULL, NULL, '', '', NULL, NULL, NULL, NULL, '2025-07-30 01:41:04.837638', '2025-07-30 01:41:04.837638', NULL, NULL, NULL),
(5, 2, 2, 16, 2, 'rCzJqaENgRNrQj4UBlHcgE98TM4fTxZo', NULL, NULL, '', '', NULL, NULL, NULL, NULL, '2025-07-30 01:41:04.841427', '2025-07-30 01:41:04.841427', NULL, NULL, NULL),
(6, 2, 2, 17, 2, '68Gpf6DD2IuXCTfL2ITeCqrzD8JcIA8X', NULL, NULL, '', '', NULL, NULL, NULL, NULL, '2025-07-30 01:41:04.845635', '2025-07-30 01:41:04.845635', NULL, NULL, NULL),
(7, 2, 2, 18, 2, 'Bdmtyi08jNuoRwIYxA6GJY14IHRIuSl0', NULL, NULL, '', '', NULL, NULL, NULL, NULL, '2025-07-30 01:41:04.849853', '2025-07-30 01:41:04.849853', NULL, NULL, NULL),
(8, 2, 2, 26, 3, 'rxhxAMqXZsOP91dzTlhnkyVmyJXM8OaI', NULL, NULL, '', '', NULL, NULL, NULL, NULL, '2025-07-30 01:41:09.145801', '2025-07-30 01:41:09.145801', NULL, NULL, NULL),
(9, 2, 2, 27, 3, 'WG13s0F8s9HP6CgVjY8vEP5Ro96MsuhZ', NULL, NULL, '', '', NULL, NULL, NULL, NULL, '2025-07-30 01:41:09.151275', '2025-07-30 01:41:09.151275', NULL, NULL, NULL),
(10, 2, 2, 28, 3, 'u6gjGKakpITslEVfgKK5sO2VCCwOXPRW', NULL, NULL, '', '', NULL, NULL, NULL, NULL, '2025-07-30 01:41:09.155791', '2025-07-30 01:41:09.155791', NULL, NULL, NULL),
(11, 2, 2, 29, 3, '9ZxYLrqzmr57L1e1LKl5pxyUMqn33qjs', NULL, NULL, '', '', NULL, NULL, NULL, NULL, '2025-07-30 01:41:09.160779', '2025-07-30 01:41:09.160779', NULL, NULL, NULL),
(12, 2, 2, 14, 4, 'NkXL0H9bfqkhLS5HKZfKwHgJrsqWu3dp', NULL, NULL, '', '', NULL, NULL, NULL, NULL, '2025-07-30 01:41:11.639169', '2025-07-30 01:41:11.639169', NULL, NULL, NULL),
(13, 2, 2, 15, 4, '8D0moFmhC4A63HixX753RAsz1YounAwO', NULL, NULL, '', '', NULL, NULL, NULL, NULL, '2025-07-30 01:41:11.644851', '2025-07-30 01:41:11.644851', NULL, NULL, NULL),
(14, 2, 2, 16, 4, '0fFMiGQkcFyMEoDTa7B2O4D3aHOK03nT', NULL, NULL, '', '', NULL, NULL, NULL, NULL, '2025-07-30 01:41:11.649074', '2025-07-30 01:41:11.649074', NULL, NULL, NULL),
(15, 2, 2, 17, 4, 'qPpXXXht2oFUVo2CvWS82r8jx7Yptu7I', NULL, NULL, '', '', NULL, NULL, NULL, NULL, '2025-07-30 01:41:11.653571', '2025-07-30 01:41:11.653571', NULL, NULL, NULL),
(16, 2, 2, 18, 4, 'VGCMWPR5TVeJTFfDsmdWWYZMdBYVkBxI', NULL, NULL, '', '', NULL, NULL, NULL, NULL, '2025-07-30 01:41:11.658307', '2025-07-30 01:41:11.658307', NULL, NULL, NULL),
(17, 2, 2, 19, 5, 'X2VQ4VbUTnjn7rksf7SGhxFwMkMCbaZ9', NULL, NULL, '', '', NULL, NULL, NULL, NULL, '2025-07-30 01:41:17.864770', '2025-07-30 01:41:17.864770', NULL, NULL, NULL),
(18, 2, 2, 20, 5, 'IhgoSlQcdaReU2C9GPrMKPAHN8IwdceR', NULL, NULL, '', '', NULL, NULL, NULL, NULL, '2025-07-30 01:41:17.869811', '2025-07-30 01:41:17.869811', NULL, NULL, NULL),
(19, 2, 2, 26, 6, 'JAWg7axsyHsG5krdwNrXjYtH3h4zMX8S', NULL, NULL, '', '', NULL, NULL, NULL, NULL, '2025-07-30 01:41:20.319629', '2025-07-30 01:41:20.319629', NULL, NULL, NULL),
(20, 2, 2, 27, 6, '7ov8ab0zxkGXZSmADyFnoTZw7HurpKiz', NULL, NULL, '', '', NULL, NULL, NULL, NULL, '2025-07-30 01:41:20.327096', '2025-07-30 01:41:20.327096', NULL, NULL, NULL),
(21, 2, 2, 28, 6, '9f0UtP0rnTW7GKznA9rjmhhOCfsBSgXG', NULL, NULL, '', '', NULL, NULL, NULL, NULL, '2025-07-30 01:41:20.331771', '2025-07-30 01:41:20.331771', NULL, NULL, NULL),
(22, 2, 2, 29, 6, 'XtODKn4i04qMLd0gK9Ys2GVwDpSy4ddA', NULL, NULL, '', '', NULL, NULL, NULL, NULL, '2025-07-30 01:41:20.336319', '2025-07-30 01:41:20.336319', NULL, NULL, NULL),
(23, 2, 2, 14, 7, 'SjenjPKNHRCnyebgtFtWb4GTJJjDdKYk', NULL, NULL, '', '', NULL, NULL, NULL, NULL, '2025-07-30 01:41:24.578199', '2025-07-30 01:41:24.578199', NULL, NULL, NULL),
(24, 2, 2, 15, 7, 'Yl1HIbVX713Zt0I6YBQEuPkAMUZNhaAn', NULL, NULL, '', '', NULL, NULL, NULL, NULL, '2025-07-30 01:41:24.583245', '2025-07-30 01:41:24.583245', NULL, NULL, NULL),
(25, 2, 2, 16, 7, 'QCsy1sf7mZiYc9dSAN4Q9CJBlIcZt0DC', NULL, NULL, '', '', NULL, NULL, NULL, NULL, '2025-07-30 01:41:24.588477', '2025-07-30 01:41:24.588477', NULL, NULL, NULL),
(26, 2, 2, 17, 7, 'PIFWQuaT9r2fzMNzt5cxUpKaXpDEj6Wv', NULL, NULL, '', '', NULL, NULL, NULL, NULL, '2025-07-30 01:41:24.594901', '2025-07-30 01:41:24.594901', NULL, NULL, NULL),
(27, 2, 2, 18, 7, 'UMBxlqN0MRXcteCb1me3GfhE7hhDmeau', NULL, NULL, '', '', NULL, NULL, NULL, NULL, '2025-07-30 01:41:24.599613', '2025-07-30 01:41:24.599613', NULL, NULL, NULL),
(28, 2, 2, 8, 8, 'dUfKEnqggiD3OybfY89DVMiCUGnPongb', NULL, NULL, '', '', NULL, NULL, NULL, NULL, '2025-07-30 01:41:31.451277', '2025-07-30 01:41:31.451277', NULL, NULL, NULL),
(29, 2, 2, 9, 8, 'xGmFfDlILNdJUpEwAV2krwA8iBcJ8ZXm', NULL, NULL, '', '', NULL, NULL, NULL, NULL, '2025-07-30 01:41:31.456305', '2025-07-30 01:41:31.456305', NULL, NULL, NULL),
(30, 2, 2, 10, 8, 'KZuqmmr9Ew1O7WsMYMI0GrL6rzmP9Dbb', NULL, NULL, '', '', NULL, NULL, NULL, NULL, '2025-07-30 01:41:31.460749', '2025-07-30 01:41:31.460749', NULL, NULL, NULL),
(31, 2, 2, 11, 8, 'MbttYhoDFZUYIRDJPKR6eCVtmdQapvSe', NULL, NULL, '', '', NULL, NULL, NULL, NULL, '2025-07-30 01:41:31.465040', '2025-07-30 01:41:31.465040', NULL, NULL, NULL),
(32, 2, 2, 30, 9, 'TO4ZJq1mfc0sHfL4q3TFT3nEy9o77vX1', NULL, NULL, '', '', NULL, NULL, NULL, NULL, '2025-07-30 01:41:34.445921', '2025-07-30 01:41:34.445921', NULL, NULL, NULL),
(33, 2, 2, 31, 9, 'VyH8EVhIO5z5yYZ6JRtUmwi0sop8YjPe', NULL, NULL, '', '', NULL, NULL, NULL, NULL, '2025-07-30 01:41:34.451324', '2025-07-30 01:41:34.451324', NULL, NULL, NULL),
(34, 2, 2, 32, 9, 'rkQYoLQp07VoXXB9aAT1sLRdTajwuh4X', NULL, NULL, '', '', NULL, NULL, NULL, NULL, '2025-07-30 01:41:34.456359', '2025-07-30 01:41:34.456359', NULL, NULL, NULL),
(35, 2, 2, 33, 9, '5GfKemDj1m6G1phfF8XCkNTbVoSikdiv', NULL, NULL, '', '', NULL, NULL, NULL, NULL, '2025-07-30 01:41:34.461533', '2025-07-30 01:41:34.461533', NULL, NULL, NULL),
(36, 2, 2, 34, 10, '97VjEbzJEaSNbYsq0pUY3dOMgup2kI3a', NULL, NULL, '', '', NULL, NULL, NULL, NULL, '2025-07-30 01:41:37.423696', '2025-07-30 01:41:37.423696', NULL, NULL, NULL),
(37, 2, 2, 35, 10, 'lBuozoxmk0ClwoKqouJuwYJ8VMnOwSKO', NULL, NULL, '', '', NULL, NULL, NULL, NULL, '2025-07-30 01:41:37.428755', '2025-07-30 01:41:37.428755', NULL, NULL, NULL),
(38, 2, 2, 26, 11, 'AqQfap8KQ1TG4gIAg6UPDFkqi02NAfGA', NULL, NULL, '', '', NULL, NULL, NULL, NULL, '2025-07-30 01:41:44.928754', '2025-07-30 01:41:44.928754', NULL, NULL, NULL),
(39, 2, 2, 27, 11, 'Z9vCSYN98r5Indy2ziBKXqZ1viE7mzjU', NULL, NULL, '', '', NULL, NULL, NULL, NULL, '2025-07-30 01:41:44.934389', '2025-07-30 01:41:44.934389', NULL, NULL, NULL),
(40, 2, 2, 28, 11, 'yK7ZFLxHqSMBwAttBAvLedbHcAsJnkK1', NULL, NULL, '', '', NULL, NULL, NULL, NULL, '2025-07-30 01:41:44.939643', '2025-07-30 01:41:44.939643', NULL, NULL, NULL),
(41, 2, 2, 29, 11, 'tdfFgRcRHvYogPvLRdL2biWwP198v6eC', NULL, NULL, '', '', NULL, NULL, NULL, NULL, '2025-07-30 01:41:44.945335', '2025-07-30 01:41:44.945335', NULL, NULL, NULL),
(42, 2, 2, 34, 12, 'n3pqPK6QLTZZcE8VVKZBN8jIF0ClFB7b', NULL, NULL, '', '', NULL, NULL, NULL, NULL, '2025-07-30 01:41:47.660769', '2025-07-30 01:41:47.660769', NULL, NULL, NULL),
(43, 2, 2, 35, 12, 'gEh9OkbTaSFZvhGLaAICN63qOb2KRWG4', NULL, NULL, '', '', NULL, NULL, NULL, NULL, '2025-07-30 01:41:47.665875', '2025-07-30 01:41:47.665875', NULL, NULL, NULL),
(44, 2, 2, 19, 13, '3fgFP0JGFvhyLNrW8h8AfRP8znEfxPsm', NULL, NULL, '', '', NULL, NULL, NULL, NULL, '2025-07-30 01:41:51.697824', '2025-07-30 01:41:51.697824', NULL, NULL, NULL),
(45, 2, 2, 20, 13, 'WqLzk2ep7RfLj0QzGBIRpSCnrsSEv1p6', NULL, NULL, '', '', NULL, NULL, NULL, NULL, '2025-07-30 01:41:51.703941', '2025-07-30 01:41:51.703941', NULL, NULL, NULL),
(46, 2, 2, 3, 14, '7uGaqrdIpOfou9EqjvPGrY4CCdN5atQ5', NULL, NULL, '', '', NULL, NULL, NULL, NULL, '2025-07-30 01:41:54.948244', '2025-07-30 01:41:54.948244', NULL, NULL, NULL),
(47, 2, 2, 4, 14, 'AiAUrjmkldMfcfZzvwvMOSiVLZjYJj7u', NULL, NULL, '', '', NULL, NULL, NULL, NULL, '2025-07-30 01:41:54.954094', '2025-07-30 01:41:54.954094', NULL, NULL, NULL),
(48, 2, 2, 5, 14, 'TSASuIhcpjTBSlSrKUyW85gFjRnFFblE', NULL, NULL, '', '', NULL, NULL, NULL, NULL, '2025-07-30 01:41:54.960739', '2025-07-30 01:41:54.960739', NULL, NULL, NULL),
(49, 2, 2, 6, 14, '3X1U8rTF6OObtncY9EIOMNteuiEjGont', NULL, NULL, '', '', NULL, NULL, NULL, NULL, '2025-07-30 01:41:54.965519', '2025-07-30 01:41:54.965519', NULL, NULL, NULL),
(50, 2, 2, 7, 14, 'DNwHHrfv1HrhaTIz4sLQMagmElB6ohJf', NULL, NULL, '', '', NULL, NULL, NULL, NULL, '2025-07-30 01:41:54.970012', '2025-07-30 01:41:54.970012', NULL, NULL, NULL),
(51, 2, 2, 26, 15, 'XIGUCMeRzTIE7rOK0uPd5wF77pcPqegr', NULL, NULL, '', '', NULL, NULL, NULL, NULL, '2025-07-30 01:41:58.376104', '2025-07-30 01:41:58.376104', NULL, NULL, NULL),
(52, 2, 2, 27, 15, 'wCWHA9QbXBFcZEWTptBelCB9WNJo8e3h', NULL, NULL, '', '', NULL, NULL, NULL, NULL, '2025-07-30 01:41:58.382455', '2025-07-30 01:41:58.382455', NULL, NULL, NULL),
(53, 2, 2, 28, 15, 'yC9CLe5PAFpi350HA4TeTRogVArFCs39', NULL, NULL, '', '', NULL, NULL, NULL, NULL, '2025-07-30 01:41:58.387960', '2025-07-30 01:41:58.387960', NULL, NULL, NULL),
(54, 2, 2, 29, 15, '5iyFdEQjmJaZa9OLNBNoQuDFLujYePXs', NULL, NULL, '', '', NULL, NULL, NULL, NULL, '2025-07-30 01:41:58.393530', '2025-07-30 01:41:58.393530', NULL, NULL, NULL),
(55, 2, 2, 23, 16, 'zL6GkyxiSu7HdEN1v4T58noN46sdCOHM', NULL, NULL, '', '', NULL, NULL, NULL, NULL, '2025-07-30 01:42:02.648322', '2025-07-30 01:42:02.648322', NULL, NULL, NULL),
(56, 2, 2, 24, 16, 'VYcfpDR8U7I0LK1uVjCGK7TzKui5lrgZ', NULL, NULL, '', '', NULL, NULL, NULL, NULL, '2025-07-30 01:42:02.653812', '2025-07-30 01:42:02.653812', NULL, NULL, NULL),
(57, 2, 2, 25, 16, 'rKRWMMir6YJqtOBeZjgwlEfy8lTX3ooI', NULL, NULL, '', '', NULL, NULL, NULL, NULL, '2025-07-30 01:42:02.658612', '2025-07-30 01:42:02.658612', NULL, NULL, NULL),
(58, 2, 2, 12, 17, '4n0ZaqPHbOOCkZLmhJVsa3bKOjZy8Kz5', NULL, NULL, '', '', NULL, NULL, NULL, NULL, '2025-07-30 01:42:09.589549', '2025-07-30 01:42:09.589549', NULL, NULL, NULL),
(59, 2, 2, 13, 17, 'hzYK22urh2O86oElYw9gYLgcLa8Bbny2', NULL, NULL, '', '', NULL, NULL, NULL, NULL, '2025-07-30 01:42:09.595582', '2025-07-30 01:42:09.595582', NULL, NULL, NULL),
(60, 2, 2, 12, 18, 'As84g6hXNnxriKq7x8WpJOq5w444MfrA', NULL, NULL, '', '', NULL, NULL, NULL, NULL, '2025-07-30 01:42:14.211679', '2025-07-30 01:42:14.211679', NULL, NULL, NULL),
(61, 2, 2, 13, 18, '66hNmjFrZfncT02T430mWaHqmmVI7mmP', NULL, NULL, '', '', NULL, NULL, NULL, NULL, '2025-07-30 01:42:14.217419', '2025-07-30 01:42:14.217419', NULL, NULL, NULL),
(62, 2, 2, 26, 19, '007KVoyiezem3k8wpmqxrbKtmp6Qfuly', NULL, NULL, '', '', NULL, NULL, NULL, NULL, '2025-07-30 01:42:16.511259', '2025-07-30 01:42:16.511259', NULL, NULL, NULL),
(63, 2, 2, 27, 19, 'yoDjcd4IzEUbEXTA0M2SjODFW5KTBgph', NULL, NULL, '', '', NULL, NULL, NULL, NULL, '2025-07-30 01:42:16.516206', '2025-07-30 01:42:16.516206', NULL, NULL, NULL),
(64, 2, 2, 28, 19, 'cDq1oTJNX6cN8RU1kDCXQhDZKfXxbJxC', NULL, NULL, '', '', NULL, NULL, NULL, NULL, '2025-07-30 01:42:16.519737', '2025-07-30 01:42:16.519737', NULL, NULL, NULL),
(65, 2, 2, 29, 19, 'KDkfTpafa3etL2Y93sMxPZcUmcWzCMyC', NULL, NULL, '', '', NULL, NULL, NULL, NULL, '2025-07-30 01:42:16.523724', '2025-07-30 01:42:16.523724', NULL, NULL, NULL),
(66, 2, 2, 14, 20, '0pndDLY869Cm0KbnNgaMk2YlHQykHkWB', NULL, NULL, '', '', NULL, NULL, NULL, NULL, '2025-07-30 01:42:20.725044', '2025-07-30 01:42:20.725044', NULL, NULL, NULL),
(67, 2, 2, 15, 20, 'H8Ze1PAkCTCXhkBV4gquH73wYB5SRw5e', NULL, NULL, '', '', NULL, NULL, NULL, NULL, '2025-07-30 01:42:20.731570', '2025-07-30 01:42:20.731570', NULL, NULL, NULL),
(68, 2, 2, 16, 20, 'X1ZcZBTwcRHlfkIoMw5CGHT5vfUXcW0Y', NULL, NULL, '', '', NULL, NULL, NULL, NULL, '2025-07-30 01:42:20.738612', '2025-07-30 01:42:20.738612', NULL, NULL, NULL),
(69, 2, 2, 17, 20, 'lPuI9qvHHV6xsLecIISHfmM2GhjkAlwF', NULL, NULL, '', '', NULL, NULL, NULL, NULL, '2025-07-30 01:42:20.744381', '2025-07-30 01:42:20.744381', NULL, NULL, NULL),
(70, 2, 2, 18, 20, '7VbE5qYaNnOWTmTLRuSlYg2OEEtHgcEQ', NULL, NULL, '', '', NULL, NULL, NULL, NULL, '2025-07-30 01:42:20.751193', '2025-07-30 01:42:20.751193', NULL, NULL, NULL);

-- --------------------------------------------------------

--
-- Table structure for table `recurring_expenses`
--

CREATE TABLE `recurring_expenses` (
  `id` int(10) UNSIGNED NOT NULL,
  `created_at` timestamp(6) NULL DEFAULT NULL,
  `updated_at` timestamp(6) NULL DEFAULT NULL,
  `deleted_at` timestamp NULL DEFAULT NULL,
  `company_id` int(10) UNSIGNED NOT NULL,
  `vendor_id` int(10) UNSIGNED DEFAULT NULL,
  `user_id` int(10) UNSIGNED NOT NULL,
  `status_id` int(10) UNSIGNED NOT NULL,
  `invoice_id` int(10) UNSIGNED DEFAULT NULL,
  `client_id` int(10) UNSIGNED DEFAULT NULL,
  `bank_id` int(10) UNSIGNED DEFAULT NULL,
  `project_id` int(10) UNSIGNED DEFAULT NULL,
  `payment_type_id` int(10) UNSIGNED DEFAULT NULL,
  `recurring_expense_id` int(10) UNSIGNED DEFAULT NULL,
  `is_deleted` tinyint(1) NOT NULL DEFAULT 0,
  `uses_inclusive_taxes` tinyint(1) NOT NULL DEFAULT 1,
  `tax_name1` varchar(191) DEFAULT NULL,
  `tax_name2` varchar(191) DEFAULT NULL,
  `tax_name3` varchar(191) DEFAULT NULL,
  `date` date DEFAULT NULL,
  `payment_date` date DEFAULT NULL,
  `should_be_invoiced` tinyint(1) NOT NULL DEFAULT 0,
  `invoice_documents` tinyint(1) NOT NULL DEFAULT 0,
  `transaction_id` varchar(191) DEFAULT NULL,
  `custom_value1` text NOT NULL,
  `custom_value2` text NOT NULL,
  `custom_value3` text NOT NULL,
  `custom_value4` text NOT NULL,
  `category_id` int(10) UNSIGNED DEFAULT NULL,
  `calculate_tax_by_amount` tinyint(1) NOT NULL DEFAULT 0,
  `tax_amount1` decimal(20,6) DEFAULT NULL,
  `tax_amount2` decimal(20,6) DEFAULT NULL,
  `tax_amount3` decimal(20,6) DEFAULT NULL,
  `tax_rate1` decimal(20,6) DEFAULT NULL,
  `tax_rate2` decimal(20,6) DEFAULT NULL,
  `tax_rate3` decimal(20,6) DEFAULT NULL,
  `amount` decimal(20,6) DEFAULT NULL,
  `foreign_amount` decimal(20,6) DEFAULT NULL,
  `exchange_rate` decimal(20,6) NOT NULL DEFAULT 1.000000,
  `assigned_user_id` int(10) UNSIGNED DEFAULT NULL,
  `number` varchar(191) DEFAULT NULL,
  `invoice_currency_id` int(10) UNSIGNED DEFAULT NULL,
  `currency_id` int(10) UNSIGNED DEFAULT NULL,
  `private_notes` text DEFAULT NULL,
  `public_notes` text DEFAULT NULL,
  `transaction_reference` text DEFAULT NULL,
  `frequency_id` int(10) UNSIGNED NOT NULL,
  `last_sent_date` datetime DEFAULT NULL,
  `next_send_date` datetime DEFAULT NULL,
  `remaining_cycles` int(11) DEFAULT NULL,
  `next_send_date_client` datetime DEFAULT NULL
) ENGINE=InnoDB DEFAULT CHARSET=utf8mb4 COLLATE=utf8mb4_unicode_ci;

-- --------------------------------------------------------

--
-- Table structure for table `recurring_invoices`
--

CREATE TABLE `recurring_invoices` (
  `id` int(10) UNSIGNED NOT NULL,
  `client_id` int(10) UNSIGNED NOT NULL,
  `user_id` int(10) UNSIGNED NOT NULL,
  `assigned_user_id` int(10) UNSIGNED DEFAULT NULL,
  `company_id` int(10) UNSIGNED NOT NULL,
  `project_id` int(10) UNSIGNED DEFAULT NULL,
  `vendor_id` int(10) UNSIGNED DEFAULT NULL,
  `status_id` int(10) UNSIGNED NOT NULL,
  `number` varchar(191) DEFAULT NULL,
  `discount` decimal(20,6) NOT NULL DEFAULT 0.000000,
  `is_amount_discount` tinyint(1) NOT NULL DEFAULT 0,
  `po_number` varchar(191) DEFAULT NULL,
  `date` date DEFAULT NULL,
  `due_date` datetime DEFAULT NULL,
  `is_deleted` tinyint(1) NOT NULL DEFAULT 0,
  `line_items` mediumtext DEFAULT NULL,
  `backup` mediumtext DEFAULT NULL,
  `footer` text DEFAULT NULL,
  `public_notes` text DEFAULT NULL,
  `private_notes` text DEFAULT NULL,
  `terms` text DEFAULT NULL,
  `tax_name1` varchar(191) DEFAULT NULL,
  `tax_rate1` decimal(20,6) NOT NULL,
  `tax_name2` varchar(191) DEFAULT NULL,
  `tax_rate2` decimal(20,6) NOT NULL,
  `tax_name3` varchar(191) DEFAULT NULL,
  `tax_rate3` decimal(20,6) NOT NULL,
  `total_taxes` decimal(20,6) NOT NULL,
  `custom_value1` text NOT NULL,
  `custom_value2` text NOT NULL,
  `custom_value3` text NOT NULL,
  `custom_value4` text NOT NULL,
  `amount` decimal(20,6) NOT NULL,
  `balance` decimal(20,6) NOT NULL,
  `partial` decimal(16,4) DEFAULT NULL,
  `last_viewed` datetime DEFAULT NULL,
  `frequency_id` int(10) UNSIGNED NOT NULL,
  `last_sent_date` datetime DEFAULT NULL,
  `next_send_date` datetime DEFAULT NULL,
  `remaining_cycles` int(11) DEFAULT NULL,
  `created_at` timestamp(6) NULL DEFAULT NULL,
  `updated_at` timestamp(6) NULL DEFAULT NULL,
  `deleted_at` timestamp(6) NULL DEFAULT NULL,
  `auto_bill` varchar(191) NOT NULL DEFAULT 'off',
  `auto_bill_enabled` tinyint(1) NOT NULL DEFAULT 0,
  `design_id` int(10) UNSIGNED DEFAULT NULL,
  `uses_inclusive_taxes` tinyint(1) NOT NULL DEFAULT 0,
  `custom_surcharge1` decimal(20,6) DEFAULT NULL,
  `custom_surcharge2` decimal(20,6) DEFAULT NULL,
  `custom_surcharge3` decimal(20,6) DEFAULT NULL,
  `custom_surcharge4` decimal(20,6) DEFAULT NULL,
  `custom_surcharge_tax1` tinyint(1) NOT NULL DEFAULT 0,
  `custom_surcharge_tax2` tinyint(1) NOT NULL DEFAULT 0,
  `custom_surcharge_tax3` tinyint(1) NOT NULL DEFAULT 0,
  `custom_surcharge_tax4` tinyint(1) NOT NULL DEFAULT 0,
  `due_date_days` varchar(191) DEFAULT NULL,
  `partial_due_date` date DEFAULT NULL,
  `exchange_rate` decimal(13,6) NOT NULL DEFAULT 1.000000,
  `paid_to_date` decimal(20,6) NOT NULL DEFAULT 0.000000,
  `subscription_id` int(10) UNSIGNED DEFAULT NULL,
  `next_send_date_client` datetime DEFAULT NULL,
  `is_proforma` tinyint(1) NOT NULL DEFAULT 0
) ENGINE=InnoDB DEFAULT CHARSET=utf8mb4 COLLATE=utf8mb4_unicode_ci;

--
-- Dumping data for table `recurring_invoices`
--

INSERT INTO `recurring_invoices` (`id`, `client_id`, `user_id`, `assigned_user_id`, `company_id`, `project_id`, `vendor_id`, `status_id`, `number`, `discount`, `is_amount_discount`, `po_number`, `date`, `due_date`, `is_deleted`, `line_items`, `backup`, `footer`, `public_notes`, `private_notes`, `terms`, `tax_name1`, `tax_rate1`, `tax_name2`, `tax_rate2`, `tax_name3`, `tax_rate3`, `total_taxes`, `custom_value1`, `custom_value2`, `custom_value3`, `custom_value4`, `amount`, `balance`, `partial`, `last_viewed`, `frequency_id`, `last_sent_date`, `next_send_date`, `remaining_cycles`, `created_at`, `updated_at`, `deleted_at`, `auto_bill`, `auto_bill_enabled`, `design_id`, `uses_inclusive_taxes`, `custom_surcharge1`, `custom_surcharge2`, `custom_surcharge3`, `custom_surcharge4`, `custom_surcharge_tax1`, `custom_surcharge_tax2`, `custom_surcharge_tax3`, `custom_surcharge_tax4`, `due_date_days`, `partial_due_date`, `exchange_rate`, `paid_to_date`, `subscription_id`, `next_send_date_client`, `is_proforma`) VALUES
(1, 1, 1, NULL, 1, NULL, NULL, 2, NULL, 8.000000, 0, 'Possimus.', '1985-05-31', '2025-03-13 00:00:00', 0, 'false', NULL, NULL, NULL, NULL, NULL, 'GST', 10.000000, 'VAT', 17.500000, 'THIRDTAX', 5.000000, 0.000000, '3', '4', '1', '3', 564.680000, 0.000000, NULL, NULL, 5, '2025-06-30 08:40:54', '2025-08-30 08:40:54', 1, '2025-07-30 01:40:54.944569', '2025-07-30 01:40:54.944569', NULL, 'off', 0, NULL, 0, NULL, NULL, NULL, NULL, 0, 0, 0, 0, NULL, NULL, 1.000000, 0.000000, NULL, '2025-08-30 08:40:54', 0),
(2, 8, 2, NULL, 2, NULL, NULL, 2, NULL, 1.000000, 1, 'Nam.', '1996-05-24', '1975-09-24 00:00:00', 0, 'false', NULL, NULL, NULL, NULL, NULL, 'GST', 10.000000, 'VAT', 17.500000, 'THIRDTAX', 5.000000, 0.000000, '2', '1', '4', '4', 487.360000, 0.000000, NULL, NULL, 5, '2025-06-30 08:41:03', '2025-08-30 08:41:03', 10, '2025-07-30 01:41:03.911119', '2025-07-30 01:41:03.911119', NULL, 'off', 0, NULL, 0, NULL, NULL, NULL, NULL, 0, 0, 0, 0, NULL, NULL, 1.000000, 0.000000, NULL, '2025-08-30 08:41:03', 0),
(3, 6, 2, NULL, 2, NULL, NULL, 2, NULL, 5.000000, 1, 'Incidunt.', '1997-10-13', '1973-05-05 00:00:00', 0, 'false', NULL, NULL, NULL, NULL, NULL, 'GST', 10.000000, 'VAT', 17.500000, 'THIRDTAX', 5.000000, 0.000000, '3', '1', '1', '4', 817.300000, 0.000000, NULL, NULL, 5, '2025-06-30 08:41:07', '2025-08-30 08:41:07', 3, '2025-07-30 01:41:07.944931', '2025-07-30 01:41:07.944931', NULL, 'off', 0, NULL, 0, NULL, NULL, NULL, NULL, 0, 0, 0, 0, NULL, NULL, 1.000000, 0.000000, NULL, '2025-08-30 08:41:07', 0),
(4, 2, 2, NULL, 2, NULL, NULL, 2, NULL, 9.000000, 1, 'Quidem.', '1984-03-10', '1985-02-07 00:00:00', 0, 'false', NULL, NULL, NULL, NULL, NULL, 'GST', 10.000000, 'VAT', 17.500000, 'THIRDTAX', 5.000000, 0.000000, '3', '1', '1', '3', 532.810000, 0.000000, NULL, NULL, 5, '2025-06-30 08:41:10', '2025-08-30 08:41:10', 7, '2025-07-30 01:41:10.580593', '2025-07-30 01:41:10.580593', NULL, 'off', 0, NULL, 0, NULL, NULL, NULL, NULL, 0, 0, 0, 0, NULL, NULL, 1.000000, 0.000000, NULL, '2025-08-30 08:41:10', 0),
(5, 9, 2, NULL, 2, NULL, NULL, 2, NULL, 10.000000, 1, 'Qui ad.', '1987-12-09', '2016-04-28 00:00:00', 0, 'false', NULL, NULL, NULL, NULL, NULL, 'GST', 10.000000, 'VAT', 17.500000, 'THIRDTAX', 5.000000, 0.000000, '3', '1', '3', '1', 970.340000, 0.000000, NULL, NULL, 5, '2025-06-30 08:41:16', '2025-08-30 08:41:16', 5, '2025-07-30 01:41:16.120407', '2025-07-30 01:41:16.120407', NULL, 'off', 0, NULL, 0, NULL, NULL, NULL, NULL, 0, 0, 0, 0, NULL, NULL, 1.000000, 0.000000, NULL, '2025-08-30 08:41:16', 0),
(6, 6, 2, NULL, 2, NULL, NULL, 2, NULL, 7.000000, 1, 'Nisi.', '1983-01-05', '1971-12-15 00:00:00', 0, 'false', NULL, NULL, NULL, NULL, NULL, 'GST', 10.000000, 'VAT', 17.500000, 'THIRDTAX', 5.000000, 0.000000, '4', '4', '1', '2', 754.730000, 0.000000, NULL, NULL, 5, '2025-06-30 08:41:19', '2025-08-30 08:41:19', 1, '2025-07-30 01:41:19.143403', '2025-07-30 01:41:19.143403', NULL, 'off', 0, NULL, 0, NULL, NULL, NULL, NULL, 0, 0, 0, 0, NULL, NULL, 1.000000, 0.000000, NULL, '2025-08-30 08:41:19', 0),
(7, 2, 2, NULL, 2, NULL, NULL, 2, NULL, 2.000000, 1, 'Quod.', '2003-03-23', '2000-06-22 00:00:00', 0, 'false', NULL, NULL, NULL, NULL, NULL, 'GST', 10.000000, 'VAT', 17.500000, 'THIRDTAX', 5.000000, 0.000000, '4', '1', '2', '2', 261.130000, 0.000000, NULL, NULL, 5, '2025-06-30 08:41:23', '2025-08-30 08:41:23', 7, '2025-07-30 01:41:23.572129', '2025-07-30 01:41:23.572129', NULL, 'off', 0, NULL, 0, NULL, NULL, NULL, NULL, 0, 0, 0, 0, NULL, NULL, 1.000000, 0.000000, NULL, '2025-08-30 08:41:23', 0),
(8, 9, 2, NULL, 2, NULL, NULL, 2, NULL, 1.000000, 0, 'Ipsum.', '1994-03-15', '1970-07-25 00:00:00', 0, 'false', NULL, NULL, NULL, NULL, NULL, 'GST', 10.000000, 'VAT', 17.500000, 'THIRDTAX', 5.000000, 0.000000, '1', '3', '2', '3', 908.300000, 0.000000, NULL, NULL, 5, '2025-06-30 08:41:29', '2025-08-30 08:41:29', 4, '2025-07-30 01:41:29.560356', '2025-07-30 01:41:29.560356', NULL, 'off', 0, NULL, 0, NULL, NULL, NULL, NULL, 0, 0, 0, 0, NULL, NULL, 1.000000, 0.000000, NULL, '2025-08-30 08:41:29', 0),
(9, 8, 2, NULL, 2, NULL, NULL, 2, NULL, 5.000000, 0, 'Facilis.', '1990-01-09', '1983-03-28 00:00:00', 0, 'false', NULL, NULL, NULL, NULL, NULL, 'GST', 10.000000, 'VAT', 17.500000, 'THIRDTAX', 5.000000, 0.000000, '4', '4', '3', '3', 778.420000, 0.000000, NULL, NULL, 5, '2025-06-30 08:41:33', '2025-08-30 08:41:33', 5, '2025-07-30 01:41:33.067695', '2025-07-30 01:41:33.067695', NULL, 'off', 0, NULL, 0, NULL, NULL, NULL, NULL, 0, 0, 0, 0, NULL, NULL, 1.000000, 0.000000, NULL, '2025-08-30 08:41:33', 0),
(10, 6, 2, NULL, 2, NULL, NULL, 2, NULL, 7.000000, 1, 'Et quas.', '2012-09-11', '1990-04-28 00:00:00', 0, 'false', NULL, NULL, NULL, NULL, NULL, 'GST', 10.000000, 'VAT', 17.500000, 'THIRDTAX', 5.000000, 0.000000, '1', '4', '1', '3', 533.160000, 0.000000, NULL, NULL, 5, '2025-06-30 08:41:36', '2025-08-30 08:41:36', 7, '2025-07-30 01:41:36.052109', '2025-07-30 01:41:36.052109', NULL, 'off', 0, NULL, 0, NULL, NULL, NULL, NULL, 0, 0, 0, 0, NULL, NULL, 1.000000, 0.000000, NULL, '2025-08-30 08:41:36', 0),
(11, 9, 2, NULL, 2, NULL, NULL, 2, NULL, 10.000000, 0, 'Doloribus.', '2011-08-12', '2022-06-15 00:00:00', 0, 'false', NULL, NULL, NULL, NULL, NULL, 'GST', 10.000000, 'VAT', 17.500000, 'THIRDTAX', 5.000000, 0.000000, '2', '1', '1', '3', 920.240000, 0.000000, NULL, NULL, 5, '2025-06-30 08:41:42', '2025-08-30 08:41:42', 8, '2025-07-30 01:41:42.881080', '2025-07-30 01:41:42.881080', NULL, 'off', 0, NULL, 0, NULL, NULL, NULL, NULL, 0, 0, 0, 0, NULL, NULL, 1.000000, 0.000000, NULL, '2025-08-30 08:41:42', 0),
(12, 10, 2, NULL, 2, NULL, NULL, 2, NULL, 1.000000, 1, 'Eum.', '1998-03-03', '2003-03-29 00:00:00', 0, 'false', NULL, NULL, NULL, NULL, NULL, 'GST', 10.000000, 'VAT', 17.500000, 'THIRDTAX', 5.000000, 0.000000, '4', '3', '1', '4', 920.570000, 0.000000, NULL, NULL, 5, '2025-06-30 08:41:46', '2025-08-30 08:41:46', 7, '2025-07-30 01:41:46.422249', '2025-07-30 01:41:46.422249', NULL, 'off', 0, NULL, 0, NULL, NULL, NULL, NULL, 0, 0, 0, 0, NULL, NULL, 1.000000, 0.000000, NULL, '2025-08-30 08:41:46', 0),
(13, 7, 2, NULL, 2, NULL, NULL, 2, NULL, 9.000000, 0, 'Totam et.', '1989-01-18', '2008-08-19 00:00:00', 0, 'false', NULL, NULL, NULL, NULL, NULL, 'GST', 10.000000, 'VAT', 17.500000, 'THIRDTAX', 5.000000, 0.000000, '1', '3', '3', '4', 468.490000, 0.000000, NULL, NULL, 5, '2025-06-30 08:41:50', '2025-08-30 08:41:50', 3, '2025-07-30 01:41:50.003732', '2025-07-30 01:41:50.003732', NULL, 'off', 0, NULL, 0, NULL, NULL, NULL, NULL, 0, 0, 0, 0, NULL, NULL, 1.000000, 0.000000, NULL, '2025-08-30 08:41:50', 0),
(14, 10, 2, NULL, 2, NULL, NULL, 2, NULL, 5.000000, 1, 'Adipisci.', '1981-10-11', '1994-11-18 00:00:00', 0, 'false', NULL, NULL, NULL, NULL, NULL, 'GST', 10.000000, 'VAT', 17.500000, 'THIRDTAX', 5.000000, 0.000000, '3', '1', '3', '4', 986.150000, 0.000000, NULL, NULL, 5, '2025-06-30 08:41:53', '2025-08-30 08:41:53', 4, '2025-07-30 01:41:53.537869', '2025-07-30 01:41:53.537869', NULL, 'off', 0, NULL, 0, NULL, NULL, NULL, NULL, 0, 0, 0, 0, NULL, NULL, 1.000000, 0.000000, NULL, '2025-08-30 08:41:53', 0),
(15, 6, 2, NULL, 2, NULL, NULL, 2, NULL, 6.000000, 1, 'Aut.', '2013-08-26', '1994-08-12 00:00:00', 0, 'false', NULL, NULL, NULL, NULL, NULL, 'GST', 10.000000, 'VAT', 17.500000, 'THIRDTAX', 5.000000, 0.000000, '2', '2', '2', '2', 415.980000, 0.000000, NULL, NULL, 5, '2025-06-30 08:41:56', '2025-08-30 08:41:56', 9, '2025-07-30 01:41:56.831024', '2025-07-30 01:41:56.831024', NULL, 'off', 0, NULL, 0, NULL, NULL, NULL, NULL, 0, 0, 0, 0, NULL, NULL, 1.000000, 0.000000, NULL, '2025-08-30 08:41:56', 0),
(16, 2, 2, NULL, 2, NULL, NULL, 2, NULL, 6.000000, 1, 'Amet ab.', '2023-03-07', '2022-06-13 00:00:00', 0, 'false', NULL, NULL, NULL, NULL, NULL, 'GST', 10.000000, 'VAT', 17.500000, 'THIRDTAX', 5.000000, 0.000000, '1', '1', '4', '3', 200.050000, 0.000000, NULL, NULL, 5, '2025-06-30 08:42:01', '2025-08-30 08:42:01', 1, '2025-07-30 01:42:01.460938', '2025-07-30 01:42:01.460938', NULL, 'off', 0, NULL, 0, NULL, NULL, NULL, NULL, 0, 0, 0, 0, NULL, NULL, 1.000000, 0.000000, NULL, '2025-08-30 08:42:01', 0),
(17, 5, 2, NULL, 2, NULL, NULL, 2, NULL, 9.000000, 1, 'Non.', '1999-08-17', '1970-12-15 00:00:00', 0, 'false', NULL, NULL, NULL, NULL, NULL, 'GST', 10.000000, 'VAT', 17.500000, 'THIRDTAX', 5.000000, 0.000000, '2', '2', '4', '4', 800.410000, 0.000000, NULL, NULL, 5, '2025-06-30 08:42:07', '2025-08-30 08:42:07', 3, '2025-07-30 01:42:07.544723', '2025-07-30 01:42:07.544723', NULL, 'off', 0, NULL, 0, NULL, NULL, NULL, NULL, 0, 0, 0, 0, NULL, NULL, 1.000000, 0.000000, NULL, '2025-08-30 08:42:07', 0),
(18, 9, 2, NULL, 2, NULL, NULL, 2, NULL, 1.000000, 1, 'Quasi.', '1983-03-21', '2022-01-01 00:00:00', 0, 'false', NULL, NULL, NULL, NULL, NULL, 'GST', 10.000000, 'VAT', 17.500000, 'THIRDTAX', 5.000000, 0.000000, '4', '3', '2', '3', 102.120000, 0.000000, NULL, NULL, 5, '2025-06-30 08:42:12', '2025-08-30 08:42:12', 1, '2025-07-30 01:42:12.231471', '2025-07-30 01:42:12.231471', NULL, 'off', 0, NULL, 0, NULL, NULL, NULL, NULL, 0, 0, 0, 0, NULL, NULL, 1.000000, 0.000000, NULL, '2025-08-30 08:42:12', 0),
(19, 5, 2, NULL, 2, NULL, NULL, 2, NULL, 3.000000, 1, 'Numquam.', '2014-10-15', '1993-04-17 00:00:00', 0, 'false', NULL, NULL, NULL, NULL, NULL, 'GST', 10.000000, 'VAT', 17.500000, 'THIRDTAX', 5.000000, 0.000000, '1', '4', '4', '3', 612.520000, 0.000000, NULL, NULL, 5, '2025-06-30 08:42:15', '2025-08-30 08:42:15', 3, '2025-07-30 01:42:15.523143', '2025-07-30 01:42:15.523143', NULL, 'off', 0, NULL, 0, NULL, NULL, NULL, NULL, 0, 0, 0, 0, NULL, NULL, 1.000000, 0.000000, NULL, '2025-08-30 08:42:15', 0),
(20, 9, 2, NULL, 2, NULL, NULL, 2, NULL, 7.000000, 1, 'Nam.', '2011-09-11', '1984-12-03 00:00:00', 0, 'false', NULL, NULL, NULL, NULL, NULL, 'GST', 10.000000, 'VAT', 17.500000, 'THIRDTAX', 5.000000, 0.000000, '4', '2', '1', '4', 14.060000, 0.000000, NULL, NULL, 5, '2025-06-30 08:42:18', '2025-08-30 08:42:18', 3, '2025-07-30 01:42:18.946077', '2025-07-30 01:42:18.946077', NULL, 'off', 0, NULL, 0, NULL, NULL, NULL, NULL, 0, 0, 0, 0, NULL, NULL, 1.000000, 0.000000, NULL, '2025-08-30 08:42:18', 0),
(21, 4, 2, NULL, 2, NULL, NULL, 2, NULL, 7.000000, 1, 'Velit.', '1992-09-08', '2008-04-06 00:00:00', 0, 'false', NULL, NULL, NULL, NULL, NULL, 'GST', 10.000000, 'VAT', 17.500000, 'THIRDTAX', 5.000000, 0.000000, '2', '3', '4', '1', 842.630000, 0.000000, NULL, NULL, 5, '2025-06-30 08:42:22', '2025-08-30 08:42:22', 5, '2025-07-30 01:42:22.301910', '2025-07-30 01:42:22.301910', NULL, 'off', 0, NULL, 0, NULL, NULL, NULL, NULL, 0, 0, 0, 0, NULL, NULL, 1.000000, 0.000000, NULL, '2025-08-30 08:42:22', 0);

-- --------------------------------------------------------

--
-- Table structure for table `recurring_invoice_invitations`
--

CREATE TABLE `recurring_invoice_invitations` (
  `id` int(10) UNSIGNED NOT NULL,
  `company_id` int(10) UNSIGNED NOT NULL,
  `user_id` int(10) UNSIGNED NOT NULL,
  `client_contact_id` int(10) UNSIGNED NOT NULL,
  `recurring_invoice_id` int(10) UNSIGNED NOT NULL,
  `key` varchar(191) NOT NULL,
  `created_at` timestamp(6) NULL DEFAULT NULL,
  `updated_at` timestamp(6) NULL DEFAULT NULL,
  `deleted_at` timestamp(6) NULL DEFAULT NULL,
  `transaction_reference` varchar(191) DEFAULT NULL,
  `message_id` varchar(191) DEFAULT NULL,
  `email_error` mediumtext DEFAULT NULL,
  `signature_base64` text DEFAULT NULL,
  `signature_date` datetime DEFAULT NULL,
  `sent_date` datetime DEFAULT NULL,
  `viewed_date` datetime DEFAULT NULL,
  `opened_date` datetime DEFAULT NULL,
  `email_status` enum('delivered','bounced','spam') DEFAULT NULL
) ENGINE=InnoDB DEFAULT CHARSET=utf8mb4 COLLATE=utf8mb4_unicode_ci;

-- --------------------------------------------------------

--
-- Table structure for table `recurring_quotes`
--

CREATE TABLE `recurring_quotes` (
  `id` int(10) UNSIGNED NOT NULL,
  `client_id` int(10) UNSIGNED NOT NULL,
  `user_id` int(10) UNSIGNED NOT NULL,
  `assigned_user_id` int(10) UNSIGNED DEFAULT NULL,
  `company_id` int(10) UNSIGNED NOT NULL,
  `project_id` int(10) UNSIGNED DEFAULT NULL,
  `vendor_id` int(10) UNSIGNED DEFAULT NULL,
  `status_id` int(10) UNSIGNED NOT NULL,
  `discount` double NOT NULL DEFAULT 0,
  `is_amount_discount` tinyint(1) NOT NULL DEFAULT 0,
  `number` varchar(191) DEFAULT NULL,
  `po_number` varchar(191) DEFAULT NULL,
  `date` date DEFAULT NULL,
  `due_date` datetime DEFAULT NULL,
  `is_deleted` tinyint(1) NOT NULL DEFAULT 0,
  `line_items` mediumtext DEFAULT NULL,
  `backup` mediumtext DEFAULT NULL,
  `footer` text DEFAULT NULL,
  `public_notes` text DEFAULT NULL,
  `private_notes` text DEFAULT NULL,
  `terms` text DEFAULT NULL,
  `tax_name1` varchar(191) DEFAULT NULL,
  `tax_rate1` decimal(20,6) NOT NULL,
  `tax_name2` varchar(191) DEFAULT NULL,
  `tax_rate2` decimal(20,6) NOT NULL,
  `tax_name3` varchar(191) DEFAULT NULL,
  `tax_rate3` decimal(20,6) NOT NULL,
  `total_taxes` decimal(20,6) NOT NULL,
  `custom_value1` text NOT NULL,
  `custom_value2` text NOT NULL,
  `custom_value3` text NOT NULL,
  `custom_value4` text NOT NULL,
  `amount` decimal(20,6) NOT NULL,
  `balance` decimal(20,6) NOT NULL,
  `last_viewed` datetime DEFAULT NULL,
  `frequency_id` int(10) UNSIGNED NOT NULL,
  `last_sent_date` datetime DEFAULT NULL,
  `next_send_date` datetime DEFAULT NULL,
  `remaining_cycles` int(10) UNSIGNED DEFAULT NULL,
  `created_at` timestamp(6) NULL DEFAULT NULL,
  `updated_at` timestamp(6) NULL DEFAULT NULL,
  `deleted_at` timestamp(6) NULL DEFAULT NULL,
  `auto_bill` varchar(191) NOT NULL DEFAULT 'off',
  `auto_bill_enabled` tinyint(1) NOT NULL DEFAULT 0,
  `paid_to_date` decimal(20,6) NOT NULL DEFAULT 0.000000,
  `custom_surcharge1` decimal(20,6) DEFAULT NULL,
  `custom_surcharge2` decimal(20,6) DEFAULT NULL,
  `custom_surcharge3` decimal(20,6) DEFAULT NULL,
  `custom_surcharge4` decimal(20,6) DEFAULT NULL,
  `custom_surcharge_tax1` tinyint(1) NOT NULL DEFAULT 0,
  `custom_surcharge_tax2` tinyint(1) NOT NULL DEFAULT 0,
  `custom_surcharge_tax3` tinyint(1) NOT NULL DEFAULT 0,
  `custom_surcharge_tax4` tinyint(1) NOT NULL DEFAULT 0,
  `due_date_days` varchar(191) DEFAULT NULL,
  `exchange_rate` decimal(13,6) NOT NULL DEFAULT 1.000000,
  `partial` decimal(16,4) DEFAULT NULL,
  `partial_due_date` date DEFAULT NULL,
  `subscription_id` int(10) UNSIGNED DEFAULT NULL,
  `uses_inclusive_taxes` tinyint(1) NOT NULL DEFAULT 1
) ENGINE=InnoDB DEFAULT CHARSET=utf8mb4 COLLATE=utf8mb4_unicode_ci;

-- --------------------------------------------------------

--
-- Table structure for table `recurring_quote_invitations`
--

CREATE TABLE `recurring_quote_invitations` (
  `id` int(10) UNSIGNED NOT NULL,
  `company_id` int(10) UNSIGNED NOT NULL,
  `user_id` int(10) UNSIGNED NOT NULL,
  `client_contact_id` int(10) UNSIGNED NOT NULL,
  `recurring_quote_id` int(10) UNSIGNED NOT NULL,
  `key` varchar(191) NOT NULL,
  `transaction_reference` varchar(191) DEFAULT NULL,
  `message_id` varchar(191) DEFAULT NULL,
  `email_error` mediumtext DEFAULT NULL,
  `signature_base64` text DEFAULT NULL,
  `signature_date` datetime DEFAULT NULL,
  `sent_date` datetime DEFAULT NULL,
  `viewed_date` datetime DEFAULT NULL,
  `opened_date` datetime DEFAULT NULL,
  `email_status` enum('delivered','bounced','spam') DEFAULT NULL,
  `created_at` timestamp(6) NULL DEFAULT NULL,
  `updated_at` timestamp(6) NULL DEFAULT NULL,
  `deleted_at` timestamp(6) NULL DEFAULT NULL
) ENGINE=InnoDB DEFAULT CHARSET=utf8mb4 COLLATE=utf8mb4_unicode_ci;

-- --------------------------------------------------------

--
-- Table structure for table `scheduled_messages`
--

CREATE TABLE `scheduled_messages` (
  `id` bigint(20) UNSIGNED NOT NULL,
  `device_id` bigint(20) UNSIGNED NOT NULL,
  `text` text DEFAULT NULL,
  `message_template_id` bigint(20) UNSIGNED DEFAULT NULL,
  `frequency` enum('every_minute','daily','weekly','monthly') NOT NULL,
  `next_run_date` datetime NOT NULL,
  `created_at` timestamp NULL DEFAULT NULL,
  `updated_at` timestamp NULL DEFAULT NULL
) ENGINE=InnoDB DEFAULT CHARSET=utf8mb4 COLLATE=utf8mb4_unicode_ci;

-- --------------------------------------------------------

--
-- Table structure for table `schedulers`
--

CREATE TABLE `schedulers` (
  `id` bigint(20) UNSIGNED NOT NULL,
  `is_deleted` tinyint(1) NOT NULL DEFAULT 0,
  `created_at` timestamp NULL DEFAULT NULL,
  `updated_at` timestamp NULL DEFAULT NULL,
  `deleted_at` timestamp NULL DEFAULT NULL,
  `parameters` mediumtext DEFAULT NULL,
  `company_id` int(10) UNSIGNED NOT NULL,
  `is_paused` tinyint(1) NOT NULL DEFAULT 0,
  `frequency_id` int(10) UNSIGNED DEFAULT NULL,
  `next_run` datetime DEFAULT NULL,
  `next_run_client` datetime DEFAULT NULL,
  `user_id` int(10) UNSIGNED NOT NULL,
  `name` varchar(191) DEFAULT NULL,
  `template` varchar(191) NOT NULL,
  `remaining_cycles` int(11) DEFAULT NULL
) ENGINE=InnoDB DEFAULT CHARSET=utf8mb4 COLLATE=utf8mb4_unicode_ci;

-- --------------------------------------------------------

--
-- Table structure for table `sizes`
--

CREATE TABLE `sizes` (
  `id` int(10) UNSIGNED NOT NULL,
  `name` varchar(191) NOT NULL
) ENGINE=InnoDB DEFAULT CHARSET=utf8mb4 COLLATE=utf8mb4_unicode_ci;

--
-- Dumping data for table `sizes`
--

INSERT INTO `sizes` (`id`, `name`) VALUES
(1, '1 - 3'),
(2, '4 - 10'),
(3, '11 - 50'),
(4, '51 - 100'),
(5, '101 - 500'),
(6, '500+');

-- --------------------------------------------------------

--
-- Table structure for table `subscriptions`
--

CREATE TABLE `subscriptions` (
  `id` int(10) UNSIGNED NOT NULL,
  `user_id` int(10) UNSIGNED NOT NULL,
  `assigned_user_id` int(10) UNSIGNED DEFAULT NULL,
  `company_id` int(10) UNSIGNED NOT NULL,
  `product_ids` text DEFAULT NULL,
  `frequency_id` int(10) UNSIGNED DEFAULT NULL,
  `auto_bill` text DEFAULT NULL,
  `promo_code` text DEFAULT NULL,
  `promo_discount` double NOT NULL DEFAULT 0,
  `is_amount_discount` tinyint(1) NOT NULL DEFAULT 0,
  `allow_cancellation` tinyint(1) NOT NULL DEFAULT 1,
  `per_seat_enabled` tinyint(1) NOT NULL DEFAULT 0,
  `min_seats_limit` int(10) UNSIGNED NOT NULL,
  `max_seats_limit` int(10) UNSIGNED NOT NULL,
  `trial_enabled` tinyint(1) NOT NULL DEFAULT 0,
  `trial_duration` int(10) UNSIGNED NOT NULL,
  `allow_query_overrides` tinyint(1) NOT NULL DEFAULT 0,
  `allow_plan_changes` tinyint(1) NOT NULL DEFAULT 0,
  `plan_map` text DEFAULT NULL,
  `refund_period` int(10) UNSIGNED DEFAULT NULL,
  `webhook_configuration` mediumtext NOT NULL,
  `deleted_at` timestamp(6) NULL DEFAULT NULL,
  `is_deleted` tinyint(1) NOT NULL DEFAULT 0,
  `created_at` timestamp NULL DEFAULT NULL,
  `updated_at` timestamp NULL DEFAULT NULL,
  `currency_id` int(10) UNSIGNED DEFAULT NULL,
  `recurring_product_ids` text DEFAULT NULL,
  `name` varchar(191) NOT NULL,
  `group_id` int(10) UNSIGNED DEFAULT NULL,
  `price` decimal(20,6) NOT NULL DEFAULT 0.000000,
  `promo_price` decimal(20,6) NOT NULL DEFAULT 0.000000,
  `registration_required` tinyint(1) NOT NULL DEFAULT 0,
  `use_inventory_management` tinyint(1) NOT NULL DEFAULT 0,
  `optional_product_ids` text DEFAULT NULL,
  `optional_recurring_product_ids` text DEFAULT NULL,
  `steps` varchar(191) DEFAULT NULL,
  `remaining_cycles` int(11) DEFAULT -1
) ENGINE=InnoDB DEFAULT CHARSET=utf8mb4 COLLATE=utf8mb4_unicode_ci;

-- --------------------------------------------------------

--
-- Table structure for table `system_logs`
--

CREATE TABLE `system_logs` (
  `id` int(10) UNSIGNED NOT NULL,
  `company_id` int(10) UNSIGNED NOT NULL,
  `user_id` int(10) UNSIGNED DEFAULT NULL,
  `client_id` int(10) UNSIGNED DEFAULT NULL,
  `category_id` int(10) UNSIGNED DEFAULT NULL,
  `event_id` int(10) UNSIGNED DEFAULT NULL,
  `type_id` int(10) UNSIGNED DEFAULT NULL,
  `log` mediumtext NOT NULL,
  `created_at` timestamp(6) NULL DEFAULT NULL,
  `updated_at` timestamp(6) NULL DEFAULT NULL,
  `deleted_at` timestamp(6) NULL DEFAULT NULL
) ENGINE=InnoDB DEFAULT CHARSET=utf8mb4 COLLATE=utf8mb4_unicode_ci;

-- --------------------------------------------------------

--
-- Table structure for table `tasks`
--

CREATE TABLE `tasks` (
  `id` int(10) UNSIGNED NOT NULL,
  `user_id` int(10) UNSIGNED NOT NULL,
  `assigned_user_id` int(10) UNSIGNED DEFAULT NULL,
  `company_id` int(10) UNSIGNED NOT NULL,
  `client_id` int(10) UNSIGNED DEFAULT NULL,
  `invoice_id` int(10) UNSIGNED DEFAULT NULL,
  `project_id` int(10) UNSIGNED DEFAULT NULL,
  `status_id` int(10) UNSIGNED DEFAULT NULL,
  `status_sort_order` int(11) DEFAULT NULL,
  `created_at` timestamp(6) NULL DEFAULT NULL,
  `updated_at` timestamp(6) NULL DEFAULT NULL,
  `deleted_at` timestamp NULL DEFAULT NULL,
  `custom_value1` text NOT NULL,
  `custom_value2` text NOT NULL,
  `custom_value3` text NOT NULL,
  `custom_value4` text NOT NULL,
  `duration` int(10) UNSIGNED DEFAULT NULL,
  `description` text DEFAULT NULL,
  `is_deleted` tinyint(1) NOT NULL DEFAULT 0,
  `is_running` tinyint(1) NOT NULL DEFAULT 0,
  `time_log` text DEFAULT NULL,
  `number` varchar(191) DEFAULT NULL,
  `rate` decimal(20,6) NOT NULL,
  `invoice_documents` tinyint(1) NOT NULL DEFAULT 0,
  `is_date_based` tinyint(1) NOT NULL DEFAULT 0,
  `status_order` int(11) DEFAULT NULL,
  `calculated_start_date` date DEFAULT NULL,
  `hash` varchar(191) DEFAULT NULL,
  `meta` text DEFAULT NULL
) ENGINE=InnoDB DEFAULT CHARSET=utf8mb4 COLLATE=utf8mb4_unicode_ci;

--
-- Dumping data for table `tasks`
--

INSERT INTO `tasks` (`id`, `user_id`, `assigned_user_id`, `company_id`, `client_id`, `invoice_id`, `project_id`, `status_id`, `status_sort_order`, `created_at`, `updated_at`, `deleted_at`, `custom_value1`, `custom_value2`, `custom_value3`, `custom_value4`, `duration`, `description`, `is_deleted`, `is_running`, `time_log`, `number`, `rate`, `invoice_documents`, `is_date_based`, `status_order`, `calculated_start_date`, `hash`, `meta`) VALUES
(1, 1, NULL, 1, NULL, NULL, NULL, NULL, NULL, '2025-07-30 01:40:57.063480', '2025-07-30 01:40:57.063480', NULL, '', '', '', '', NULL, 'Ipsa ut nobis repellat vitae ipsa.', 0, 0, NULL, NULL, 0.000000, 0, 0, NULL, NULL, NULL, NULL),
(2, 2, NULL, 2, NULL, NULL, NULL, NULL, NULL, '2025-07-30 01:41:05.184386', '2025-07-30 01:41:05.184386', NULL, '', '', '', '', NULL, 'Harum odit praesentium ipsam consequatur et esse.', 0, 0, NULL, NULL, 0.000000, 0, 0, NULL, NULL, NULL, NULL),
(3, 2, NULL, 2, NULL, NULL, NULL, NULL, NULL, '2025-07-30 01:41:09.585224', '2025-07-30 01:41:09.585224', NULL, '', '', '', '', NULL, 'Dolorem magnam earum ut esse quos.', 0, 0, NULL, NULL, 0.000000, 0, 0, NULL, NULL, NULL, NULL),
(4, 2, NULL, 2, NULL, NULL, NULL, NULL, NULL, '2025-07-30 01:41:12.166486', '2025-07-30 01:41:12.166486', NULL, '', '', '', '', NULL, 'Ipsam blanditiis eveniet tempore sint.', 0, 0, NULL, NULL, 0.000000, 0, 0, NULL, NULL, NULL, NULL),
(5, 2, NULL, 2, NULL, NULL, NULL, NULL, NULL, '2025-07-30 01:41:18.204936', '2025-07-30 01:41:18.204936', NULL, '', '', '', '', NULL, 'Itaque fugit odit deserunt et qui temporibus.', 0, 0, NULL, NULL, 0.000000, 0, 0, NULL, NULL, NULL, NULL),
(6, 2, NULL, 2, NULL, NULL, NULL, NULL, NULL, '2025-07-30 01:41:20.997840', '2025-07-30 01:41:20.997840', NULL, '', '', '', '', NULL, 'Corporis ut voluptatem nihil quam.', 0, 0, NULL, NULL, 0.000000, 0, 0, NULL, NULL, NULL, NULL),
(7, 2, NULL, 2, NULL, NULL, NULL, NULL, NULL, '2025-07-30 01:41:25.062424', '2025-07-30 01:41:25.062424', NULL, '', '', '', '', NULL, 'Nihil fugiat harum quia dolorem aliquam est et.', 0, 0, NULL, NULL, 0.000000, 0, 0, NULL, NULL, NULL, NULL),
(8, 2, NULL, 2, NULL, NULL, NULL, NULL, NULL, '2025-07-30 01:41:31.840865', '2025-07-30 01:41:31.840865', NULL, '', '', '', '', NULL, 'Sit ipsum illum sunt velit beatae molestiae.', 0, 0, NULL, NULL, 0.000000, 0, 0, NULL, NULL, NULL, NULL),
(9, 2, NULL, 2, NULL, NULL, NULL, NULL, NULL, '2025-07-30 01:41:35.007202', '2025-07-30 01:41:35.007202', NULL, '', '', '', '', NULL, 'Ut tempora enim nisi corrupti aliquam.', 0, 0, NULL, NULL, 0.000000, 0, 0, NULL, NULL, NULL, NULL),
(10, 2, NULL, 2, NULL, NULL, NULL, NULL, NULL, '2025-07-30 01:41:38.093756', '2025-07-30 01:41:38.093756', NULL, '', '', '', '', NULL, 'Et nisi illo corporis ipsum facere laboriosam.', 0, 0, NULL, NULL, 0.000000, 0, 0, NULL, NULL, NULL, NULL),
(11, 2, NULL, 2, NULL, NULL, NULL, NULL, NULL, '2025-07-30 01:41:45.404958', '2025-07-30 01:41:45.404958', NULL, '', '', '', '', NULL, 'Vel sed minus error quasi molestiae.', 0, 0, NULL, NULL, 0.000000, 0, 0, NULL, NULL, NULL, NULL),
(12, 2, NULL, 2, NULL, NULL, NULL, NULL, NULL, '2025-07-30 01:41:48.213061', '2025-07-30 01:41:48.213061', NULL, '', '', '', '', NULL, 'Cumque magnam et unde explicabo.', 0, 0, NULL, NULL, 0.000000, 0, 0, NULL, NULL, NULL, NULL),
(13, 2, NULL, 2, NULL, NULL, NULL, NULL, NULL, '2025-07-30 01:41:52.043003', '2025-07-30 01:41:52.043003', NULL, '', '', '', '', NULL, 'Sed sint deserunt velit molestiae.', 0, 0, NULL, NULL, 0.000000, 0, 0, NULL, NULL, NULL, NULL),
(14, 2, NULL, 2, NULL, NULL, NULL, NULL, NULL, '2025-07-30 01:41:55.659339', '2025-07-30 01:41:55.659339', NULL, '', '', '', '', NULL, 'Dolores commodi quia fuga omnis quo.', 0, 0, NULL, NULL, 0.000000, 0, 0, NULL, NULL, NULL, NULL),
(15, 2, NULL, 2, NULL, NULL, NULL, NULL, NULL, '2025-07-30 01:41:58.655458', '2025-07-30 01:41:58.655458', NULL, '', '', '', '', NULL, 'Qui quas voluptas ut recusandae.', 0, 0, NULL, NULL, 0.000000, 0, 0, NULL, NULL, NULL, NULL),
(16, 2, NULL, 2, NULL, NULL, NULL, NULL, NULL, '2025-07-30 01:42:02.990092', '2025-07-30 01:42:02.990092', NULL, '', '', '', '', NULL, 'Rerum placeat aut illum aspernatur est.', 0, 0, NULL, NULL, 0.000000, 0, 0, NULL, NULL, NULL, NULL),
(17, 2, NULL, 2, NULL, NULL, NULL, NULL, NULL, '2025-07-30 01:42:09.977109', '2025-07-30 01:42:09.977109', NULL, '', '', '', '', NULL, 'Aut beatae voluptatem architecto possimus.', 0, 0, NULL, NULL, 0.000000, 0, 0, NULL, NULL, NULL, NULL),
(18, 2, NULL, 2, NULL, NULL, NULL, NULL, NULL, '2025-07-30 01:42:14.636988', '2025-07-30 01:42:14.636988', NULL, '', '', '', '', NULL, 'Ea alias laborum nesciunt ducimus.', 0, 0, NULL, NULL, 0.000000, 0, 0, NULL, NULL, NULL, NULL),
(19, 2, NULL, 2, NULL, NULL, NULL, NULL, NULL, '2025-07-30 01:42:17.029004', '2025-07-30 01:42:17.029004', NULL, '', '', '', '', NULL, 'Odit voluptatem corporis sequi.', 0, 0, NULL, NULL, 0.000000, 0, 0, NULL, NULL, NULL, NULL),
(20, 2, NULL, 2, NULL, NULL, NULL, NULL, NULL, '2025-07-30 01:42:21.102944', '2025-07-30 01:42:21.102944', NULL, '', '', '', '', NULL, 'Voluptas sit voluptatem eum eligendi.', 0, 0, NULL, NULL, 0.000000, 0, 0, NULL, NULL, NULL, NULL);

-- --------------------------------------------------------

--
-- Table structure for table `task_statuses`
--

CREATE TABLE `task_statuses` (
  `id` int(10) UNSIGNED NOT NULL,
  `name` varchar(191) DEFAULT NULL,
  `company_id` int(10) UNSIGNED DEFAULT NULL,
  `user_id` int(10) UNSIGNED DEFAULT NULL,
  `is_deleted` tinyint(1) NOT NULL DEFAULT 0,
  `created_at` timestamp(6) NULL DEFAULT NULL,
  `updated_at` timestamp(6) NULL DEFAULT NULL,
  `deleted_at` timestamp(6) NULL DEFAULT NULL,
  `status_sort_order` int(11) DEFAULT NULL,
  `color` varchar(191) NOT NULL DEFAULT '#fff',
  `status_order` int(11) DEFAULT NULL
) ENGINE=InnoDB DEFAULT CHARSET=utf8mb4 COLLATE=utf8mb4_unicode_ci;

-- --------------------------------------------------------

--
-- Table structure for table `tax_rates`
--

CREATE TABLE `tax_rates` (
  `id` int(10) UNSIGNED NOT NULL,
  `company_id` int(10) UNSIGNED NOT NULL,
  `user_id` int(10) UNSIGNED DEFAULT NULL,
  `created_at` timestamp(6) NULL DEFAULT NULL,
  `updated_at` timestamp(6) NULL DEFAULT NULL,
  `deleted_at` timestamp(6) NULL DEFAULT NULL,
  `name` varchar(100) NOT NULL,
  `rate` decimal(20,6) NOT NULL,
  `is_deleted` tinyint(1) NOT NULL DEFAULT 0
) ENGINE=InnoDB DEFAULT CHARSET=utf8mb4 COLLATE=utf8mb4_unicode_ci;

-- --------------------------------------------------------

--
-- Table structure for table `timezones`
--

CREATE TABLE `timezones` (
  `id` int(10) UNSIGNED NOT NULL,
  `name` varchar(191) NOT NULL,
  `location` varchar(191) NOT NULL,
  `utc_offset` int(11) NOT NULL DEFAULT 0
) ENGINE=InnoDB DEFAULT CHARSET=utf8mb4 COLLATE=utf8mb4_unicode_ci;

--
-- Dumping data for table `timezones`
--

INSERT INTO `timezones` (`id`, `name`, `location`, `utc_offset`) VALUES
(1, 'Pacific/Midway', '(GMT-11:00) Midway Island', -39600),
(2, 'Pacific/Pago_Pago', '(GMT-11:00) Samoa', -39600),
(3, 'Pacific/Honolulu', '(GMT-10:00) Hawaii', -36000),
(4, 'America/Anchorage', '(GMT-09:00) Alaska', -32400),
(5, 'America/Los_Angeles', '(GMT-08:00) Pacific Time (US & Canada)', -28800),
(6, 'America/Tijuana', '(GMT-08:00) Tijuana', -28800),
(7, 'America/Phoenix', '(GMT-07:00) Arizona', -25200),
(8, 'America/Denver', '(GMT-07:00) Mountain Time (US & Canada)', -25200),
(9, 'America/Chihuahua', '(GMT-07:00) Chihuahua', -25200),
(10, 'America/Mazatlan', '(GMT-07:00) Mazatlan', -25200),
(11, 'America/Mexico_City', '(GMT-06:00) Mexico City', -21600),
(12, 'America/Monterrey', '(GMT-06:00) Monterrey', -21600),
(13, 'America/Regina', '(GMT-06:00) Saskatchewan', -21600),
(14, 'America/Chicago', '(GMT-06:00) Central Time (US & Canada)', -21600),
(15, 'America/New_York', '(GMT-05:00) Eastern Time (US & Canada)', -18000),
(16, 'America/Indiana/Indianapolis', '(GMT-05:00) Indiana (East)', -18000),
(17, 'America/Bogota', '(GMT-05:00) Bogota', -18000),
(18, 'America/Lima', '(GMT-05:00) Lima', -18000),
(19, 'America/Caracas', '(GMT-04:00) Caracas', -14400),
(20, 'America/Halifax', '(GMT-04:00) Atlantic Time (Canada)', -14400),
(21, 'America/La_Paz', '(GMT-04:00) La Paz', -14400),
(22, 'America/Santiago', '(GMT-04:00) Santiago', -14400),
(23, 'America/St_Johns', '(GMT-03:30) Newfoundland', -12600),
(24, 'America/Argentina/Buenos_Aires', '(GMT-03:00) Buenos Aires', -10800),
(25, 'America/Godthab', '(GMT-03:00) Greenland', -10800),
(26, 'America/Sao_Paulo', '(GMT-03:00) Sao Paulo', -10800),
(27, 'Atlantic/Stanley', '(GMT-02:00) Stanley', -7200),
(28, 'Atlantic/Azores', '(GMT-01:00) Azores', -3600),
(29, 'Atlantic/Cape_Verde', '(GMT-01:00) Cape Verde Is.', -3600),
(30, 'Africa/Casablanca', '(GMT) Casablanca', 0),
(31, 'Europe/Dublin', '(GMT) Dublin', 0),
(32, 'Europe/Lisbon', '(GMT) Lisbon', 0),
(33, 'Europe/London', '(GMT) London', 0),
(34, 'Africa/Monrovia', '(GMT) Monrovia', 0),
(35, 'Europe/Amsterdam', '(GMT+01:00) Amsterdam', 3600),
(36, 'Europe/Belgrade', '(GMT+01:00) Belgrade', 3600),
(37, 'Europe/Berlin', '(GMT+01:00) Berlin', 3600),
(38, 'Europe/Bratislava', '(GMT+01:00) Bratislava', 3600),
(39, 'Europe/Brussels', '(GMT+01:00) Brussels', 3600),
(40, 'Europe/Budapest', '(GMT+01:00) Budapest', 3600),
(41, 'Europe/Copenhagen', '(GMT+01:00) Copenhagen', 3600),
(42, 'Europe/Ljubljana', '(GMT+01:00) Ljubljana', 3600),
(43, 'Europe/Madrid', '(GMT+01:00) Madrid', 3600),
(44, 'Europe/Paris', '(GMT+01:00) Paris', 3600),
(45, 'Europe/Prague', '(GMT+01:00) Prague', 3600),
(46, 'Europe/Rome', '(GMT+01:00) Rome', 3600),
(47, 'Europe/Sarajevo', '(GMT+01:00) Sarajevo', 3600),
(48, 'Europe/Skopje', '(GMT+01:00) Skopje', 3600),
(49, 'Europe/Stockholm', '(GMT+01:00) Stockholm', 3600),
(50, 'Europe/Vienna', '(GMT+01:00) Vienna', 3600),
(51, 'Europe/Warsaw', '(GMT+01:00) Warsaw', 3600),
(52, 'Europe/Zagreb', '(GMT+01:00) Zagreb', 3600),
(53, 'Europe/Athens', '(GMT+02:00) Athens', 7200),
(54, 'Europe/Bucharest', '(GMT+02:00) Bucharest', 7200),
(55, 'Africa/Cairo', '(GMT+02:00) Cairo', 7200),
(56, 'Africa/Harare', '(GMT+02:00) Harare', 7200),
(57, 'Europe/Helsinki', '(GMT+02:00) Helsinki', 7200),
(58, 'Asia/Jerusalem', '(GMT+02:00) Jerusalem', 7200),
(59, 'Europe/Kiev', '(GMT+02:00) Kyiv', 7200),
(60, 'Europe/Minsk', '(GMT+02:00) Minsk', 7200),
(61, 'Europe/Riga', '(GMT+02:00) Riga', 7200),
(62, 'Europe/Sofia', '(GMT+02:00) Sofia', 7200),
(63, 'Europe/Tallinn', '(GMT+02:00) Tallinn', 7200),
(64, 'Europe/Vilnius', '(GMT+02:00) Vilnius', 7200),
(65, 'Europe/Istanbul', '(GMT+03:00) Istanbul', 10800),
(66, 'Asia/Baghdad', '(GMT+03:00) Baghdad', 10800),
(67, 'Asia/Kuwait', '(GMT+03:00) Kuwait', 10800),
(68, 'Africa/Nairobi', '(GMT+03:00) Nairobi', 10800),
(69, 'Asia/Riyadh', '(GMT+03:00) Riyadh', 10800),
(70, 'Asia/Tehran', '(GMT+03:30) Tehran', 12600),
(71, 'Europe/Moscow', '(GMT+04:00) Moscow', 14400),
(72, 'Asia/Baku', '(GMT+04:00) Baku', 14400),
(73, 'Europe/Volgograd', '(GMT+04:00) Volgograd', 14400),
(74, 'Asia/Muscat', '(GMT+04:00) Muscat', 14400),
(75, 'Asia/Tbilisi', '(GMT+04:00) Tbilisi', 14400),
(76, 'Asia/Yerevan', '(GMT+04:00) Yerevan', 14400),
(77, 'Asia/Kabul', '(GMT+04:30) Kabul', 16200),
(78, 'Asia/Karachi', '(GMT+05:00) Karachi', 18000),
(79, 'Asia/Tashkent', '(GMT+05:00) Tashkent', 18000),
(80, 'Asia/Kolkata', '(GMT+05:30) Kolkata', 19800),
(81, 'Asia/Kathmandu', '(GMT+05:45) Kathmandu', 20700),
(82, 'Asia/Yekaterinburg', '(GMT+06:00) Ekaterinburg', 21600),
(83, 'Asia/Almaty', '(GMT+06:00) Almaty', 21600),
(84, 'Asia/Dhaka', '(GMT+06:00) Dhaka', 21600),
(85, 'Asia/Novosibirsk', '(GMT+07:00) Novosibirsk', 25200),
(86, 'Asia/Bangkok', '(GMT+07:00) Bangkok', 25200),
(87, 'Asia/Ho_Chi_Minh', '(GMT+07.00) Ho Chi Minh', 25200),
(88, 'Asia/Jakarta', '(GMT+07:00) Jakarta', 25200),
(89, 'Asia/Krasnoyarsk', '(GMT+08:00) Krasnoyarsk', 28800),
(90, 'Asia/Chongqing', '(GMT+08:00) Chongqing', 28800),
(91, 'Asia/Hong_Kong', '(GMT+08:00) Hong Kong', 28800),
(92, 'Asia/Kuala_Lumpur', '(GMT+08:00) Kuala Lumpur', 28800),
(93, 'Australia/Perth', '(GMT+08:00) Perth', 28800),
(94, 'Asia/Singapore', '(GMT+08:00) Singapore', 28800),
(95, 'Asia/Taipei', '(GMT+08:00) Taipei', 28800),
(96, 'Asia/Ulaanbaatar', '(GMT+08:00) Ulaan Bataar', 28800),
(97, 'Asia/Urumqi', '(GMT+08:00) Urumqi', 28800),
(98, 'Asia/Irkutsk', '(GMT+09:00) Irkutsk', 32400),
(99, 'Asia/Seoul', '(GMT+09:00) Seoul', 32400),
(100, 'Asia/Tokyo', '(GMT+09:00) Tokyo', 32400),
(101, 'Australia/Adelaide', '(GMT+09:30) Adelaide', 34200),
(102, 'Australia/Darwin', '(GMT+09:30) Darwin', 34200),
(103, 'Asia/Yakutsk', '(GMT+10:00) Yakutsk', 36000),
(104, 'Australia/Brisbane', '(GMT+10:00) Brisbane', 36000),
(105, 'Australia/Sydney', '(GMT+10:00) Canberra', 36000),
(106, 'Pacific/Guam', '(GMT+10:00) Guam', 36000),
(107, 'Australia/Hobart', '(GMT+10:00) Hobart', 36000),
(108, 'Australia/Melbourne', '(GMT+10:00) Melbourne', 36000),
(109, 'Pacific/Port_Moresby', '(GMT+10:00) Port Moresby', 36000),
(110, 'Australia/Sydney', '(GMT+10:00) Sydney', 36000),
(111, 'Asia/Vladivostok', '(GMT+11:00) Vladivostok', 39600),
(112, 'Asia/Magadan', '(GMT+12:00) Magadan', 43200),
(113, 'Pacific/Auckland', '(GMT+12:00) Auckland', 43200),
(114, 'Pacific/Fiji', '(GMT+12:00) Fiji', 43200),
(115, 'Asia/Dubai', '(GMT+04:00) Dubai', 14400);

-- --------------------------------------------------------

--
-- Table structure for table `transaction_events`
--

CREATE TABLE `transaction_events` (
  `id` int(10) UNSIGNED NOT NULL,
  `client_id` int(10) UNSIGNED NOT NULL,
  `invoice_id` int(10) UNSIGNED NOT NULL,
  `payment_id` int(10) UNSIGNED NOT NULL,
  `credit_id` int(10) UNSIGNED NOT NULL,
  `client_balance` decimal(16,4) NOT NULL DEFAULT 0.0000,
  `client_paid_to_date` decimal(16,4) NOT NULL DEFAULT 0.0000,
  `client_credit_balance` decimal(16,4) NOT NULL DEFAULT 0.0000,
  `invoice_balance` decimal(16,4) NOT NULL DEFAULT 0.0000,
  `invoice_amount` decimal(16,4) NOT NULL DEFAULT 0.0000,
  `invoice_partial` decimal(16,4) NOT NULL DEFAULT 0.0000,
  `invoice_paid_to_date` decimal(16,4) NOT NULL DEFAULT 0.0000,
  `invoice_status` int(10) UNSIGNED DEFAULT NULL,
  `payment_amount` decimal(16,4) NOT NULL DEFAULT 0.0000,
  `payment_applied` decimal(16,4) NOT NULL DEFAULT 0.0000,
  `payment_refunded` decimal(16,4) NOT NULL DEFAULT 0.0000,
  `payment_status` int(10) UNSIGNED DEFAULT NULL,
  `paymentables` mediumtext DEFAULT NULL,
  `event_id` int(10) UNSIGNED NOT NULL,
  `timestamp` int(10) UNSIGNED NOT NULL,
  `payment_request` mediumtext DEFAULT NULL,
  `metadata` mediumtext DEFAULT NULL,
  `credit_balance` decimal(16,4) NOT NULL DEFAULT 0.0000,
  `credit_amount` decimal(16,4) NOT NULL DEFAULT 0.0000,
  `credit_status` int(10) UNSIGNED DEFAULT NULL
) ENGINE=InnoDB DEFAULT CHARSET=utf8mb4 COLLATE=utf8mb4_unicode_ci;

-- --------------------------------------------------------

--
-- Table structure for table `users`
--

CREATE TABLE `users` (
  `id` int(10) UNSIGNED NOT NULL,
  `account_id` int(10) UNSIGNED NOT NULL,
  `first_name` varchar(191) DEFAULT NULL,
  `last_name` varchar(191) DEFAULT NULL,
  `phone` varchar(191) DEFAULT NULL,
  `ip` varchar(191) DEFAULT NULL,
  `device_token` varchar(191) DEFAULT NULL,
  `email` varchar(100) NOT NULL,
  `email_verified_at` timestamp NULL DEFAULT NULL,
  `confirmation_code` varchar(191) DEFAULT NULL,
  `theme_id` int(11) DEFAULT NULL,
  `failed_logins` smallint(6) DEFAULT NULL,
  `referral_code` varchar(191) DEFAULT NULL,
  `oauth_user_id` varchar(100) DEFAULT NULL,
  `oauth_user_token` varchar(191) DEFAULT NULL,
  `oauth_provider_id` varchar(191) DEFAULT NULL,
  `google_2fa_secret` text NOT NULL,
  `accepted_terms_version` varchar(191) DEFAULT NULL,
  `avatar` varchar(100) DEFAULT NULL,
  `avatar_width` int(10) UNSIGNED DEFAULT NULL,
  `avatar_height` int(10) UNSIGNED DEFAULT NULL,
  `avatar_size` int(10) UNSIGNED DEFAULT NULL,
  `is_deleted` tinyint(1) NOT NULL DEFAULT 0,
  `last_login` datetime DEFAULT NULL,
  `signature` mediumtext DEFAULT NULL,
  `password` varchar(191) NOT NULL,
  `remember_token` varchar(100) DEFAULT NULL,
  `custom_value1` text NOT NULL,
  `custom_value2` text NOT NULL,
  `custom_value3` text NOT NULL,
  `custom_value4` text NOT NULL,
  `created_at` timestamp(6) NULL DEFAULT NULL,
  `updated_at` timestamp(6) NULL DEFAULT NULL,
  `deleted_at` timestamp(6) NULL DEFAULT NULL,
  `oauth_user_refresh_token` text NOT NULL,
  `last_confirmed_email_address` varchar(191) DEFAULT NULL,
  `has_password` tinyint(1) NOT NULL DEFAULT 0,
  `oauth_user_token_expiry` datetime DEFAULT NULL,
  `sms_verification_code` varchar(191) DEFAULT NULL,
  `verified_phone_number` tinyint(1) NOT NULL DEFAULT 0,
  `shopify_user_id` bigint(20) UNSIGNED DEFAULT NULL,
  `language_id` varchar(191) DEFAULT NULL,
  `user_logged_in_notification` tinyint(1) NOT NULL DEFAULT 1,
  `referral_meta` mediumtext DEFAULT NULL,
  `referral_earnings` mediumtext DEFAULT NULL
) ENGINE=InnoDB DEFAULT CHARSET=utf8mb4 COLLATE=utf8mb4_unicode_ci;

--
-- Dumping data for table `users`
--

INSERT INTO `users` (`id`, `account_id`, `first_name`, `last_name`, `phone`, `ip`, `device_token`, `email`, `email_verified_at`, `confirmation_code`, `theme_id`, `failed_logins`, `referral_code`, `oauth_user_id`, `oauth_user_token`, `oauth_provider_id`, `google_2fa_secret`, `accepted_terms_version`, `avatar`, `avatar_width`, `avatar_height`, `avatar_size`, `is_deleted`, `last_login`, `signature`, `password`, `remember_token`, `custom_value1`, `custom_value2`, `custom_value3`, `custom_value4`, `created_at`, `updated_at`, `deleted_at`, `oauth_user_refresh_token`, `last_confirmed_email_address`, `has_password`, `oauth_user_token_expiry`, `sms_verification_code`, `verified_phone_number`, `shopify_user_id`, `language_id`, `user_logged_in_notification`, `referral_meta`, `referral_earnings`) VALUES
(1, 1, 'Roberto Heidenreich', 'Dallas Donnelly', '+1-831-231-8236', NULL, NULL, 'small@example.com', '2025-07-30 01:40:50', 'fHs4B8eKie0sXjnfiRBKpNRD296z7sYO', NULL, NULL, NULL, NULL, NULL, NULL, '', NULL, NULL, NULL, NULL, NULL, 0, NULL, NULL, '$2y$10$b9ym7QjpyE8Tx0omod321.ERnCmrEd3BBzkdqU6TL8ggQGJi2T9Wi', 'j9N0GQYCg6', '', '', '', '', '2025-07-30 01:40:50.184365', '2025-07-30 01:40:50.204176', NULL, '', NULL, 0, NULL, NULL, 0, NULL, NULL, 1, NULL, NULL),
(2, 2, 'Nicklaus Mann', 'Sandrine Crist IV', '240.404.4249', NULL, NULL, 'medium@example.com', '2025-07-30 01:40:57', 'MqgzPH2if8purttuTDfxvJ2cqWfYyUZg', NULL, NULL, NULL, NULL, NULL, NULL, '', NULL, NULL, NULL, NULL, NULL, 0, NULL, NULL, '$2y$10$JJjwgxTo8jt04X66H5E5ve5ZBbr2NGN/OLlULBGbTy02B.gUKUdmK', 'KH0BvXABeb', '', '', '', '', '2025-07-30 01:40:57.181573', '2025-07-30 01:40:57.191379', NULL, '', NULL, 0, NULL, NULL, 0, NULL, NULL, 1, NULL, NULL);

-- --------------------------------------------------------

--
-- Table structure for table `vendors`
--

CREATE TABLE `vendors` (
  `id` int(10) UNSIGNED NOT NULL,
  `created_at` timestamp(6) NULL DEFAULT NULL,
  `updated_at` timestamp(6) NULL DEFAULT NULL,
  `deleted_at` timestamp NULL DEFAULT NULL,
  `user_id` int(10) UNSIGNED NOT NULL,
  `assigned_user_id` int(10) UNSIGNED DEFAULT NULL,
  `company_id` int(10) UNSIGNED NOT NULL,
  `currency_id` int(10) UNSIGNED DEFAULT NULL,
  `name` varchar(191) DEFAULT NULL,
  `address1` varchar(191) DEFAULT NULL,
  `address2` varchar(191) DEFAULT NULL,
  `city` varchar(191) DEFAULT NULL,
  `state` varchar(191) DEFAULT NULL,
  `postal_code` varchar(191) DEFAULT NULL,
  `country_id` int(10) UNSIGNED DEFAULT NULL,
  `phone` varchar(191) DEFAULT NULL,
  `private_notes` text DEFAULT NULL,
  `website` varchar(191) DEFAULT NULL,
  `is_deleted` tinyint(4) NOT NULL DEFAULT 0,
  `vat_number` varchar(191) DEFAULT NULL,
  `transaction_name` varchar(191) DEFAULT NULL,
  `number` varchar(191) DEFAULT NULL,
  `custom_value1` text NOT NULL,
  `custom_value2` text NOT NULL,
  `custom_value3` text NOT NULL,
  `custom_value4` text NOT NULL,
  `vendor_hash` text DEFAULT NULL,
  `public_notes` text DEFAULT NULL,
  `id_number` varchar(191) DEFAULT NULL,
  `language_id` int(10) UNSIGNED DEFAULT NULL,
  `last_login` timestamp NULL DEFAULT NULL,
  `classification` varchar(191) DEFAULT NULL,
  `is_tax_exempt` tinyint(1) NOT NULL DEFAULT 0,
  `routing_id` varchar(191) DEFAULT NULL
) ENGINE=InnoDB DEFAULT CHARSET=utf8mb4 COLLATE=utf8mb4_unicode_ci;

--
-- Dumping data for table `vendors`
--

INSERT INTO `vendors` (`id`, `created_at`, `updated_at`, `deleted_at`, `user_id`, `assigned_user_id`, `company_id`, `currency_id`, `name`, `address1`, `address2`, `city`, `state`, `postal_code`, `country_id`, `phone`, `private_notes`, `website`, `is_deleted`, `vat_number`, `transaction_name`, `number`, `custom_value1`, `custom_value2`, `custom_value3`, `custom_value4`, `vendor_hash`, `public_notes`, `id_number`, `language_id`, `last_login`, `classification`, `is_tax_exempt`, `routing_id`) VALUES
(1, '2025-07-30 01:40:56.664110', '2025-07-30 01:40:57.051788', NULL, 1, NULL, 1, 1, 'Manley Schamberger', '88858', '3363 Schiller Center', 'Gonzalostad', 'Hawaii', '41614', 4, NULL, 'Et corporis est delectus. Iusto laborum tempore praesentium quisquam ipsum. Dicta vel vel beatae ipsam.', 'http://hoppe.com/consequatur-et-nesciunt-laboriosam-neque-similique-est-quia', 0, 'Et vero sint vero.', NULL, NULL, 'Optio similique est.', 'Distinctio porro.', 'Qui sint dolorem.', 'Dolorem omnis ullam.', 'hOHxCZgDRzLDraGjQbBuxd9mQFKulFtoZHqBXCgs', NULL, 'Vel aut ipsam ipsum.', NULL, NULL, NULL, 0, NULL),
(2, '2025-07-30 01:41:04.876838', '2025-07-30 01:41:05.173785', NULL, 2, NULL, 2, 1, 'Mrs. Rosie Swift', '43068', '669 Bayer Street', 'New Lourdes', 'Nebraska', '97842', 4, NULL, 'Facere nemo dolorem aspernatur nobis perspiciatis est assumenda. Dolorem labore sed enim non. Quia et quae ullam dolore rerum velit rerum. Itaque mollitia minus aut consequatur et.', 'http://www.hamill.com/officia-aut-odit-voluptatem-sunt-officiis-voluptatum', 0, 'Corrupti qui modi quia.', NULL, NULL, 'Optio veritatis.', 'Aliquid facere.', 'Voluptatem ipsum.', 'Facere consectetur.', '2SIDvus9vn624NuBJA6qjDBDd2xjdCrxhmY7A6Rd', NULL, 'Qui autem error.', NULL, NULL, NULL, 0, NULL),
(3, '2025-07-30 01:41:09.178428', '2025-07-30 01:41:09.575976', NULL, 2, NULL, 2, 1, 'Prof. Carmela Collins MD', '59327', '33278 Feeney Orchard Suite 767', 'Koelpinbury', 'Oregon', '03550-1315', 4, NULL, 'Ut nam facere sit nihil et aut. Ipsa et cumque asperiores incidunt. Doloribus pariatur explicabo sit nostrum. Iure ut distinctio eius optio odit laboriosam quasi.', 'http://www.medhurst.org/laudantium-repellat-voluptatem-sapiente-occaecati-minus-quis-vel', 0, 'Vel et vel earum qui.', NULL, NULL, 'Rerum officia.', 'Quia officia.', 'Autem quaerat quae.', 'Minima distinctio.', 'syLMurx8nyWpq6LnYAD4xW241UI0134yCxFxKA43', NULL, 'Ut assumenda.', NULL, NULL, NULL, 0, NULL),
(4, '2025-07-30 01:41:11.690125', '2025-07-30 01:41:12.113859', NULL, 2, NULL, 2, 1, 'Jason Swaniawski', '43527', '736 Aufderhar Village', 'Spinkabury', 'Florida', '64701-4475', 4, NULL, 'Et amet dolores saepe. Numquam sed amet non ab et numquam et. Nostrum unde perspiciatis molestias dolores quia velit in recusandae. Et iure amet soluta velit quod eos.', 'http://klein.org/aliquid-voluptatem-minima-molestiae-quia-ipsam-architecto-ab', 0, 'Quod et aut amet.', NULL, NULL, 'Aut ipsam quia.', 'Facere voluptas.', 'Ipsam et delectus.', 'Voluptatem omnis.', 'eSz4dPNUcu6noLtTpT5UOMhC820M5257fqZ6BWEM', NULL, 'Ut natus alias.', NULL, NULL, NULL, 0, NULL),
(5, '2025-07-30 01:41:17.886064', '2025-07-30 01:41:18.193821', NULL, 2, NULL, 2, 1, 'Dr. Fermin O\'Reilly DDS', '9576', '5625 Howe Coves Apt. 851', 'Seamusshire', 'Minnesota', '85976', 4, NULL, 'Ipsum cumque cupiditate quisquam est ea et. Quia repellendus exercitationem porro eum natus nostrum.', 'http://lang.org/', 0, 'Culpa id est quo eaque.', NULL, NULL, 'Facere quaerat est.', 'Rerum quis officia.', 'Dicta voluptate.', 'Accusamus sit.', '8Ijehquf9S66k85el09bo9pyJzsqmAQWVTPrGdx4', NULL, 'Consequuntur ea.', NULL, NULL, NULL, 0, NULL),
(6, '2025-07-30 01:41:20.358577', '2025-07-30 01:41:20.986755', NULL, 2, NULL, 2, 1, 'Reilly Denesik', '2752', '5900 Lueilwitz Flat Suite 571', 'Romaineland', 'Arizona', '20609', 4, NULL, 'Enim et eum similique eum. Expedita vero ut inventore. Quisquam possimus ea nisi.', 'https://mann.com/qui-aspernatur-error-temporibus-doloremque-provident-accusantium.html', 0, 'Non est et sunt debitis.', NULL, NULL, 'Sit error.', 'Consequatur et et.', 'Voluptas magni.', 'Commodi illum.', 'At3uKFHpoMgYkHbGw4dBgJzF27tRKpNjd7FLzXoJ', NULL, 'Autem incidunt quos.', NULL, NULL, NULL, 0, NULL),
(7, '2025-07-30 01:41:24.625489', '2025-07-30 01:41:25.051814', NULL, 2, NULL, 2, 1, 'Felix Smith', '58436', '302 Kerluke Circles', 'West Mariannehaven', 'Idaho', '44994-7524', 4, NULL, 'Impedit illo officiis ex cum rem officiis velit debitis. Sunt odio quam perferendis suscipit. Temporibus et quasi recusandae.', 'http://www.denesik.org/quia-rerum-velit-voluptas-veniam-facere-libero', 0, 'Atque minima sit sint.', NULL, NULL, 'Nulla sed.', 'Ex sed.', 'Ut optio porro qui.', 'Occaecati aut in.', 'qleuiuCAolMwzRyqhzpym8BLZrsCYCCl2NUlGgYS', NULL, 'Qui commodi iste.', NULL, NULL, NULL, 0, NULL),
(8, '2025-07-30 01:41:31.486687', '2025-07-30 01:41:31.831167', NULL, 2, NULL, 2, 1, 'Evan Kerluke', '68228', '9629 Augusta Mission', 'VonRuedenport', 'District of Columbia', '08271-7533', 4, NULL, 'Similique vel natus illum consectetur eveniet omnis. Quia amet necessitatibus illo delectus autem.', 'http://murazik.com/magni-quisquam-veniam-distinctio-quia-temporibus-unde-hic-dolore.html', 0, 'Sunt quia est cum autem.', NULL, NULL, 'Consectetur debitis.', 'In labore dolores.', 'Vel facere corporis.', 'Totam voluptas et.', 'RFlJUxBXi3E9xccwgDP0SABBqZqs84ohLDTHvODC', NULL, 'Atque unde rem et.', NULL, NULL, NULL, 0, NULL),
(9, '2025-07-30 01:41:34.485986', '2025-07-30 01:41:34.997194', NULL, 2, NULL, 2, 1, 'Alena Prosacco', '51422', '573 Kuhlman Street', 'Gerlachstad', 'Hawaii', '45950', 4, NULL, 'Labore cum sint deleniti sapiente ea deserunt. Eum omnis commodi modi quo sed debitis nihil quasi.', 'http://cummings.biz/vitae-quia-magni-vero-nam-assumenda-voluptates.html', 0, 'Itaque non totam quae.', NULL, NULL, 'Fuga et aut omnis.', 'Voluptas aut eius.', 'Dolores nihil.', 'Dolores autem velit.', 'KNuRNdwOtUwueZMwuD57PYlI7BCayLLZbkCfIEWL', NULL, 'Dignissimos.', NULL, NULL, NULL, 0, NULL),
(10, '2025-07-30 01:41:37.448291', '2025-07-30 01:41:38.082642', NULL, 2, NULL, 2, 1, 'Miss Vida Bashirian V', '23694', '76965 Rosenbaum Gateway Suite 281', 'Ubaldoside', 'Virginia', '10765-3391', 4, NULL, 'Perspiciatis non qui porro aliquid tempora. Nihil atque sit et quisquam et molestiae fugit. Qui qui quia vero officia architecto.', 'http://www.sipes.info/aut-quia-blanditiis-ipsam-et-omnis-dolores', 0, 'Sint maxime cumque est.', NULL, NULL, 'Rerum et quidem.', 'Hic atque in.', 'Accusantium ipsa.', 'Voluptas velit in.', 'CHgpQfVZhMrznTWiW2NnKRwvRpjVE7rbUk58osfC', NULL, 'Est soluta sit.', NULL, NULL, NULL, 0, NULL),
(11, '2025-07-30 01:41:44.966058', '2025-07-30 01:41:45.393889', NULL, 2, NULL, 2, 1, 'Riley Crooks', '97413', '32520 Lauretta Estate', 'New Morgantown', 'Alabama', '84281', 4, NULL, 'Omnis delectus quia perferendis accusamus nobis et ex. Blanditiis ut laudantium voluptatem in. Repudiandae et pariatur itaque rerum. Explicabo explicabo blanditiis atque non dolor pariatur.', 'https://www.shields.biz/maxime-vitae-mollitia-repellendus-aut-inventore-sapiente-eius', 0, 'Alias vel aut ipsum.', NULL, NULL, 'Iure aut fuga.', 'Sapiente dolore non.', 'Et dolorem.', 'Neque rerum ut.', 'gVQQeYZc42yCAAglMJ4Ml3zV7htEuH5YHXqycl4n', NULL, 'Earum a quo tenetur.', NULL, NULL, NULL, 0, NULL),
(12, '2025-07-30 01:41:47.687899', '2025-07-30 01:41:48.202051', NULL, 2, NULL, 2, 1, 'Halle Schuppe', '9942', '621 Koss Valley', 'Baileyburgh', 'Alabama', '26328-5330', 4, NULL, 'Eius id rerum dolores iure blanditiis. Nulla ullam et reiciendis fugit id sed aliquid. Quia ea id dolores quia magni.', 'http://legros.net/voluptas-quas-aperiam-deserunt-quos-quas-quidem', 0, 'At et expedita est est.', NULL, NULL, 'Vel impedit.', 'Perspiciatis quia.', 'Aut exercitationem.', 'Animi occaecati.', 'UVCKxn0Nq9bHmcNWUqYEQrdYAxuwiJtyvv9Iqvon', NULL, 'Sed nulla eveniet.', NULL, NULL, NULL, 0, NULL),
(13, '2025-07-30 01:41:51.731071', '2025-07-30 01:41:52.032486', NULL, 2, NULL, 2, 1, 'Dr. Deborah Parisian Sr.', '76893', '575 Boyer Ville', 'Beahanland', 'Minnesota', '79789', 4, NULL, 'Quo aut autem voluptatum quaerat aut. Odit dolores magni beatae facere voluptates ut at temporibus. Cum dolor ut necessitatibus enim quia sunt accusamus. Placeat ducimus assumenda architecto.', 'https://www.osinski.biz/maxime-sit-aut-quod-autem-nemo', 0, 'A et aut ut vel.', NULL, NULL, 'Dignissimos.', 'Laboriosam saepe.', 'Voluptatem dolor.', 'Ea quo aliquid id.', 'IReKdgzPirKhguSKljarG8MdlO2y2wY3sjBlgzp8', NULL, 'Dolorem earum.', NULL, NULL, NULL, 0, NULL),
(14, '2025-07-30 01:41:54.998365', '2025-07-30 01:41:55.650200', NULL, 2, NULL, 2, 1, 'Maxine Shields', '955', '2556 Hettinger Ports', 'Isabellefort', 'Virginia', '07246', 4, NULL, 'Nihil omnis voluptatum corporis eveniet nostrum consequatur iusto. Molestiae quas ea sit omnis iusto cupiditate. Quo commodi impedit perferendis odit temporibus.', 'http://willms.biz/iure-cupiditate-ut-fugiat-cumque.html', 0, 'Iure non est sit.', NULL, NULL, 'Id tenetur amet.', 'Occaecati quia.', 'Sunt qui pariatur.', 'Eum aspernatur.', 'gZZSwUQ4chxyz7H7btsUANKchhMq56uELIE31zUy', NULL, 'Id tempore deleniti.', NULL, NULL, NULL, 0, NULL),
(15, '2025-07-30 01:41:58.430941', '2025-07-30 01:41:58.640200', NULL, 2, NULL, 2, 1, 'Shania Muller I', '465', '65733 Moen Ville Suite 971', 'East Eliezerfurt', 'Wisconsin', '36520-6244', 4, NULL, 'Qui officiis et voluptatum possimus molestias quidem. Quia temporibus facere possimus laboriosam delectus reprehenderit exercitationem. Quia nulla consectetur et sed.', 'https://www.muller.com/sequi-et-dolore-pariatur', 0, 'Tempora aut delectus et.', NULL, NULL, 'Ut voluptate.', 'Libero dolorem quia.', 'Nihil aliquam.', 'Commodi laborum.', 'Z7iGYgogAoVWBa2ssRuIK0L1NbKYN7tmnHQlyn9q', NULL, 'Voluptatum illum.', NULL, NULL, NULL, 0, NULL),
(16, '2025-07-30 01:42:02.675838', '2025-07-30 01:42:02.979406', NULL, 2, NULL, 2, 1, 'Kailey Romaguera', '60485', '426 Ziemann Highway Apt. 035', 'South Wilhelmine', 'Nevada', '99256', 4, NULL, 'Accusantium laboriosam sed impedit. Soluta ducimus porro excepturi magnam neque. Dolor blanditiis ullam assumenda ratione molestiae. Sunt ab ea aliquam impedit.', 'http://www.roberts.net/dolorum-ut-nostrum-qui-ut.html', 0, 'Corporis et id cumque.', NULL, NULL, 'Est id et.', 'Repudiandae.', 'Quas ut distinctio.', 'Nesciunt cumque.', 'NPGBofLYvBiVaQujxpk31ECqMwX6UAPpm4gMfJJw', NULL, 'Incidunt alias.', NULL, NULL, NULL, 0, NULL),
(17, '2025-07-30 01:42:09.626935', '2025-07-30 01:42:09.965293', NULL, 2, NULL, 2, 1, 'Mrs. Selina Legros', '596', '383 Rupert Circle', 'Kasandrastad', 'Missouri', '40198', 4, NULL, 'Quidem beatae tempora temporibus quia enim occaecati repellendus animi. Tempore distinctio labore error excepturi nisi sunt modi unde. Eligendi laboriosam fuga omnis excepturi.', 'https://www.cruickshank.com/fuga-id-magni-ullam', 0, 'Qui modi et sed ipsa.', NULL, NULL, 'Accusantium sequi.', 'Neque tempora atque.', 'Voluptatem omnis at.', 'Iure aut sint.', '1NkHbqjqqPWpCqvPLqhtioiOQV7fJjvszx4iksK0', NULL, 'Similique eaque.', NULL, NULL, NULL, 0, NULL),
(18, '2025-07-30 01:42:14.245463', '2025-07-30 01:42:14.628345', NULL, 2, NULL, 2, 1, 'Mozelle Reichel', '8027', '395 Camden Crest Apt. 841', 'South Modestachester', 'Ohio', '38426', 4, NULL, 'Et et omnis cum velit quia quo nulla. Ut fugit provident dolorum quaerat veniam voluptatem suscipit corporis.', 'http://smitham.com/aliquid-reprehenderit-beatae-aut-est.html', 0, 'Aut aut eum debitis.', NULL, NULL, 'Ut est commodi.', 'Laboriosam fugit.', 'Odio ex unde itaque.', 'Sed dignissimos.', 'PfGWtsUKtO9nhvY9AjrzSd8t4Ni3CmccP4DmZYT3', NULL, 'Occaecati aut.', NULL, NULL, NULL, 0, NULL),
(19, '2025-07-30 01:42:16.545230', '2025-07-30 01:42:17.020290', NULL, 2, NULL, 2, 1, 'Cathryn Ullrich', '630', '3731 Trystan Gardens Apt. 326', 'Lake Myles', 'Alabama', '88229-5035', 4, NULL, 'Dicta explicabo non vero sed accusamus quaerat. Assumenda inventore suscipit corporis et. Est et commodi recusandae similique at.', 'http://www.larson.biz/quos-doloribus-nulla-in-corrupti-quibusdam-dolore-architecto', 0, 'Quis qui soluta vero.', NULL, NULL, 'Dolore alias ab.', 'Itaque optio.', 'Error iusto.', 'Aperiam aut et.', 'IDQU0EI4Jv3zeo4oNEU8KolRRUt4QgdBoZtNfDRN', NULL, 'Explicabo veritatis.', NULL, NULL, NULL, 0, NULL),
(20, '2025-07-30 01:42:20.793420', '2025-07-30 01:42:21.092803', NULL, 2, NULL, 2, 1, 'Antonette Dietrich', '45456', '6683 Sherman Prairie Suite 989', 'Winifredborough', 'Utah', '00846', 4, NULL, 'Ea harum ipsam asperiores dolor. Eum quisquam eligendi ullam reiciendis voluptates dolores est ipsam. Facere odio totam aperiam dolores sint consequatur.', 'http://ward.com/', 0, 'Est in adipisci eaque.', NULL, NULL, 'Nulla ad id.', 'Labore quae sit.', 'Aut beatae quam.', 'Quis accusantium et.', 'J4EXAxz7WqXxvSHvuTUJue3ohRMCm5A6UybxbV82', NULL, 'Debitis veniam.', NULL, NULL, NULL, 0, NULL);

-- --------------------------------------------------------

--
-- Table structure for table `vendor_contacts`
--

CREATE TABLE `vendor_contacts` (
  `id` int(10) UNSIGNED NOT NULL,
  `company_id` int(10) UNSIGNED NOT NULL,
  `user_id` int(10) UNSIGNED NOT NULL,
  `vendor_id` int(10) UNSIGNED NOT NULL,
  `created_at` timestamp(6) NULL DEFAULT NULL,
  `updated_at` timestamp(6) NULL DEFAULT NULL,
  `deleted_at` timestamp NULL DEFAULT NULL,
  `is_primary` tinyint(1) NOT NULL DEFAULT 0,
  `first_name` varchar(191) DEFAULT NULL,
  `last_name` varchar(191) DEFAULT NULL,
  `email` varchar(191) DEFAULT NULL,
  `phone` varchar(191) DEFAULT NULL,
  `custom_value1` text NOT NULL,
  `custom_value2` text NOT NULL,
  `custom_value3` text NOT NULL,
  `custom_value4` text NOT NULL,
  `send_email` tinyint(1) NOT NULL DEFAULT 0,
  `email_verified_at` timestamp NULL DEFAULT NULL,
  `confirmation_code` varchar(191) DEFAULT NULL,
  `confirmed` tinyint(1) NOT NULL DEFAULT 0,
  `last_login` timestamp NULL DEFAULT NULL,
  `failed_logins` smallint(6) DEFAULT NULL,
  `oauth_user_id` varchar(100) DEFAULT NULL,
  `oauth_provider_id` int(10) UNSIGNED DEFAULT NULL,
  `google_2fa_secret` varchar(191) DEFAULT NULL,
  `accepted_terms_version` varchar(191) DEFAULT NULL,
  `avatar` varchar(255) DEFAULT NULL,
  `avatar_type` varchar(255) DEFAULT NULL,
  `avatar_size` varchar(255) DEFAULT NULL,
  `password` varchar(191) NOT NULL,
  `token` varchar(191) DEFAULT NULL,
  `is_locked` tinyint(1) NOT NULL DEFAULT 0,
  `contact_key` varchar(191) DEFAULT NULL,
  `remember_token` varchar(100) DEFAULT NULL
) ENGINE=InnoDB DEFAULT CHARSET=utf8mb4 COLLATE=utf8mb4_unicode_ci;

--
-- Dumping data for table `vendor_contacts`
--

INSERT INTO `vendor_contacts` (`id`, `company_id`, `user_id`, `vendor_id`, `created_at`, `updated_at`, `deleted_at`, `is_primary`, `first_name`, `last_name`, `email`, `phone`, `custom_value1`, `custom_value2`, `custom_value3`, `custom_value4`, `send_email`, `email_verified_at`, `confirmation_code`, `confirmed`, `last_login`, `failed_logins`, `oauth_user_id`, `oauth_provider_id`, `google_2fa_secret`, `accepted_terms_version`, `avatar`, `avatar_type`, `avatar_size`, `password`, `token`, `is_locked`, `contact_key`, `remember_token`) VALUES
(1, 1, 1, 1, '2025-07-30 01:40:56.756258', '2025-07-30 01:40:56.756258', NULL, 1, 'Taylor', 'Ward', 'dena.fritsch@example.org', '+1 (559) 551-1926', '', '', '', '', 1, '2025-07-30 01:40:56', NULL, 0, NULL, NULL, NULL, NULL, NULL, NULL, NULL, NULL, NULL, '$2y$10$.eYc7X91DmprGwOI9mmdeetfhP8KdxZBe3z8YboJBl/DXBkcZqUla', NULL, 0, 'BBIGa9EslAe9KfpYUKCKTvw2uv2XdJEQ', '2Dyn5A4ViP'),
(2, 1, 1, 1, '2025-07-30 01:40:57.017588', '2025-07-30 01:40:57.017588', NULL, 0, 'Ronny', 'Raynor', 'karina.konopelski@example.com', '828.481.4283', '', '', '', '', 1, '2025-07-30 01:40:56', NULL, 0, NULL, NULL, NULL, NULL, NULL, NULL, NULL, NULL, NULL, '$2y$10$n2ElFThri4VxWBv4CCi1JO5C.audyAu06CVwBq6ev0mT59wrw5./e', NULL, 0, 'XCckLRUem5eRtaRcgAuXHJpTZCkZFdfA', 'hYYVwPYl6B'),
(3, 1, 1, 1, '2025-07-30 01:40:57.034802', '2025-07-30 01:40:57.034802', NULL, 0, 'Demario', 'Medhurst', 'mcglynn.layne@example.com', '+1-413-906-0999', '', '', '', '', 1, '2025-07-30 01:40:56', NULL, 0, NULL, NULL, NULL, NULL, NULL, NULL, NULL, NULL, NULL, '$2y$10$/FjYAPvQqbNskfQDkoxwlO5EaghKtjZIim0/TU4eczDRAtHPUmkBm', NULL, 0, 'oTtoD1pMwpY5mMshZayGRo4Hzl7Pf7lE', 'SB0l5AgJcd'),
(4, 1, 1, 1, '2025-07-30 01:40:57.047740', '2025-07-30 01:40:57.047740', NULL, 0, 'Madaline', 'Champlin', 'ondricka.lucie@example.net', '+18288225009', '', '', '', '', 1, '2025-07-30 01:40:56', NULL, 0, NULL, NULL, NULL, NULL, NULL, NULL, NULL, NULL, NULL, '$2y$10$uMV8weK3PjfKNzIiotRzJeBclV2./N99eANL.Ceo8OjuprDttXlPy', NULL, 0, '9QUIMWXFUHycN80c3kWGFLjFb3yYswA8', 'aJ8cehdJF3'),
(5, 2, 2, 2, '2025-07-30 01:41:04.970903', '2025-07-30 01:41:04.970903', NULL, 1, 'Catalina', 'Cartwright', 'destiney59@example.org', '325-767-5448', '', '', '', '', 1, '2025-07-30 01:41:04', NULL, 0, NULL, NULL, NULL, NULL, NULL, NULL, NULL, NULL, NULL, '$2y$10$gIBGP6CZcpV81oX5QVmgx.RPnSlqtvJ00sfDXtbTUCD2OfYigxiNq', NULL, 0, 'RSQNneaYRRjteLkWH6Mb6fkdBVtm5r7r', 'jJrxScqE90'),
(6, 2, 2, 2, '2025-07-30 01:41:05.156984', '2025-07-30 01:41:05.156984', NULL, 0, 'Stephon', 'Hahn', 'dortha55@example.org', '+1-678-313-7145', '', '', '', '', 1, '2025-07-30 01:41:04', NULL, 0, NULL, NULL, NULL, NULL, NULL, NULL, NULL, NULL, NULL, '$2y$10$gfeqP2Re3b9HN0wiRJKJSeHdN3SXunYj2Vy9TiTIC6UOmkdBoNs22', NULL, 0, 'BlDrO3QaUFLtNk5SbgPTgme5IiLprFcG', 'aG15fSWHhw'),
(7, 2, 2, 2, '2025-07-30 01:41:05.170668', '2025-07-30 01:41:05.170668', NULL, 0, 'Selmer', 'Gottlieb', 'gstreich@example.net', '(520) 561-9996', '', '', '', '', 1, '2025-07-30 01:41:05', NULL, 0, NULL, NULL, NULL, NULL, NULL, NULL, NULL, NULL, NULL, '$2y$10$hEaTPAsEhxGGbL1piVAVxeBjwHc8WqnRNGMU9yM0zqKLsADvblkha', NULL, 0, 'R0pwzNDO7j2ftvUilnKuhz1adGnIZjEd', 'DaJvQaQIsq'),
(8, 2, 2, 3, '2025-07-30 01:41:09.273605', '2025-07-30 01:41:09.273605', NULL, 1, 'Leta', 'Mosciski', 'odibbert@example.com', '1-248-798-0167', '', '', '', '', 1, '2025-07-30 01:41:09', NULL, 0, NULL, NULL, NULL, NULL, NULL, NULL, NULL, NULL, NULL, '$2y$10$BfCK/kuHPIkIZknLEqXf/OmVTvRzt5jJ5eIvE2pozKMmqIl7gAjwu', NULL, 0, 'k7OQBzcdZWXKF123fHHBOmRmypiO4JZL', 'TlsyeymE0y'),
(9, 2, 2, 3, '2025-07-30 01:41:09.545109', '2025-07-30 01:41:09.545109', NULL, 0, 'Louie', 'Hilpert', 'srice@example.net', '+17016552313', '', '', '', '', 1, '2025-07-30 01:41:09', NULL, 0, NULL, NULL, NULL, NULL, NULL, NULL, NULL, NULL, NULL, '$2y$10$0Cb6Gy5mKsdQ1aAI6k9znec5gCq1NmmAX2s7uTKxtI5smS8d34c/.', NULL, 0, 'sbjYusOHgz1ucLP7EpBZAr5VSSbiBkR7', '67TYC8CndV'),
(10, 2, 2, 3, '2025-07-30 01:41:09.560498', '2025-07-30 01:41:09.560498', NULL, 0, 'Jarrell', 'Witting', 'kris.sheridan@example.org', '+1-570-717-7583', '', '', '', '', 1, '2025-07-30 01:41:09', NULL, 0, NULL, NULL, NULL, NULL, NULL, NULL, NULL, NULL, NULL, '$2y$10$OJ18Cm/p3vn8lY1yuG39OeGbEv96FlePtIkz5GGkju/KpzC1DVSy6', NULL, 0, 'ATNgiVMoTyhD0XWNs8e0iMh5yGZsWMZo', 'eAkmnxn1I8'),
(11, 2, 2, 3, '2025-07-30 01:41:09.572224', '2025-07-30 01:41:09.572224', NULL, 0, 'Brayan', 'Stark', 'vwitting@example.org', '463.773.1242', '', '', '', '', 1, '2025-07-30 01:41:09', NULL, 0, NULL, NULL, NULL, NULL, NULL, NULL, NULL, NULL, NULL, '$2y$10$kJQ.Oqe32S2vEg9vTprnS.1G5.A0CUFMhEMKL8KxT22/TEh4n82gu', NULL, 0, 'OfjHp5XIixmniXQPpnrdg9ibNO5FUgBT', 'JUc4hd4X2T'),
(12, 2, 2, 4, '2025-07-30 01:41:11.790566', '2025-07-30 01:41:11.790566', NULL, 1, 'Graham', 'Cole', 'imelda.kertzmann@example.net', '351-428-1358', '', '', '', '', 1, '2025-07-30 01:41:11', NULL, 0, NULL, NULL, NULL, NULL, NULL, NULL, NULL, NULL, NULL, '$2y$10$HrpTBGy.3bRg.o2jSYgi0.eO.ulM2tUUfHkLDuhR91L3P6hjUpTf.', NULL, 0, 'P2CRwKlQoKAeH2nde0aoPrNjAm8jq6PM', 'lJCpNqccHu'),
(13, 2, 2, 4, '2025-07-30 01:41:12.078878', '2025-07-30 01:41:12.078878', NULL, 0, 'Pierre', 'Altenwerth', 'ronaldo.harber@example.net', '+1-631-468-2830', '', '', '', '', 1, '2025-07-30 01:41:11', NULL, 0, NULL, NULL, NULL, NULL, NULL, NULL, NULL, NULL, NULL, '$2y$10$Twvef9jdR4soq..6Un5V7ehIZ3WmFvTXBh2Yh1Mh2pS5S0QLxQDXe', NULL, 0, '7ywXK7mcRP4vOh7jBPCwNzur7xd4ce35', '336uERyUvG'),
(14, 2, 2, 4, '2025-07-30 01:41:12.095991', '2025-07-30 01:41:12.095991', NULL, 0, 'Linda', 'Borer', 'gabriel.schiller@example.org', '+12695652189', '', '', '', '', 1, '2025-07-30 01:41:11', NULL, 0, NULL, NULL, NULL, NULL, NULL, NULL, NULL, NULL, NULL, '$2y$10$cjUVukYYPb1elxhGgnkCcOMcZM31ZVHTYZP9QzKRlAtN5DBNqeKki', NULL, 0, 'HBMs6lcfG4nXmbdFOWajvDNySDh1cLpv', 'LbnKtY755w'),
(15, 2, 2, 4, '2025-07-30 01:41:12.109791', '2025-07-30 01:41:12.109791', NULL, 0, 'Aubree', 'Fisher', 'rozella.ziemann@example.com', '626.244.2034', '', '', '', '', 1, '2025-07-30 01:41:11', NULL, 0, NULL, NULL, NULL, NULL, NULL, NULL, NULL, NULL, NULL, '$2y$10$LIiS32R0Z.EMf4iNrjTLAesvVvrFcNQWJRu/z197PDtcI7h5be5QG', NULL, 0, 'qIcRlJqM5AELojOsseUKnNAZKfew7ZMm', 'FcwvKbnKUL'),
(16, 2, 2, 5, '2025-07-30 01:41:17.981090', '2025-07-30 01:41:17.981090', NULL, 1, 'Trevor', 'Ledner', 'homenick.alden@example.com', '1-854-513-9631', '', '', '', '', 1, '2025-07-30 01:41:17', NULL, 0, NULL, NULL, NULL, NULL, NULL, NULL, NULL, NULL, NULL, '$2y$10$SF0MeRbYiUifTsorELYviesjS02BkSWngvq3spjNf171DLODiUnoa', NULL, 0, '3eogKzakvXNv7pwESVyYeLSXwbLDELyR', 'zLJNsnm0HX'),
(17, 2, 2, 5, '2025-07-30 01:41:18.168518', '2025-07-30 01:41:18.168518', NULL, 0, 'Wilma', 'Leffler', 'dsporer@example.net', '(562) 243-5351', '', '', '', '', 1, '2025-07-30 01:41:17', NULL, 0, NULL, NULL, NULL, NULL, NULL, NULL, NULL, NULL, NULL, '$2y$10$XyhpkKoG69PdeYErDmOw2O.wVvYGCjgcRsg2gR0pK4dEAO90FNCfe', NULL, 0, 'OHuOjUFPWMCKMcNEQDPEw9OCekRld0nP', '0L5aj9UgdV'),
(18, 2, 2, 5, '2025-07-30 01:41:18.189294', '2025-07-30 01:41:18.189294', NULL, 0, 'Angelica', 'Walsh', 'waelchi.estevan@example.org', '+1-678-579-7288', '', '', '', '', 1, '2025-07-30 01:41:18', NULL, 0, NULL, NULL, NULL, NULL, NULL, NULL, NULL, NULL, NULL, '$2y$10$mLzT8gg8tzJRYK2EbfEOde6XnqOoZ8kqDmRHUiDhkmwhb2Ac4cbXi', NULL, 0, 'w8k3iheZsNm9Bi5sKBUMKmUfFeiHxyRx', 'yAaZeXBZrN'),
(19, 2, 2, 6, '2025-07-30 01:41:20.450634', '2025-07-30 01:41:20.450634', NULL, 1, 'Lucy', 'Okuneva', 'kihn.imelda@example.org', '484.888.9494', '', '', '', '', 1, '2025-07-30 01:41:20', NULL, 0, NULL, NULL, NULL, NULL, NULL, NULL, NULL, NULL, NULL, '$2y$10$DziePzLHjHpFqvrGgz.0mO.pQUCk..ltgcp29GEXMUvjx.qUGZr7e', NULL, 0, 'Iw2epgSgb7zmKInw9rrKAFzNwyA3mq4r', 'tznSB57RZe'),
(20, 2, 2, 6, '2025-07-30 01:41:20.918702', '2025-07-30 01:41:20.918702', NULL, 0, 'Shaina', 'Walker', 'mrowe@example.com', '520.927.6409', '', '', '', '', 1, '2025-07-30 01:41:20', NULL, 0, NULL, NULL, NULL, NULL, NULL, NULL, NULL, NULL, NULL, '$2y$10$TqIBKFMOIbQcTLnRNf11huEpCfKqKTJIJlt4bAeon/Ql5ZkYVHAka', NULL, 0, 'WrWsOnwSgL8CgkGs59Ll8lxfrAYbSzVf', 'UAbHucJPbN'),
(21, 2, 2, 6, '2025-07-30 01:41:20.938091', '2025-07-30 01:41:20.938091', NULL, 0, 'Christina', 'Shanahan', 'block.dwight@example.com', '743.406.3293', '', '', '', '', 1, '2025-07-30 01:41:20', NULL, 0, NULL, NULL, NULL, NULL, NULL, NULL, NULL, NULL, NULL, '$2y$10$m6Q6u7sTalkBA3siLd.tWOcH15zeWzfttR4neELa98AVfj2/oGrSu', NULL, 0, 'OUilb6OHozEGpB3rTcx6jZBYqX82foK8', 'VFIVkbejDV'),
(22, 2, 2, 6, '2025-07-30 01:41:20.950978', '2025-07-30 01:41:20.950978', NULL, 0, 'Oren', 'Fadel', 'jordon.champlin@example.com', '+1.986.600.3116', '', '', '', '', 1, '2025-07-30 01:41:20', NULL, 0, NULL, NULL, NULL, NULL, NULL, NULL, NULL, NULL, NULL, '$2y$10$3oEv.vLm7XZvWfXmm954Nu9Go93JPKUObfsaqyWBZc90CkBOWl5KO', NULL, 0, 'MPhbpKmnxBEtolWl5H7QZ6eMA8AygLtT', '8gOzRiYDhc'),
(23, 2, 2, 6, '2025-07-30 01:41:20.966902', '2025-07-30 01:41:20.966902', NULL, 0, 'Emile', 'Monahan', 'ehuels@example.com', '701-613-2350', '', '', '', '', 1, '2025-07-30 01:41:20', NULL, 0, NULL, NULL, NULL, NULL, NULL, NULL, NULL, NULL, NULL, '$2y$10$zGw6KpfxlDiGm.Zd4Q8mHOPuG1MywdxuhrA2i2DN9Hko.BgO76TCW', NULL, 0, 'vGgYFQ2D3Zc6GnCgcQsxrx7Ibe1fQq7n', 'l15h5SR0VR'),
(24, 2, 2, 6, '2025-07-30 01:41:20.982585', '2025-07-30 01:41:20.982585', NULL, 0, 'Elliot', 'Shanahan', 'murazik.berneice@example.net', '(708) 845-3609', '', '', '', '', 1, '2025-07-30 01:41:20', NULL, 0, NULL, NULL, NULL, NULL, NULL, NULL, NULL, NULL, NULL, '$2y$10$oIyCoEflOppI7lbzEW94deYxSF0FyLCwpHFctAgPAXVCfZGGGnQQ.', NULL, 0, 'qylINkmYHDnxGEFIiXNEutemRIZsFri2', 'wS19bgacWx'),
(25, 2, 2, 7, '2025-07-30 01:41:24.731250', '2025-07-30 01:41:24.731250', NULL, 1, 'Elyssa', 'Schmeler', 'qharber@example.com', '+1-539-689-5755', '', '', '', '', 1, '2025-07-30 01:41:24', NULL, 0, NULL, NULL, NULL, NULL, NULL, NULL, NULL, NULL, NULL, '$2y$10$DlzJ3KwIH3KeH8RQI.UviusPiWbdmntadK.9EcBKQbZgAoEt.K5ve', NULL, 0, 'Qf8x5oAUjRKs8uixetrH2DO1JQ1FvOYe', 'fx55wkmpI5'),
(26, 2, 2, 7, '2025-07-30 01:41:25.022484', '2025-07-30 01:41:25.022484', NULL, 0, 'Eliane', 'Zemlak', 'iva.hackett@example.org', '351-564-1199', '', '', '', '', 1, '2025-07-30 01:41:24', NULL, 0, NULL, NULL, NULL, NULL, NULL, NULL, NULL, NULL, NULL, '$2y$10$x..YkW9s1eiCnPXJw/ae6OfMeHtE/38Q1qJMDIRKnOs/NYKaLYD3K', NULL, 0, '2HVSxJWh4zEvO2y6cbVvrtKPmCpbkNhb', 'QKCMF6dyb0'),
(27, 2, 2, 7, '2025-07-30 01:41:25.035532', '2025-07-30 01:41:25.035532', NULL, 0, 'Abner', 'Gulgowski', 'seamus09@example.com', '+15202782047', '', '', '', '', 1, '2025-07-30 01:41:24', NULL, 0, NULL, NULL, NULL, NULL, NULL, NULL, NULL, NULL, NULL, '$2y$10$CjaKN/EhxfewJ5rNYBUrHeT1aUAQhNq9Qr3iDA4xU8CyylODdgRjC', NULL, 0, 'C6RzIrbHAkLguiosSNsmhSm3e6j6ncLO', 'Dn2ia6ZvUl'),
(28, 2, 2, 7, '2025-07-30 01:41:25.047543', '2025-07-30 01:41:25.047543', NULL, 0, 'Dannie', 'Bartell', 'terrence78@example.org', '+1-276-684-8813', '', '', '', '', 1, '2025-07-30 01:41:24', NULL, 0, NULL, NULL, NULL, NULL, NULL, NULL, NULL, NULL, NULL, '$2y$10$IrTln6B2Jn0cfrfEw5gJbe7jrF7./w1vfnRiflCo2Ky4bKchSBW22', NULL, 0, 't1yLe3o6Xbr6zyewfUiFcBqkRUm4lRgm', 'fgUdhSYwbN'),
(29, 2, 2, 8, '2025-07-30 01:41:31.583420', '2025-07-30 01:41:31.583420', NULL, 1, 'Chelsie', 'Willms', 'gerlach.marge@example.org', '+1-458-925-5652', '', '', '', '', 1, '2025-07-30 01:41:31', NULL, 0, NULL, NULL, NULL, NULL, NULL, NULL, NULL, NULL, NULL, '$2y$10$yytZhO6Kn3s4Tmk3XQCVT.2J/ObJI1WPmyVPESbLli4iBD35Xt0mS', NULL, 0, 'sspkJTytSXG2v3MzUTTdaxVc0WxsZHjH', 'OblFSfu1rX'),
(30, 2, 2, 8, '2025-07-30 01:41:31.775326', '2025-07-30 01:41:31.775326', NULL, 0, 'Jean', 'Kub', 'augustus62@example.com', '+1-864-805-9935', '', '', '', '', 1, '2025-07-30 01:41:31', NULL, 0, NULL, NULL, NULL, NULL, NULL, NULL, NULL, NULL, NULL, '$2y$10$tfU485LQ5YM8/QteWYqjBOR.WdUQyOjN74DmJG3K8Ty9iobsGoso2', NULL, 0, 'EUNdgsbTxxRQFjGbp9k8jtsBCwR7xAgD', 'N6PG67KGiG'),
(31, 2, 2, 8, '2025-07-30 01:41:31.827365', '2025-07-30 01:41:31.827365', NULL, 0, 'Magdalena', 'Hand', 'clotilde81@example.com', '859.657.6159', '', '', '', '', 1, '2025-07-30 01:41:31', NULL, 0, NULL, NULL, NULL, NULL, NULL, NULL, NULL, NULL, NULL, '$2y$10$mAb6eMSog5Hm4ZxmGoaGt.Os8pwVCDSJuASGQOwEKukpYeq6pY4Qa', NULL, 0, '0f98907RmRsYuDG8KsMBBEV1OGlOLMYE', 'f6fKPCHrfg'),
(32, 2, 2, 9, '2025-07-30 01:41:34.583917', '2025-07-30 01:41:34.583917', NULL, 1, 'Adelbert', 'Kuhic', 'jan.cremin@example.net', '+1-279-989-5064', '', '', '', '', 1, '2025-07-30 01:41:34', NULL, 0, NULL, NULL, NULL, NULL, NULL, NULL, NULL, NULL, NULL, '$2y$10$iM1F2TzIe7oYHCPnBC4vSe.KFzh/MAJk8.zMJF7X2Adlq69M/xSJy', NULL, 0, 'OzeLZBbCYMYjVQ9K1ZWjKe1WKmPGGrCC', 'qEVtPR0Gwk'),
(33, 2, 2, 9, '2025-07-30 01:41:34.954158', '2025-07-30 01:41:34.954158', NULL, 0, 'Miles', 'Howell', 'ibeier@example.org', '+1-339-697-3601', '', '', '', '', 1, '2025-07-30 01:41:34', NULL, 0, NULL, NULL, NULL, NULL, NULL, NULL, NULL, NULL, NULL, '$2y$10$qVjUamAnAN4j.UkEL7vmE.5NJnGWmjy.oYIBdkaJQFKc116ly2w6e', NULL, 0, 'NrIMvAnqdSptNjYT2NDjg0jsUa6w2L07', 'DmKubINN5T'),
(34, 2, 2, 9, '2025-07-30 01:41:34.968318', '2025-07-30 01:41:34.968318', NULL, 0, 'Malika', 'Gutkowski', 'zakary04@example.org', '(872) 844-7237', '', '', '', '', 1, '2025-07-30 01:41:34', NULL, 0, NULL, NULL, NULL, NULL, NULL, NULL, NULL, NULL, NULL, '$2y$10$KDbx13vU4Z6xWNlWd870xurbtFKVLMPDOo9LXEh68B.CwV5PW4/EG', NULL, 0, 'TlGdSqWG1RHLq07MBq7IcFjCquBhnkk5', 'LLuFR2sVDv'),
(35, 2, 2, 9, '2025-07-30 01:41:34.981833', '2025-07-30 01:41:34.981833', NULL, 0, 'Felix', 'Goldner', 'armando.marquardt@example.net', '(831) 845-7732', '', '', '', '', 1, '2025-07-30 01:41:34', NULL, 0, NULL, NULL, NULL, NULL, NULL, NULL, NULL, NULL, NULL, '$2y$10$Bk.ESjq3zbfmvuWB3w8R.uySsyjihf/9yuuYEHZyyl4caf7mVBeEi', NULL, 0, 'jXlgnil5DmJ6mJzH69rPxd82iOBabqLZ', '8tOqQzwfe4'),
(36, 2, 2, 9, '2025-07-30 01:41:34.993636', '2025-07-30 01:41:34.993636', NULL, 0, 'Ariane', 'Kshlerin', 'rice.carolyn@example.net', '689.641.1102', '', '', '', '', 1, '2025-07-30 01:41:34', NULL, 0, NULL, NULL, NULL, NULL, NULL, NULL, NULL, NULL, NULL, '$2y$10$gJAjdHo6x.pZJ6rJooRjN.Rg.eGV52VIGtrmg49psAdrQoKnVT6uS', NULL, 0, 'KQULhiXR1IaLlX7rMYcgN5UUwLXIihvx', 'KIzkEM6SNn'),
(37, 2, 2, 10, '2025-07-30 01:41:37.547733', '2025-07-30 01:41:37.547733', NULL, 1, 'Sonia', 'Turcotte', 'fwolff@example.net', '1-848-916-1720', '', '', '', '', 1, '2025-07-30 01:41:37', NULL, 0, NULL, NULL, NULL, NULL, NULL, NULL, NULL, NULL, NULL, '$2y$10$EpJgChxrOm7uHZfmW2FrRePRQcHH3Do2.lKNBnBljyaTfQjKkfujC', NULL, 0, 'QEgZ47TnsTUFvZnIVaw62mk3gv0tmwxj', 'etmmnr8ZXA'),
(38, 2, 2, 10, '2025-07-30 01:41:38.016581', '2025-07-30 01:41:38.016581', NULL, 0, 'Blair', 'Hegmann', 'mcassin@example.net', '+1 (760) 316-4028', '', '', '', '', 1, '2025-07-30 01:41:37', NULL, 0, NULL, NULL, NULL, NULL, NULL, NULL, NULL, NULL, NULL, '$2y$10$yJzjB7saOzgXB491OBE.m.VGFd.joIdYU7ii9GWehPEqGglQcofqC', NULL, 0, 'nvbAaU6z6NHixCTDoRzxrg5xLPQDo7Vs', 'yxwQa83xjp'),
(39, 2, 2, 10, '2025-07-30 01:41:38.033254', '2025-07-30 01:41:38.033254', NULL, 0, 'Quinton', 'Frami', 'corwin.madeline@example.com', '+1 (941) 477-3325', '', '', '', '', 1, '2025-07-30 01:41:37', NULL, 0, NULL, NULL, NULL, NULL, NULL, NULL, NULL, NULL, NULL, '$2y$10$c.ZKLU9w0ltOl0EImdmonuLX8X/W6md1Gm3AaSX0GG9/9Uefk7KS2', NULL, 0, '0N7sfeeatmhZF6hkfeUlfZdSmSVcKuOG', 'nmsNnmnQg7'),
(40, 2, 2, 10, '2025-07-30 01:41:38.048791', '2025-07-30 01:41:38.048791', NULL, 0, 'Jenifer', 'Hauck', 'schinner.devonte@example.org', '1-726-459-7868', '', '', '', '', 1, '2025-07-30 01:41:37', NULL, 0, NULL, NULL, NULL, NULL, NULL, NULL, NULL, NULL, NULL, '$2y$10$qwmCplZKAzTa2r2kY.FzL.qCOn.eT07puUrv8YQe4W3IcdHyWXEPK', NULL, 0, 'CopcWOFt6zWRIezxYirWoaoO5udwUAbB', 'tWCJshA9H6'),
(41, 2, 2, 10, '2025-07-30 01:41:38.064523', '2025-07-30 01:41:38.064523', NULL, 0, 'Lula', 'Klein', 'matt.murray@example.org', '650-208-3011', '', '', '', '', 1, '2025-07-30 01:41:37', NULL, 0, NULL, NULL, NULL, NULL, NULL, NULL, NULL, NULL, NULL, '$2y$10$frQBb5QwSnQZiZQli15/NOGhsu3urA95/8Nf3nZRxhBhM5X0jCOJq', NULL, 0, 'kAcVbWKQfD5G3CFAerIZfqhWAYqEjM4X', '4ckLcrDGMT'),
(42, 2, 2, 10, '2025-07-30 01:41:38.078789', '2025-07-30 01:41:38.078789', NULL, 0, 'Jimmie', 'Lueilwitz', 'margot59@example.org', '+1 (308) 919-9070', '', '', '', '', 1, '2025-07-30 01:41:37', NULL, 0, NULL, NULL, NULL, NULL, NULL, NULL, NULL, NULL, NULL, '$2y$10$tUfKTDk6BijMV24mIVskju0vKuAY0pj0HhgwoRhTQ4R.ESbxgIz8G', NULL, 0, 'SCi8FnHUSxFu9qm71oMaPQq9gKal2biG', 'jtHwM2Oxp4'),
(43, 2, 2, 11, '2025-07-30 01:41:45.063143', '2025-07-30 01:41:45.063143', NULL, 1, 'Halie', 'Quigley', 'eschimmel@example.com', '(240) 667-4773', '', '', '', '', 1, '2025-07-30 01:41:44', NULL, 0, NULL, NULL, NULL, NULL, NULL, NULL, NULL, NULL, NULL, '$2y$10$Rcdj1aEh1rvtXX9B4Q9dwu4VA6p0X/Zh98fOpSZrD6Wql/Y4oqhu.', NULL, 0, 'RnjjAWAScGpFrwisdfb8tOug2fUOWG1c', '47Nia5gqxG'),
(44, 2, 2, 11, '2025-07-30 01:41:45.359714', '2025-07-30 01:41:45.359714', NULL, 0, 'Hunter', 'Grimes', 'princess42@example.org', '956.922.4614', '', '', '', '', 1, '2025-07-30 01:41:45', NULL, 0, NULL, NULL, NULL, NULL, NULL, NULL, NULL, NULL, NULL, '$2y$10$JfbKJH62zk2Dnwh29A/5gOHvqRheOc6qpPfKm5MShqXMQhF70LC2W', NULL, 0, 'Osfm2iq5L7H57SLbmRpoSn6RELMS6Lin', 'ACpTEUwAiM'),
(45, 2, 2, 11, '2025-07-30 01:41:45.376397', '2025-07-30 01:41:45.376397', NULL, 0, 'Micaela', 'Reilly', 'mertz.santino@example.org', '1-385-906-4274', '', '', '', '', 1, '2025-07-30 01:41:45', NULL, 0, NULL, NULL, NULL, NULL, NULL, NULL, NULL, NULL, NULL, '$2y$10$rxKGD8/HvSqL6onW8um6v.w4ybinDqDMqmW8REHvlPTB1kpsiChGO', NULL, 0, 'GSahB5TbqfSHt3W7JuOPSYDlHIVOObDk', 'nKcIraBeJE'),
(46, 2, 2, 11, '2025-07-30 01:41:45.390550', '2025-07-30 01:41:45.390550', NULL, 0, 'Gerry', 'Pagac', 'alford.ullrich@example.com', '(505) 884-0438', '', '', '', '', 1, '2025-07-30 01:41:45', NULL, 0, NULL, NULL, NULL, NULL, NULL, NULL, NULL, NULL, NULL, '$2y$10$FOrrv6VWk.3pqYv9hdEOU.bR7K5OfG/CdyQb7WYrOj1NUWK/Dk9z.', NULL, 0, 'u54yQ7dlgLsYiaOL5QJ5qR5wI5i1b2Np', 'TTsjkIT8Wi'),
(47, 2, 2, 12, '2025-07-30 01:41:47.782114', '2025-07-30 01:41:47.782114', NULL, 1, 'Demario', 'Franecki', 'ldoyle@example.net', '440.723.4507', '', '', '', '', 1, '2025-07-30 01:41:47', NULL, 0, NULL, NULL, NULL, NULL, NULL, NULL, NULL, NULL, NULL, '$2y$10$pDmxRzZrFZ7Lff5ksedUhOgasqLLbMqWTWis/6kDfSUce379z4Phy', NULL, 0, '5eDVmmdkUETafi04FisQpcROp1xyXtEc', 'JY9VAWvqyU'),
(48, 2, 2, 12, '2025-07-30 01:41:48.153633', '2025-07-30 01:41:48.153633', NULL, 0, 'Rhianna', 'Turcotte', 'hassie46@example.com', '+1-248-766-8374', '', '', '', '', 1, '2025-07-30 01:41:47', NULL, 0, NULL, NULL, NULL, NULL, NULL, NULL, NULL, NULL, NULL, '$2y$10$MFarjw6oPit16.bYw2s2o.kVIJ6841mWcYVUa4ixMHSO6aoacA/JW', NULL, 0, 'vfhC1nu0j11dG5ZxWF1z9lHhgwz4RdnE', 'T0tO6Cu5JO'),
(49, 2, 2, 12, '2025-07-30 01:41:48.168657', '2025-07-30 01:41:48.168657', NULL, 0, 'Erna', 'Runolfsson', 'myrtle10@example.org', '1-351-858-7645', '', '', '', '', 1, '2025-07-30 01:41:47', NULL, 0, NULL, NULL, NULL, NULL, NULL, NULL, NULL, NULL, NULL, '$2y$10$4LXeoTOlDESBoHygSI6xguLrLNpi8itpZLIL512wCXK/gOCHSJ0D2', NULL, 0, 'Tsx8wS5fTmXF0cpbxevqrGTal5ZkTdPI', 'My91WvsLrs'),
(50, 2, 2, 12, '2025-07-30 01:41:48.182933', '2025-07-30 01:41:48.182933', NULL, 0, 'Bryon', 'Beier', 'julien91@example.com', '539.235.7500', '', '', '', '', 1, '2025-07-30 01:41:47', NULL, 0, NULL, NULL, NULL, NULL, NULL, NULL, NULL, NULL, NULL, '$2y$10$ZtAdFoT.Lb0id6B2.aHtPuGdMwoK7ciL/caJp0zyLwizYcGcHoAoS', NULL, 0, 'PR4QObyF6tmBYNjclKuJHkJQGqZWawfW', 'WF9EtNF8OW'),
(51, 2, 2, 12, '2025-07-30 01:41:48.196361', '2025-07-30 01:41:48.196361', NULL, 0, 'Scot', 'Kuphal', 'joanne27@example.org', '(586) 750-0452', '', '', '', '', 1, '2025-07-30 01:41:48', NULL, 0, NULL, NULL, NULL, NULL, NULL, NULL, NULL, NULL, NULL, '$2y$10$nooHDYmAszIqf/F5lIiA1eyzhnJj4DY9KLuPat8zDM/QwJnvlG5eK', NULL, 0, 'EuD2rDLf9uhVYbzyGzJIoSR1ibJETkVH', '4cPDZLr0FR'),
(52, 2, 2, 13, '2025-07-30 01:41:51.825803', '2025-07-30 01:41:51.825803', NULL, 1, 'Octavia', 'Okuneva', 'okemmer@example.com', '(580) 755-4303', '', '', '', '', 1, '2025-07-30 01:41:51', NULL, 0, NULL, NULL, NULL, NULL, NULL, NULL, NULL, NULL, NULL, '$2y$10$n8gXeQORLh9gnjvLakSU5.lrzNR9iCgKGxPtQ7DotziEMUjm3o4IO', NULL, 0, 'MGEsTDhaSvMFFDy4es0g8aCAFtKR31xE', 'NnCuL6911D'),
(53, 2, 2, 13, '2025-07-30 01:41:52.013733', '2025-07-30 01:41:52.013733', NULL, 0, 'Hillary', 'Howell', 'marianne31@example.com', '1-667-712-2161', '', '', '', '', 1, '2025-07-30 01:41:51', NULL, 0, NULL, NULL, NULL, NULL, NULL, NULL, NULL, NULL, NULL, '$2y$10$TqBESwGpBzyLL6Ih9E/D7.MO0agPJs0NuYa01.ZzpsExcZUCXAk8G', NULL, 0, '7Sl4Ewl1lCtoaRLcupaClUG1JvXGdYWm', 'CVt1UGhi7t'),
(54, 2, 2, 13, '2025-07-30 01:41:52.028097', '2025-07-30 01:41:52.028097', NULL, 0, 'Krista', 'Kilback', 'brooklyn44@example.net', '281.382.0735', '', '', '', '', 1, '2025-07-30 01:41:51', NULL, 0, NULL, NULL, NULL, NULL, NULL, NULL, NULL, NULL, NULL, '$2y$10$qfOkZo3x78QiCxC3LDMB2uhSnBZhb6P0sPZSpes/o97/UjYD8TR/a', NULL, 0, 'pxbccKrEcK5D584pylDYfCjYqyUcpKsa', 'BLe0IrYwrq'),
(55, 2, 2, 14, '2025-07-30 01:41:55.091595', '2025-07-30 01:41:55.091595', NULL, 1, 'Sheila', 'O\'Connell', 'andreane96@example.org', '1-458-810-4346', '', '', '', '', 1, '2025-07-30 01:41:55', NULL, 0, NULL, NULL, NULL, NULL, NULL, NULL, NULL, NULL, NULL, '$2y$10$46omglsAedI664vLFLvGjuzQ1hHmqs6qRNtKtauwLgIMDrKUOJZ1S', NULL, 0, 'VRPkszbJiTikUuerXewymFhyM6h9H4Y0', 'y0bk1DJtF7'),
(56, 2, 2, 14, '2025-07-30 01:41:55.592743', '2025-07-30 01:41:55.592743', NULL, 0, 'Muhammad', 'Prohaska', 'fred.weissnat@example.org', '678-774-3078', '', '', '', '', 1, '2025-07-30 01:41:55', NULL, 0, NULL, NULL, NULL, NULL, NULL, NULL, NULL, NULL, NULL, '$2y$10$Bih1xRcA63QHBgbd.9307OvCaYg7apgs6DopVkkDjDcASBaMC7m3W', NULL, 0, 'OVYEYA2m4xWa4NDJ9tSQhjqyUeCLC8yT', 'WJieriCiJ8'),
(57, 2, 2, 14, '2025-07-30 01:41:55.608111', '2025-07-30 01:41:55.608111', NULL, 0, 'Petra', 'Kihn', 'madisyn77@example.com', '+1-434-995-2273', '', '', '', '', 1, '2025-07-30 01:41:55', NULL, 0, NULL, NULL, NULL, NULL, NULL, NULL, NULL, NULL, NULL, '$2y$10$Cv/cmW5tfztRAuoTBdQQVe2sgHdB2jVtL4UKrHyk/qFchipXfNeHS', NULL, 0, 'QG98GYCchq002Zw97sXT0SWtWbFemJa9', 'GAyojQNmA2'),
(58, 2, 2, 14, '2025-07-30 01:41:55.620418', '2025-07-30 01:41:55.620418', NULL, 0, 'Jon', 'Glover', 'keshaun43@example.com', '1-215-347-9511', '', '', '', '', 1, '2025-07-30 01:41:55', NULL, 0, NULL, NULL, NULL, NULL, NULL, NULL, NULL, NULL, NULL, '$2y$10$DIBLiLCRuf/1Q5HushDhS.Y/pjoyMWrDDCAaBdfKyuZLWrMB0.I1e', NULL, 0, 'fqLEsGD543PX0Nzd3muoBVKKth0lLB34', 'irR8lb2Da0'),
(59, 2, 2, 14, '2025-07-30 01:41:55.634339', '2025-07-30 01:41:55.634339', NULL, 0, 'Jensen', 'Breitenberg', 'rlakin@example.com', '(380) 814-5300', '', '', '', '', 1, '2025-07-30 01:41:55', NULL, 0, NULL, NULL, NULL, NULL, NULL, NULL, NULL, NULL, NULL, '$2y$10$bEdnKClNIZZv/.RMeDDw8.l/f2a3h5MPIhx0SU5SDa2KKZU52D2uG', NULL, 0, 'x51fH9lPtnZjpDxzfBZKGMYC8usW3JhW', 'fNMCg5iRAZ'),
(60, 2, 2, 14, '2025-07-30 01:41:55.646759', '2025-07-30 01:41:55.646759', NULL, 0, 'Stephanie', 'Kulas', 'amparo.ohara@example.org', '1-772-688-2609', '', '', '', '', 1, '2025-07-30 01:41:55', NULL, 0, NULL, NULL, NULL, NULL, NULL, NULL, NULL, NULL, NULL, '$2y$10$bqGUK3O2ReG4Y3fEgOBbSus7Xiq8zEMre6z3McTequPcP9joJ25d2', NULL, 0, 'IGUcbLRGrnmLMrISWUGJhoZS1AUMYLia', 'TS3zJQ0Zv3'),
(61, 2, 2, 15, '2025-07-30 01:41:58.525782', '2025-07-30 01:41:58.525782', NULL, 1, 'Tyrell', 'Huel', 'ikozey@example.org', '+17544729995', '', '', '', '', 1, '2025-07-30 01:41:58', NULL, 0, NULL, NULL, NULL, NULL, NULL, NULL, NULL, NULL, NULL, '$2y$10$BDZOcwVFkHnu3AM9E8.6AOxCDKuS5SxisDW6WAM1GJtyNTmy0J4P6', NULL, 0, 'Yr4YVORTwcnJ9PgFgFSfO202qXbC5Kq5', 'iEiXHztyqR'),
(62, 2, 2, 15, '2025-07-30 01:41:58.634256', '2025-07-30 01:41:58.634256', NULL, 0, 'Geraldine', 'Ortiz', 'cassandra.becker@example.org', '231-441-2042', '', '', '', '', 1, '2025-07-30 01:41:58', NULL, 0, NULL, NULL, NULL, NULL, NULL, NULL, NULL, NULL, NULL, '$2y$10$PJn7RulzDCccYYNpDYnkiuTsNYscgZYClJV1GzwWacm34e2on5UjK', NULL, 0, 'EtiG9gw1JYOggjG5VCf2MdOeajTXnsdc', 'mbbAEHuhSj'),
(63, 2, 2, 16, '2025-07-30 01:42:02.775002', '2025-07-30 01:42:02.775002', NULL, 1, 'Conrad', 'Pollich', 'langworth.jackie@example.net', '281.645.8657', '', '', '', '', 1, '2025-07-30 01:42:02', NULL, 0, NULL, NULL, NULL, NULL, NULL, NULL, NULL, NULL, NULL, '$2y$10$WegKC8pR3lMWGY8GsKgwnebMTQ3knQzRbie3vparIpuFEE67U1b3a', NULL, 0, 'vHr6Bz4Op9aFl8klCCpyfUwrPjlh6qTe', 'S7s1lfYEWN'),
(64, 2, 2, 16, '2025-07-30 01:42:02.961042', '2025-07-30 01:42:02.961042', NULL, 0, 'Megane', 'Beahan', 'allene.hill@example.org', '1-618-583-7670', '', '', '', '', 1, '2025-07-30 01:42:02', NULL, 0, NULL, NULL, NULL, NULL, NULL, NULL, NULL, NULL, NULL, '$2y$10$HQFgEx9/lQdybrwkFmamCOr.3nnNVHsIpxZJEZJRZy67M8tJ.lzkq', NULL, 0, 'ZpfVQcV8d6mk3fyKrkNj4RQTWlNabmHG', '8LWavwVYJk'),
(65, 2, 2, 16, '2025-07-30 01:42:02.975513', '2025-07-30 01:42:02.975513', NULL, 0, 'Vena', 'Crona', 'nkirlin@example.org', '+1 (585) 345-1201', '', '', '', '', 1, '2025-07-30 01:42:02', NULL, 0, NULL, NULL, NULL, NULL, NULL, NULL, NULL, NULL, NULL, '$2y$10$4cinWgPLl6Fkl0FDdO2SRuiDGye2byWSN/FgIiKj38cV0L9kLD5ti', NULL, 0, 'fg0DXX5NOsugYn7dPYK2cCAshdqSrTNj', '9Ly6uXIxCA'),
(66, 2, 2, 17, '2025-07-30 01:42:09.735993', '2025-07-30 01:42:09.735993', NULL, 1, 'Abbey', 'Lehner', 'crosenbaum@example.net', '1-704-318-2381', '', '', '', '', 1, '2025-07-30 01:42:09', NULL, 0, NULL, NULL, NULL, NULL, NULL, NULL, NULL, NULL, NULL, '$2y$10$Wks5VjRRYL89bn4p9/gTBOuIubGf/V2Hitfx9z2mxnC1yUc7lePGu', NULL, 0, 'gFxkHmNhCf9lrjBxiJIGMWMledDAtdDn', 'E34R7VpASo'),
(67, 2, 2, 17, '2025-07-30 01:42:09.942934', '2025-07-30 01:42:09.942934', NULL, 0, 'Anya', 'Torphy', 'ahomenick@example.org', '865-517-9511', '', '', '', '', 1, '2025-07-30 01:42:09', NULL, 0, NULL, NULL, NULL, NULL, NULL, NULL, NULL, NULL, NULL, '$2y$10$c2zCQC2koGYNFOJjw/CzR.sxEq39GrJpOM3mEXHTB0C20SlBhu.HK', NULL, 0, '4FffxrMWr6yTkghWDrddUbzRqZyJtyjK', 'oQpvRSDH8T'),
(68, 2, 2, 17, '2025-07-30 01:42:09.959452', '2025-07-30 01:42:09.959452', NULL, 0, 'Jackeline', 'Thiel', 'dock53@example.net', '+1 (831) 282-0772', '', '', '', '', 1, '2025-07-30 01:42:09', NULL, 0, NULL, NULL, NULL, NULL, NULL, NULL, NULL, NULL, NULL, '$2y$10$DCrqFt0sVfGoRBhMESHjLulBlqZU1a1QvYqkUmo9m.oC1WXzIinQS', NULL, 0, 'tqbgysTCdQssknZR2BSzZt1SgNe2oWGb', 'KANB3wVusG'),
(69, 2, 2, 18, '2025-07-30 01:42:14.338664', '2025-07-30 01:42:14.338664', NULL, 1, 'Makenzie', 'Brown', 'zwintheiser@example.net', '+1-972-944-1807', '', '', '', '', 1, '2025-07-30 01:42:14', NULL, 0, NULL, NULL, NULL, NULL, NULL, NULL, NULL, NULL, NULL, '$2y$10$UeRd86CLaOW2fYYz0eXG9eFLEjLGNTIEkKgVIDq8dj3MmZWP1c3FS', NULL, 0, '7oaKyw117bTmLDsp0cypFWdgPDgzW8b7', 'qEXU7i5zWg'),
(70, 2, 2, 18, '2025-07-30 01:42:14.599867', '2025-07-30 01:42:14.599867', NULL, 0, 'Luigi', 'Monahan', 'athena.hyatt@example.org', '1-209-754-3500', '', '', '', '', 1, '2025-07-30 01:42:14', NULL, 0, NULL, NULL, NULL, NULL, NULL, NULL, NULL, NULL, NULL, '$2y$10$SPDIg51nrrV.rSfZ0YYfyO9J2OV5uN9eY.MhcnCx.JE2MCztT74Su', NULL, 0, '1M0c63p6T8LwKxErI5hmjk7oWE6gc8Ex', 'ZjbLMXvtBS'),
(71, 2, 2, 18, '2025-07-30 01:42:14.613195', '2025-07-30 01:42:14.613195', NULL, 0, 'Chris', 'Jast', 'vjast@example.net', '+1 (562) 740-4685', '', '', '', '', 1, '2025-07-30 01:42:14', NULL, 0, NULL, NULL, NULL, NULL, NULL, NULL, NULL, NULL, NULL, '$2y$10$a.1.tMtJ4rZMrVARQ5GYG.9Ca6lKix2bMJ0OnEBbv4Y2qrnru1DSu', NULL, 0, 'ja5Nb0Z2g3A6A3YXpP3Z2pMmuduxffcq', 'vJDbDdDdXV'),
(72, 2, 2, 18, '2025-07-30 01:42:14.624853', '2025-07-30 01:42:14.624853', NULL, 0, 'Rossie', 'Brekke', 'gail.green@example.com', '+15408730744', '', '', '', '', 1, '2025-07-30 01:42:14', NULL, 0, NULL, NULL, NULL, NULL, NULL, NULL, NULL, NULL, NULL, '$2y$10$7mcfu2lb2G54flTO.5Y1Q.4OiIZ4puL0HFLnNj5cgfcH0bvAE9mdG', NULL, 0, 'toFDny5wPz3jEMcxZH7NIC57jtPjcCXn', 'tGCYwdEl7t'),
(73, 2, 2, 19, '2025-07-30 01:42:16.634746', '2025-07-30 01:42:16.634746', NULL, 1, 'Luisa', 'Osinski', 'white.lilian@example.org', '+1-930-438-8302', '', '', '', '', 1, '2025-07-30 01:42:16', NULL, 0, NULL, NULL, NULL, NULL, NULL, NULL, NULL, NULL, NULL, '$2y$10$1sDta7SlWXpCwEpD.A5Htenj3qdh2ZrPbJdgvI8D1n7uR0s2.i1Ii', NULL, 0, '4GRYo3YBVsvPnEqRrDtWzZmTWfXyRpZH', 'oVabzKp6n7'),
(74, 2, 2, 19, '2025-07-30 01:42:16.978704', '2025-07-30 01:42:16.978704', NULL, 0, 'Rosalia', 'Spinka', 'jaren45@example.net', '702.723.6762', '', '', '', '', 1, '2025-07-30 01:42:16', NULL, 0, NULL, NULL, NULL, NULL, NULL, NULL, NULL, NULL, NULL, '$2y$10$0CGLGWW5xTqe7aeXGeCfoOnz8b1BqAxef5KzfpkQbsa0/3TUqN8lK', NULL, 0, 'LiK4XG8VHIcUu2IA3ZbltvcXaQqMpe8l', '5De7xh0Tmq'),
(75, 2, 2, 19, '2025-07-30 01:42:16.993199', '2025-07-30 01:42:16.993199', NULL, 0, 'Stacey', 'Hayes', 'bbrakus@example.net', '+1.934.968.4510', '', '', '', '', 1, '2025-07-30 01:42:16', NULL, 0, NULL, NULL, NULL, NULL, NULL, NULL, NULL, NULL, NULL, '$2y$10$3gPNUSqpvqB1hu6A94UeRuPdd46oD7q5hhwIzpx7lEt2aBdpdZMEW', NULL, 0, 'mIVX8sfZPsPTprwlTJOQ8DtrquVLBl1a', 'DvJPrrS5Au'),
(76, 2, 2, 19, '2025-07-30 01:42:17.005338', '2025-07-30 01:42:17.005338', NULL, 0, 'Brett', 'Aufderhar', 'cade79@example.com', '+1-530-430-7538', '', '', '', '', 1, '2025-07-30 01:42:16', NULL, 0, NULL, NULL, NULL, NULL, NULL, NULL, NULL, NULL, NULL, '$2y$10$TaExXJ2qEt9rWeksiieDF.d6uoy7oHgeUvz7yqd7vjKOK5r3U2bOa', NULL, 0, '2wf4WrDXZRaBgzQH30omiPbCXBCY39Kd', 'NMEGqnfS5V'),
(77, 2, 2, 19, '2025-07-30 01:42:17.017287', '2025-07-30 01:42:17.017287', NULL, 0, 'Wyman', 'Ryan', 'ldicki@example.com', '(508) 522-6749', '', '', '', '', 1, '2025-07-30 01:42:16', NULL, 0, NULL, NULL, NULL, NULL, NULL, NULL, NULL, NULL, NULL, '$2y$10$cQ979HtnIvrzg.MBLulGyO3gN4E.faV.wptvi72IzdtyBZyAW7o/2', NULL, 0, 'K3njUzRTFtTG0lZxMfyBZOG7fpwn10Dm', 'nBPqDQZhB3'),
(78, 2, 2, 20, '2025-07-30 01:42:20.893879', '2025-07-30 01:42:20.893879', NULL, 1, 'Dawson', 'Shanahan', 'talia.volkman@example.com', '1-240-774-2556', '', '', '', '', 1, '2025-07-30 01:42:20', NULL, 0, NULL, NULL, NULL, NULL, NULL, NULL, NULL, NULL, NULL, '$2y$10$lQvB7mnkhhbNLiwwA6BWT.X36LYGwNYssNExYKBkLXV5h0G8S8BqC', NULL, 0, 'lsFtB6I61CJw4MGhcLvMLnk2WzIXRU9y', 'fUIjcyn1VD'),
(79, 2, 2, 20, '2025-07-30 01:42:21.076445', '2025-07-30 01:42:21.076445', NULL, 0, 'Moshe', 'Crooks', 'lindgren.willie@example.net', '331-226-4443', '', '', '', '', 1, '2025-07-30 01:42:20', NULL, 0, NULL, NULL, NULL, NULL, NULL, NULL, NULL, NULL, NULL, '$2y$10$3QEcpaFkMw0cQrbxFqa28eBpo4tN92zAUxDXVWdnJafBhKCSJ8PVG', NULL, 0, 'fFrZeMqd7WrA57h8smsVQ6w8gTUTxd6h', 'BuXj8ZJKG6'),
(80, 2, 2, 20, '2025-07-30 01:42:21.089919', '2025-07-30 01:42:21.089919', NULL, 0, 'Jared', 'Daugherty', 'rau.hilbert@example.org', '540.982.5261', '', '', '', '', 1, '2025-07-30 01:42:20', NULL, 0, NULL, NULL, NULL, NULL, NULL, NULL, NULL, NULL, NULL, '$2y$10$MkhozbIUKFJvBBCBp91mfuoydwC/uRUQZr4kT5RWrkZee.c3Qny9O', NULL, 0, 'iaMnKOssWWNTYoRPjdHLo2GDLOlVxBf5', '6Zxtx5oapL');

-- --------------------------------------------------------

--
-- Table structure for table `webhooks`
--

CREATE TABLE `webhooks` (
  `id` int(10) UNSIGNED NOT NULL,
  `company_id` int(10) UNSIGNED DEFAULT NULL,
  `user_id` int(10) UNSIGNED DEFAULT NULL,
  `event_id` int(10) UNSIGNED DEFAULT NULL,
  `is_deleted` tinyint(1) NOT NULL DEFAULT 0,
  `target_url` text NOT NULL,
  `format` enum('JSON','UBL') NOT NULL DEFAULT 'JSON',
  `created_at` timestamp(6) NULL DEFAULT NULL,
  `updated_at` timestamp(6) NULL DEFAULT NULL,
  `deleted_at` timestamp(6) NULL DEFAULT NULL,
  `rest_method` text DEFAULT NULL,
  `headers` text DEFAULT NULL
) ENGINE=InnoDB DEFAULT CHARSET=utf8mb4 COLLATE=utf8mb4_unicode_ci;

--
-- Indexes for dumped tables
--

--
-- Indexes for table `accounts`
--
ALTER TABLE `accounts`
  ADD PRIMARY KEY (`id`),
  ADD KEY `accounts_payment_id_index` (`payment_id`),
  ADD KEY `accounts_key_index` (`key`);

--
-- Indexes for table `activities`
--
ALTER TABLE `activities`
  ADD PRIMARY KEY (`id`),
  ADD KEY `activities_vendor_id_company_id_index` (`vendor_id`,`company_id`),
  ADD KEY `activities_project_id_company_id_index` (`project_id`,`company_id`),
  ADD KEY `activities_user_id_company_id_index` (`user_id`,`company_id`),
  ADD KEY `activities_client_id_company_id_index` (`client_id`,`company_id`),
  ADD KEY `activities_payment_id_company_id_index` (`payment_id`,`company_id`),
  ADD KEY `activities_invoice_id_company_id_index` (`invoice_id`,`company_id`),
  ADD KEY `activities_credit_id_company_id_index` (`credit_id`,`company_id`),
  ADD KEY `activities_invitation_id_company_id_index` (`invitation_id`,`company_id`),
  ADD KEY `activities_task_id_company_id_index` (`task_id`,`company_id`),
  ADD KEY `activities_expense_id_company_id_index` (`expense_id`,`company_id`),
  ADD KEY `activities_client_contact_id_company_id_index` (`client_contact_id`,`company_id`),
  ADD KEY `activities_company_id_foreign` (`company_id`),
  ADD KEY `activities_quote_id_company_id_index` (`quote_id`,`company_id`),
  ADD KEY `activities_recurring_invoice_id_company_id_index` (`recurring_invoice_id`,`company_id`),
  ADD KEY `activities_purchase_order_id_company_id_index` (`purchase_order_id`,`company_id`),
  ADD KEY `activities_vendor_contact_id_company_id_index` (`vendor_contact_id`,`company_id`);

--
-- Indexes for table `admin_contacts`
--
ALTER TABLE `admin_contacts`
  ADD PRIMARY KEY (`id`),
  ADD KEY `admin_contacts_device_id_index` (`device_id`);

--
-- Indexes for table `backups`
--
ALTER TABLE `backups`
  ADD PRIMARY KEY (`id`),
  ADD KEY `backups_activity_id_foreign` (`activity_id`);

--
-- Indexes for table `banks`
--
ALTER TABLE `banks`
  ADD PRIMARY KEY (`id`);

--
-- Indexes for table `bank_companies`
--
ALTER TABLE `bank_companies`
  ADD PRIMARY KEY (`id`),
  ADD KEY `bank_companies_company_id_deleted_at_index` (`company_id`,`deleted_at`),
  ADD KEY `bank_companies_user_id_foreign` (`user_id`),
  ADD KEY `bank_companies_bank_id_foreign` (`bank_id`);

--
-- Indexes for table `bank_integrations`
--
ALTER TABLE `bank_integrations`
  ADD PRIMARY KEY (`id`),
  ADD KEY `bank_integrations_user_id_foreign` (`user_id`),
  ADD KEY `bank_integrations_account_id_foreign` (`account_id`),
  ADD KEY `bank_integrations_company_id_foreign` (`company_id`);

--
-- Indexes for table `bank_subcompanies`
--
ALTER TABLE `bank_subcompanies`
  ADD PRIMARY KEY (`id`),
  ADD KEY `bank_subcompanies_company_id_deleted_at_index` (`company_id`,`deleted_at`),
  ADD KEY `bank_subcompanies_user_id_foreign` (`user_id`),
  ADD KEY `bank_subcompanies_bank_company_id_foreign` (`bank_company_id`);

--
-- Indexes for table `bank_transactions`
--
ALTER TABLE `bank_transactions`
  ADD PRIMARY KEY (`id`),
  ADD KEY `bank_transactions_bank_integration_id_foreign` (`bank_integration_id`),
  ADD KEY `bank_transactions_user_id_foreign` (`user_id`),
  ADD KEY `bank_transactions_company_id_foreign` (`company_id`),
  ADD KEY `bank_transactions_transaction_id_index` (`transaction_id`),
  ADD KEY `bank_transactions_category_type_index` (`category_type`),
  ADD KEY `bank_transactions_base_type_index` (`base_type`);

--
-- Indexes for table `bank_transaction_rules`
--
ALTER TABLE `bank_transaction_rules`
  ADD PRIMARY KEY (`id`),
  ADD KEY `bank_transaction_rules_user_id_foreign` (`user_id`),
  ADD KEY `bank_transaction_rules_company_id_foreign` (`company_id`);

--
-- Indexes for table `chatbots`
--
ALTER TABLE `chatbots`
  ADD PRIMARY KEY (`id`),
  ADD KEY `chatbots_device_id_foreign` (`device_id`);

--
-- Indexes for table `clients`
--
ALTER TABLE `clients`
  ADD PRIMARY KEY (`id`),
  ADD UNIQUE KEY `clients_company_id_number_unique` (`company_id`,`number`),
  ADD KEY `clients_company_id_deleted_at_index` (`company_id`,`deleted_at`),
  ADD KEY `clients_industry_id_foreign` (`industry_id`),
  ADD KEY `clients_size_id_foreign` (`size_id`),
  ADD KEY `clients_company_id_index` (`company_id`),
  ADD KEY `clients_user_id_index` (`user_id`),
  ADD KEY `client_hash_idx` (`client_hash`(20));

--
-- Indexes for table `client_contacts`
--
ALTER TABLE `client_contacts`
  ADD PRIMARY KEY (`id`),
  ADD UNIQUE KEY `client_contacts_oauth_user_id_unique` (`oauth_user_id`),
  ADD UNIQUE KEY `client_contacts_oauth_provider_id_unique` (`oauth_provider_id`),
  ADD KEY `client_contacts_company_id_deleted_at_index` (`company_id`,`deleted_at`),
  ADD KEY `client_contacts_company_id_email_deleted_at_index` (`company_id`,`email`,`deleted_at`),
  ADD KEY `client_contacts_company_id_index` (`company_id`),
  ADD KEY `client_contacts_client_id_index` (`client_id`),
  ADD KEY `client_contacts_user_id_index` (`user_id`),
  ADD KEY `client_contact_key_idx` (`contact_key`(20)),
  ADD KEY `client_contacts_email_index` (`email`);

--
-- Indexes for table `client_gateway_tokens`
--
ALTER TABLE `client_gateway_tokens`
  ADD PRIMARY KEY (`id`),
  ADD KEY `client_gateway_tokens_company_id_deleted_at_index` (`company_id`,`deleted_at`),
  ADD KEY `client_gateway_tokens_client_id_foreign` (`client_id`);

--
-- Indexes for table `client_scheduled_message`
--
ALTER TABLE `client_scheduled_message`
  ADD PRIMARY KEY (`id`),
  ADD KEY `client_scheduled_message_scheduled_message_id_foreign` (`scheduled_message_id`),
  ADD KEY `client_scheduled_message_client_id_foreign` (`client_id`);

--
-- Indexes for table `client_subscriptions`
--
ALTER TABLE `client_subscriptions`
  ADD PRIMARY KEY (`id`),
  ADD KEY `client_subscriptions_subscription_id_foreign` (`subscription_id`),
  ADD KEY `client_subscriptions_recurring_invoice_id_foreign` (`recurring_invoice_id`),
  ADD KEY `client_subscriptions_client_id_foreign` (`client_id`),
  ADD KEY `client_subscriptions_company_id_deleted_at_index` (`company_id`,`deleted_at`),
  ADD KEY `client_subscriptions_invoice_id_foreign` (`invoice_id`);

--
-- Indexes for table `companies`
--
ALTER TABLE `companies`
  ADD PRIMARY KEY (`id`),
  ADD UNIQUE KEY `companies_company_key_unique` (`company_key`),
  ADD KEY `companies_industry_id_foreign` (`industry_id`),
  ADD KEY `companies_size_id_foreign` (`size_id`),
  ADD KEY `companies_account_id_index` (`account_id`),
  ADD KEY `companies_subdomain_portal_mode_index` (`subdomain`,`portal_mode`),
  ADD KEY `companies_portal_domain_portal_mode_index` (`portal_domain`,`portal_mode`),
  ADD KEY `companies_company_key_index` (`company_key`),
  ADD KEY `companies_shopify_name_index` (`shopify_name`),
  ADD KEY `companies_shopify_access_token_index` (`shopify_access_token`);

--
-- Indexes for table `company_gateways`
--
ALTER TABLE `company_gateways`
  ADD PRIMARY KEY (`id`),
  ADD KEY `company_gateways_company_id_deleted_at_index` (`company_id`,`deleted_at`),
  ADD KEY `company_gateways_gateway_key_foreign` (`gateway_key`),
  ADD KEY `company_gateways_user_id_foreign` (`user_id`);

--
-- Indexes for table `company_ledgers`
--
ALTER TABLE `company_ledgers`
  ADD PRIMARY KEY (`id`),
  ADD KEY `company_ledgers_company_id_foreign` (`company_id`),
  ADD KEY `company_ledgers_client_id_foreign` (`client_id`);

--
-- Indexes for table `company_tokens`
--
ALTER TABLE `company_tokens`
  ADD PRIMARY KEY (`id`),
  ADD KEY `company_tokens_company_id_deleted_at_index` (`company_id`,`deleted_at`),
  ADD KEY `company_tokens_account_id_foreign` (`account_id`),
  ADD KEY `company_tokens_user_id_foreign` (`user_id`),
  ADD KEY `company_tokens_company_id_index` (`company_id`),
  ADD KEY `company_tokens_token_deleted_at_index` (`token`,`deleted_at`);

--
-- Indexes for table `company_user`
--
ALTER TABLE `company_user`
  ADD PRIMARY KEY (`id`),
  ADD UNIQUE KEY `company_user_company_id_user_id_unique` (`company_id`,`user_id`),
  ADD KEY `company_user_account_id_company_id_deleted_at_index` (`account_id`,`company_id`,`deleted_at`),
  ADD KEY `company_user_user_id_index` (`user_id`);

--
-- Indexes for table `countries`
--
ALTER TABLE `countries`
  ADD PRIMARY KEY (`id`);

--
-- Indexes for table `credits`
--
ALTER TABLE `credits`
  ADD PRIMARY KEY (`id`),
  ADD UNIQUE KEY `credits_company_id_number_unique` (`company_id`,`number`),
  ADD KEY `credits_user_id_foreign` (`user_id`),
  ADD KEY `credits_company_id_deleted_at_index` (`company_id`,`deleted_at`),
  ADD KEY `credits_client_id_index` (`client_id`),
  ADD KEY `credits_company_id_index` (`company_id`);

--
-- Indexes for table `credit_invitations`
--
ALTER TABLE `credit_invitations`
  ADD PRIMARY KEY (`id`),
  ADD UNIQUE KEY `credit_invitations_client_contact_id_credit_id_unique` (`client_contact_id`,`credit_id`),
  ADD KEY `credit_invitations_user_id_foreign` (`user_id`),
  ADD KEY `credit_invitations_company_id_foreign` (`company_id`),
  ADD KEY `credit_invitations_deleted_at_credit_id_company_id_index` (`deleted_at`,`credit_id`,`company_id`),
  ADD KEY `credit_invitations_credit_id_index` (`credit_id`),
  ADD KEY `credit_invitations_key_index` (`key`),
  ADD KEY `credit_invitations_message_id_index` (`message_id`);

--
-- Indexes for table `currencies`
--
ALTER TABLE `currencies`
  ADD PRIMARY KEY (`id`);

--
-- Indexes for table `datetime_formats`
--
ALTER TABLE `datetime_formats`
  ADD PRIMARY KEY (`id`);

--
-- Indexes for table `date_formats`
--
ALTER TABLE `date_formats`
  ADD PRIMARY KEY (`id`);

--
-- Indexes for table `designs`
--
ALTER TABLE `designs`
  ADD PRIMARY KEY (`id`),
  ADD KEY `designs_company_id_deleted_at_index` (`company_id`,`deleted_at`),
  ADD KEY `designs_company_id_index` (`company_id`);

--
-- Indexes for table `devices`
--
ALTER TABLE `devices`
  ADD PRIMARY KEY (`id`),
  ADD UNIQUE KEY `devices_phone_unique` (`phone`);

--
-- Indexes for table `documents`
--
ALTER TABLE `documents`
  ADD PRIMARY KEY (`id`),
  ADD KEY `documents_company_id_index` (`company_id`),
  ADD KEY `documents_documentable_id_documentable_type_deleted_at_index` (`documentable_id`,`documentable_type`,`deleted_at`);

--
-- Indexes for table `expenses`
--
ALTER TABLE `expenses`
  ADD PRIMARY KEY (`id`),
  ADD UNIQUE KEY `expenses_company_id_number_unique` (`company_id`,`number`),
  ADD KEY `expenses_company_id_deleted_at_index` (`company_id`,`deleted_at`),
  ADD KEY `expenses_user_id_foreign` (`user_id`),
  ADD KEY `expenses_company_id_index` (`company_id`),
  ADD KEY `expenses_invoice_id_deleted_at_index` (`invoice_id`,`deleted_at`);

--
-- Indexes for table `expense_categories`
--
ALTER TABLE `expense_categories`
  ADD PRIMARY KEY (`id`),
  ADD KEY `expense_categories_company_id_deleted_at_index` (`company_id`,`deleted_at`),
  ADD KEY `expense_categories_company_id_index` (`company_id`);

--
-- Indexes for table `e_invoicing_logs`
--
ALTER TABLE `e_invoicing_logs`
  ADD PRIMARY KEY (`id`),
  ADD KEY `e_invoicing_logs_legal_entity_id_index` (`legal_entity_id`);

--
-- Indexes for table `e_invoicing_tokens`
--
ALTER TABLE `e_invoicing_tokens`
  ADD PRIMARY KEY (`id`),
  ADD UNIQUE KEY `e_invoicing_tokens_token_unique` (`token`);

--
-- Indexes for table `failed_jobs`
--
ALTER TABLE `failed_jobs`
  ADD PRIMARY KEY (`id`),
  ADD UNIQUE KEY `failed_jobs_uuid_unique` (`uuid`);

--
-- Indexes for table `filter_lokasi`
--
ALTER TABLE `filter_lokasi`
  ADD PRIMARY KEY (`id`);

--
-- Indexes for table `fo_client_ftths`
--
ALTER TABLE `fo_client_ftths`
  ADD PRIMARY KEY (`id`),
  ADD UNIQUE KEY `unique_nama_client` (`nama_client`),
  ADD KEY `fo_client_ftths_lokasi_id_foreign` (`lokasi_id`),
  ADD KEY `fo_client_ftths_odp_id_foreign` (`odp_id`),
  ADD KEY `fo_client_ftths_client_id_foreign` (`client_id`),
  ADD KEY `fo_client_ftths_company_id_foreign` (`company_id`);

--
-- Indexes for table `fo_joint_boxes`
--
ALTER TABLE `fo_joint_boxes`
  ADD PRIMARY KEY (`id`),
  ADD KEY `fo_joint_boxes_lokasi_id_foreign` (`lokasi_id`),
  ADD KEY `fo_joint_boxes_kabel_odc_id_foreign` (`kabel_odc_id`);

--
-- Indexes for table `fo_kabel_core_odcs`
--
ALTER TABLE `fo_kabel_core_odcs`
  ADD PRIMARY KEY (`id`),
  ADD KEY `fo_kabel_core_odcs_kabel_tube_odc_id_foreign` (`kabel_tube_odc_id`);

--
-- Indexes for table `fo_kabel_odcs`
--
ALTER TABLE `fo_kabel_odcs`
  ADD PRIMARY KEY (`id`);

--
-- Indexes for table `fo_kabel_tube_odcs`
--
ALTER TABLE `fo_kabel_tube_odcs`
  ADD PRIMARY KEY (`id`),
  ADD KEY `fo_kabel_tube_odcs_kabel_odc_id_foreign` (`kabel_odc_id`);

--
-- Indexes for table `fo_lokasis`
--
ALTER TABLE `fo_lokasis`
  ADD PRIMARY KEY (`id`);

--
-- Indexes for table `fo_odcs`
--
ALTER TABLE `fo_odcs`
  ADD PRIMARY KEY (`id`),
  ADD UNIQUE KEY `unique_nama_odc` (`nama_odc`),
  ADD KEY `fo_odcs_lokasi_id_foreign` (`lokasi_id`),
  ADD KEY `fo_odcs_kabel_odc_id_foreign` (`kabel_odc_id`);

--
-- Indexes for table `fo_odps`
--
ALTER TABLE `fo_odps`
  ADD PRIMARY KEY (`id`),
  ADD UNIQUE KEY `unique_nama_odp` (`nama_odp`),
  ADD KEY `fo_odps_kabel_core_odc_id_foreign` (`kabel_core_odc_id`),
  ADD KEY `fo_odps_lokasi_id_foreign` (`lokasi_id`);

--
-- Indexes for table `gateways`
--
ALTER TABLE `gateways`
  ADD PRIMARY KEY (`id`),
  ADD UNIQUE KEY `gateways_key_unique` (`key`);

--
-- Indexes for table `gateway_types`
--
ALTER TABLE `gateway_types`
  ADD PRIMARY KEY (`id`);

--
-- Indexes for table `group_settings`
--
ALTER TABLE `group_settings`
  ADD PRIMARY KEY (`id`),
  ADD KEY `group_settings_company_id_deleted_at_index` (`company_id`,`deleted_at`);

--
-- Indexes for table `industries`
--
ALTER TABLE `industries`
  ADD PRIMARY KEY (`id`);

--
-- Indexes for table `invoices`
--
ALTER TABLE `invoices`
  ADD PRIMARY KEY (`id`),
  ADD UNIQUE KEY `invoices_company_id_number_unique` (`company_id`,`number`),
  ADD KEY `invoices_user_id_foreign` (`user_id`),
  ADD KEY `invoices_company_id_deleted_at_index` (`company_id`,`deleted_at`),
  ADD KEY `invoices_client_id_index` (`client_id`),
  ADD KEY `invoices_company_id_index` (`company_id`),
  ADD KEY `invoices_recurring_id_index` (`recurring_id`),
  ADD KEY `invoices_status_id_balance_index` (`status_id`,`balance`),
  ADD KEY `invoices_project_id_deleted_at_index` (`project_id`,`deleted_at`);

--
-- Indexes for table `invoice_invitations`
--
ALTER TABLE `invoice_invitations`
  ADD PRIMARY KEY (`id`),
  ADD UNIQUE KEY `invoice_invitations_client_contact_id_invoice_id_unique` (`client_contact_id`,`invoice_id`),
  ADD KEY `invoice_invitations_user_id_foreign` (`user_id`),
  ADD KEY `invoice_invitations_company_id_foreign` (`company_id`),
  ADD KEY `invoice_invitations_deleted_at_invoice_id_company_id_index` (`deleted_at`,`invoice_id`,`company_id`),
  ADD KEY `invoice_invitations_invoice_id_index` (`invoice_id`),
  ADD KEY `invoice_invitations_message_id_index` (`message_id`),
  ADD KEY `invoice_invitations_key_deleted_at_index` (`key`,`deleted_at`);

--
-- Indexes for table `jobs`
--
ALTER TABLE `jobs`
  ADD PRIMARY KEY (`id`),
  ADD KEY `jobs_queue_index` (`queue`);

--
-- Indexes for table `languages`
--
ALTER TABLE `languages`
  ADD PRIMARY KEY (`id`);

--
-- Indexes for table `licenses`
--
ALTER TABLE `licenses`
  ADD PRIMARY KEY (`id`),
  ADD UNIQUE KEY `licenses_license_key_unique` (`license_key`),
  ADD KEY `licenses_e_invoice_quota_index` (`e_invoice_quota`);

--
-- Indexes for table `map_settings`
--
ALTER TABLE `map_settings`
  ADD PRIMARY KEY (`id`);

--
-- Indexes for table `messages`
--
ALTER TABLE `messages`
  ADD PRIMARY KEY (`id`),
  ADD KEY `messages_device_id_foreign` (`device_id`),
  ADD KEY `messages_client_id_foreign` (`client_id`),
  ADD KEY `messages_message_template_id_foreign` (`message_template_id`);

--
-- Indexes for table `message_templates`
--
ALTER TABLE `message_templates`
  ADD PRIMARY KEY (`id`);

--
-- Indexes for table `migrations`
--
ALTER TABLE `migrations`
  ADD PRIMARY KEY (`id`);

--
-- Indexes for table `password_resets`
--
ALTER TABLE `password_resets`
  ADD KEY `password_resets_email_index` (`email`);

--
-- Indexes for table `paymentables`
--
ALTER TABLE `paymentables`
  ADD PRIMARY KEY (`id`),
  ADD KEY `paymentables_payment_id_foreign` (`payment_id`),
  ADD KEY `paymentables_paymentable_id_index` (`paymentable_id`);

--
-- Indexes for table `payments`
--
ALTER TABLE `payments`
  ADD PRIMARY KEY (`id`),
  ADD UNIQUE KEY `payments_company_id_number_unique` (`company_id`,`number`),
  ADD UNIQUE KEY `payments_company_id_idempotency_key_unique` (`company_id`,`idempotency_key`),
  ADD KEY `payments_company_id_deleted_at_index` (`company_id`,`deleted_at`),
  ADD KEY `payments_client_contact_id_foreign` (`client_contact_id`),
  ADD KEY `payments_company_gateway_id_foreign` (`company_gateway_id`),
  ADD KEY `payments_user_id_foreign` (`user_id`),
  ADD KEY `payments_company_id_index` (`company_id`),
  ADD KEY `payments_client_id_index` (`client_id`),
  ADD KEY `payments_status_id_index` (`status_id`),
  ADD KEY `payments_transaction_reference_index` (`transaction_reference`),
  ADD KEY `payments_idempotency_key_index` (`idempotency_key`);

--
-- Indexes for table `payment_hashes`
--
ALTER TABLE `payment_hashes`
  ADD PRIMARY KEY (`id`),
  ADD KEY `payment_hashes_payment_id_foreign` (`payment_id`),
  ADD KEY `payment_hashes_hash_index` (`hash`),
  ADD KEY `payment_hashes_fee_invoice_id_index` (`fee_invoice_id`);

--
-- Indexes for table `payment_libraries`
--
ALTER TABLE `payment_libraries`
  ADD PRIMARY KEY (`id`);

--
-- Indexes for table `payment_terms`
--
ALTER TABLE `payment_terms`
  ADD PRIMARY KEY (`id`),
  ADD KEY `payment_terms_company_id_deleted_at_index` (`company_id`,`deleted_at`),
  ADD KEY `payment_terms_user_id_foreign` (`user_id`);

--
-- Indexes for table `payment_types`
--
ALTER TABLE `payment_types`
  ADD PRIMARY KEY (`id`);

--
-- Indexes for table `products`
--
ALTER TABLE `products`
  ADD PRIMARY KEY (`id`),
  ADD KEY `products_company_id_deleted_at_index` (`company_id`,`deleted_at`),
  ADD KEY `products_user_id_foreign` (`user_id`),
  ADD KEY `products_company_id_index` (`company_id`),
  ADD KEY `pro_co_us_up_index` (`company_id`,`user_id`,`assigned_user_id`,`updated_at`),
  ADD KEY `products_product_key_company_id_index` (`product_key`,`company_id`);

--
-- Indexes for table `projects`
--
ALTER TABLE `projects`
  ADD PRIMARY KEY (`id`),
  ADD UNIQUE KEY `projects_company_id_number_unique` (`company_id`,`number`),
  ADD KEY `projects_user_id_foreign` (`user_id`),
  ADD KEY `projects_company_id_deleted_at_index` (`company_id`,`deleted_at`),
  ADD KEY `projects_company_id_index` (`company_id`);

--
-- Indexes for table `purchase_orders`
--
ALTER TABLE `purchase_orders`
  ADD PRIMARY KEY (`id`),
  ADD KEY `purchase_orders_user_id_foreign` (`user_id`),
  ADD KEY `purchase_orders_company_id_deleted_at_index` (`company_id`,`deleted_at`),
  ADD KEY `purchase_orders_client_id_index` (`client_id`),
  ADD KEY `purchase_orders_company_id_index` (`company_id`),
  ADD KEY `purchase_orders_expense_id_index` (`expense_id`);

--
-- Indexes for table `purchase_order_invitations`
--
ALTER TABLE `purchase_order_invitations`
  ADD PRIMARY KEY (`id`),
  ADD UNIQUE KEY `vendor_purchase_unique` (`vendor_contact_id`,`purchase_order_id`),
  ADD KEY `purchase_order_invitations_user_id_foreign` (`user_id`),
  ADD KEY `purchase_order_invitations_company_id_foreign` (`company_id`),
  ADD KEY `vendor_purchase_company_index` (`deleted_at`,`purchase_order_id`,`company_id`),
  ADD KEY `purchase_order_invitations_purchase_order_id_index` (`purchase_order_id`),
  ADD KEY `purchase_order_invitations_key_index` (`key`),
  ADD KEY `purchase_order_invitations_message_id_index` (`message_id`);

--
-- Indexes for table `quotes`
--
ALTER TABLE `quotes`
  ADD PRIMARY KEY (`id`),
  ADD UNIQUE KEY `quotes_company_id_number_unique` (`company_id`,`number`),
  ADD KEY `quotes_user_id_foreign` (`user_id`),
  ADD KEY `quotes_company_id_deleted_at_index` (`company_id`,`deleted_at`),
  ADD KEY `quotes_client_id_index` (`client_id`),
  ADD KEY `quotes_company_id_index` (`company_id`),
  ADD KEY `quotes_company_id_updated_at_index` (`company_id`,`updated_at`),
  ADD KEY `quotes_project_id_deleted_at_index` (`project_id`,`deleted_at`);

--
-- Indexes for table `quote_invitations`
--
ALTER TABLE `quote_invitations`
  ADD PRIMARY KEY (`id`),
  ADD UNIQUE KEY `quote_invitations_client_contact_id_quote_id_unique` (`client_contact_id`,`quote_id`),
  ADD KEY `quote_invitations_user_id_foreign` (`user_id`),
  ADD KEY `quote_invitations_company_id_foreign` (`company_id`),
  ADD KEY `quote_invitations_deleted_at_quote_id_company_id_index` (`deleted_at`,`quote_id`,`company_id`),
  ADD KEY `quote_invitations_quote_id_index` (`quote_id`),
  ADD KEY `quote_invitations_key_index` (`key`),
  ADD KEY `quote_invitations_message_id_index` (`message_id`);

--
-- Indexes for table `recurring_expenses`
--
ALTER TABLE `recurring_expenses`
  ADD PRIMARY KEY (`id`),
  ADD UNIQUE KEY `recurring_expenses_company_id_number_unique` (`company_id`,`number`),
  ADD KEY `recurring_expenses_company_id_deleted_at_index` (`company_id`,`deleted_at`),
  ADD KEY `recurring_expenses_user_id_foreign` (`user_id`),
  ADD KEY `recurring_expenses_company_id_index` (`company_id`);

--
-- Indexes for table `recurring_invoices`
--
ALTER TABLE `recurring_invoices`
  ADD PRIMARY KEY (`id`),
  ADD UNIQUE KEY `recurring_invoices_company_id_number_unique` (`company_id`,`number`),
  ADD KEY `recurring_invoices_company_id_deleted_at_index` (`company_id`,`deleted_at`),
  ADD KEY `recurring_invoices_user_id_foreign` (`user_id`),
  ADD KEY `recurring_invoices_client_id_index` (`client_id`),
  ADD KEY `recurring_invoices_company_id_index` (`company_id`),
  ADD KEY `recurring_invoices_status_id_index` (`status_id`);

--
-- Indexes for table `recurring_invoice_invitations`
--
ALTER TABLE `recurring_invoice_invitations`
  ADD PRIMARY KEY (`id`),
  ADD UNIQUE KEY `cli_rec` (`client_contact_id`,`recurring_invoice_id`),
  ADD KEY `recurring_invoice_invitations_user_id_foreign` (`user_id`),
  ADD KEY `recurring_invoice_invitations_company_id_foreign` (`company_id`),
  ADD KEY `rec_co_del` (`deleted_at`,`recurring_invoice_id`,`company_id`),
  ADD KEY `recurring_invoice_invitations_recurring_invoice_id_index` (`recurring_invoice_id`),
  ADD KEY `recurring_invoice_invitations_key_index` (`key`);

--
-- Indexes for table `recurring_quotes`
--
ALTER TABLE `recurring_quotes`
  ADD PRIMARY KEY (`id`),
  ADD KEY `recurring_quotes_company_id_deleted_at_index` (`company_id`,`deleted_at`),
  ADD KEY `recurring_quotes_user_id_foreign` (`user_id`),
  ADD KEY `recurring_quotes_client_id_index` (`client_id`),
  ADD KEY `recurring_quotes_company_id_index` (`company_id`),
  ADD KEY `recurring_quotes_status_id_index` (`status_id`);

--
-- Indexes for table `recurring_quote_invitations`
--
ALTER TABLE `recurring_quote_invitations`
  ADD PRIMARY KEY (`id`),
  ADD UNIQUE KEY `cli_rec_q` (`client_contact_id`,`recurring_quote_id`),
  ADD KEY `recurring_quote_invitations_user_id_foreign` (`user_id`),
  ADD KEY `recurring_quote_invitations_company_id_foreign` (`company_id`),
  ADD KEY `rec_co_del_q` (`deleted_at`,`recurring_quote_id`,`company_id`),
  ADD KEY `recurring_quote_invitations_recurring_quote_id_index` (`recurring_quote_id`),
  ADD KEY `recurring_quote_invitations_key_index` (`key`);

--
-- Indexes for table `scheduled_messages`
--
ALTER TABLE `scheduled_messages`
  ADD PRIMARY KEY (`id`),
  ADD KEY `scheduled_messages_device_id_foreign` (`device_id`),
  ADD KEY `scheduled_messages_message_template_id_foreign` (`message_template_id`);

--
-- Indexes for table `schedulers`
--
ALTER TABLE `schedulers`
  ADD PRIMARY KEY (`id`),
  ADD KEY `schedulers_company_id_deleted_at_index` (`company_id`,`deleted_at`);

--
-- Indexes for table `sizes`
--
ALTER TABLE `sizes`
  ADD PRIMARY KEY (`id`);

--
-- Indexes for table `subscriptions`
--
ALTER TABLE `subscriptions`
  ADD PRIMARY KEY (`id`),
  ADD UNIQUE KEY `subscriptions_company_id_name_unique` (`company_id`,`name`),
  ADD KEY `billing_subscriptions_company_id_deleted_at_index` (`company_id`,`deleted_at`);

--
-- Indexes for table `system_logs`
--
ALTER TABLE `system_logs`
  ADD PRIMARY KEY (`id`),
  ADD KEY `system_logs_company_id_foreign` (`company_id`),
  ADD KEY `system_logs_client_id_foreign` (`client_id`);

--
-- Indexes for table `tasks`
--
ALTER TABLE `tasks`
  ADD PRIMARY KEY (`id`),
  ADD UNIQUE KEY `tasks_company_id_number_unique` (`company_id`,`number`),
  ADD KEY `tasks_company_id_deleted_at_index` (`company_id`,`deleted_at`),
  ADD KEY `tasks_user_id_foreign` (`user_id`),
  ADD KEY `tasks_invoice_id_foreign` (`invoice_id`),
  ADD KEY `tasks_client_id_foreign` (`client_id`),
  ADD KEY `tasks_company_id_index` (`company_id`),
  ADD KEY `tasks_hash_index` (`hash`);

--
-- Indexes for table `task_statuses`
--
ALTER TABLE `task_statuses`
  ADD PRIMARY KEY (`id`),
  ADD KEY `task_statuses_company_id_deleted_at_index` (`company_id`,`deleted_at`),
  ADD KEY `task_statuses_user_id_foreign` (`user_id`);

--
-- Indexes for table `tax_rates`
--
ALTER TABLE `tax_rates`
  ADD PRIMARY KEY (`id`),
  ADD KEY `tax_rates_company_id_deleted_at_index` (`company_id`,`deleted_at`),
  ADD KEY `tax_rates_user_id_foreign` (`user_id`),
  ADD KEY `tax_rates_company_id_index` (`company_id`);

--
-- Indexes for table `timezones`
--
ALTER TABLE `timezones`
  ADD PRIMARY KEY (`id`);

--
-- Indexes for table `transaction_events`
--
ALTER TABLE `transaction_events`
  ADD PRIMARY KEY (`id`),
  ADD KEY `transaction_events_client_id_index` (`client_id`);

--
-- Indexes for table `users`
--
ALTER TABLE `users`
  ADD PRIMARY KEY (`id`),
  ADD UNIQUE KEY `users_email_unique` (`email`),
  ADD UNIQUE KEY `users_oauth_user_id_oauth_provider_id_unique` (`oauth_user_id`,`oauth_provider_id`),
  ADD KEY `users_account_id_index` (`account_id`),
  ADD KEY `users_shopify_user_id_index` (`shopify_user_id`);

--
-- Indexes for table `vendors`
--
ALTER TABLE `vendors`
  ADD PRIMARY KEY (`id`),
  ADD UNIQUE KEY `vendors_company_id_number_unique` (`company_id`,`number`),
  ADD KEY `vendors_company_id_deleted_at_index` (`company_id`,`deleted_at`),
  ADD KEY `vendors_user_id_foreign` (`user_id`),
  ADD KEY `vendors_country_id_foreign` (`country_id`),
  ADD KEY `vendors_currency_id_foreign` (`currency_id`);

--
-- Indexes for table `vendor_contacts`
--
ALTER TABLE `vendor_contacts`
  ADD PRIMARY KEY (`id`),
  ADD UNIQUE KEY `vendor_contacts_oauth_user_id_unique` (`oauth_user_id`),
  ADD UNIQUE KEY `vendor_contacts_oauth_provider_id_unique` (`oauth_provider_id`),
  ADD KEY `vendor_contacts_company_id_deleted_at_index` (`company_id`,`deleted_at`),
  ADD KEY `vendor_contacts_user_id_foreign` (`user_id`),
  ADD KEY `vendor_contacts_vendor_id_index` (`vendor_id`),
  ADD KEY `vendor_contacts_company_id_email_deleted_at_index` (`company_id`,`email`,`deleted_at`),
  ADD KEY `vendor_contact_key_idx` (`contact_key`(20)),
  ADD KEY `vendor_contacts_email_index` (`email`);

--
-- Indexes for table `webhooks`
--
ALTER TABLE `webhooks`
  ADD PRIMARY KEY (`id`),
  ADD KEY `subscriptions_company_id_foreign` (`company_id`),
  ADD KEY `subscriptions_event_id_company_id_index` (`event_id`,`company_id`);

--
-- AUTO_INCREMENT for dumped tables
--

--
-- AUTO_INCREMENT for table `accounts`
--
ALTER TABLE `accounts`
  MODIFY `id` int(10) UNSIGNED NOT NULL AUTO_INCREMENT, AUTO_INCREMENT=3;

--
-- AUTO_INCREMENT for table `activities`
--
ALTER TABLE `activities`
  MODIFY `id` int(10) UNSIGNED NOT NULL AUTO_INCREMENT, AUTO_INCREMENT=61;

--
-- AUTO_INCREMENT for table `admin_contacts`
--
ALTER TABLE `admin_contacts`
  MODIFY `id` bigint(20) UNSIGNED NOT NULL AUTO_INCREMENT;

--
-- AUTO_INCREMENT for table `backups`
--
ALTER TABLE `backups`
  MODIFY `id` int(10) UNSIGNED NOT NULL AUTO_INCREMENT, AUTO_INCREMENT=52;

--
-- AUTO_INCREMENT for table `banks`
--
ALTER TABLE `banks`
  MODIFY `id` int(10) UNSIGNED NOT NULL AUTO_INCREMENT, AUTO_INCREMENT=387;

--
-- AUTO_INCREMENT for table `bank_companies`
--
ALTER TABLE `bank_companies`
  MODIFY `id` int(10) UNSIGNED NOT NULL AUTO_INCREMENT;

--
-- AUTO_INCREMENT for table `bank_integrations`
--
ALTER TABLE `bank_integrations`
  MODIFY `id` bigint(20) UNSIGNED NOT NULL AUTO_INCREMENT;

--
-- AUTO_INCREMENT for table `bank_subcompanies`
--
ALTER TABLE `bank_subcompanies`
  MODIFY `id` int(10) UNSIGNED NOT NULL AUTO_INCREMENT;

--
-- AUTO_INCREMENT for table `bank_transactions`
--
ALTER TABLE `bank_transactions`
  MODIFY `id` bigint(20) UNSIGNED NOT NULL AUTO_INCREMENT;

--
-- AUTO_INCREMENT for table `bank_transaction_rules`
--
ALTER TABLE `bank_transaction_rules`
  MODIFY `id` bigint(20) UNSIGNED NOT NULL AUTO_INCREMENT;

--
-- AUTO_INCREMENT for table `chatbots`
--
ALTER TABLE `chatbots`
  MODIFY `id` bigint(20) UNSIGNED NOT NULL AUTO_INCREMENT;

--
-- AUTO_INCREMENT for table `clients`
--
ALTER TABLE `clients`
  MODIFY `id` int(10) UNSIGNED NOT NULL AUTO_INCREMENT, AUTO_INCREMENT=12;

--
-- AUTO_INCREMENT for table `client_contacts`
--
ALTER TABLE `client_contacts`
  MODIFY `id` int(10) UNSIGNED NOT NULL AUTO_INCREMENT, AUTO_INCREMENT=36;

--
-- AUTO_INCREMENT for table `client_gateway_tokens`
--
ALTER TABLE `client_gateway_tokens`
  MODIFY `id` int(10) UNSIGNED NOT NULL AUTO_INCREMENT;

--
-- AUTO_INCREMENT for table `client_scheduled_message`
--
ALTER TABLE `client_scheduled_message`
  MODIFY `id` bigint(20) UNSIGNED NOT NULL AUTO_INCREMENT;

--
-- AUTO_INCREMENT for table `client_subscriptions`
--
ALTER TABLE `client_subscriptions`
  MODIFY `id` int(10) UNSIGNED NOT NULL AUTO_INCREMENT;

--
-- AUTO_INCREMENT for table `companies`
--
ALTER TABLE `companies`
  MODIFY `id` int(10) UNSIGNED NOT NULL AUTO_INCREMENT, AUTO_INCREMENT=3;

--
-- AUTO_INCREMENT for table `company_gateways`
--
ALTER TABLE `company_gateways`
  MODIFY `id` int(10) UNSIGNED NOT NULL AUTO_INCREMENT;

--
-- AUTO_INCREMENT for table `company_ledgers`
--
ALTER TABLE `company_ledgers`
  MODIFY `id` int(10) UNSIGNED NOT NULL AUTO_INCREMENT, AUTO_INCREMENT=31;

--
-- AUTO_INCREMENT for table `company_tokens`
--
ALTER TABLE `company_tokens`
  MODIFY `id` int(10) UNSIGNED NOT NULL AUTO_INCREMENT, AUTO_INCREMENT=3;

--
-- AUTO_INCREMENT for table `company_user`
--
ALTER TABLE `company_user`
  MODIFY `id` int(10) UNSIGNED NOT NULL AUTO_INCREMENT, AUTO_INCREMENT=3;

--
-- AUTO_INCREMENT for table `countries`
--
ALTER TABLE `countries`
  MODIFY `id` int(10) UNSIGNED NOT NULL AUTO_INCREMENT, AUTO_INCREMENT=1003;

--
-- AUTO_INCREMENT for table `credits`
--
ALTER TABLE `credits`
  MODIFY `id` int(10) UNSIGNED NOT NULL AUTO_INCREMENT, AUTO_INCREMENT=21;

--
-- AUTO_INCREMENT for table `credit_invitations`
--
ALTER TABLE `credit_invitations`
  MODIFY `id` int(10) UNSIGNED NOT NULL AUTO_INCREMENT, AUTO_INCREMENT=62;

--
-- AUTO_INCREMENT for table `currencies`
--
ALTER TABLE `currencies`
  MODIFY `id` int(10) UNSIGNED NOT NULL AUTO_INCREMENT, AUTO_INCREMENT=142;

--
-- AUTO_INCREMENT for table `datetime_formats`
--
ALTER TABLE `datetime_formats`
  MODIFY `id` int(10) UNSIGNED NOT NULL AUTO_INCREMENT, AUTO_INCREMENT=15;

--
-- AUTO_INCREMENT for table `date_formats`
--
ALTER TABLE `date_formats`
  MODIFY `id` int(10) UNSIGNED NOT NULL AUTO_INCREMENT, AUTO_INCREMENT=15;

--
-- AUTO_INCREMENT for table `designs`
--
ALTER TABLE `designs`
  MODIFY `id` int(10) UNSIGNED NOT NULL AUTO_INCREMENT, AUTO_INCREMENT=12;

--
-- AUTO_INCREMENT for table `devices`
--
ALTER TABLE `devices`
  MODIFY `id` bigint(20) UNSIGNED NOT NULL AUTO_INCREMENT;

--
-- AUTO_INCREMENT for table `documents`
--
ALTER TABLE `documents`
  MODIFY `id` int(10) UNSIGNED NOT NULL AUTO_INCREMENT, AUTO_INCREMENT=876;

--
-- AUTO_INCREMENT for table `expenses`
--
ALTER TABLE `expenses`
  MODIFY `id` int(10) UNSIGNED NOT NULL AUTO_INCREMENT, AUTO_INCREMENT=73;

--
-- AUTO_INCREMENT for table `expense_categories`
--
ALTER TABLE `expense_categories`
  MODIFY `id` int(10) UNSIGNED NOT NULL AUTO_INCREMENT;

--
-- AUTO_INCREMENT for table `e_invoicing_logs`
--
ALTER TABLE `e_invoicing_logs`
  MODIFY `id` bigint(20) UNSIGNED NOT NULL AUTO_INCREMENT;

--
-- AUTO_INCREMENT for table `e_invoicing_tokens`
--
ALTER TABLE `e_invoicing_tokens`
  MODIFY `id` bigint(20) UNSIGNED NOT NULL AUTO_INCREMENT;

--
-- AUTO_INCREMENT for table `failed_jobs`
--
ALTER TABLE `failed_jobs`
  MODIFY `id` bigint(20) UNSIGNED NOT NULL AUTO_INCREMENT;

--
-- AUTO_INCREMENT for table `filter_lokasi`
--
ALTER TABLE `filter_lokasi`
  MODIFY `id` bigint(20) UNSIGNED NOT NULL AUTO_INCREMENT;

--
-- AUTO_INCREMENT for table `fo_client_ftths`
--
ALTER TABLE `fo_client_ftths`
  MODIFY `id` bigint(20) UNSIGNED NOT NULL AUTO_INCREMENT, AUTO_INCREMENT=2;

--
-- AUTO_INCREMENT for table `fo_joint_boxes`
--
ALTER TABLE `fo_joint_boxes`
  MODIFY `id` bigint(20) UNSIGNED NOT NULL AUTO_INCREMENT, AUTO_INCREMENT=2;

--
-- AUTO_INCREMENT for table `fo_kabel_core_odcs`
--
ALTER TABLE `fo_kabel_core_odcs`
  MODIFY `id` bigint(20) UNSIGNED NOT NULL AUTO_INCREMENT, AUTO_INCREMENT=7;

--
-- AUTO_INCREMENT for table `fo_kabel_odcs`
--
ALTER TABLE `fo_kabel_odcs`
  MODIFY `id` bigint(20) UNSIGNED NOT NULL AUTO_INCREMENT, AUTO_INCREMENT=4;

--
-- AUTO_INCREMENT for table `fo_kabel_tube_odcs`
--
ALTER TABLE `fo_kabel_tube_odcs`
  MODIFY `id` bigint(20) UNSIGNED NOT NULL AUTO_INCREMENT, AUTO_INCREMENT=4;

--
-- AUTO_INCREMENT for table `fo_lokasis`
--
ALTER TABLE `fo_lokasis`
  MODIFY `id` bigint(20) UNSIGNED NOT NULL AUTO_INCREMENT, AUTO_INCREMENT=5;

--
-- AUTO_INCREMENT for table `fo_odcs`
--
ALTER TABLE `fo_odcs`
  MODIFY `id` bigint(20) UNSIGNED NOT NULL AUTO_INCREMENT, AUTO_INCREMENT=2;

--
-- AUTO_INCREMENT for table `fo_odps`
--
ALTER TABLE `fo_odps`
  MODIFY `id` bigint(20) UNSIGNED NOT NULL AUTO_INCREMENT, AUTO_INCREMENT=2;

--
-- AUTO_INCREMENT for table `gateways`
--
ALTER TABLE `gateways`
  MODIFY `id` int(10) UNSIGNED NOT NULL AUTO_INCREMENT, AUTO_INCREMENT=66;

--
-- AUTO_INCREMENT for table `gateway_types`
--
ALTER TABLE `gateway_types`
  MODIFY `id` int(10) UNSIGNED NOT NULL AUTO_INCREMENT, AUTO_INCREMENT=25;

--
-- AUTO_INCREMENT for table `group_settings`
--
ALTER TABLE `group_settings`
  MODIFY `id` int(10) UNSIGNED NOT NULL AUTO_INCREMENT;

--
-- AUTO_INCREMENT for table `industries`
--
ALTER TABLE `industries`
  MODIFY `id` int(10) UNSIGNED NOT NULL AUTO_INCREMENT, AUTO_INCREMENT=34;

--
-- AUTO_INCREMENT for table `invoices`
--
ALTER TABLE `invoices`
  MODIFY `id` int(10) UNSIGNED NOT NULL AUTO_INCREMENT, AUTO_INCREMENT=22;

--
-- AUTO_INCREMENT for table `invoice_invitations`
--
ALTER TABLE `invoice_invitations`
  MODIFY `id` int(10) UNSIGNED NOT NULL AUTO_INCREMENT, AUTO_INCREMENT=74;

--
-- AUTO_INCREMENT for table `jobs`
--
ALTER TABLE `jobs`
  MODIFY `id` bigint(20) UNSIGNED NOT NULL AUTO_INCREMENT;

--
-- AUTO_INCREMENT for table `languages`
--
ALTER TABLE `languages`
  MODIFY `id` int(10) UNSIGNED NOT NULL AUTO_INCREMENT, AUTO_INCREMENT=44;

--
-- AUTO_INCREMENT for table `licenses`
--
ALTER TABLE `licenses`
  MODIFY `id` int(10) UNSIGNED NOT NULL AUTO_INCREMENT;

--
-- AUTO_INCREMENT for table `map_settings`
--
ALTER TABLE `map_settings`
  MODIFY `id` bigint(20) UNSIGNED NOT NULL AUTO_INCREMENT;

--
-- AUTO_INCREMENT for table `messages`
--
ALTER TABLE `messages`
  MODIFY `id` bigint(20) UNSIGNED NOT NULL AUTO_INCREMENT;

--
-- AUTO_INCREMENT for table `message_templates`
--
ALTER TABLE `message_templates`
  MODIFY `id` bigint(20) UNSIGNED NOT NULL AUTO_INCREMENT;

--
-- AUTO_INCREMENT for table `migrations`
--
ALTER TABLE `migrations`
  MODIFY `id` int(10) UNSIGNED NOT NULL AUTO_INCREMENT, AUTO_INCREMENT=286;

--
-- AUTO_INCREMENT for table `paymentables`
--
ALTER TABLE `paymentables`
  MODIFY `id` int(10) UNSIGNED NOT NULL AUTO_INCREMENT, AUTO_INCREMENT=10;

--
-- AUTO_INCREMENT for table `payments`
--
ALTER TABLE `payments`
  MODIFY `id` int(10) UNSIGNED NOT NULL AUTO_INCREMENT, AUTO_INCREMENT=10;

--
-- AUTO_INCREMENT for table `payment_hashes`
--
ALTER TABLE `payment_hashes`
  MODIFY `id` int(10) UNSIGNED NOT NULL AUTO_INCREMENT;

--
-- AUTO_INCREMENT for table `payment_libraries`
--
ALTER TABLE `payment_libraries`
  MODIFY `id` int(10) UNSIGNED NOT NULL AUTO_INCREMENT, AUTO_INCREMENT=2;

--
-- AUTO_INCREMENT for table `payment_terms`
--
ALTER TABLE `payment_terms`
  MODIFY `id` int(10) UNSIGNED NOT NULL AUTO_INCREMENT;

--
-- AUTO_INCREMENT for table `payment_types`
--
ALTER TABLE `payment_types`
  MODIFY `id` int(10) UNSIGNED NOT NULL AUTO_INCREMENT, AUTO_INCREMENT=50;

--
-- AUTO_INCREMENT for table `products`
--
ALTER TABLE `products`
  MODIFY `id` int(10) UNSIGNED NOT NULL AUTO_INCREMENT, AUTO_INCREMENT=101;

--
-- AUTO_INCREMENT for table `projects`
--
ALTER TABLE `projects`
  MODIFY `id` int(10) UNSIGNED NOT NULL AUTO_INCREMENT, AUTO_INCREMENT=21;

--
-- AUTO_INCREMENT for table `purchase_orders`
--
ALTER TABLE `purchase_orders`
  MODIFY `id` bigint(20) UNSIGNED NOT NULL AUTO_INCREMENT;

--
-- AUTO_INCREMENT for table `purchase_order_invitations`
--
ALTER TABLE `purchase_order_invitations`
  MODIFY `id` bigint(20) UNSIGNED NOT NULL AUTO_INCREMENT;

--
-- AUTO_INCREMENT for table `quotes`
--
ALTER TABLE `quotes`
  MODIFY `id` int(10) UNSIGNED NOT NULL AUTO_INCREMENT, AUTO_INCREMENT=21;

--
-- AUTO_INCREMENT for table `quote_invitations`
--
ALTER TABLE `quote_invitations`
  MODIFY `id` int(10) UNSIGNED NOT NULL AUTO_INCREMENT, AUTO_INCREMENT=71;

--
-- AUTO_INCREMENT for table `recurring_expenses`
--
ALTER TABLE `recurring_expenses`
  MODIFY `id` int(10) UNSIGNED NOT NULL AUTO_INCREMENT;

--
-- AUTO_INCREMENT for table `recurring_invoices`
--
ALTER TABLE `recurring_invoices`
  MODIFY `id` int(10) UNSIGNED NOT NULL AUTO_INCREMENT, AUTO_INCREMENT=22;

--
-- AUTO_INCREMENT for table `recurring_invoice_invitations`
--
ALTER TABLE `recurring_invoice_invitations`
  MODIFY `id` int(10) UNSIGNED NOT NULL AUTO_INCREMENT;

--
-- AUTO_INCREMENT for table `recurring_quotes`
--
ALTER TABLE `recurring_quotes`
  MODIFY `id` int(10) UNSIGNED NOT NULL AUTO_INCREMENT;

--
-- AUTO_INCREMENT for table `recurring_quote_invitations`
--
ALTER TABLE `recurring_quote_invitations`
  MODIFY `id` int(10) UNSIGNED NOT NULL AUTO_INCREMENT;

--
-- AUTO_INCREMENT for table `scheduled_messages`
--
ALTER TABLE `scheduled_messages`
  MODIFY `id` bigint(20) UNSIGNED NOT NULL AUTO_INCREMENT;

--
-- AUTO_INCREMENT for table `schedulers`
--
ALTER TABLE `schedulers`
  MODIFY `id` bigint(20) UNSIGNED NOT NULL AUTO_INCREMENT;

--
-- AUTO_INCREMENT for table `sizes`
--
ALTER TABLE `sizes`
  MODIFY `id` int(10) UNSIGNED NOT NULL AUTO_INCREMENT, AUTO_INCREMENT=7;

--
-- AUTO_INCREMENT for table `subscriptions`
--
ALTER TABLE `subscriptions`
  MODIFY `id` int(10) UNSIGNED NOT NULL AUTO_INCREMENT;

--
-- AUTO_INCREMENT for table `system_logs`
--
ALTER TABLE `system_logs`
  MODIFY `id` int(10) UNSIGNED NOT NULL AUTO_INCREMENT;

--
-- AUTO_INCREMENT for table `tasks`
--
ALTER TABLE `tasks`
  MODIFY `id` int(10) UNSIGNED NOT NULL AUTO_INCREMENT, AUTO_INCREMENT=21;

--
-- AUTO_INCREMENT for table `task_statuses`
--
ALTER TABLE `task_statuses`
  MODIFY `id` int(10) UNSIGNED NOT NULL AUTO_INCREMENT;

--
-- AUTO_INCREMENT for table `tax_rates`
--
ALTER TABLE `tax_rates`
  MODIFY `id` int(10) UNSIGNED NOT NULL AUTO_INCREMENT;

--
-- AUTO_INCREMENT for table `timezones`
--
ALTER TABLE `timezones`
  MODIFY `id` int(10) UNSIGNED NOT NULL AUTO_INCREMENT, AUTO_INCREMENT=116;

--
-- AUTO_INCREMENT for table `transaction_events`
--
ALTER TABLE `transaction_events`
  MODIFY `id` int(10) UNSIGNED NOT NULL AUTO_INCREMENT;

--
-- AUTO_INCREMENT for table `users`
--
ALTER TABLE `users`
  MODIFY `id` int(10) UNSIGNED NOT NULL AUTO_INCREMENT, AUTO_INCREMENT=3;

--
-- AUTO_INCREMENT for table `vendors`
--
ALTER TABLE `vendors`
  MODIFY `id` int(10) UNSIGNED NOT NULL AUTO_INCREMENT, AUTO_INCREMENT=21;

--
-- AUTO_INCREMENT for table `vendor_contacts`
--
ALTER TABLE `vendor_contacts`
  MODIFY `id` int(10) UNSIGNED NOT NULL AUTO_INCREMENT, AUTO_INCREMENT=81;

--
-- AUTO_INCREMENT for table `webhooks`
--
ALTER TABLE `webhooks`
  MODIFY `id` int(10) UNSIGNED NOT NULL AUTO_INCREMENT;

--
-- Constraints for dumped tables
--

--
-- Constraints for table `activities`
--
ALTER TABLE `activities`
  ADD CONSTRAINT `activities_company_id_foreign` FOREIGN KEY (`company_id`) REFERENCES `companies` (`id`) ON DELETE CASCADE ON UPDATE CASCADE;

--
-- Constraints for table `backups`
--
ALTER TABLE `backups`
  ADD CONSTRAINT `backups_activity_id_foreign` FOREIGN KEY (`activity_id`) REFERENCES `activities` (`id`) ON DELETE CASCADE ON UPDATE CASCADE;

--
-- Constraints for table `bank_companies`
--
ALTER TABLE `bank_companies`
  ADD CONSTRAINT `bank_companies_bank_id_foreign` FOREIGN KEY (`bank_id`) REFERENCES `banks` (`id`),
  ADD CONSTRAINT `bank_companies_company_id_foreign` FOREIGN KEY (`company_id`) REFERENCES `companies` (`id`) ON DELETE CASCADE ON UPDATE CASCADE,
  ADD CONSTRAINT `bank_companies_user_id_foreign` FOREIGN KEY (`user_id`) REFERENCES `users` (`id`) ON DELETE CASCADE ON UPDATE CASCADE;

--
-- Constraints for table `bank_integrations`
--
ALTER TABLE `bank_integrations`
  ADD CONSTRAINT `bank_integrations_account_id_foreign` FOREIGN KEY (`account_id`) REFERENCES `accounts` (`id`) ON DELETE CASCADE ON UPDATE CASCADE,
  ADD CONSTRAINT `bank_integrations_company_id_foreign` FOREIGN KEY (`company_id`) REFERENCES `companies` (`id`) ON DELETE CASCADE ON UPDATE CASCADE,
  ADD CONSTRAINT `bank_integrations_user_id_foreign` FOREIGN KEY (`user_id`) REFERENCES `users` (`id`) ON DELETE CASCADE ON UPDATE CASCADE;

--
-- Constraints for table `bank_subcompanies`
--
ALTER TABLE `bank_subcompanies`
  ADD CONSTRAINT `bank_subcompanies_bank_company_id_foreign` FOREIGN KEY (`bank_company_id`) REFERENCES `bank_companies` (`id`) ON DELETE CASCADE ON UPDATE CASCADE,
  ADD CONSTRAINT `bank_subcompanies_company_id_foreign` FOREIGN KEY (`company_id`) REFERENCES `companies` (`id`) ON DELETE CASCADE ON UPDATE CASCADE,
  ADD CONSTRAINT `bank_subcompanies_user_id_foreign` FOREIGN KEY (`user_id`) REFERENCES `users` (`id`) ON DELETE CASCADE ON UPDATE CASCADE;

--
-- Constraints for table `bank_transactions`
--
ALTER TABLE `bank_transactions`
  ADD CONSTRAINT `bank_transactions_bank_integration_id_foreign` FOREIGN KEY (`bank_integration_id`) REFERENCES `bank_integrations` (`id`) ON DELETE CASCADE ON UPDATE CASCADE,
  ADD CONSTRAINT `bank_transactions_company_id_foreign` FOREIGN KEY (`company_id`) REFERENCES `companies` (`id`) ON DELETE CASCADE ON UPDATE CASCADE,
  ADD CONSTRAINT `bank_transactions_user_id_foreign` FOREIGN KEY (`user_id`) REFERENCES `users` (`id`) ON DELETE CASCADE ON UPDATE CASCADE;

--
-- Constraints for table `bank_transaction_rules`
--
ALTER TABLE `bank_transaction_rules`
  ADD CONSTRAINT `bank_transaction_rules_company_id_foreign` FOREIGN KEY (`company_id`) REFERENCES `companies` (`id`) ON DELETE CASCADE ON UPDATE CASCADE,
  ADD CONSTRAINT `bank_transaction_rules_user_id_foreign` FOREIGN KEY (`user_id`) REFERENCES `users` (`id`) ON DELETE CASCADE ON UPDATE CASCADE;

--
-- Constraints for table `chatbots`
--
ALTER TABLE `chatbots`
  ADD CONSTRAINT `chatbots_device_id_foreign` FOREIGN KEY (`device_id`) REFERENCES `devices` (`id`) ON DELETE SET NULL;

--
-- Constraints for table `clients`
--
ALTER TABLE `clients`
  ADD CONSTRAINT `clients_company_id_foreign` FOREIGN KEY (`company_id`) REFERENCES `companies` (`id`) ON DELETE CASCADE ON UPDATE CASCADE,
  ADD CONSTRAINT `clients_industry_id_foreign` FOREIGN KEY (`industry_id`) REFERENCES `industries` (`id`),
  ADD CONSTRAINT `clients_size_id_foreign` FOREIGN KEY (`size_id`) REFERENCES `sizes` (`id`);

--
-- Constraints for table `client_contacts`
--
ALTER TABLE `client_contacts`
  ADD CONSTRAINT `client_contacts_client_id_foreign` FOREIGN KEY (`client_id`) REFERENCES `clients` (`id`) ON DELETE CASCADE ON UPDATE CASCADE;

--
-- Constraints for table `client_gateway_tokens`
--
ALTER TABLE `client_gateway_tokens`
  ADD CONSTRAINT `client_gateway_tokens_client_id_foreign` FOREIGN KEY (`client_id`) REFERENCES `clients` (`id`) ON DELETE CASCADE ON UPDATE CASCADE,
  ADD CONSTRAINT `client_gateway_tokens_company_id_foreign` FOREIGN KEY (`company_id`) REFERENCES `companies` (`id`) ON DELETE CASCADE ON UPDATE CASCADE;

--
-- Constraints for table `client_scheduled_message`
--
ALTER TABLE `client_scheduled_message`
  ADD CONSTRAINT `client_scheduled_message_client_id_foreign` FOREIGN KEY (`client_id`) REFERENCES `clients` (`id`) ON DELETE CASCADE,
  ADD CONSTRAINT `client_scheduled_message_scheduled_message_id_foreign` FOREIGN KEY (`scheduled_message_id`) REFERENCES `scheduled_messages` (`id`) ON DELETE CASCADE;

--
-- Constraints for table `client_subscriptions`
--
ALTER TABLE `client_subscriptions`
  ADD CONSTRAINT `client_subscriptions_client_id_foreign` FOREIGN KEY (`client_id`) REFERENCES `clients` (`id`),
  ADD CONSTRAINT `client_subscriptions_company_id_foreign` FOREIGN KEY (`company_id`) REFERENCES `companies` (`id`) ON DELETE CASCADE,
  ADD CONSTRAINT `client_subscriptions_invoice_id_foreign` FOREIGN KEY (`invoice_id`) REFERENCES `invoices` (`id`) ON DELETE CASCADE ON UPDATE CASCADE,
  ADD CONSTRAINT `client_subscriptions_recurring_invoice_id_foreign` FOREIGN KEY (`recurring_invoice_id`) REFERENCES `recurring_invoices` (`id`),
  ADD CONSTRAINT `client_subscriptions_subscription_id_foreign` FOREIGN KEY (`subscription_id`) REFERENCES `subscriptions` (`id`);

--
-- Constraints for table `companies`
--
ALTER TABLE `companies`
  ADD CONSTRAINT `companies_account_id_foreign` FOREIGN KEY (`account_id`) REFERENCES `accounts` (`id`) ON DELETE CASCADE ON UPDATE CASCADE,
  ADD CONSTRAINT `companies_industry_id_foreign` FOREIGN KEY (`industry_id`) REFERENCES `industries` (`id`),
  ADD CONSTRAINT `companies_size_id_foreign` FOREIGN KEY (`size_id`) REFERENCES `sizes` (`id`);

--
-- Constraints for table `company_gateways`
--
ALTER TABLE `company_gateways`
  ADD CONSTRAINT `company_gateways_company_id_foreign` FOREIGN KEY (`company_id`) REFERENCES `companies` (`id`) ON DELETE CASCADE ON UPDATE CASCADE,
  ADD CONSTRAINT `company_gateways_gateway_key_foreign` FOREIGN KEY (`gateway_key`) REFERENCES `gateways` (`key`),
  ADD CONSTRAINT `company_gateways_user_id_foreign` FOREIGN KEY (`user_id`) REFERENCES `users` (`id`) ON DELETE CASCADE ON UPDATE CASCADE;

--
-- Constraints for table `company_ledgers`
--
ALTER TABLE `company_ledgers`
  ADD CONSTRAINT `company_ledgers_client_id_foreign` FOREIGN KEY (`client_id`) REFERENCES `clients` (`id`) ON DELETE CASCADE ON UPDATE CASCADE,
  ADD CONSTRAINT `company_ledgers_company_id_foreign` FOREIGN KEY (`company_id`) REFERENCES `companies` (`id`) ON DELETE CASCADE ON UPDATE CASCADE;

--
-- Constraints for table `company_tokens`
--
ALTER TABLE `company_tokens`
  ADD CONSTRAINT `company_tokens_account_id_foreign` FOREIGN KEY (`account_id`) REFERENCES `accounts` (`id`) ON DELETE CASCADE ON UPDATE CASCADE,
  ADD CONSTRAINT `company_tokens_company_id_foreign` FOREIGN KEY (`company_id`) REFERENCES `companies` (`id`) ON DELETE CASCADE ON UPDATE CASCADE,
  ADD CONSTRAINT `company_tokens_user_id_foreign` FOREIGN KEY (`user_id`) REFERENCES `users` (`id`) ON DELETE CASCADE ON UPDATE CASCADE;

--
-- Constraints for table `company_user`
--
ALTER TABLE `company_user`
  ADD CONSTRAINT `company_user_account_id_foreign` FOREIGN KEY (`account_id`) REFERENCES `accounts` (`id`) ON DELETE CASCADE,
  ADD CONSTRAINT `company_user_company_id_foreign` FOREIGN KEY (`company_id`) REFERENCES `companies` (`id`) ON DELETE CASCADE;

--
-- Constraints for table `credits`
--
ALTER TABLE `credits`
  ADD CONSTRAINT `credits_client_id_foreign` FOREIGN KEY (`client_id`) REFERENCES `clients` (`id`) ON DELETE CASCADE ON UPDATE CASCADE,
  ADD CONSTRAINT `credits_company_id_foreign` FOREIGN KEY (`company_id`) REFERENCES `companies` (`id`) ON DELETE CASCADE ON UPDATE CASCADE,
  ADD CONSTRAINT `credits_user_id_foreign` FOREIGN KEY (`user_id`) REFERENCES `users` (`id`) ON DELETE CASCADE ON UPDATE CASCADE;

--
-- Constraints for table `credit_invitations`
--
ALTER TABLE `credit_invitations`
  ADD CONSTRAINT `credit_invitations_client_contact_id_foreign` FOREIGN KEY (`client_contact_id`) REFERENCES `client_contacts` (`id`) ON DELETE CASCADE ON UPDATE CASCADE,
  ADD CONSTRAINT `credit_invitations_company_id_foreign` FOREIGN KEY (`company_id`) REFERENCES `companies` (`id`) ON DELETE CASCADE ON UPDATE CASCADE,
  ADD CONSTRAINT `credit_invitations_credit_id_foreign` FOREIGN KEY (`credit_id`) REFERENCES `credits` (`id`) ON DELETE CASCADE ON UPDATE CASCADE,
  ADD CONSTRAINT `credit_invitations_user_id_foreign` FOREIGN KEY (`user_id`) REFERENCES `users` (`id`) ON DELETE CASCADE ON UPDATE CASCADE;

--
-- Constraints for table `designs`
--
ALTER TABLE `designs`
  ADD CONSTRAINT `designs_company_id_foreign` FOREIGN KEY (`company_id`) REFERENCES `companies` (`id`) ON DELETE CASCADE ON UPDATE CASCADE;

--
-- Constraints for table `documents`
--
ALTER TABLE `documents`
  ADD CONSTRAINT `documents_company_id_foreign` FOREIGN KEY (`company_id`) REFERENCES `companies` (`id`) ON DELETE CASCADE ON UPDATE CASCADE;

--
-- Constraints for table `expenses`
--
ALTER TABLE `expenses`
  ADD CONSTRAINT `expenses_company_id_foreign` FOREIGN KEY (`company_id`) REFERENCES `companies` (`id`) ON DELETE CASCADE ON UPDATE CASCADE,
  ADD CONSTRAINT `expenses_user_id_foreign` FOREIGN KEY (`user_id`) REFERENCES `users` (`id`) ON DELETE CASCADE ON UPDATE CASCADE;

--
-- Constraints for table `expense_categories`
--
ALTER TABLE `expense_categories`
  ADD CONSTRAINT `expense_categories_company_id_foreign` FOREIGN KEY (`company_id`) REFERENCES `companies` (`id`) ON DELETE CASCADE ON UPDATE CASCADE;

--
-- Constraints for table `fo_client_ftths`
--
ALTER TABLE `fo_client_ftths`
  ADD CONSTRAINT `fo_client_ftths_client_id_foreign` FOREIGN KEY (`client_id`) REFERENCES `clients` (`id`) ON DELETE CASCADE ON UPDATE CASCADE,
  ADD CONSTRAINT `fo_client_ftths_company_id_foreign` FOREIGN KEY (`company_id`) REFERENCES `companies` (`id`) ON DELETE CASCADE ON UPDATE CASCADE,
  ADD CONSTRAINT `fo_client_ftths_lokasi_id_foreign` FOREIGN KEY (`lokasi_id`) REFERENCES `fo_lokasis` (`id`) ON DELETE CASCADE ON UPDATE CASCADE,
  ADD CONSTRAINT `fo_client_ftths_odp_id_foreign` FOREIGN KEY (`odp_id`) REFERENCES `fo_odps` (`id`) ON DELETE CASCADE ON UPDATE CASCADE;

--
-- Constraints for table `fo_joint_boxes`
--
ALTER TABLE `fo_joint_boxes`
  ADD CONSTRAINT `fo_joint_boxes_kabel_odc_id_foreign` FOREIGN KEY (`kabel_odc_id`) REFERENCES `fo_kabel_odcs` (`id`) ON DELETE CASCADE ON UPDATE CASCADE,
  ADD CONSTRAINT `fo_joint_boxes_lokasi_id_foreign` FOREIGN KEY (`lokasi_id`) REFERENCES `fo_lokasis` (`id`) ON DELETE CASCADE ON UPDATE CASCADE;

--
-- Constraints for table `fo_kabel_core_odcs`
--
ALTER TABLE `fo_kabel_core_odcs`
  ADD CONSTRAINT `fo_kabel_core_odcs_kabel_tube_odc_id_foreign` FOREIGN KEY (`kabel_tube_odc_id`) REFERENCES `fo_kabel_tube_odcs` (`id`) ON DELETE CASCADE ON UPDATE CASCADE;

--
-- Constraints for table `fo_kabel_tube_odcs`
--
ALTER TABLE `fo_kabel_tube_odcs`
  ADD CONSTRAINT `fo_kabel_tube_odcs_kabel_odc_id_foreign` FOREIGN KEY (`kabel_odc_id`) REFERENCES `fo_kabel_odcs` (`id`) ON DELETE CASCADE ON UPDATE CASCADE;

--
-- Constraints for table `fo_odcs`
--
ALTER TABLE `fo_odcs`
  ADD CONSTRAINT `fo_odcs_kabel_odc_id_foreign` FOREIGN KEY (`kabel_odc_id`) REFERENCES `fo_kabel_odcs` (`id`) ON DELETE CASCADE ON UPDATE CASCADE,
  ADD CONSTRAINT `fo_odcs_lokasi_id_foreign` FOREIGN KEY (`lokasi_id`) REFERENCES `fo_lokasis` (`id`) ON DELETE CASCADE ON UPDATE CASCADE;

--
-- Constraints for table `fo_odps`
--
ALTER TABLE `fo_odps`
  ADD CONSTRAINT `fo_odps_kabel_core_odc_id_foreign` FOREIGN KEY (`kabel_core_odc_id`) REFERENCES `fo_kabel_core_odcs` (`id`) ON DELETE CASCADE ON UPDATE CASCADE,
  ADD CONSTRAINT `fo_odps_lokasi_id_foreign` FOREIGN KEY (`lokasi_id`) REFERENCES `fo_lokasis` (`id`) ON DELETE CASCADE ON UPDATE CASCADE;

--
-- Constraints for table `group_settings`
--
ALTER TABLE `group_settings`
  ADD CONSTRAINT `group_settings_company_id_foreign` FOREIGN KEY (`company_id`) REFERENCES `companies` (`id`) ON DELETE CASCADE ON UPDATE CASCADE;

--
-- Constraints for table `invoices`
--
ALTER TABLE `invoices`
  ADD CONSTRAINT `invoices_client_id_foreign` FOREIGN KEY (`client_id`) REFERENCES `clients` (`id`) ON DELETE CASCADE ON UPDATE CASCADE,
  ADD CONSTRAINT `invoices_company_id_foreign` FOREIGN KEY (`company_id`) REFERENCES `companies` (`id`) ON DELETE CASCADE ON UPDATE CASCADE,
  ADD CONSTRAINT `invoices_user_id_foreign` FOREIGN KEY (`user_id`) REFERENCES `users` (`id`) ON DELETE CASCADE ON UPDATE CASCADE;

--
-- Constraints for table `invoice_invitations`
--
ALTER TABLE `invoice_invitations`
  ADD CONSTRAINT `invoice_invitations_client_contact_id_foreign` FOREIGN KEY (`client_contact_id`) REFERENCES `client_contacts` (`id`) ON DELETE CASCADE ON UPDATE CASCADE,
  ADD CONSTRAINT `invoice_invitations_company_id_foreign` FOREIGN KEY (`company_id`) REFERENCES `companies` (`id`) ON DELETE CASCADE ON UPDATE CASCADE,
  ADD CONSTRAINT `invoice_invitations_invoice_id_foreign` FOREIGN KEY (`invoice_id`) REFERENCES `invoices` (`id`) ON DELETE CASCADE ON UPDATE CASCADE,
  ADD CONSTRAINT `invoice_invitations_user_id_foreign` FOREIGN KEY (`user_id`) REFERENCES `users` (`id`) ON DELETE CASCADE ON UPDATE CASCADE;

--
-- Constraints for table `messages`
--
ALTER TABLE `messages`
  ADD CONSTRAINT `messages_client_id_foreign` FOREIGN KEY (`client_id`) REFERENCES `clients` (`id`) ON DELETE CASCADE,
  ADD CONSTRAINT `messages_device_id_foreign` FOREIGN KEY (`device_id`) REFERENCES `devices` (`id`) ON DELETE SET NULL,
  ADD CONSTRAINT `messages_message_template_id_foreign` FOREIGN KEY (`message_template_id`) REFERENCES `message_templates` (`id`) ON DELETE SET NULL;

--
-- Constraints for table `paymentables`
--
ALTER TABLE `paymentables`
  ADD CONSTRAINT `paymentables_payment_id_foreign` FOREIGN KEY (`payment_id`) REFERENCES `payments` (`id`) ON DELETE CASCADE ON UPDATE CASCADE;

--
-- Constraints for table `payments`
--
ALTER TABLE `payments`
  ADD CONSTRAINT `payments_client_contact_id_foreign` FOREIGN KEY (`client_contact_id`) REFERENCES `client_contacts` (`id`) ON DELETE CASCADE ON UPDATE CASCADE,
  ADD CONSTRAINT `payments_client_id_foreign` FOREIGN KEY (`client_id`) REFERENCES `clients` (`id`) ON DELETE CASCADE ON UPDATE CASCADE,
  ADD CONSTRAINT `payments_company_gateway_id_foreign` FOREIGN KEY (`company_gateway_id`) REFERENCES `company_gateways` (`id`) ON DELETE CASCADE ON UPDATE CASCADE,
  ADD CONSTRAINT `payments_company_id_foreign` FOREIGN KEY (`company_id`) REFERENCES `companies` (`id`) ON DELETE CASCADE ON UPDATE CASCADE,
  ADD CONSTRAINT `payments_user_id_foreign` FOREIGN KEY (`user_id`) REFERENCES `users` (`id`) ON DELETE CASCADE ON UPDATE CASCADE;

--
-- Constraints for table `payment_hashes`
--
ALTER TABLE `payment_hashes`
  ADD CONSTRAINT `payment_hashes_payment_id_foreign` FOREIGN KEY (`payment_id`) REFERENCES `payments` (`id`) ON DELETE CASCADE ON UPDATE CASCADE;

--
-- Constraints for table `payment_terms`
--
ALTER TABLE `payment_terms`
  ADD CONSTRAINT `payment_terms_company_id_foreign` FOREIGN KEY (`company_id`) REFERENCES `companies` (`id`) ON DELETE CASCADE ON UPDATE CASCADE,
  ADD CONSTRAINT `payment_terms_user_id_foreign` FOREIGN KEY (`user_id`) REFERENCES `users` (`id`) ON DELETE CASCADE ON UPDATE CASCADE;

--
-- Constraints for table `products`
--
ALTER TABLE `products`
  ADD CONSTRAINT `products_company_id_foreign` FOREIGN KEY (`company_id`) REFERENCES `companies` (`id`) ON DELETE CASCADE ON UPDATE CASCADE,
  ADD CONSTRAINT `products_user_id_foreign` FOREIGN KEY (`user_id`) REFERENCES `users` (`id`) ON DELETE CASCADE ON UPDATE CASCADE;

--
-- Constraints for table `projects`
--
ALTER TABLE `projects`
  ADD CONSTRAINT `projects_company_id_foreign` FOREIGN KEY (`company_id`) REFERENCES `companies` (`id`) ON DELETE CASCADE ON UPDATE CASCADE,
  ADD CONSTRAINT `projects_user_id_foreign` FOREIGN KEY (`user_id`) REFERENCES `users` (`id`) ON DELETE CASCADE ON UPDATE CASCADE;

--
-- Constraints for table `purchase_orders`
--
ALTER TABLE `purchase_orders`
  ADD CONSTRAINT `purchase_orders_client_id_foreign` FOREIGN KEY (`client_id`) REFERENCES `clients` (`id`) ON DELETE CASCADE ON UPDATE CASCADE,
  ADD CONSTRAINT `purchase_orders_company_id_foreign` FOREIGN KEY (`company_id`) REFERENCES `companies` (`id`) ON DELETE CASCADE ON UPDATE CASCADE,
  ADD CONSTRAINT `purchase_orders_user_id_foreign` FOREIGN KEY (`user_id`) REFERENCES `users` (`id`) ON DELETE CASCADE ON UPDATE CASCADE;

--
-- Constraints for table `purchase_order_invitations`
--
ALTER TABLE `purchase_order_invitations`
  ADD CONSTRAINT `purchase_order_invitations_company_id_foreign` FOREIGN KEY (`company_id`) REFERENCES `companies` (`id`) ON DELETE CASCADE ON UPDATE CASCADE,
  ADD CONSTRAINT `purchase_order_invitations_purchase_order_id_foreign` FOREIGN KEY (`purchase_order_id`) REFERENCES `purchase_orders` (`id`) ON DELETE CASCADE ON UPDATE CASCADE,
  ADD CONSTRAINT `purchase_order_invitations_user_id_foreign` FOREIGN KEY (`user_id`) REFERENCES `users` (`id`) ON DELETE CASCADE ON UPDATE CASCADE,
  ADD CONSTRAINT `purchase_order_invitations_vendor_contact_id_foreign` FOREIGN KEY (`vendor_contact_id`) REFERENCES `vendor_contacts` (`id`) ON DELETE CASCADE ON UPDATE CASCADE;

--
-- Constraints for table `quotes`
--
ALTER TABLE `quotes`
  ADD CONSTRAINT `quotes_client_id_foreign` FOREIGN KEY (`client_id`) REFERENCES `clients` (`id`) ON DELETE CASCADE ON UPDATE CASCADE,
  ADD CONSTRAINT `quotes_company_id_foreign` FOREIGN KEY (`company_id`) REFERENCES `companies` (`id`) ON DELETE CASCADE ON UPDATE CASCADE,
  ADD CONSTRAINT `quotes_user_id_foreign` FOREIGN KEY (`user_id`) REFERENCES `users` (`id`) ON DELETE CASCADE ON UPDATE CASCADE;

--
-- Constraints for table `quote_invitations`
--
ALTER TABLE `quote_invitations`
  ADD CONSTRAINT `quote_invitations_client_contact_id_foreign` FOREIGN KEY (`client_contact_id`) REFERENCES `client_contacts` (`id`) ON DELETE CASCADE ON UPDATE CASCADE,
  ADD CONSTRAINT `quote_invitations_company_id_foreign` FOREIGN KEY (`company_id`) REFERENCES `companies` (`id`) ON DELETE CASCADE ON UPDATE CASCADE,
  ADD CONSTRAINT `quote_invitations_quote_id_foreign` FOREIGN KEY (`quote_id`) REFERENCES `quotes` (`id`) ON DELETE CASCADE ON UPDATE CASCADE,
  ADD CONSTRAINT `quote_invitations_user_id_foreign` FOREIGN KEY (`user_id`) REFERENCES `users` (`id`) ON DELETE CASCADE ON UPDATE CASCADE;

--
-- Constraints for table `recurring_expenses`
--
ALTER TABLE `recurring_expenses`
  ADD CONSTRAINT `recurring_expenses_company_id_foreign` FOREIGN KEY (`company_id`) REFERENCES `companies` (`id`) ON DELETE CASCADE ON UPDATE CASCADE,
  ADD CONSTRAINT `recurring_expenses_user_id_foreign` FOREIGN KEY (`user_id`) REFERENCES `users` (`id`) ON DELETE CASCADE ON UPDATE CASCADE;

--
-- Constraints for table `recurring_invoices`
--
ALTER TABLE `recurring_invoices`
  ADD CONSTRAINT `recurring_invoices_client_id_foreign` FOREIGN KEY (`client_id`) REFERENCES `clients` (`id`) ON DELETE CASCADE ON UPDATE CASCADE,
  ADD CONSTRAINT `recurring_invoices_company_id_foreign` FOREIGN KEY (`company_id`) REFERENCES `companies` (`id`) ON DELETE CASCADE ON UPDATE CASCADE,
  ADD CONSTRAINT `recurring_invoices_user_id_foreign` FOREIGN KEY (`user_id`) REFERENCES `users` (`id`) ON DELETE CASCADE ON UPDATE CASCADE;

--
-- Constraints for table `recurring_invoice_invitations`
--
ALTER TABLE `recurring_invoice_invitations`
  ADD CONSTRAINT `recurring_invoice_invitations_client_contact_id_foreign` FOREIGN KEY (`client_contact_id`) REFERENCES `client_contacts` (`id`) ON DELETE CASCADE ON UPDATE CASCADE,
  ADD CONSTRAINT `recurring_invoice_invitations_company_id_foreign` FOREIGN KEY (`company_id`) REFERENCES `companies` (`id`) ON DELETE CASCADE ON UPDATE CASCADE,
  ADD CONSTRAINT `recurring_invoice_invitations_recurring_invoice_id_foreign` FOREIGN KEY (`recurring_invoice_id`) REFERENCES `recurring_invoices` (`id`) ON DELETE CASCADE ON UPDATE CASCADE,
  ADD CONSTRAINT `recurring_invoice_invitations_user_id_foreign` FOREIGN KEY (`user_id`) REFERENCES `users` (`id`) ON DELETE CASCADE ON UPDATE CASCADE;

--
-- Constraints for table `recurring_quotes`
--
ALTER TABLE `recurring_quotes`
  ADD CONSTRAINT `recurring_quotes_client_id_foreign` FOREIGN KEY (`client_id`) REFERENCES `clients` (`id`) ON DELETE CASCADE ON UPDATE CASCADE,
  ADD CONSTRAINT `recurring_quotes_company_id_foreign` FOREIGN KEY (`company_id`) REFERENCES `companies` (`id`) ON DELETE CASCADE ON UPDATE CASCADE,
  ADD CONSTRAINT `recurring_quotes_user_id_foreign` FOREIGN KEY (`user_id`) REFERENCES `users` (`id`) ON DELETE CASCADE ON UPDATE CASCADE;

--
-- Constraints for table `recurring_quote_invitations`
--
ALTER TABLE `recurring_quote_invitations`
  ADD CONSTRAINT `recurring_quote_invitations_client_contact_id_foreign` FOREIGN KEY (`client_contact_id`) REFERENCES `client_contacts` (`id`) ON DELETE CASCADE ON UPDATE CASCADE,
  ADD CONSTRAINT `recurring_quote_invitations_company_id_foreign` FOREIGN KEY (`company_id`) REFERENCES `companies` (`id`) ON DELETE CASCADE ON UPDATE CASCADE,
  ADD CONSTRAINT `recurring_quote_invitations_recurring_quote_id_foreign` FOREIGN KEY (`recurring_quote_id`) REFERENCES `recurring_invoices` (`id`) ON DELETE CASCADE ON UPDATE CASCADE,
  ADD CONSTRAINT `recurring_quote_invitations_user_id_foreign` FOREIGN KEY (`user_id`) REFERENCES `users` (`id`) ON DELETE CASCADE ON UPDATE CASCADE;

--
-- Constraints for table `scheduled_messages`
--
ALTER TABLE `scheduled_messages`
  ADD CONSTRAINT `scheduled_messages_device_id_foreign` FOREIGN KEY (`device_id`) REFERENCES `devices` (`id`) ON DELETE CASCADE,
  ADD CONSTRAINT `scheduled_messages_message_template_id_foreign` FOREIGN KEY (`message_template_id`) REFERENCES `message_templates` (`id`) ON DELETE SET NULL;

--
-- Constraints for table `schedulers`
--
ALTER TABLE `schedulers`
  ADD CONSTRAINT `schedulers_company_id_foreign` FOREIGN KEY (`company_id`) REFERENCES `companies` (`id`) ON DELETE CASCADE ON UPDATE CASCADE;

--
-- Constraints for table `subscriptions`
--
ALTER TABLE `subscriptions`
  ADD CONSTRAINT `billing_subscriptions_company_id_foreign` FOREIGN KEY (`company_id`) REFERENCES `companies` (`id`) ON DELETE CASCADE;

--
-- Constraints for table `system_logs`
--
ALTER TABLE `system_logs`
  ADD CONSTRAINT `system_logs_client_id_foreign` FOREIGN KEY (`client_id`) REFERENCES `clients` (`id`) ON DELETE CASCADE ON UPDATE CASCADE,
  ADD CONSTRAINT `system_logs_company_id_foreign` FOREIGN KEY (`company_id`) REFERENCES `companies` (`id`) ON DELETE CASCADE ON UPDATE CASCADE;

--
-- Constraints for table `tasks`
--
ALTER TABLE `tasks`
  ADD CONSTRAINT `tasks_client_id_foreign` FOREIGN KEY (`client_id`) REFERENCES `clients` (`id`) ON DELETE CASCADE ON UPDATE CASCADE,
  ADD CONSTRAINT `tasks_company_id_foreign` FOREIGN KEY (`company_id`) REFERENCES `companies` (`id`) ON DELETE CASCADE ON UPDATE CASCADE,
  ADD CONSTRAINT `tasks_invoice_id_foreign` FOREIGN KEY (`invoice_id`) REFERENCES `invoices` (`id`) ON DELETE CASCADE ON UPDATE CASCADE,
  ADD CONSTRAINT `tasks_user_id_foreign` FOREIGN KEY (`user_id`) REFERENCES `users` (`id`) ON DELETE CASCADE ON UPDATE CASCADE;

--
-- Constraints for table `task_statuses`
--
ALTER TABLE `task_statuses`
  ADD CONSTRAINT `task_statuses_company_id_foreign` FOREIGN KEY (`company_id`) REFERENCES `companies` (`id`) ON DELETE CASCADE ON UPDATE CASCADE,
  ADD CONSTRAINT `task_statuses_user_id_foreign` FOREIGN KEY (`user_id`) REFERENCES `users` (`id`) ON DELETE CASCADE ON UPDATE CASCADE;

--
-- Constraints for table `tax_rates`
--
ALTER TABLE `tax_rates`
  ADD CONSTRAINT `tax_rates_company_id_foreign` FOREIGN KEY (`company_id`) REFERENCES `companies` (`id`) ON DELETE CASCADE ON UPDATE CASCADE,
  ADD CONSTRAINT `tax_rates_user_id_foreign` FOREIGN KEY (`user_id`) REFERENCES `users` (`id`) ON DELETE CASCADE ON UPDATE CASCADE;

--
-- Constraints for table `transaction_events`
--
ALTER TABLE `transaction_events`
  ADD CONSTRAINT `transaction_events_client_id_foreign` FOREIGN KEY (`client_id`) REFERENCES `clients` (`id`) ON DELETE CASCADE ON UPDATE CASCADE;

--
-- Constraints for table `users`
--
ALTER TABLE `users`
  ADD CONSTRAINT `users_account_id_foreign` FOREIGN KEY (`account_id`) REFERENCES `accounts` (`id`) ON DELETE CASCADE ON UPDATE CASCADE;

--
-- Constraints for table `vendors`
--
ALTER TABLE `vendors`
  ADD CONSTRAINT `vendors_company_id_foreign` FOREIGN KEY (`company_id`) REFERENCES `companies` (`id`) ON DELETE CASCADE ON UPDATE CASCADE,
  ADD CONSTRAINT `vendors_country_id_foreign` FOREIGN KEY (`country_id`) REFERENCES `countries` (`id`),
  ADD CONSTRAINT `vendors_currency_id_foreign` FOREIGN KEY (`currency_id`) REFERENCES `currencies` (`id`),
  ADD CONSTRAINT `vendors_user_id_foreign` FOREIGN KEY (`user_id`) REFERENCES `users` (`id`) ON DELETE CASCADE ON UPDATE CASCADE;

--
-- Constraints for table `vendor_contacts`
--
ALTER TABLE `vendor_contacts`
  ADD CONSTRAINT `vendor_contacts_company_id_foreign` FOREIGN KEY (`company_id`) REFERENCES `companies` (`id`) ON DELETE CASCADE ON UPDATE CASCADE,
  ADD CONSTRAINT `vendor_contacts_user_id_foreign` FOREIGN KEY (`user_id`) REFERENCES `users` (`id`) ON DELETE CASCADE ON UPDATE CASCADE,
  ADD CONSTRAINT `vendor_contacts_vendor_id_foreign` FOREIGN KEY (`vendor_id`) REFERENCES `vendors` (`id`) ON DELETE CASCADE ON UPDATE CASCADE;

--
-- Constraints for table `webhooks`
--
ALTER TABLE `webhooks`
  ADD CONSTRAINT `subscriptions_company_id_foreign` FOREIGN KEY (`company_id`) REFERENCES `companies` (`id`) ON DELETE CASCADE;
COMMIT;

/*!40101 SET CHARACTER_SET_CLIENT=@OLD_CHARACTER_SET_CLIENT */;
/*!40101 SET CHARACTER_SET_RESULTS=@OLD_CHARACTER_SET_RESULTS */;
/*!40101 SET COLLATION_CONNECTION=@OLD_COLLATION_CONNECTION */;
